[2026-09-29 10:52:05 UTC] resources allocation {"CUDA_VISIBLE_DEVICES": "0", "SLURM_CPUS_PER_TASK": "8", "SLURM_JOB_GPUS": "0,1,2,3", "SLURM_JOB_ID": "3607387", "SLURM_MEM_PER_CPU": "unset", "SLURM_MEM_PER_NODE": "80000", "SLURM_STEP_GPUS": "0", "SLURM_STEP_ID": "0", "TIME_DEVICE": "unset", "cpu_count": 8, "host": "sean0013"}
[2026-09-29 10:52:05 UTC] resources RAM {"MemAvailable_MiB": 372711.765625, "MemTotal_MiB": 386622.875, "cgroup_reason": "memory.max is unlimited", "cgroup_status": "unlimited"}
[2026-09-29 10:52:05 UTC] resources nvidia_inventory {"columns": "index,uuid,name,driver,total_MiB,free_MiB,used_MiB", "devices": ["0, GPU-dbd5c613-e4b4-d9ff-3ea2-7c34bb769b45, NVIDIA H100 NVL, 560.35.05, 95830, 95350, 1"]}
[2026-09-29 10:52:13 UTC] resources torch {"cuda_available": true, "note": "visibility probe; CPU-only stages need not use an allocated GPU", "version": "2.9.1+cu128", "visible_gpu_count": 1}
[2026-09-29 10:52:13 UTC] resources cuda_device {"capability": "9.0", "free_MiB": 94825.125, "logical_index": 0, "name": "NVIDIA H100 NVL", "total_MiB": 95350.1875}
2026-09-29 12:52:14 | workflow fine_time started launch_id=selena_fine_time_20260929T092621Z_11326 task=chronos2 slurm_job_id=3607387 slurm_array_job_id=none slurm_array_task_id=none
2026-09-29 12:52:14 | stage train started
2026-09-29 12:52:14 | task model=chronos2 independent_per_task_fine_tuning=true profile=small started
TIME run allocation action=skip run=/fslarge/scratch/users/h61084/codes/fine_time/outputs/task_finetuning/checkpoints/chronos2/Australia_Solar/H/long/run_0 source_launch=selena_fine_time_20260928T232415Z_26013 launch_id=selena_fine_time_20260929T092621Z_11326 slurm_job_id=3607387 launched_at=2026-09-29T10:52:30.679869+00:00
[1/90] skip completed Australia_Solar/H/long
TIME run allocation action=skip run=/fslarge/scratch/users/h61084/codes/fine_time/outputs/task_finetuning/checkpoints/chronos2/Australia_Solar/H/medium/run_0 source_launch=selena_fine_time_20260928T232415Z_26013 launch_id=selena_fine_time_20260929T092621Z_11326 slurm_job_id=3607387 launched_at=2026-09-29T10:52:30.684342+00:00
[2/90] skip completed Australia_Solar/H/medium
TIME run allocation action=skip run=/fslarge/scratch/users/h61084/codes/fine_time/outputs/task_finetuning/checkpoints/chronos2/Australia_Solar/H/short/run_0 source_launch=selena_fine_time_20260928T232415Z_26013 launch_id=selena_fine_time_20260929T092621Z_11326 slurm_job_id=3607387 launched_at=2026-09-29T10:52:30.688323+00:00
[3/90] skip completed Australia_Solar/H/short
TIME run allocation action=skip run=/fslarge/scratch/users/h61084/codes/fine_time/outputs/task_finetuning/checkpoints/chronos2/Auto_Production_SF/M/short/run_0 source_launch=selena_fine_time_20260928T232415Z_26013 launch_id=selena_fine_time_20260929T092621Z_11326 slurm_job_id=3607387 launched_at=2026-09-29T10:52:30.693016+00:00
[4/90] skip completed Auto_Production_SF/M/short
TIME run allocation action=skip run=/fslarge/scratch/users/h61084/codes/fine_time/outputs/task_finetuning/checkpoints/chronos2/CPHL/15T/long/run_0 source_launch=selena_fine_time_20260928T232415Z_26013 launch_id=selena_fine_time_20260929T092621Z_11326 slurm_job_id=3607387 launched_at=2026-09-29T10:52:30.697626+00:00
[5/90] skip completed CPHL/15T/long
TIME run allocation action=skip run=/fslarge/scratch/users/h61084/codes/fine_time/outputs/task_finetuning/checkpoints/chronos2/CPHL/15T/medium/run_0 source_launch=selena_fine_time_20260928T232415Z_26013 launch_id=selena_fine_time_20260929T092621Z_11326 slurm_job_id=3607387 launched_at=2026-09-29T10:52:30.701867+00:00
[6/90] skip completed CPHL/15T/medium
TIME run allocation action=skip run=/fslarge/scratch/users/h61084/codes/fine_time/outputs/task_finetuning/checkpoints/chronos2/CPHL/15T/short/run_0 source_launch=selena_fine_time_20260928T232415Z_26013 launch_id=selena_fine_time_20260929T092621Z_11326 slurm_job_id=3607387 launched_at=2026-09-29T10:52:30.705999+00:00
[7/90] skip completed CPHL/15T/short
TIME run allocation action=skip run=/fslarge/scratch/users/h61084/codes/fine_time/outputs/task_finetuning/checkpoints/chronos2/CPHL/30T/long/run_0 source_launch=selena_fine_time_20260928T232415Z_26013 launch_id=selena_fine_time_20260929T092621Z_11326 slurm_job_id=3607387 launched_at=2026-09-29T10:52:30.710283+00:00
[8/90] skip completed CPHL/30T/long
TIME run allocation action=skip run=/fslarge/scratch/users/h61084/codes/fine_time/outputs/task_finetuning/checkpoints/chronos2/CPHL/30T/medium/run_0 source_launch=selena_fine_time_20260928T232415Z_26013 launch_id=selena_fine_time_20260929T092621Z_11326 slurm_job_id=3607387 launched_at=2026-09-29T10:52:30.714312+00:00
[9/90] skip completed CPHL/30T/medium
TIME run allocation action=skip run=/fslarge/scratch/users/h61084/codes/fine_time/outputs/task_finetuning/checkpoints/chronos2/CPHL/30T/short/run_0 source_launch=selena_fine_time_20260928T232415Z_26013 launch_id=selena_fine_time_20260929T092621Z_11326 slurm_job_id=3607387 launched_at=2026-09-29T10:52:30.718313+00:00
[10/90] skip completed CPHL/30T/short
TIME run allocation action=skip run=/fslarge/scratch/users/h61084/codes/fine_time/outputs/task_finetuning/checkpoints/chronos2/CPHL/H/long/run_0 source_launch=selena_fine_time_20260928T232415Z_26013 launch_id=selena_fine_time_20260929T092621Z_11326 slurm_job_id=3607387 launched_at=2026-09-29T10:52:30.722260+00:00
[11/90] skip completed CPHL/H/long
TIME run allocation action=skip run=/fslarge/scratch/users/h61084/codes/fine_time/outputs/task_finetuning/checkpoints/chronos2/CPHL/H/medium/run_0 source_launch=selena_fine_time_20260928T232415Z_26013 launch_id=selena_fine_time_20260929T092621Z_11326 slurm_job_id=3607387 launched_at=2026-09-29T10:52:30.726123+00:00
[12/90] skip completed CPHL/H/medium
TIME run allocation action=skip run=/fslarge/scratch/users/h61084/codes/fine_time/outputs/task_finetuning/checkpoints/chronos2/CPHL/H/short/run_0 source_launch=selena_fine_time_20260928T232415Z_26013 launch_id=selena_fine_time_20260929T092621Z_11326 slurm_job_id=3607387 launched_at=2026-09-29T10:52:30.729985+00:00
[13/90] skip completed CPHL/H/short
TIME run allocation action=skip run=/fslarge/scratch/users/h61084/codes/fine_time/outputs/task_finetuning/checkpoints/chronos2/Coastal_T_S/15T/long/run_0 source_launch=selena_fine_time_20260928T232415Z_26013 launch_id=selena_fine_time_20260929T092621Z_11326 slurm_job_id=3607387 launched_at=2026-09-29T10:52:30.734012+00:00
[14/90] skip completed Coastal_T_S/15T/long
TIME run allocation action=skip run=/fslarge/scratch/users/h61084/codes/fine_time/outputs/task_finetuning/checkpoints/chronos2/Coastal_T_S/15T/medium/run_0 source_launch=selena_fine_time_20260928T232415Z_26013 launch_id=selena_fine_time_20260929T092621Z_11326 slurm_job_id=3607387 launched_at=2026-09-29T10:52:30.739075+00:00
[15/90] skip completed Coastal_T_S/15T/medium
TIME run allocation action=skip run=/fslarge/scratch/users/h61084/codes/fine_time/outputs/task_finetuning/checkpoints/chronos2/Coastal_T_S/15T/short/run_0 source_launch=selena_fine_time_20260928T232415Z_26013 launch_id=selena_fine_time_20260929T092621Z_11326 slurm_job_id=3607387 launched_at=2026-09-29T10:52:30.742783+00:00
[16/90] skip completed Coastal_T_S/15T/short
TIME run allocation action=skip run=/fslarge/scratch/users/h61084/codes/fine_time/outputs/task_finetuning/checkpoints/chronos2/Coastal_T_S/20T/long/run_0 source_launch=selena_fine_time_20260928T232415Z_26013 launch_id=selena_fine_time_20260929T092621Z_11326 slurm_job_id=3607387 launched_at=2026-09-29T10:52:30.746783+00:00
[17/90] skip completed Coastal_T_S/20T/long
TIME run allocation action=skip run=/fslarge/scratch/users/h61084/codes/fine_time/outputs/task_finetuning/checkpoints/chronos2/Coastal_T_S/20T/medium/run_0 source_launch=selena_fine_time_20260928T232415Z_26013 launch_id=selena_fine_time_20260929T092621Z_11326 slurm_job_id=3607387 launched_at=2026-09-29T10:52:30.750929+00:00
[18/90] skip completed Coastal_T_S/20T/medium
TIME run allocation action=skip run=/fslarge/scratch/users/h61084/codes/fine_time/outputs/task_finetuning/checkpoints/chronos2/Coastal_T_S/20T/short/run_0 source_launch=selena_fine_time_20260928T232415Z_26013 launch_id=selena_fine_time_20260929T092621Z_11326 slurm_job_id=3607387 launched_at=2026-09-29T10:52:30.754911+00:00
[19/90] skip completed Coastal_T_S/20T/short
TIME run allocation action=skip run=/fslarge/scratch/users/h61084/codes/fine_time/outputs/task_finetuning/checkpoints/chronos2/Coastal_T_S/H/long/run_0 source_launch=selena_fine_time_20260928T232415Z_26013 launch_id=selena_fine_time_20260929T092621Z_11326 slurm_job_id=3607387 launched_at=2026-09-29T10:52:30.758995+00:00
[20/90] skip completed Coastal_T_S/H/long
TIME run allocation action=skip run=/fslarge/scratch/users/h61084/codes/fine_time/outputs/task_finetuning/checkpoints/chronos2/Coastal_T_S/H/medium/run_0 source_launch=selena_fine_time_20260928T232415Z_26013 launch_id=selena_fine_time_20260929T092621Z_11326 slurm_job_id=3607387 launched_at=2026-09-29T10:52:30.763053+00:00
[21/90] skip completed Coastal_T_S/H/medium
TIME run allocation action=skip run=/fslarge/scratch/users/h61084/codes/fine_time/outputs/task_finetuning/checkpoints/chronos2/Coastal_T_S/H/short/run_0 source_launch=selena_fine_time_20260928T232415Z_26013 launch_id=selena_fine_time_20260929T092621Z_11326 slurm_job_id=3607387 launched_at=2026-09-29T10:52:30.766722+00:00
[22/90] skip completed Coastal_T_S/H/short
TIME run allocation action=skip run=/fslarge/scratch/users/h61084/codes/fine_time/outputs/task_finetuning/checkpoints/chronos2/Commodity_Import/M/short/run_0 source_launch=selena_fine_time_20260928T232415Z_26013 launch_id=selena_fine_time_20260929T092621Z_11326 slurm_job_id=3607387 launched_at=2026-09-29T10:52:30.770470+00:00
[23/90] skip completed Commodity_Import/M/short
TIME run allocation action=skip run=/fslarge/scratch/users/h61084/codes/fine_time/outputs/task_finetuning/checkpoints/chronos2/Commodity_Production/M/short/run_0 source_launch=selena_fine_time_20260928T232415Z_26013 launch_id=selena_fine_time_20260929T092621Z_11326 slurm_job_id=3607387 launched_at=2026-09-29T10:52:30.774379+00:00
[24/90] skip completed Commodity_Production/M/short
TIME run allocation action=skip run=/fslarge/scratch/users/h61084/codes/fine_time/outputs/task_finetuning/checkpoints/chronos2/Crypto/D/short/run_0 source_launch=selena_fine_time_20260928T232415Z_26013 launch_id=selena_fine_time_20260929T092621Z_11326 slurm_job_id=3607387 launched_at=2026-09-29T10:52:30.778372+00:00
[25/90] skip completed Crypto/D/short
TIME run allocation action=skip run=/fslarge/scratch/users/h61084/codes/fine_time/outputs/task_finetuning/checkpoints/chronos2/ECDC_COVID/D/short/run_0 source_launch=selena_fine_time_20260928T232415Z_26013 launch_id=selena_fine_time_20260929T092621Z_11326 slurm_job_id=3607387 launched_at=2026-09-29T10:52:30.782350+00:00
[26/90] skip completed ECDC_COVID/D/short
TIME run allocation action=skip run=/fslarge/scratch/users/h61084/codes/fine_time/outputs/task_finetuning/checkpoints/chronos2/ECDC_COVID/W/short/run_0 source_launch=selena_fine_time_20260928T232415Z_26013 launch_id=selena_fine_time_20260929T092621Z_11326 slurm_job_id=3607387 launched_at=2026-09-29T10:52:30.786162+00:00
[27/90] skip completed ECDC_COVID/W/short
TIME run allocation action=skip run=/fslarge/scratch/users/h61084/codes/fine_time/outputs/task_finetuning/checkpoints/chronos2/EWELD_Load/15T/long/run_0 source_launch=selena_fine_time_20260928T232415Z_26013 launch_id=selena_fine_time_20260929T092621Z_11326 slurm_job_id=3607387 launched_at=2026-09-29T10:52:30.790135+00:00
[28/90] skip completed EWELD_Load/15T/long
TIME run allocation action=skip run=/fslarge/scratch/users/h61084/codes/fine_time/outputs/task_finetuning/checkpoints/chronos2/EWELD_Load/15T/medium/run_0 source_launch=selena_fine_time_20260928T232415Z_26013 launch_id=selena_fine_time_20260929T092621Z_11326 slurm_job_id=3607387 launched_at=2026-09-29T10:52:30.793742+00:00
[29/90] skip completed EWELD_Load/15T/medium
TIME run allocation action=skip run=/fslarge/scratch/users/h61084/codes/fine_time/outputs/task_finetuning/checkpoints/chronos2/EWELD_Load/15T/short/run_0 source_launch=selena_fine_time_20260928T232415Z_26013 launch_id=selena_fine_time_20260929T092621Z_11326 slurm_job_id=3607387 launched_at=2026-09-29T10:52:30.797425+00:00
[30/90] skip completed EWELD_Load/15T/short
TIME run allocation action=skip run=/fslarge/scratch/users/h61084/codes/fine_time/outputs/task_finetuning/checkpoints/chronos2/Finland_Traffic/15T/long/run_0 source_launch=selena_fine_time_20260928T232415Z_26013 launch_id=selena_fine_time_20260929T092621Z_11326 slurm_job_id=3607387 launched_at=2026-09-29T10:52:30.801360+00:00
[31/90] skip completed Finland_Traffic/15T/long
TIME run allocation action=skip run=/fslarge/scratch/users/h61084/codes/fine_time/outputs/task_finetuning/checkpoints/chronos2/Finland_Traffic/15T/medium/run_0 source_launch=selena_fine_time_20260928T232415Z_26013 launch_id=selena_fine_time_20260929T092621Z_11326 slurm_job_id=3607387 launched_at=2026-09-29T10:52:30.805084+00:00
[32/90] skip completed Finland_Traffic/15T/medium
TIME run allocation action=skip run=/fslarge/scratch/users/h61084/codes/fine_time/outputs/task_finetuning/checkpoints/chronos2/Finland_Traffic/15T/short/run_0 source_launch=selena_fine_time_20260928T232415Z_26013 launch_id=selena_fine_time_20260929T092621Z_11326 slurm_job_id=3607387 launched_at=2026-09-29T10:52:30.808831+00:00
[33/90] skip completed Finland_Traffic/15T/short
TIME run allocation action=skip run=/fslarge/scratch/users/h61084/codes/fine_time/outputs/task_finetuning/checkpoints/chronos2/Global_Influenza/W/short/run_0 source_launch=selena_fine_time_20260928T232415Z_26013 launch_id=selena_fine_time_20260929T092621Z_11326 slurm_job_id=3607387 launched_at=2026-09-29T10:52:30.812876+00:00
[34/90] skip completed Global_Influenza/W/short
TIME run allocation action=skip run=/fslarge/scratch/users/h61084/codes/fine_time/outputs/task_finetuning/checkpoints/chronos2/Global_Price/Q/short/run_0 source_launch=selena_fine_time_20260928T232415Z_26013 launch_id=selena_fine_time_20260929T092621Z_11326 slurm_job_id=3607387 launched_at=2026-09-29T10:52:30.816874+00:00
[35/90] skip completed Global_Price/Q/short
TIME run allocation action=skip run=/fslarge/scratch/users/h61084/codes/fine_time/outputs/task_finetuning/checkpoints/chronos2/Housing_Inventory/M/short/run_0 source_launch=selena_fine_time_20260928T232415Z_26013 launch_id=selena_fine_time_20260929T092621Z_11326 slurm_job_id=3607387 launched_at=2026-09-29T10:52:30.820678+00:00
[36/90] skip completed Housing_Inventory/M/short
TIME run allocation action=skip run=/fslarge/scratch/users/h61084/codes/fine_time/outputs/task_finetuning/checkpoints/chronos2/JOLTS/M/short/run_0 source_launch=selena_fine_time_20260928T232415Z_26013 launch_id=selena_fine_time_20260929T092621Z_11326 slurm_job_id=3607387 launched_at=2026-09-29T10:52:30.824821+00:00
[37/90] skip completed JOLTS/M/short
TIME run allocation action=skip run=/fslarge/scratch/users/h61084/codes/fine_time/outputs/task_finetuning/checkpoints/chronos2/Job_Claims/W/short/run_0 source_launch=selena_fine_time_20260928T232415Z_26013 launch_id=selena_fine_time_20260929T092621Z_11326 slurm_job_id=3607387 launched_at=2026-09-29T10:52:30.828769+00:00
[38/90] skip completed Job_Claims/W/short
TIME run allocation action=skip run=/fslarge/scratch/users/h61084/codes/fine_time/outputs/task_finetuning/checkpoints/chronos2/MetroPT-3/5T/long/run_0 source_launch=selena_fine_time_20260928T232415Z_26013 launch_id=selena_fine_time_20260929T092621Z_11326 slurm_job_id=3607387 launched_at=2026-09-29T10:52:30.832515+00:00
[39/90] skip completed MetroPT-3/5T/long
TIME run allocation action=skip run=/fslarge/scratch/users/h61084/codes/fine_time/outputs/task_finetuning/checkpoints/chronos2/MetroPT-3/5T/medium/run_0 source_launch=selena_fine_time_20260928T232415Z_26013 launch_id=selena_fine_time_20260929T092621Z_11326 slurm_job_id=3607387 launched_at=2026-09-29T10:52:30.836253+00:00
[40/90] skip completed MetroPT-3/5T/medium
TIME run allocation action=skip run=/fslarge/scratch/users/h61084/codes/fine_time/outputs/task_finetuning/checkpoints/chronos2/MetroPT-3/5T/short/run_0 source_launch=selena_fine_time_20260928T232415Z_26013 launch_id=selena_fine_time_20260929T092621Z_11326 slurm_job_id=3607387 launched_at=2026-09-29T10:52:30.840074+00:00
[41/90] skip completed MetroPT-3/5T/short
TIME run allocation action=skip run=/fslarge/scratch/users/h61084/codes/fine_time/outputs/task_finetuning/checkpoints/chronos2/NE_China_Wind/H/long/run_0 source_launch=selena_fine_time_20260928T232415Z_26013 launch_id=selena_fine_time_20260929T092621Z_11326 slurm_job_id=3607387 launched_at=2026-09-29T10:52:30.843961+00:00
[42/90] skip completed NE_China_Wind/H/long
TIME run allocation action=skip run=/fslarge/scratch/users/h61084/codes/fine_time/outputs/task_finetuning/checkpoints/chronos2/NE_China_Wind/H/medium/run_0 source_launch=selena_fine_time_20260928T232415Z_26013 launch_id=selena_fine_time_20260929T092621Z_11326 slurm_job_id=3607387 launched_at=2026-09-29T10:52:30.847846+00:00
[43/90] skip completed NE_China_Wind/H/medium
TIME run allocation action=skip run=/fslarge/scratch/users/h61084/codes/fine_time/outputs/task_finetuning/checkpoints/chronos2/NE_China_Wind/H/short/run_0 source_launch=selena_fine_time_20260928T232415Z_26013 launch_id=selena_fine_time_20260929T092621Z_11326 slurm_job_id=3607387 launched_at=2026-09-29T10:52:30.851646+00:00
[44/90] skip completed NE_China_Wind/H/short
TIME run allocation action=skip run=/fslarge/scratch/users/h61084/codes/fine_time/outputs/task_finetuning/checkpoints/chronos2/Oil_Price/B/short/run_0 source_launch=selena_fine_time_20260928T232415Z_26013 launch_id=selena_fine_time_20260929T092621Z_11326 slurm_job_id=3607387 launched_at=2026-09-29T10:52:30.855505+00:00
[45/90] skip completed Oil_Price/B/short
TIME run allocation action=skip run=/fslarge/scratch/users/h61084/codes/fine_time/outputs/task_finetuning/checkpoints/chronos2/Online_Retail_2_UCI/D/short/run_0 source_launch=selena_fine_time_20260928T232415Z_26013 launch_id=selena_fine_time_20260929T092621Z_11326 slurm_job_id=3607387 launched_at=2026-09-29T10:52:30.859484+00:00
[46/90] skip completed Online_Retail_2_UCI/D/short
TIME run allocation action=skip run=/fslarge/scratch/users/h61084/codes/fine_time/outputs/task_finetuning/checkpoints/chronos2/OpenElectricity_NEM/5T/long/run_0 source_launch=selena_fine_time_20260928T232415Z_26013 launch_id=selena_fine_time_20260929T092621Z_11326 slurm_job_id=3607387 launched_at=2026-09-29T10:52:30.863411+00:00
[47/90] skip completed OpenElectricity_NEM/5T/long
TIME run allocation action=skip run=/fslarge/scratch/users/h61084/codes/fine_time/outputs/task_finetuning/checkpoints/chronos2/OpenElectricity_NEM/5T/medium/run_0 source_launch=selena_fine_time_20260928T232415Z_26013 launch_id=selena_fine_time_20260929T092621Z_11326 slurm_job_id=3607387 launched_at=2026-09-29T10:52:30.867177+00:00
[48/90] skip completed OpenElectricity_NEM/5T/medium
TIME run allocation action=skip run=/fslarge/scratch/users/h61084/codes/fine_time/outputs/task_finetuning/checkpoints/chronos2/OpenElectricity_NEM/5T/short/run_0 source_launch=selena_fine_time_20260928T232415Z_26013 launch_id=selena_fine_time_20260929T092621Z_11326 slurm_job_id=3607387 launched_at=2026-09-29T10:52:30.870807+00:00
[49/90] skip completed OpenElectricity_NEM/5T/short
TIME run allocation action=skip run=/fslarge/scratch/users/h61084/codes/fine_time/outputs/task_finetuning/checkpoints/chronos2/Port_Activity/D/short/run_0 source_launch=selena_fine_time_20260928T232415Z_26013 launch_id=selena_fine_time_20260929T092621Z_11326 slurm_job_id=3607387 launched_at=2026-09-29T10:52:30.874665+00:00
[50/90] skip completed Port_Activity/D/short
TIME run allocation action=skip run=/fslarge/scratch/users/h61084/codes/fine_time/outputs/task_finetuning/checkpoints/chronos2/Port_Activity/W/short/run_0 source_launch=selena_fine_time_20260928T232415Z_26013 launch_id=selena_fine_time_20260929T092621Z_11326 slurm_job_id=3607387 launched_at=2026-09-29T10:52:30.878549+00:00
[51/90] skip completed Port_Activity/W/short
TIME run allocation action=skip run=/fslarge/scratch/users/h61084/codes/fine_time/outputs/task_finetuning/checkpoints/chronos2/SG_Carpark/15T/long/run_0 source_launch=selena_fine_time_20260928T232415Z_26013 launch_id=selena_fine_time_20260929T092621Z_11326 slurm_job_id=3607387 launched_at=2026-09-29T10:52:30.882570+00:00
[52/90] skip completed SG_Carpark/15T/long
TIME run allocation action=skip run=/fslarge/scratch/users/h61084/codes/fine_time/outputs/task_finetuning/checkpoints/chronos2/SG_Carpark/15T/medium/run_0 source_launch=selena_fine_time_20260928T232415Z_26013 launch_id=selena_fine_time_20260929T092621Z_11326 slurm_job_id=3607387 launched_at=2026-09-29T10:52:30.886295+00:00
[53/90] skip completed SG_Carpark/15T/medium
TIME run allocation action=skip run=/fslarge/scratch/users/h61084/codes/fine_time/outputs/task_finetuning/checkpoints/chronos2/SG_Carpark/15T/short/run_0 source_launch=selena_fine_time_20260928T232415Z_26013 launch_id=selena_fine_time_20260929T092621Z_11326 slurm_job_id=3607387 launched_at=2026-09-29T10:52:30.889942+00:00
[54/90] skip completed SG_Carpark/15T/short
TIME run allocation action=skip run=/fslarge/scratch/users/h61084/codes/fine_time/outputs/task_finetuning/checkpoints/chronos2/SG_PM25/H/long/run_0 source_launch=selena_fine_time_20260928T232415Z_26013 launch_id=selena_fine_time_20260929T092621Z_11326 slurm_job_id=3607387 launched_at=2026-09-29T10:52:30.894077+00:00
[55/90] skip completed SG_PM25/H/long
TIME run allocation action=skip run=/fslarge/scratch/users/h61084/codes/fine_time/outputs/task_finetuning/checkpoints/chronos2/SG_PM25/H/medium/run_0 source_launch=selena_fine_time_20260928T232415Z_26013 launch_id=selena_fine_time_20260929T092621Z_11326 slurm_job_id=3607387 launched_at=2026-09-29T10:52:30.897872+00:00
[56/90] skip completed SG_PM25/H/medium
TIME run allocation action=skip run=/fslarge/scratch/users/h61084/codes/fine_time/outputs/task_finetuning/checkpoints/chronos2/SG_PM25/H/short/run_0 source_launch=selena_fine_time_20260928T232415Z_26013 launch_id=selena_fine_time_20260929T092621Z_11326 slurm_job_id=3607387 launched_at=2026-09-29T10:52:30.901598+00:00
[57/90] skip completed SG_PM25/H/short
TIME run allocation action=skip run=/fslarge/scratch/users/h61084/codes/fine_time/outputs/task_finetuning/checkpoints/chronos2/SG_Weather/D/long/run_0 source_launch=selena_fine_time_20260928T232415Z_26013 launch_id=selena_fine_time_20260929T092621Z_11326 slurm_job_id=3607387 launched_at=2026-09-29T10:52:30.905499+00:00
[58/90] skip completed SG_Weather/D/long
TIME run allocation action=skip run=/fslarge/scratch/users/h61084/codes/fine_time/outputs/task_finetuning/checkpoints/chronos2/SG_Weather/D/medium/run_0 source_launch=selena_fine_time_20260928T232415Z_26013 launch_id=selena_fine_time_20260929T092621Z_11326 slurm_job_id=3607387 launched_at=2026-09-29T10:52:30.909394+00:00
[59/90] skip completed SG_Weather/D/medium
TIME run allocation action=skip run=/fslarge/scratch/users/h61084/codes/fine_time/outputs/task_finetuning/checkpoints/chronos2/SG_Weather/D/short/run_0 source_launch=selena_fine_time_20260928T232415Z_26013 launch_id=selena_fine_time_20260929T092621Z_11326 slurm_job_id=3607387 launched_at=2026-09-29T10:52:30.913099+00:00
[60/90] skip completed SG_Weather/D/short
TIME run allocation action=skip run=/fslarge/scratch/users/h61084/codes/fine_time/outputs/task_finetuning/checkpoints/chronos2/Smart_Manufacturing/H/long/run_0 source_launch=selena_fine_time_20260928T232415Z_26013 launch_id=selena_fine_time_20260929T092621Z_11326 slurm_job_id=3607387 launched_at=2026-09-29T10:52:30.917015+00:00
[61/90] skip completed Smart_Manufacturing/H/long
TIME run allocation action=skip run=/fslarge/scratch/users/h61084/codes/fine_time/outputs/task_finetuning/checkpoints/chronos2/Smart_Manufacturing/H/medium/run_0 source_launch=selena_fine_time_20260928T232415Z_26013 launch_id=selena_fine_time_20260929T092621Z_11326 slurm_job_id=3607387 launched_at=2026-09-29T10:52:30.920825+00:00
[62/90] skip completed Smart_Manufacturing/H/medium
TIME run allocation action=skip run=/fslarge/scratch/users/h61084/codes/fine_time/outputs/task_finetuning/checkpoints/chronos2/Smart_Manufacturing/H/short/run_0 source_launch=selena_fine_time_20260928T232415Z_26013 launch_id=selena_fine_time_20260929T092621Z_11326 slurm_job_id=3607387 launched_at=2026-09-29T10:52:30.924582+00:00
[63/90] skip completed Smart_Manufacturing/H/short
TIME run allocation action=skip run=/fslarge/scratch/users/h61084/codes/fine_time/outputs/task_finetuning/checkpoints/chronos2/Supply_Chain_Customer/D/short/run_0 source_launch=selena_fine_time_20260928T232415Z_26013 launch_id=selena_fine_time_20260929T092621Z_11326 slurm_job_id=3607387 launched_at=2026-09-29T10:52:30.928628+00:00
[64/90] skip completed Supply_Chain_Customer/D/short
TIME run allocation action=skip run=/fslarge/scratch/users/h61084/codes/fine_time/outputs/task_finetuning/checkpoints/chronos2/Supply_Chain_Location/D/short/run_0 source_launch=selena_fine_time_20260928T232415Z_26013 launch_id=selena_fine_time_20260929T092621Z_11326 slurm_job_id=3607387 launched_at=2026-09-29T10:52:30.932556+00:00
[65/90] skip completed Supply_Chain_Location/D/short
TIME run allocation action=skip run=/fslarge/scratch/users/h61084/codes/fine_time/outputs/task_finetuning/checkpoints/chronos2/US_Labor/M/short/run_0 source_launch=selena_fine_time_20260928T232415Z_26013 launch_id=selena_fine_time_20260929T092621Z_11326 slurm_job_id=3607387 launched_at=2026-09-29T10:52:30.936520+00:00
[66/90] skip completed US_Labor/M/short
TIME run allocation action=skip run=/fslarge/scratch/users/h61084/codes/fine_time/outputs/task_finetuning/checkpoints/chronos2/US_Term_Structure/B/short/run_0 source_launch=selena_fine_time_20260928T232415Z_26013 launch_id=selena_fine_time_20260929T092621Z_11326 slurm_job_id=3607387 launched_at=2026-09-29T10:52:30.941054+00:00
[67/90] skip completed US_Term_Structure/B/short
TIME run allocation action=skip run=/fslarge/scratch/users/h61084/codes/fine_time/outputs/task_finetuning/checkpoints/chronos2/Uncertainty_1M/M/short/run_0 source_launch=selena_fine_time_20260928T232415Z_26013 launch_id=selena_fine_time_20260929T092621Z_11326 slurm_job_id=3607387 launched_at=2026-09-29T10:52:30.945097+00:00
[68/90] skip completed Uncertainty_1M/M/short
TIME run allocation action=skip run=/fslarge/scratch/users/h61084/codes/fine_time/outputs/task_finetuning/checkpoints/chronos2/Vehicle_Sales/M/short/run_0 source_launch=selena_fine_time_20260928T232415Z_26013 launch_id=selena_fine_time_20260929T092621Z_11326 slurm_job_id=3607387 launched_at=2026-09-29T10:52:30.949026+00:00
[69/90] skip completed Vehicle_Sales/M/short
TIME run allocation action=skip run=/fslarge/scratch/users/h61084/codes/fine_time/outputs/task_finetuning/checkpoints/chronos2/Vehicle_Supply/M/short/run_0 source_launch=selena_fine_time_20260928T232415Z_26013 launch_id=selena_fine_time_20260929T092621Z_11326 slurm_job_id=3607387 launched_at=2026-09-29T10:52:30.953178+00:00
[70/90] skip completed Vehicle_Supply/M/short
TIME run allocation action=skip run=/fslarge/scratch/users/h61084/codes/fine_time/outputs/task_finetuning/checkpoints/chronos2/WUI_Global/Q/short/run_0 source_launch=selena_fine_time_20260928T232415Z_26013 launch_id=selena_fine_time_20260929T092621Z_11326 slurm_job_id=3607387 launched_at=2026-09-29T10:52:30.957129+00:00
[71/90] skip completed WUI_Global/Q/short
TIME run allocation action=skip run=/fslarge/scratch/users/h61084/codes/fine_time/outputs/task_finetuning/checkpoints/chronos2/Water_Quality_Darwin/15T/long/run_0 source_launch=selena_fine_time_20260928T232415Z_26013 launch_id=selena_fine_time_20260929T092621Z_11326 slurm_job_id=3607387 launched_at=2026-09-29T10:52:30.960922+00:00
[72/90] skip completed Water_Quality_Darwin/15T/long
TIME run allocation action=skip run=/fslarge/scratch/users/h61084/codes/fine_time/outputs/task_finetuning/checkpoints/chronos2/Water_Quality_Darwin/15T/medium/run_0 source_launch=selena_fine_time_20260928T232415Z_26013 launch_id=selena_fine_time_20260929T092621Z_11326 slurm_job_id=3607387 launched_at=2026-09-29T10:52:30.964489+00:00
[73/90] skip completed Water_Quality_Darwin/15T/medium
TIME run allocation action=skip run=/fslarge/scratch/users/h61084/codes/fine_time/outputs/task_finetuning/checkpoints/chronos2/Water_Quality_Darwin/15T/short/run_0 source_launch=selena_fine_time_20260928T232415Z_26013 launch_id=selena_fine_time_20260929T092621Z_11326 slurm_job_id=3607387 launched_at=2026-09-29T10:52:30.967977+00:00
[74/90] skip completed Water_Quality_Darwin/15T/short
TIME run allocation action=skip run=/fslarge/scratch/users/h61084/codes/fine_time/outputs/task_finetuning/checkpoints/chronos2/azure2019_U/5T/short/run_0 source_launch=selena_fine_time_20260928T232415Z_26013 launch_id=selena_fine_time_20260929T092621Z_11326 slurm_job_id=3607387 launched_at=2026-09-29T10:52:30.971800+00:00
[75/90] skip completed azure2019_U/5T/short
TIME run allocation action=skip run=/fslarge/scratch/users/h61084/codes/fine_time/outputs/task_finetuning/checkpoints/chronos2/current_velocity/10T/long/run_0 source_launch=selena_fine_time_20260928T232415Z_26013 launch_id=selena_fine_time_20260929T092621Z_11326 slurm_job_id=3607387 launched_at=2026-09-29T10:52:30.975646+00:00
[76/90] skip completed current_velocity/10T/long
TIME run allocation action=skip run=/fslarge/scratch/users/h61084/codes/fine_time/outputs/task_finetuning/checkpoints/chronos2/current_velocity/10T/medium/run_0 source_launch=selena_fine_time_20260928T232415Z_26013 launch_id=selena_fine_time_20260929T092621Z_11326 slurm_job_id=3607387 launched_at=2026-09-29T10:52:30.979423+00:00
[77/90] skip completed current_velocity/10T/medium
TIME run allocation action=skip run=/fslarge/scratch/users/h61084/codes/fine_time/outputs/task_finetuning/checkpoints/chronos2/current_velocity/10T/short/run_0 source_launch=selena_fine_time_20260928T232415Z_26013 launch_id=selena_fine_time_20260929T092621Z_11326 slurm_job_id=3607387 launched_at=2026-09-29T10:52:30.983142+00:00
[78/90] skip completed current_velocity/10T/short
TIME run allocation action=skip run=/fslarge/scratch/users/h61084/codes/fine_time/outputs/task_finetuning/checkpoints/chronos2/current_velocity/15T/long/run_0 source_launch=selena_fine_time_20260928T232415Z_26013 launch_id=selena_fine_time_20260929T092621Z_11326 slurm_job_id=3607387 launched_at=2026-09-29T10:52:30.987051+00:00
[79/90] skip completed current_velocity/15T/long
TIME run allocation action=skip run=/fslarge/scratch/users/h61084/codes/fine_time/outputs/task_finetuning/checkpoints/chronos2/current_velocity/15T/medium/run_0 source_launch=selena_fine_time_20260928T232415Z_26013 launch_id=selena_fine_time_20260929T092621Z_11326 slurm_job_id=3607387 launched_at=2026-09-29T10:52:30.990733+00:00
[80/90] skip completed current_velocity/15T/medium
TIME run allocation action=skip run=/fslarge/scratch/users/h61084/codes/fine_time/outputs/task_finetuning/checkpoints/chronos2/current_velocity/15T/short/run_0 source_launch=selena_fine_time_20260928T232415Z_26013 launch_id=selena_fine_time_20260929T092621Z_11326 slurm_job_id=3607387 launched_at=2026-09-29T10:52:30.995503+00:00
[81/90] skip completed current_velocity/15T/short
TIME run allocation action=skip run=/fslarge/scratch/users/h61084/codes/fine_time/outputs/task_finetuning/checkpoints/chronos2/current_velocity/5T/long/run_0 source_launch=selena_fine_time_20260928T232415Z_26013 launch_id=selena_fine_time_20260929T092621Z_11326 slurm_job_id=3607387 launched_at=2026-09-29T10:52:30.999674+00:00
[82/90] skip completed current_velocity/5T/long
TIME run allocation action=skip run=/fslarge/scratch/users/h61084/codes/fine_time/outputs/task_finetuning/checkpoints/chronos2/current_velocity/5T/medium/run_0 source_launch=selena_fine_time_20260928T232415Z_26013 launch_id=selena_fine_time_20260929T092621Z_11326 slurm_job_id=3607387 launched_at=2026-09-29T10:52:31.003240+00:00
[83/90] skip completed current_velocity/5T/medium
TIME run allocation action=skip run=/fslarge/scratch/users/h61084/codes/fine_time/outputs/task_finetuning/checkpoints/chronos2/current_velocity/5T/short/run_0 source_launch=selena_fine_time_20260928T232415Z_26013 launch_id=selena_fine_time_20260929T092621Z_11326 slurm_job_id=3607387 launched_at=2026-09-29T10:52:31.007033+00:00
[84/90] skip completed current_velocity/5T/short
TIME run allocation action=skip run=/fslarge/scratch/users/h61084/codes/fine_time/outputs/task_finetuning/checkpoints/chronos2/current_velocity/H/long/run_0 source_launch=selena_fine_time_20260928T232415Z_26013 launch_id=selena_fine_time_20260929T092621Z_11326 slurm_job_id=3607387 launched_at=2026-09-29T10:52:31.010744+00:00
[85/90] skip completed current_velocity/H/long
TIME run allocation action=skip run=/fslarge/scratch/users/h61084/codes/fine_time/outputs/task_finetuning/checkpoints/chronos2/current_velocity/H/medium/run_0 source_launch=selena_fine_time_20260928T232415Z_26013 launch_id=selena_fine_time_20260929T092621Z_11326 slurm_job_id=3607387 launched_at=2026-09-29T10:52:31.014386+00:00
[86/90] skip completed current_velocity/H/medium
TIME run allocation action=skip run=/fslarge/scratch/users/h61084/codes/fine_time/outputs/task_finetuning/checkpoints/chronos2/current_velocity/H/short/run_0 source_launch=selena_fine_time_20260928T232415Z_26013 launch_id=selena_fine_time_20260929T092621Z_11326 slurm_job_id=3607387 launched_at=2026-09-29T10:52:31.018057+00:00
[87/90] skip completed current_velocity/H/short
TIME run allocation action=skip run=/fslarge/scratch/users/h61084/codes/fine_time/outputs/task_finetuning/checkpoints/chronos2/epf_electricity_price/H/long/run_0 source_launch=selena_fine_time_20260928T232415Z_26013 launch_id=selena_fine_time_20260929T092621Z_11326 slurm_job_id=3607387 launched_at=2026-09-29T10:52:31.021923+00:00
[88/90] skip completed epf_electricity_price/H/long
TIME run allocation action=skip run=/fslarge/scratch/users/h61084/codes/fine_time/outputs/task_finetuning/checkpoints/chronos2/epf_electricity_price/H/medium/run_0 source_launch=selena_fine_time_20260928T232415Z_26013 launch_id=selena_fine_time_20260929T092621Z_11326 slurm_job_id=3607387 launched_at=2026-09-29T10:52:31.025498+00:00
[89/90] skip completed epf_electricity_price/H/medium
TIME run allocation action=skip run=/fslarge/scratch/users/h61084/codes/fine_time/outputs/task_finetuning/checkpoints/chronos2/epf_electricity_price/H/short/run_0 source_launch=selena_fine_time_20260928T232415Z_26013 launch_id=selena_fine_time_20260929T092621Z_11326 slurm_job_id=3607387 launched_at=2026-09-29T10:52:31.029265+00:00
[90/90] skip completed epf_electricity_price/H/short
2026-09-29 12:52:31 | task model=chronos2 independent_per_task_fine_tuning=true profile=small completed status=success
2026-09-29 12:52:31 | stage train completed status=success
2026-09-29 12:52:31 | stage evaluate started
2026-09-29 12:52:31 | task model=chronos2 states=frozen,task_finetuned target_mode=univariate started
[1/90] evaluate chronos2 frozen on Australia_Solar/H/long
[2026-09-29 10:52:40 UTC] resources selected_device {"device": "cuda", "model": "chronos2", "stage": "forecast"}
Loading configuration...

============================================================
Dataset: Australia_Solar/H
Model: amazon/chronos-2
Checkpoint: /fslarge/scratch/users/h61084/weights/chronos2
Terms: ['long']
Covariate mode: none
Instance normalization: none
============================================================

--- Term: long ---
  Config: prediction_length=168, test_length=2520, val_length=2520
TIME run allocation action=new run=/fslarge/scratch/users/h61084/codes/fine_time/outputs/task_finetuning/tasks/inference/chronos2/univariate/Australia_Solar/H/long/run_0 launch_id=selena_fine_time_20260929T092621Z_11326 slurm_job_id=3607387 launched_at=2026-09-29T10:52:40.102503+00:00
  Initializing Chronos pipeline (/fslarge/scratch/users/h61084/weights/chronos2)...
  Dataset info:
    - Frequency: H
    - Num series: 1
    - Target dim: 3
    - Target mode: univariate
    - Covariate channels: 0
    - Series length: min=35064, max=35064, avg=35064.0
    - Test split: 2520 steps
    - Prediction length: 168
    - Windows: 15
TIME run allocation action=new run=/fslarge/scratch/users/h61084/codes/fine_time/outputs/task_finetuning/tasks/frozen/chronos2/univariate/Australia_Solar/H/long/run_0 launch_id=selena_fine_time_20260929T092621Z_11326 slurm_job_id=3607387 launched_at=2026-09-29T10:52:42.023067+00:00
    Total instances: 45, Series during experiment: 3, Windows: 15
    Collecting ground truth and context...
    Detected to_univariate case: 3 flat series -> 1 series x 3 variates
    Organizing data into arrays...
    ⚠️  Predictions max value (2566709.00) exceeds float16 safe range.
    ⚠️  Applying scale factor: 100 (values will be divided)
    Saved predictions (quantiles) to /fslarge/scratch/users/h61084/codes/fine_time/outputs/task_finetuning/tasks/frozen/chronos2/univariate/Australia_Solar/H/long/run_0/predictions.npz
    Computing per-window metrics...
    Saved metrics to /fslarge/scratch/users/h61084/codes/fine_time/outputs/task_finetuning/tasks/frozen/chronos2/univariate/Australia_Solar/H/long/run_0/metrics.npz
    Saved aggregate metrics to /fslarge/scratch/users/h61084/codes/fine_time/outputs/task_finetuning/tasks/frozen/chronos2/univariate/Australia_Solar/H/long/run_0/metrics_summary.json
    Metrics summary (averaged over all series/windows/variates):
      MSE: 29006791996.9180
      MAE: 84644.9915
      RMSE: 131066.9730
      MAPE: 237.3804
      sMAPE: 0.6058
      MASE: 1.2377
      ND: 0.2751
      CRPS: 0.2162
  Completed: 1 series × 15 windows
  Output: /fslarge/scratch/users/h61084/codes/fine_time/outputs/task_finetuning/tasks/frozen/chronos2/univariate/Australia_Solar/H/long/run_0

============================================================
All experiments completed!
Results saved to: /scratch/users/h61084/codes/fine_time/outputs/task_finetuning/tasks/frozen
============================================================
[1/90] evaluate chronos2 task_finetuned on Australia_Solar/H/long
[2026-09-29 10:52:42 UTC] resources selected_device {"device": "cuda", "model": "chronos2", "stage": "forecast"}
Loading configuration...

============================================================
Dataset: Australia_Solar/H
Model: amazon/chronos-2
Checkpoint: /fslarge/scratch/users/h61084/codes/fine_time/outputs/task_finetuning/checkpoints/chronos2/Australia_Solar/H/long/run_0/finetuned-ckpt
Terms: ['long']
Covariate mode: none
Instance normalization: none
============================================================

--- Term: long ---
  Config: prediction_length=168, test_length=2520, val_length=2520
TIME run allocation action=new run=/fslarge/scratch/users/h61084/codes/fine_time/outputs/task_finetuning/tasks/inference/chronos2/univariate/Australia_Solar/H/long/run_1 launch_id=selena_fine_time_20260929T092621Z_11326 slurm_job_id=3607387 launched_at=2026-09-29T10:52:42.107096+00:00
  Initializing Chronos pipeline (/fslarge/scratch/users/h61084/codes/fine_time/outputs/task_finetuning/checkpoints/chronos2/Australia_Solar/H/long/run_0/finetuned-ckpt)...
  Dataset info:
    - Frequency: H
    - Num series: 1
    - Target dim: 3
    - Target mode: univariate
    - Covariate channels: 0
    - Series length: min=35064, max=35064, avg=35064.0
    - Test split: 2520 steps
    - Prediction length: 168
    - Windows: 15
TIME run allocation action=new run=/fslarge/scratch/users/h61084/codes/fine_time/outputs/task_finetuning/tasks/task_finetuned/chronos2/univariate/Australia_Solar/H/long/run_0 launch_id=selena_fine_time_20260929T092621Z_11326 slurm_job_id=3607387 launched_at=2026-09-29T10:52:43.284165+00:00
    Total instances: 45, Series during experiment: 3, Windows: 15
    Collecting ground truth and context...
    Detected to_univariate case: 3 flat series -> 1 series x 3 variates
    Organizing data into arrays...
    ⚠️  Predictions max value (2238967.75) exceeds float16 safe range.
    ⚠️  Applying scale factor: 100 (values will be divided)
    Saved predictions (quantiles) to /fslarge/scratch/users/h61084/codes/fine_time/outputs/task_finetuning/tasks/task_finetuned/chronos2/univariate/Australia_Solar/H/long/run_0/predictions.npz
    Computing per-window metrics...
    Saved metrics to /fslarge/scratch/users/h61084/codes/fine_time/outputs/task_finetuning/tasks/task_finetuned/chronos2/univariate/Australia_Solar/H/long/run_0/metrics.npz
    Saved aggregate metrics to /fslarge/scratch/users/h61084/codes/fine_time/outputs/task_finetuning/tasks/task_finetuned/chronos2/univariate/Australia_Solar/H/long/run_0/metrics_summary.json
    Metrics summary (averaged over all series/windows/variates):
      MSE: 26167621030.0717
      MAE: 78421.3003
      RMSE: 124294.5248
      MAPE: 144.6203
      sMAPE: 0.5492
      MASE: 1.1065
      ND: 0.2514
      CRPS: 0.1959
  Completed: 1 series × 15 windows
  Output: /fslarge/scratch/users/h61084/codes/fine_time/outputs/task_finetuning/tasks/task_finetuned/chronos2/univariate/Australia_Solar/H/long/run_0

============================================================
All experiments completed!
Results saved to: /scratch/users/h61084/codes/fine_time/outputs/task_finetuning/tasks/task_finetuned
============================================================
[2/90] evaluate chronos2 frozen on Australia_Solar/H/medium
[2026-09-29 10:52:43 UTC] resources selected_device {"device": "cuda", "model": "chronos2", "stage": "forecast"}
Loading configuration...

============================================================
Dataset: Australia_Solar/H
Model: amazon/chronos-2
Checkpoint: /fslarge/scratch/users/h61084/weights/chronos2
Terms: ['medium']
Covariate mode: none
Instance normalization: none
============================================================

--- Term: medium ---
  Config: prediction_length=72, test_length=2520, val_length=2520
TIME run allocation action=new run=/fslarge/scratch/users/h61084/codes/fine_time/outputs/task_finetuning/tasks/inference/chronos2/univariate/Australia_Solar/H/medium/run_0 launch_id=selena_fine_time_20260929T092621Z_11326 slurm_job_id=3607387 launched_at=2026-09-29T10:52:43.368539+00:00
  Initializing Chronos pipeline (/fslarge/scratch/users/h61084/weights/chronos2)...
  Dataset info:
    - Frequency: H
    - Num series: 1
    - Target dim: 3
    - Target mode: univariate
    - Covariate channels: 0
    - Series length: min=35064, max=35064, avg=35064.0
    - Test split: 2520 steps
    - Prediction length: 72
    - Windows: 35
TIME run allocation action=new run=/fslarge/scratch/users/h61084/codes/fine_time/outputs/task_finetuning/tasks/frozen/chronos2/univariate/Australia_Solar/H/medium/run_0 launch_id=selena_fine_time_20260929T092621Z_11326 slurm_job_id=3607387 launched_at=2026-09-29T10:52:44.059972+00:00
    Total instances: 105, Series during experiment: 3, Windows: 35
    Collecting ground truth and context...
    Detected to_univariate case: 3 flat series -> 1 series x 3 variates
    Organizing data into arrays...
    ⚠️  Predictions max value (2531519.00) exceeds float16 safe range.
    ⚠️  Applying scale factor: 100 (values will be divided)
    Saved predictions (quantiles) to /fslarge/scratch/users/h61084/codes/fine_time/outputs/task_finetuning/tasks/frozen/chronos2/univariate/Australia_Solar/H/medium/run_0/predictions.npz
    Computing per-window metrics...
    Saved metrics to /fslarge/scratch/users/h61084/codes/fine_time/outputs/task_finetuning/tasks/frozen/chronos2/univariate/Australia_Solar/H/medium/run_0/metrics.npz
    Saved aggregate metrics to /fslarge/scratch/users/h61084/codes/fine_time/outputs/task_finetuning/tasks/frozen/chronos2/univariate/Australia_Solar/H/medium/run_0/metrics_summary.json
    Metrics summary (averaged over all series/windows/variates):
      MSE: 28984571827.2903
      MAE: 86466.6084
      RMSE: 125407.8752
      MAPE: 221.1131
      sMAPE: 0.6062
      MASE: 1.2043
      ND: 0.2893
      CRPS: 0.2308
  Completed: 1 series × 35 windows
  Output: /fslarge/scratch/users/h61084/codes/fine_time/outputs/task_finetuning/tasks/frozen/chronos2/univariate/Australia_Solar/H/medium/run_0

============================================================
All experiments completed!
Results saved to: /scratch/users/h61084/codes/fine_time/outputs/task_finetuning/tasks/frozen
============================================================
[2/90] evaluate chronos2 task_finetuned on Australia_Solar/H/medium
[2026-09-29 10:52:44 UTC] resources selected_device {"device": "cuda", "model": "chronos2", "stage": "forecast"}
Loading configuration...

============================================================
Dataset: Australia_Solar/H
Model: amazon/chronos-2
Checkpoint: /fslarge/scratch/users/h61084/codes/fine_time/outputs/task_finetuning/checkpoints/chronos2/Australia_Solar/H/medium/run_0/finetuned-ckpt
Terms: ['medium']
Covariate mode: none
Instance normalization: none
============================================================

--- Term: medium ---
  Config: prediction_length=72, test_length=2520, val_length=2520
TIME run allocation action=new run=/fslarge/scratch/users/h61084/codes/fine_time/outputs/task_finetuning/tasks/inference/chronos2/univariate/Australia_Solar/H/medium/run_1 launch_id=selena_fine_time_20260929T092621Z_11326 slurm_job_id=3607387 launched_at=2026-09-29T10:52:44.162445+00:00
  Initializing Chronos pipeline (/fslarge/scratch/users/h61084/codes/fine_time/outputs/task_finetuning/checkpoints/chronos2/Australia_Solar/H/medium/run_0/finetuned-ckpt)...
  Dataset info:
    - Frequency: H
    - Num series: 1
    - Target dim: 3
    - Target mode: univariate
    - Covariate channels: 0
    - Series length: min=35064, max=35064, avg=35064.0
    - Test split: 2520 steps
    - Prediction length: 72
    - Windows: 35
TIME run allocation action=new run=/fslarge/scratch/users/h61084/codes/fine_time/outputs/task_finetuning/tasks/task_finetuned/chronos2/univariate/Australia_Solar/H/medium/run_0 launch_id=selena_fine_time_20260929T092621Z_11326 slurm_job_id=3607387 launched_at=2026-09-29T10:52:45.692628+00:00
    Total instances: 105, Series during experiment: 3, Windows: 35
    Collecting ground truth and context...
    Detected to_univariate case: 3 flat series -> 1 series x 3 variates
    Organizing data into arrays...
    ⚠️  Predictions max value (2323191.00) exceeds float16 safe range.
    ⚠️  Applying scale factor: 100 (values will be divided)
    Saved predictions (quantiles) to /fslarge/scratch/users/h61084/codes/fine_time/outputs/task_finetuning/tasks/task_finetuned/chronos2/univariate/Australia_Solar/H/medium/run_0/predictions.npz
    Computing per-window metrics...
    Saved metrics to /fslarge/scratch/users/h61084/codes/fine_time/outputs/task_finetuning/tasks/task_finetuned/chronos2/univariate/Australia_Solar/H/medium/run_0/metrics.npz
    Saved aggregate metrics to /fslarge/scratch/users/h61084/codes/fine_time/outputs/task_finetuning/tasks/task_finetuned/chronos2/univariate/Australia_Solar/H/medium/run_0/metrics_summary.json
    Metrics summary (averaged over all series/windows/variates):
      MSE: 24932947105.9038
      MAE: 79778.0947
      RMSE: 117130.2572
      MAPE: 120.9461
      sMAPE: 0.5498
      MASE: 1.1151
      ND: 0.2778
      CRPS: 0.2125
  Completed: 1 series × 35 windows
  Output: /fslarge/scratch/users/h61084/codes/fine_time/outputs/task_finetuning/tasks/task_finetuned/chronos2/univariate/Australia_Solar/H/medium/run_0

============================================================
All experiments completed!
Results saved to: /scratch/users/h61084/codes/fine_time/outputs/task_finetuning/tasks/task_finetuned
============================================================
[3/90] evaluate chronos2 frozen on Australia_Solar/H/short
[2026-09-29 10:52:45 UTC] resources selected_device {"device": "cuda", "model": "chronos2", "stage": "forecast"}
Loading configuration...

============================================================
Dataset: Australia_Solar/H
Model: amazon/chronos-2
Checkpoint: /fslarge/scratch/users/h61084/weights/chronos2
Terms: ['short']
Covariate mode: none
Instance normalization: none
============================================================

--- Term: short ---
  Config: prediction_length=24, test_length=2520, val_length=2520
TIME run allocation action=new run=/fslarge/scratch/users/h61084/codes/fine_time/outputs/task_finetuning/tasks/inference/chronos2/univariate/Australia_Solar/H/short/run_0 launch_id=selena_fine_time_20260929T092621Z_11326 slurm_job_id=3607387 launched_at=2026-09-29T10:52:45.799521+00:00
  Initializing Chronos pipeline (/fslarge/scratch/users/h61084/weights/chronos2)...
  Dataset info:
    - Frequency: H
    - Num series: 1
    - Target dim: 3
    - Target mode: univariate
    - Covariate channels: 0
    - Series length: min=35064, max=35064, avg=35064.0
    - Test split: 2520 steps
    - Prediction length: 24
    - Windows: 105
    Processed 315/315...
TIME run allocation action=new run=/fslarge/scratch/users/h61084/codes/fine_time/outputs/task_finetuning/tasks/frozen/chronos2/univariate/Australia_Solar/H/short/run_0 launch_id=selena_fine_time_20260929T092621Z_11326 slurm_job_id=3607387 launched_at=2026-09-29T10:52:47.417853+00:00
    Total instances: 315, Series during experiment: 3, Windows: 105
    Collecting ground truth and context...
    Detected to_univariate case: 3 flat series -> 1 series x 3 variates
    Organizing data into arrays...
    ⚠️  Predictions max value (2139419.50) exceeds float16 safe range.
    ⚠️  Applying scale factor: 100 (values will be divided)
    Saved predictions (quantiles) to /fslarge/scratch/users/h61084/codes/fine_time/outputs/task_finetuning/tasks/frozen/chronos2/univariate/Australia_Solar/H/short/run_0/predictions.npz
    Computing per-window metrics...
    Saved metrics to /fslarge/scratch/users/h61084/codes/fine_time/outputs/task_finetuning/tasks/frozen/chronos2/univariate/Australia_Solar/H/short/run_0/metrics.npz
    Saved aggregate metrics to /fslarge/scratch/users/h61084/codes/fine_time/outputs/task_finetuning/tasks/frozen/chronos2/univariate/Australia_Solar/H/short/run_0/metrics_summary.json
    Metrics summary (averaged over all series/windows/variates):
      MSE: 25681173523.8935
      MAE: 80595.9886
      RMSE: 105275.9073
      MAPE: 201.8890
      sMAPE: 0.5864
      MASE: 1.0930
      ND: 0.3179
      CRPS: 0.2604
  Completed: 1 series × 105 windows
  Output: /fslarge/scratch/users/h61084/codes/fine_time/outputs/task_finetuning/tasks/frozen/chronos2/univariate/Australia_Solar/H/short/run_0

============================================================
All experiments completed!
Results saved to: /scratch/users/h61084/codes/fine_time/outputs/task_finetuning/tasks/frozen
============================================================
[3/90] evaluate chronos2 task_finetuned on Australia_Solar/H/short
[2026-09-29 10:52:47 UTC] resources selected_device {"device": "cuda", "model": "chronos2", "stage": "forecast"}
Loading configuration...

============================================================
Dataset: Australia_Solar/H
Model: amazon/chronos-2
Checkpoint: /fslarge/scratch/users/h61084/codes/fine_time/outputs/task_finetuning/checkpoints/chronos2/Australia_Solar/H/short/run_0/finetuned-ckpt
Terms: ['short']
Covariate mode: none
Instance normalization: none
============================================================

--- Term: short ---
  Config: prediction_length=24, test_length=2520, val_length=2520
TIME run allocation action=new run=/fslarge/scratch/users/h61084/codes/fine_time/outputs/task_finetuning/tasks/inference/chronos2/univariate/Australia_Solar/H/short/run_1 launch_id=selena_fine_time_20260929T092621Z_11326 slurm_job_id=3607387 launched_at=2026-09-29T10:52:47.594604+00:00
  Initializing Chronos pipeline (/fslarge/scratch/users/h61084/codes/fine_time/outputs/task_finetuning/checkpoints/chronos2/Australia_Solar/H/short/run_0/finetuned-ckpt)...
  Dataset info:
    - Frequency: H
    - Num series: 1
    - Target dim: 3
    - Target mode: univariate
    - Covariate channels: 0
    - Series length: min=35064, max=35064, avg=35064.0
    - Test split: 2520 steps
    - Prediction length: 24
    - Windows: 105
    Processed 315/315...
TIME run allocation action=new run=/fslarge/scratch/users/h61084/codes/fine_time/outputs/task_finetuning/tasks/task_finetuned/chronos2/univariate/Australia_Solar/H/short/run_0 launch_id=selena_fine_time_20260929T092621Z_11326 slurm_job_id=3607387 launched_at=2026-09-29T10:52:49.958558+00:00
    Total instances: 315, Series during experiment: 3, Windows: 105
    Collecting ground truth and context...
    Detected to_univariate case: 3 flat series -> 1 series x 3 variates
    Organizing data into arrays...
    ⚠️  Predictions max value (2236027.00) exceeds float16 safe range.
    ⚠️  Applying scale factor: 100 (values will be divided)
    Saved predictions (quantiles) to /fslarge/scratch/users/h61084/codes/fine_time/outputs/task_finetuning/tasks/task_finetuned/chronos2/univariate/Australia_Solar/H/short/run_0/predictions.npz
    Computing per-window metrics...
    Saved metrics to /fslarge/scratch/users/h61084/codes/fine_time/outputs/task_finetuning/tasks/task_finetuned/chronos2/univariate/Australia_Solar/H/short/run_0/metrics.npz
    Saved aggregate metrics to /fslarge/scratch/users/h61084/codes/fine_time/outputs/task_finetuning/tasks/task_finetuned/chronos2/univariate/Australia_Solar/H/short/run_0/metrics_summary.json
    Metrics summary (averaged over all series/windows/variates):
      MSE: 23909003239.1876
      MAE: 75344.0303
      RMSE: 98949.5642
      MAPE: 120.1243
      sMAPE: 0.5312
      MASE: 1.0233
      ND: 0.3158
      CRPS: 0.2520
  Completed: 1 series × 105 windows
  Output: /fslarge/scratch/users/h61084/codes/fine_time/outputs/task_finetuning/tasks/task_finetuned/chronos2/univariate/Australia_Solar/H/short/run_0

============================================================
All experiments completed!
Results saved to: /scratch/users/h61084/codes/fine_time/outputs/task_finetuning/tasks/task_finetuned
============================================================
[4/90] evaluate chronos2 frozen on Auto_Production_SF/M/short
[2026-09-29 10:52:50 UTC] resources selected_device {"device": "cuda", "model": "chronos2", "stage": "forecast"}
Loading configuration...

============================================================
Dataset: Auto_Production_SF/M
Model: amazon/chronos-2
Checkpoint: /fslarge/scratch/users/h61084/weights/chronos2
Terms: ['short']
Covariate mode: none
Instance normalization: none
============================================================

--- Term: short ---
  Config: prediction_length=12, test_length=60, val_length=12
TIME run allocation action=new run=/fslarge/scratch/users/h61084/codes/fine_time/outputs/task_finetuning/tasks/inference/chronos2/univariate/Auto_Production_SF/M/short/run_0 launch_id=selena_fine_time_20260929T092621Z_11326 slurm_job_id=3607387 launched_at=2026-09-29T10:52:50.122513+00:00
  Initializing Chronos pipeline (/fslarge/scratch/users/h61084/weights/chronos2)...
  Dataset info:
    - Frequency: M
    - Num series: 1
    - Target dim: 1
    - Target mode: univariate
    - Covariate channels: 0
    - Series length: min=367, max=367, avg=367.0
    - Test split: 60 steps
    - Prediction length: 12
    - Windows: 5
TIME run allocation action=new run=/fslarge/scratch/users/h61084/codes/fine_time/outputs/task_finetuning/tasks/frozen/chronos2/univariate/Auto_Production_SF/M/short/run_0 launch_id=selena_fine_time_20260929T092621Z_11326 slurm_job_id=3607387 launched_at=2026-09-29T10:52:50.375471+00:00
    Total instances: 5, Series during experiment: 1, Windows: 5
    Collecting ground truth and context...
    Organizing data into arrays...
    Saved predictions (quantiles) to /fslarge/scratch/users/h61084/codes/fine_time/outputs/task_finetuning/tasks/frozen/chronos2/univariate/Auto_Production_SF/M/short/run_0/predictions.npz
    Computing per-window metrics...
    Saved metrics to /fslarge/scratch/users/h61084/codes/fine_time/outputs/task_finetuning/tasks/frozen/chronos2/univariate/Auto_Production_SF/M/short/run_0/metrics.npz
    Saved aggregate metrics to /fslarge/scratch/users/h61084/codes/fine_time/outputs/task_finetuning/tasks/frozen/chronos2/univariate/Auto_Production_SF/M/short/run_0/metrics_summary.json
    Metrics summary (averaged over all series/windows/variates):
      MSE: 9.2722
      MAE: 2.3963
      RMSE: 2.9463
      MAPE: 0.0248
      sMAPE: 0.0245
      MASE: 0.6044
      ND: 0.0240
      CRPS: 0.0190
  Completed: 1 series × 5 windows
  Output: /fslarge/scratch/users/h61084/codes/fine_time/outputs/task_finetuning/tasks/frozen/chronos2/univariate/Auto_Production_SF/M/short/run_0

============================================================
All experiments completed!
Results saved to: /scratch/users/h61084/codes/fine_time/outputs/task_finetuning/tasks/frozen
============================================================
[4/90] evaluate chronos2 task_finetuned on Auto_Production_SF/M/short
[2026-09-29 10:52:50 UTC] resources selected_device {"device": "cuda", "model": "chronos2", "stage": "forecast"}
Loading configuration...

============================================================
Dataset: Auto_Production_SF/M
Model: amazon/chronos-2
Checkpoint: /fslarge/scratch/users/h61084/codes/fine_time/outputs/task_finetuning/checkpoints/chronos2/Auto_Production_SF/M/short/run_0/finetuned-ckpt
Terms: ['short']
Covariate mode: none
Instance normalization: none
============================================================

--- Term: short ---
  Config: prediction_length=12, test_length=60, val_length=12
TIME run allocation action=new run=/fslarge/scratch/users/h61084/codes/fine_time/outputs/task_finetuning/tasks/inference/chronos2/univariate/Auto_Production_SF/M/short/run_1 launch_id=selena_fine_time_20260929T092621Z_11326 slurm_job_id=3607387 launched_at=2026-09-29T10:52:50.409782+00:00
  Initializing Chronos pipeline (/fslarge/scratch/users/h61084/codes/fine_time/outputs/task_finetuning/checkpoints/chronos2/Auto_Production_SF/M/short/run_0/finetuned-ckpt)...
  Dataset info:
    - Frequency: M
    - Num series: 1
    - Target dim: 1
    - Target mode: univariate
    - Covariate channels: 0
    - Series length: min=367, max=367, avg=367.0
    - Test split: 60 steps
    - Prediction length: 12
    - Windows: 5
TIME run allocation action=new run=/fslarge/scratch/users/h61084/codes/fine_time/outputs/task_finetuning/tasks/task_finetuned/chronos2/univariate/Auto_Production_SF/M/short/run_0 launch_id=selena_fine_time_20260929T092621Z_11326 slurm_job_id=3607387 launched_at=2026-09-29T10:52:51.468370+00:00
    Total instances: 5, Series during experiment: 1, Windows: 5
    Collecting ground truth and context...
    Organizing data into arrays...
    Saved predictions (quantiles) to /fslarge/scratch/users/h61084/codes/fine_time/outputs/task_finetuning/tasks/task_finetuned/chronos2/univariate/Auto_Production_SF/M/short/run_0/predictions.npz
    Computing per-window metrics...
    Saved metrics to /fslarge/scratch/users/h61084/codes/fine_time/outputs/task_finetuning/tasks/task_finetuned/chronos2/univariate/Auto_Production_SF/M/short/run_0/metrics.npz
    Saved aggregate metrics to /fslarge/scratch/users/h61084/codes/fine_time/outputs/task_finetuning/tasks/task_finetuned/chronos2/univariate/Auto_Production_SF/M/short/run_0/metrics_summary.json
    Metrics summary (averaged over all series/windows/variates):
      MSE: 11.6491
      MAE: 2.7044
      RMSE: 3.3331
      MAPE: 0.0279
      sMAPE: 0.0275
      MASE: 0.6817
      ND: 0.0271
      CRPS: 0.0219
  Completed: 1 series × 5 windows
  Output: /fslarge/scratch/users/h61084/codes/fine_time/outputs/task_finetuning/tasks/task_finetuned/chronos2/univariate/Auto_Production_SF/M/short/run_0

============================================================
All experiments completed!
Results saved to: /scratch/users/h61084/codes/fine_time/outputs/task_finetuning/tasks/task_finetuned
============================================================
[5/90] evaluate chronos2 frozen on CPHL/15T/long
[2026-09-29 10:52:51 UTC] resources selected_device {"device": "cuda", "model": "chronos2", "stage": "forecast"}
Loading configuration...

============================================================
Dataset: CPHL/15T
Model: amazon/chronos-2
Checkpoint: /fslarge/scratch/users/h61084/weights/chronos2
Terms: ['long']
Covariate mode: none
Instance normalization: none
============================================================

--- Term: long ---
  Config: prediction_length=288, test_length=1440, val_length=1440
TIME run allocation action=new run=/fslarge/scratch/users/h61084/codes/fine_time/outputs/task_finetuning/tasks/inference/chronos2/univariate/CPHL/15T/long/run_0 launch_id=selena_fine_time_20260929T092621Z_11326 slurm_job_id=3607387 launched_at=2026-09-29T10:52:51.512356+00:00
  Initializing Chronos pipeline (/fslarge/scratch/users/h61084/weights/chronos2)...
  Dataset info:
    - Frequency: 15T
    - Num series: 2
    - Target dim: 1
    - Target mode: univariate
    - Covariate channels: 0
    - Series length: min=9956, max=10831, avg=10393.5
    - Test split: 1440 steps
    - Prediction length: 288
    - Windows: 5
TIME run allocation action=new run=/fslarge/scratch/users/h61084/codes/fine_time/outputs/task_finetuning/tasks/frozen/chronos2/univariate/CPHL/15T/long/run_0 launch_id=selena_fine_time_20260929T092621Z_11326 slurm_job_id=3607387 launched_at=2026-09-29T10:52:51.792698+00:00
    Total instances: 10, Series during experiment: 2, Windows: 5
    Collecting ground truth and context...
    Organizing data into arrays...
    Saved predictions (quantiles) to /fslarge/scratch/users/h61084/codes/fine_time/outputs/task_finetuning/tasks/frozen/chronos2/univariate/CPHL/15T/long/run_0/predictions.npz
    Computing per-window metrics...
    Saved metrics to /fslarge/scratch/users/h61084/codes/fine_time/outputs/task_finetuning/tasks/frozen/chronos2/univariate/CPHL/15T/long/run_0/metrics.npz
    Saved aggregate metrics to /fslarge/scratch/users/h61084/codes/fine_time/outputs/task_finetuning/tasks/frozen/chronos2/univariate/CPHL/15T/long/run_0/metrics_summary.json
    Metrics summary (averaged over all series/windows/variates):
      MSE: 0.1268
      MAE: 0.2303
      RMSE: 0.3097
      MAPE: 0.3676
      sMAPE: 0.3149
      MASE: 1.1569
      ND: 0.3148
      CRPS: 0.2550
  Completed: 2 series × 5 windows
  Output: /fslarge/scratch/users/h61084/codes/fine_time/outputs/task_finetuning/tasks/frozen/chronos2/univariate/CPHL/15T/long/run_0

============================================================
All experiments completed!
Results saved to: /scratch/users/h61084/codes/fine_time/outputs/task_finetuning/tasks/frozen
============================================================
[5/90] evaluate chronos2 task_finetuned on CPHL/15T/long
[2026-09-29 10:52:51 UTC] resources selected_device {"device": "cuda", "model": "chronos2", "stage": "forecast"}
Loading configuration...

============================================================
Dataset: CPHL/15T
Model: amazon/chronos-2
Checkpoint: /fslarge/scratch/users/h61084/codes/fine_time/outputs/task_finetuning/checkpoints/chronos2/CPHL/15T/long/run_0/finetuned-ckpt
Terms: ['long']
Covariate mode: none
Instance normalization: none
============================================================

--- Term: long ---
  Config: prediction_length=288, test_length=1440, val_length=1440
TIME run allocation action=new run=/fslarge/scratch/users/h61084/codes/fine_time/outputs/task_finetuning/tasks/inference/chronos2/univariate/CPHL/15T/long/run_1 launch_id=selena_fine_time_20260929T092621Z_11326 slurm_job_id=3607387 launched_at=2026-09-29T10:52:51.833335+00:00
  Initializing Chronos pipeline (/fslarge/scratch/users/h61084/codes/fine_time/outputs/task_finetuning/checkpoints/chronos2/CPHL/15T/long/run_0/finetuned-ckpt)...
  Dataset info:
    - Frequency: 15T
    - Num series: 2
    - Target dim: 1
    - Target mode: univariate
    - Covariate channels: 0
    - Series length: min=9956, max=10831, avg=10393.5
    - Test split: 1440 steps
    - Prediction length: 288
    - Windows: 5
TIME run allocation action=new run=/fslarge/scratch/users/h61084/codes/fine_time/outputs/task_finetuning/tasks/task_finetuned/chronos2/univariate/CPHL/15T/long/run_0 launch_id=selena_fine_time_20260929T092621Z_11326 slurm_job_id=3607387 launched_at=2026-09-29T10:52:52.887258+00:00
    Total instances: 10, Series during experiment: 2, Windows: 5
    Collecting ground truth and context...
    Organizing data into arrays...
    Saved predictions (quantiles) to /fslarge/scratch/users/h61084/codes/fine_time/outputs/task_finetuning/tasks/task_finetuned/chronos2/univariate/CPHL/15T/long/run_0/predictions.npz
    Computing per-window metrics...
    Saved metrics to /fslarge/scratch/users/h61084/codes/fine_time/outputs/task_finetuning/tasks/task_finetuned/chronos2/univariate/CPHL/15T/long/run_0/metrics.npz
    Saved aggregate metrics to /fslarge/scratch/users/h61084/codes/fine_time/outputs/task_finetuning/tasks/task_finetuned/chronos2/univariate/CPHL/15T/long/run_0/metrics_summary.json
    Metrics summary (averaged over all series/windows/variates):
      MSE: 0.1525
      MAE: 0.2423
      RMSE: 0.3264
      MAPE: 0.3470
      sMAPE: 0.3326
      MASE: 1.1933
      ND: 0.3187
      CRPS: 0.2545
  Completed: 2 series × 5 windows
  Output: /fslarge/scratch/users/h61084/codes/fine_time/outputs/task_finetuning/tasks/task_finetuned/chronos2/univariate/CPHL/15T/long/run_0

============================================================
All experiments completed!
Results saved to: /scratch/users/h61084/codes/fine_time/outputs/task_finetuning/tasks/task_finetuned
============================================================
[6/90] evaluate chronos2 frozen on CPHL/15T/medium
[2026-09-29 10:52:52 UTC] resources selected_device {"device": "cuda", "model": "chronos2", "stage": "forecast"}
Loading configuration...

============================================================
Dataset: CPHL/15T
Model: amazon/chronos-2
Checkpoint: /fslarge/scratch/users/h61084/weights/chronos2
Terms: ['medium']
Covariate mode: none
Instance normalization: none
============================================================

--- Term: medium ---
  Config: prediction_length=96, test_length=1440, val_length=1440
TIME run allocation action=new run=/fslarge/scratch/users/h61084/codes/fine_time/outputs/task_finetuning/tasks/inference/chronos2/univariate/CPHL/15T/medium/run_0 launch_id=selena_fine_time_20260929T092621Z_11326 slurm_job_id=3607387 launched_at=2026-09-29T10:52:52.931431+00:00
  Initializing Chronos pipeline (/fslarge/scratch/users/h61084/weights/chronos2)...
  Dataset info:
    - Frequency: 15T
    - Num series: 2
    - Target dim: 1
    - Target mode: univariate
    - Covariate channels: 0
    - Series length: min=9956, max=10831, avg=10393.5
    - Test split: 1440 steps
    - Prediction length: 96
    - Windows: 15
TIME run allocation action=new run=/fslarge/scratch/users/h61084/codes/fine_time/outputs/task_finetuning/tasks/frozen/chronos2/univariate/CPHL/15T/medium/run_0 launch_id=selena_fine_time_20260929T092621Z_11326 slurm_job_id=3607387 launched_at=2026-09-29T10:52:53.291856+00:00
    Total instances: 30, Series during experiment: 2, Windows: 15
    Collecting ground truth and context...
    Organizing data into arrays...
    Saved predictions (quantiles) to /fslarge/scratch/users/h61084/codes/fine_time/outputs/task_finetuning/tasks/frozen/chronos2/univariate/CPHL/15T/medium/run_0/predictions.npz
    Computing per-window metrics...
    Saved metrics to /fslarge/scratch/users/h61084/codes/fine_time/outputs/task_finetuning/tasks/frozen/chronos2/univariate/CPHL/15T/medium/run_0/metrics.npz
    Saved aggregate metrics to /fslarge/scratch/users/h61084/codes/fine_time/outputs/task_finetuning/tasks/frozen/chronos2/univariate/CPHL/15T/medium/run_0/metrics_summary.json
    Metrics summary (averaged over all series/windows/variates):
      MSE: 0.1238
      MAE: 0.2186
      RMSE: 0.2766
      MAPE: 0.3434
      sMAPE: 0.2942
      MASE: 1.0652
      ND: 0.2928
      CRPS: 0.2339
  Completed: 2 series × 15 windows
  Output: /fslarge/scratch/users/h61084/codes/fine_time/outputs/task_finetuning/tasks/frozen/chronos2/univariate/CPHL/15T/medium/run_0

============================================================
All experiments completed!
Results saved to: /scratch/users/h61084/codes/fine_time/outputs/task_finetuning/tasks/frozen
============================================================
[6/90] evaluate chronos2 task_finetuned on CPHL/15T/medium
[2026-09-29 10:52:53 UTC] resources selected_device {"device": "cuda", "model": "chronos2", "stage": "forecast"}
Loading configuration...

============================================================
Dataset: CPHL/15T
Model: amazon/chronos-2
Checkpoint: /fslarge/scratch/users/h61084/codes/fine_time/outputs/task_finetuning/checkpoints/chronos2/CPHL/15T/medium/run_0/finetuned-ckpt
Terms: ['medium']
Covariate mode: none
Instance normalization: none
============================================================

--- Term: medium ---
  Config: prediction_length=96, test_length=1440, val_length=1440
TIME run allocation action=new run=/fslarge/scratch/users/h61084/codes/fine_time/outputs/task_finetuning/tasks/inference/chronos2/univariate/CPHL/15T/medium/run_1 launch_id=selena_fine_time_20260929T092621Z_11326 slurm_job_id=3607387 launched_at=2026-09-29T10:52:53.336752+00:00
  Initializing Chronos pipeline (/fslarge/scratch/users/h61084/codes/fine_time/outputs/task_finetuning/checkpoints/chronos2/CPHL/15T/medium/run_0/finetuned-ckpt)...
  Dataset info:
    - Frequency: 15T
    - Num series: 2
    - Target dim: 1
    - Target mode: univariate
    - Covariate channels: 0
    - Series length: min=9956, max=10831, avg=10393.5
    - Test split: 1440 steps
    - Prediction length: 96
    - Windows: 15
TIME run allocation action=new run=/fslarge/scratch/users/h61084/codes/fine_time/outputs/task_finetuning/tasks/task_finetuned/chronos2/univariate/CPHL/15T/medium/run_0 launch_id=selena_fine_time_20260929T092621Z_11326 slurm_job_id=3607387 launched_at=2026-09-29T10:52:54.725947+00:00
    Total instances: 30, Series during experiment: 2, Windows: 15
    Collecting ground truth and context...
    Organizing data into arrays...
    Saved predictions (quantiles) to /fslarge/scratch/users/h61084/codes/fine_time/outputs/task_finetuning/tasks/task_finetuned/chronos2/univariate/CPHL/15T/medium/run_0/predictions.npz
    Computing per-window metrics...
    Saved metrics to /fslarge/scratch/users/h61084/codes/fine_time/outputs/task_finetuning/tasks/task_finetuned/chronos2/univariate/CPHL/15T/medium/run_0/metrics.npz
    Saved aggregate metrics to /fslarge/scratch/users/h61084/codes/fine_time/outputs/task_finetuning/tasks/task_finetuned/chronos2/univariate/CPHL/15T/medium/run_0/metrics_summary.json
    Metrics summary (averaged over all series/windows/variates):
      MSE: 0.1319
      MAE: 0.2236
      RMSE: 0.2797
      MAPE: 0.3398
      sMAPE: 0.3034
      MASE: 1.0916
      ND: 0.2951
      CRPS: 0.2329
  Completed: 2 series × 15 windows
  Output: /fslarge/scratch/users/h61084/codes/fine_time/outputs/task_finetuning/tasks/task_finetuned/chronos2/univariate/CPHL/15T/medium/run_0

============================================================
All experiments completed!
Results saved to: /scratch/users/h61084/codes/fine_time/outputs/task_finetuning/tasks/task_finetuned
============================================================
[7/90] evaluate chronos2 frozen on CPHL/15T/short
[2026-09-29 10:52:54 UTC] resources selected_device {"device": "cuda", "model": "chronos2", "stage": "forecast"}
Loading configuration...

============================================================
Dataset: CPHL/15T
Model: amazon/chronos-2
Checkpoint: /fslarge/scratch/users/h61084/weights/chronos2
Terms: ['short']
Covariate mode: none
Instance normalization: none
============================================================

--- Term: short ---
  Config: prediction_length=12, test_length=1440, val_length=1440
TIME run allocation action=new run=/fslarge/scratch/users/h61084/codes/fine_time/outputs/task_finetuning/tasks/inference/chronos2/univariate/CPHL/15T/short/run_0 launch_id=selena_fine_time_20260929T092621Z_11326 slurm_job_id=3607387 launched_at=2026-09-29T10:52:54.776021+00:00
  Initializing Chronos pipeline (/fslarge/scratch/users/h61084/weights/chronos2)...
  Dataset info:
    - Frequency: 15T
    - Num series: 2
    - Target dim: 1
    - Target mode: univariate
    - Covariate channels: 0
    - Series length: min=9956, max=10831, avg=10393.5
    - Test split: 1440 steps
    - Prediction length: 12
    - Windows: 120
TIME run allocation action=new run=/fslarge/scratch/users/h61084/codes/fine_time/outputs/task_finetuning/tasks/frozen/chronos2/univariate/CPHL/15T/short/run_0 launch_id=selena_fine_time_20260929T092621Z_11326 slurm_job_id=3607387 launched_at=2026-09-29T10:52:56.035494+00:00
    Total instances: 240, Series during experiment: 2, Windows: 120
    Collecting ground truth and context...
    Organizing data into arrays...
    Saved predictions (quantiles) to /fslarge/scratch/users/h61084/codes/fine_time/outputs/task_finetuning/tasks/frozen/chronos2/univariate/CPHL/15T/short/run_0/predictions.npz
    Computing per-window metrics...
    Saved metrics to /fslarge/scratch/users/h61084/codes/fine_time/outputs/task_finetuning/tasks/frozen/chronos2/univariate/CPHL/15T/short/run_0/metrics.npz
    Saved aggregate metrics to /fslarge/scratch/users/h61084/codes/fine_time/outputs/task_finetuning/tasks/frozen/chronos2/univariate/CPHL/15T/short/run_0/metrics_summary.json
    Metrics summary (averaged over all series/windows/variates):
      MSE: 0.0638
      MAE: 0.1378
      RMSE: 0.1612
      MAPE: 0.1945
      sMAPE: 0.1776
      MASE: 0.6512
      ND: 0.1859
      CRPS: 0.1469
  Completed: 2 series × 120 windows
  Output: /fslarge/scratch/users/h61084/codes/fine_time/outputs/task_finetuning/tasks/frozen/chronos2/univariate/CPHL/15T/short/run_0

============================================================
All experiments completed!
Results saved to: /scratch/users/h61084/codes/fine_time/outputs/task_finetuning/tasks/frozen
============================================================
[7/90] evaluate chronos2 task_finetuned on CPHL/15T/short
[2026-09-29 10:52:56 UTC] resources selected_device {"device": "cuda", "model": "chronos2", "stage": "forecast"}
Loading configuration...

============================================================
Dataset: CPHL/15T
Model: amazon/chronos-2
Checkpoint: /fslarge/scratch/users/h61084/codes/fine_time/outputs/task_finetuning/checkpoints/chronos2/CPHL/15T/short/run_0/finetuned-ckpt
Terms: ['short']
Covariate mode: none
Instance normalization: none
============================================================

--- Term: short ---
  Config: prediction_length=12, test_length=1440, val_length=1440
TIME run allocation action=new run=/fslarge/scratch/users/h61084/codes/fine_time/outputs/task_finetuning/tasks/inference/chronos2/univariate/CPHL/15T/short/run_1 launch_id=selena_fine_time_20260929T092621Z_11326 slurm_job_id=3607387 launched_at=2026-09-29T10:52:56.136180+00:00
  Initializing Chronos pipeline (/fslarge/scratch/users/h61084/codes/fine_time/outputs/task_finetuning/checkpoints/chronos2/CPHL/15T/short/run_0/finetuned-ckpt)...
  Dataset info:
    - Frequency: 15T
    - Num series: 2
    - Target dim: 1
    - Target mode: univariate
    - Covariate channels: 0
    - Series length: min=9956, max=10831, avg=10393.5
    - Test split: 1440 steps
    - Prediction length: 12
    - Windows: 120
TIME run allocation action=new run=/fslarge/scratch/users/h61084/codes/fine_time/outputs/task_finetuning/tasks/task_finetuned/chronos2/univariate/CPHL/15T/short/run_0 launch_id=selena_fine_time_20260929T092621Z_11326 slurm_job_id=3607387 launched_at=2026-09-29T10:52:58.227912+00:00
    Total instances: 240, Series during experiment: 2, Windows: 120
    Collecting ground truth and context...
    Organizing data into arrays...
    Saved predictions (quantiles) to /fslarge/scratch/users/h61084/codes/fine_time/outputs/task_finetuning/tasks/task_finetuned/chronos2/univariate/CPHL/15T/short/run_0/predictions.npz
    Computing per-window metrics...
    Saved metrics to /fslarge/scratch/users/h61084/codes/fine_time/outputs/task_finetuning/tasks/task_finetuned/chronos2/univariate/CPHL/15T/short/run_0/metrics.npz
    Saved aggregate metrics to /fslarge/scratch/users/h61084/codes/fine_time/outputs/task_finetuning/tasks/task_finetuned/chronos2/univariate/CPHL/15T/short/run_0/metrics_summary.json
    Metrics summary (averaged over all series/windows/variates):
      MSE: 0.0654
      MAE: 0.1379
      RMSE: 0.1615
      MAPE: 0.1904
      sMAPE: 0.1777
      MASE: 0.6509
      ND: 0.1833
      CRPS: 0.1449
  Completed: 2 series × 120 windows
  Output: /fslarge/scratch/users/h61084/codes/fine_time/outputs/task_finetuning/tasks/task_finetuned/chronos2/univariate/CPHL/15T/short/run_0

============================================================
All experiments completed!
Results saved to: /scratch/users/h61084/codes/fine_time/outputs/task_finetuning/tasks/task_finetuned
============================================================
[8/90] evaluate chronos2 frozen on CPHL/30T/long
[2026-09-29 10:52:58 UTC] resources selected_device {"device": "cuda", "model": "chronos2", "stage": "forecast"}
Loading configuration...

============================================================
Dataset: CPHL/30T
Model: amazon/chronos-2
Checkpoint: /fslarge/scratch/users/h61084/weights/chronos2
Terms: ['long']
Covariate mode: none
Instance normalization: none
============================================================

--- Term: long ---
  Config: prediction_length=144, test_length=1440, val_length=1440
TIME run allocation action=new run=/fslarge/scratch/users/h61084/codes/fine_time/outputs/task_finetuning/tasks/inference/chronos2/univariate/CPHL/30T/long/run_0 launch_id=selena_fine_time_20260929T092621Z_11326 slurm_job_id=3607387 launched_at=2026-09-29T10:52:58.336326+00:00
  Initializing Chronos pipeline (/fslarge/scratch/users/h61084/weights/chronos2)...
  Dataset info:
    - Frequency: 30T
    - Num series: 2
    - Target dim: 1
    - Target mode: univariate
    - Covariate channels: 0
    - Series length: min=11808, max=17566, avg=14687.0
    - Test split: 1440 steps
    - Prediction length: 144
    - Windows: 10
TIME run allocation action=new run=/fslarge/scratch/users/h61084/codes/fine_time/outputs/task_finetuning/tasks/frozen/chronos2/univariate/CPHL/30T/long/run_0 launch_id=selena_fine_time_20260929T092621Z_11326 slurm_job_id=3607387 launched_at=2026-09-29T10:52:58.657380+00:00
    Total instances: 20, Series during experiment: 2, Windows: 10
    Collecting ground truth and context...
    Organizing data into arrays...
    Saved predictions (quantiles) to /fslarge/scratch/users/h61084/codes/fine_time/outputs/task_finetuning/tasks/frozen/chronos2/univariate/CPHL/30T/long/run_0/predictions.npz
    Computing per-window metrics...
    Saved metrics to /fslarge/scratch/users/h61084/codes/fine_time/outputs/task_finetuning/tasks/frozen/chronos2/univariate/CPHL/30T/long/run_0/metrics.npz
    Saved aggregate metrics to /fslarge/scratch/users/h61084/codes/fine_time/outputs/task_finetuning/tasks/frozen/chronos2/univariate/CPHL/30T/long/run_0/metrics_summary.json
    Metrics summary (averaged over all series/windows/variates):
      MSE: 0.8957
      MAE: 0.5742
      RMSE: 0.7055
      MAPE: 0.5006
      sMAPE: 0.4063
      MASE: 1.7965
      ND: 0.3692
      CRPS: 0.2832
  Completed: 2 series × 10 windows
  Output: /fslarge/scratch/users/h61084/codes/fine_time/outputs/task_finetuning/tasks/frozen/chronos2/univariate/CPHL/30T/long/run_0

============================================================
All experiments completed!
Results saved to: /scratch/users/h61084/codes/fine_time/outputs/task_finetuning/tasks/frozen
============================================================
[8/90] evaluate chronos2 task_finetuned on CPHL/30T/long
[2026-09-29 10:52:58 UTC] resources selected_device {"device": "cuda", "model": "chronos2", "stage": "forecast"}
Loading configuration...

============================================================
Dataset: CPHL/30T
Model: amazon/chronos-2
Checkpoint: /fslarge/scratch/users/h61084/codes/fine_time/outputs/task_finetuning/checkpoints/chronos2/CPHL/30T/long/run_0/finetuned-ckpt
Terms: ['long']
Covariate mode: none
Instance normalization: none
============================================================

--- Term: long ---
  Config: prediction_length=144, test_length=1440, val_length=1440
TIME run allocation action=new run=/fslarge/scratch/users/h61084/codes/fine_time/outputs/task_finetuning/tasks/inference/chronos2/univariate/CPHL/30T/long/run_1 launch_id=selena_fine_time_20260929T092621Z_11326 slurm_job_id=3607387 launched_at=2026-09-29T10:52:58.701059+00:00
  Initializing Chronos pipeline (/fslarge/scratch/users/h61084/codes/fine_time/outputs/task_finetuning/checkpoints/chronos2/CPHL/30T/long/run_0/finetuned-ckpt)...
  Dataset info:
    - Frequency: 30T
    - Num series: 2
    - Target dim: 1
    - Target mode: univariate
    - Covariate channels: 0
    - Series length: min=11808, max=17566, avg=14687.0
    - Test split: 1440 steps
    - Prediction length: 144
    - Windows: 10
TIME run allocation action=new run=/fslarge/scratch/users/h61084/codes/fine_time/outputs/task_finetuning/tasks/task_finetuned/chronos2/univariate/CPHL/30T/long/run_0 launch_id=selena_fine_time_20260929T092621Z_11326 slurm_job_id=3607387 launched_at=2026-09-29T10:52:59.754014+00:00
    Total instances: 20, Series during experiment: 2, Windows: 10
    Collecting ground truth and context...
    Organizing data into arrays...
    Saved predictions (quantiles) to /fslarge/scratch/users/h61084/codes/fine_time/outputs/task_finetuning/tasks/task_finetuned/chronos2/univariate/CPHL/30T/long/run_0/predictions.npz
    Computing per-window metrics...
    Saved metrics to /fslarge/scratch/users/h61084/codes/fine_time/outputs/task_finetuning/tasks/task_finetuned/chronos2/univariate/CPHL/30T/long/run_0/metrics.npz
    Saved aggregate metrics to /fslarge/scratch/users/h61084/codes/fine_time/outputs/task_finetuning/tasks/task_finetuned/chronos2/univariate/CPHL/30T/long/run_0/metrics_summary.json
    Metrics summary (averaged over all series/windows/variates):
      MSE: 0.8588
      MAE: 0.5643
      RMSE: 0.6940
      MAPE: 0.4985
      sMAPE: 0.3952
      MASE: 1.7692
      ND: 0.3620
      CRPS: 0.2767
  Completed: 2 series × 10 windows
  Output: /fslarge/scratch/users/h61084/codes/fine_time/outputs/task_finetuning/tasks/task_finetuned/chronos2/univariate/CPHL/30T/long/run_0

============================================================
All experiments completed!
Results saved to: /scratch/users/h61084/codes/fine_time/outputs/task_finetuning/tasks/task_finetuned
============================================================
[9/90] evaluate chronos2 frozen on CPHL/30T/medium
[2026-09-29 10:52:59 UTC] resources selected_device {"device": "cuda", "model": "chronos2", "stage": "forecast"}
Loading configuration...

============================================================
Dataset: CPHL/30T
Model: amazon/chronos-2
Checkpoint: /fslarge/scratch/users/h61084/weights/chronos2
Terms: ['medium']
Covariate mode: none
Instance normalization: none
============================================================

--- Term: medium ---
  Config: prediction_length=48, test_length=1440, val_length=1440
TIME run allocation action=new run=/fslarge/scratch/users/h61084/codes/fine_time/outputs/task_finetuning/tasks/inference/chronos2/univariate/CPHL/30T/medium/run_0 launch_id=selena_fine_time_20260929T092621Z_11326 slurm_job_id=3607387 launched_at=2026-09-29T10:52:59.802147+00:00
  Initializing Chronos pipeline (/fslarge/scratch/users/h61084/weights/chronos2)...
  Dataset info:
    - Frequency: 30T
    - Num series: 2
    - Target dim: 1
    - Target mode: univariate
    - Covariate channels: 0
    - Series length: min=11808, max=17566, avg=14687.0
    - Test split: 1440 steps
    - Prediction length: 48
    - Windows: 30
TIME run allocation action=new run=/fslarge/scratch/users/h61084/codes/fine_time/outputs/task_finetuning/tasks/frozen/chronos2/univariate/CPHL/30T/medium/run_0 launch_id=selena_fine_time_20260929T092621Z_11326 slurm_job_id=3607387 launched_at=2026-09-29T10:53:00.291159+00:00
    Total instances: 60, Series during experiment: 2, Windows: 30
    Collecting ground truth and context...
    Organizing data into arrays...
    Saved predictions (quantiles) to /fslarge/scratch/users/h61084/codes/fine_time/outputs/task_finetuning/tasks/frozen/chronos2/univariate/CPHL/30T/medium/run_0/predictions.npz
    Computing per-window metrics...
    Saved metrics to /fslarge/scratch/users/h61084/codes/fine_time/outputs/task_finetuning/tasks/frozen/chronos2/univariate/CPHL/30T/medium/run_0/metrics.npz
    Saved aggregate metrics to /fslarge/scratch/users/h61084/codes/fine_time/outputs/task_finetuning/tasks/frozen/chronos2/univariate/CPHL/30T/medium/run_0/metrics_summary.json
    Metrics summary (averaged over all series/windows/variates):
      MSE: 0.7479
      MAE: 0.5134
      RMSE: 0.6303
      MAPE: 0.4312
      sMAPE: 0.3324
      MASE: 1.5182
      ND: 0.3229
      CRPS: 0.2465
  Completed: 2 series × 30 windows
  Output: /fslarge/scratch/users/h61084/codes/fine_time/outputs/task_finetuning/tasks/frozen/chronos2/univariate/CPHL/30T/medium/run_0

============================================================
All experiments completed!
Results saved to: /scratch/users/h61084/codes/fine_time/outputs/task_finetuning/tasks/frozen
============================================================
[9/90] evaluate chronos2 task_finetuned on CPHL/30T/medium
[2026-09-29 10:53:00 UTC] resources selected_device {"device": "cuda", "model": "chronos2", "stage": "forecast"}
Loading configuration...

============================================================
Dataset: CPHL/30T
Model: amazon/chronos-2
Checkpoint: /fslarge/scratch/users/h61084/codes/fine_time/outputs/task_finetuning/checkpoints/chronos2/CPHL/30T/medium/run_0/finetuned-ckpt
Terms: ['medium']
Covariate mode: none
Instance normalization: none
============================================================

--- Term: medium ---
  Config: prediction_length=48, test_length=1440, val_length=1440
TIME run allocation action=new run=/fslarge/scratch/users/h61084/codes/fine_time/outputs/task_finetuning/tasks/inference/chronos2/univariate/CPHL/30T/medium/run_1 launch_id=selena_fine_time_20260929T092621Z_11326 slurm_job_id=3607387 launched_at=2026-09-29T10:53:00.346244+00:00
  Initializing Chronos pipeline (/fslarge/scratch/users/h61084/codes/fine_time/outputs/task_finetuning/checkpoints/chronos2/CPHL/30T/medium/run_0/finetuned-ckpt)...
  Dataset info:
    - Frequency: 30T
    - Num series: 2
    - Target dim: 1
    - Target mode: univariate
    - Covariate channels: 0
    - Series length: min=11808, max=17566, avg=14687.0
    - Test split: 1440 steps
    - Prediction length: 48
    - Windows: 30
TIME run allocation action=new run=/fslarge/scratch/users/h61084/codes/fine_time/outputs/task_finetuning/tasks/task_finetuned/chronos2/univariate/CPHL/30T/medium/run_0 launch_id=selena_fine_time_20260929T092621Z_11326 slurm_job_id=3607387 launched_at=2026-09-29T10:53:01.572400+00:00
    Total instances: 60, Series during experiment: 2, Windows: 30
    Collecting ground truth and context...
    Organizing data into arrays...
    Saved predictions (quantiles) to /fslarge/scratch/users/h61084/codes/fine_time/outputs/task_finetuning/tasks/task_finetuned/chronos2/univariate/CPHL/30T/medium/run_0/predictions.npz
    Computing per-window metrics...
    Saved metrics to /fslarge/scratch/users/h61084/codes/fine_time/outputs/task_finetuning/tasks/task_finetuned/chronos2/univariate/CPHL/30T/medium/run_0/metrics.npz
    Saved aggregate metrics to /fslarge/scratch/users/h61084/codes/fine_time/outputs/task_finetuning/tasks/task_finetuned/chronos2/univariate/CPHL/30T/medium/run_0/metrics_summary.json
    Metrics summary (averaged over all series/windows/variates):
      MSE: 0.7304
      MAE: 0.5070
      RMSE: 0.6231
      MAPE: 0.4321
      sMAPE: 0.3260
      MASE: 1.4954
      ND: 0.3200
      CRPS: 0.2435
  Completed: 2 series × 30 windows
  Output: /fslarge/scratch/users/h61084/codes/fine_time/outputs/task_finetuning/tasks/task_finetuned/chronos2/univariate/CPHL/30T/medium/run_0

============================================================
All experiments completed!
Results saved to: /scratch/users/h61084/codes/fine_time/outputs/task_finetuning/tasks/task_finetuned
============================================================
[10/90] evaluate chronos2 frozen on CPHL/30T/short
[2026-09-29 10:53:01 UTC] resources selected_device {"device": "cuda", "model": "chronos2", "stage": "forecast"}
Loading configuration...

============================================================
Dataset: CPHL/30T
Model: amazon/chronos-2
Checkpoint: /fslarge/scratch/users/h61084/weights/chronos2
Terms: ['short']
Covariate mode: none
Instance normalization: none
============================================================

--- Term: short ---
  Config: prediction_length=12, test_length=1440, val_length=1440
TIME run allocation action=new run=/fslarge/scratch/users/h61084/codes/fine_time/outputs/task_finetuning/tasks/inference/chronos2/univariate/CPHL/30T/short/run_0 launch_id=selena_fine_time_20260929T092621Z_11326 slurm_job_id=3607387 launched_at=2026-09-29T10:53:01.631253+00:00
  Initializing Chronos pipeline (/fslarge/scratch/users/h61084/weights/chronos2)...
  Dataset info:
    - Frequency: 30T
    - Num series: 2
    - Target dim: 1
    - Target mode: univariate
    - Covariate channels: 0
    - Series length: min=11808, max=17566, avg=14687.0
    - Test split: 1440 steps
    - Prediction length: 12
    - Windows: 120
TIME run allocation action=new run=/fslarge/scratch/users/h61084/codes/fine_time/outputs/task_finetuning/tasks/frozen/chronos2/univariate/CPHL/30T/short/run_0 launch_id=selena_fine_time_20260929T092621Z_11326 slurm_job_id=3607387 launched_at=2026-09-29T10:53:02.887117+00:00
    Total instances: 240, Series during experiment: 2, Windows: 120
    Collecting ground truth and context...
    Organizing data into arrays...
    Saved predictions (quantiles) to /fslarge/scratch/users/h61084/codes/fine_time/outputs/task_finetuning/tasks/frozen/chronos2/univariate/CPHL/30T/short/run_0/predictions.npz
    Computing per-window metrics...
    Saved metrics to /fslarge/scratch/users/h61084/codes/fine_time/outputs/task_finetuning/tasks/frozen/chronos2/univariate/CPHL/30T/short/run_0/metrics.npz
    Saved aggregate metrics to /fslarge/scratch/users/h61084/codes/fine_time/outputs/task_finetuning/tasks/frozen/chronos2/univariate/CPHL/30T/short/run_0/metrics_summary.json
    Metrics summary (averaged over all series/windows/variates):
      MSE: 0.6417
      MAE: 0.4646
      RMSE: 0.5627
      MAPE: 0.3677
      sMAPE: 0.2924
      MASE: 1.3695
      ND: 0.2852
      CRPS: 0.2207
  Completed: 2 series × 120 windows
  Output: /fslarge/scratch/users/h61084/codes/fine_time/outputs/task_finetuning/tasks/frozen/chronos2/univariate/CPHL/30T/short/run_0

============================================================
All experiments completed!
Results saved to: /scratch/users/h61084/codes/fine_time/outputs/task_finetuning/tasks/frozen
============================================================
[10/90] evaluate chronos2 task_finetuned on CPHL/30T/short
[2026-09-29 10:53:02 UTC] resources selected_device {"device": "cuda", "model": "chronos2", "stage": "forecast"}
Loading configuration...

============================================================
Dataset: CPHL/30T
Model: amazon/chronos-2
Checkpoint: /fslarge/scratch/users/h61084/codes/fine_time/outputs/task_finetuning/checkpoints/chronos2/CPHL/30T/short/run_0/finetuned-ckpt
Terms: ['short']
Covariate mode: none
Instance normalization: none
============================================================

--- Term: short ---
  Config: prediction_length=12, test_length=1440, val_length=1440
TIME run allocation action=new run=/fslarge/scratch/users/h61084/codes/fine_time/outputs/task_finetuning/tasks/inference/chronos2/univariate/CPHL/30T/short/run_1 launch_id=selena_fine_time_20260929T092621Z_11326 slurm_job_id=3607387 launched_at=2026-09-29T10:53:02.995570+00:00
  Initializing Chronos pipeline (/fslarge/scratch/users/h61084/codes/fine_time/outputs/task_finetuning/checkpoints/chronos2/CPHL/30T/short/run_0/finetuned-ckpt)...
  Dataset info:
    - Frequency: 30T
    - Num series: 2
    - Target dim: 1
    - Target mode: univariate
    - Covariate channels: 0
    - Series length: min=11808, max=17566, avg=14687.0
    - Test split: 1440 steps
    - Prediction length: 12
    - Windows: 120
TIME run allocation action=new run=/fslarge/scratch/users/h61084/codes/fine_time/outputs/task_finetuning/tasks/task_finetuned/chronos2/univariate/CPHL/30T/short/run_0 launch_id=selena_fine_time_20260929T092621Z_11326 slurm_job_id=3607387 launched_at=2026-09-29T10:53:05.074262+00:00
    Total instances: 240, Series during experiment: 2, Windows: 120
    Collecting ground truth and context...
    Organizing data into arrays...
    Saved predictions (quantiles) to /fslarge/scratch/users/h61084/codes/fine_time/outputs/task_finetuning/tasks/task_finetuned/chronos2/univariate/CPHL/30T/short/run_0/predictions.npz
    Computing per-window metrics...
    Saved metrics to /fslarge/scratch/users/h61084/codes/fine_time/outputs/task_finetuning/tasks/task_finetuned/chronos2/univariate/CPHL/30T/short/run_0/metrics.npz
    Saved aggregate metrics to /fslarge/scratch/users/h61084/codes/fine_time/outputs/task_finetuning/tasks/task_finetuned/chronos2/univariate/CPHL/30T/short/run_0/metrics_summary.json
    Metrics summary (averaged over all series/windows/variates):
      MSE: 0.6344
      MAE: 0.4619
      RMSE: 0.5599
      MAPE: 0.3679
      sMAPE: 0.2914
      MASE: 1.3640
      ND: 0.2845
      CRPS: 0.2200
  Completed: 2 series × 120 windows
  Output: /fslarge/scratch/users/h61084/codes/fine_time/outputs/task_finetuning/tasks/task_finetuned/chronos2/univariate/CPHL/30T/short/run_0

============================================================
All experiments completed!
Results saved to: /scratch/users/h61084/codes/fine_time/outputs/task_finetuning/tasks/task_finetuned
============================================================
[11/90] evaluate chronos2 frozen on CPHL/H/long
[2026-09-29 10:53:05 UTC] resources selected_device {"device": "cuda", "model": "chronos2", "stage": "forecast"}
Loading configuration...

============================================================
Dataset: CPHL/H
Model: amazon/chronos-2
Checkpoint: /fslarge/scratch/users/h61084/weights/chronos2
Terms: ['long']
Covariate mode: none
Instance normalization: none
============================================================

--- Term: long ---
  Config: prediction_length=336, test_length=672, val_length=672
TIME run allocation action=new run=/fslarge/scratch/users/h61084/codes/fine_time/outputs/task_finetuning/tasks/inference/chronos2/univariate/CPHL/H/long/run_0 launch_id=selena_fine_time_20260929T092621Z_11326 slurm_job_id=3607387 launched_at=2026-09-29T10:53:05.188919+00:00
  Initializing Chronos pipeline (/fslarge/scratch/users/h61084/weights/chronos2)...
  Dataset info:
    - Frequency: H
    - Num series: 4
    - Target dim: 1
    - Target mode: univariate
    - Covariate channels: 0
    - Series length: min=2490, max=8783, avg=4971.2
    - Test split: 672 steps
    - Prediction length: 336
    - Windows: 2
TIME run allocation action=new run=/fslarge/scratch/users/h61084/codes/fine_time/outputs/task_finetuning/tasks/frozen/chronos2/univariate/CPHL/H/long/run_0 launch_id=selena_fine_time_20260929T092621Z_11326 slurm_job_id=3607387 launched_at=2026-09-29T10:53:05.466294+00:00
    Total instances: 8, Series during experiment: 4, Windows: 2
    Collecting ground truth and context...
    Organizing data into arrays...
    Saved predictions (quantiles) to /fslarge/scratch/users/h61084/codes/fine_time/outputs/task_finetuning/tasks/frozen/chronos2/univariate/CPHL/H/long/run_0/predictions.npz
    Computing per-window metrics...
    Saved metrics to /fslarge/scratch/users/h61084/codes/fine_time/outputs/task_finetuning/tasks/frozen/chronos2/univariate/CPHL/H/long/run_0/metrics.npz
    Saved aggregate metrics to /fslarge/scratch/users/h61084/codes/fine_time/outputs/task_finetuning/tasks/frozen/chronos2/univariate/CPHL/H/long/run_0/metrics_summary.json
    Metrics summary (averaged over all series/windows/variates):
      MSE: 0.5239
      MAE: 0.4664
      RMSE: 0.5840
      MAPE: 0.5131
      sMAPE: 0.4727
      MASE: 2.1391
      ND: 0.4464
      CRPS: 0.3557
  Completed: 4 series × 2 windows
  Output: /fslarge/scratch/users/h61084/codes/fine_time/outputs/task_finetuning/tasks/frozen/chronos2/univariate/CPHL/H/long/run_0

============================================================
All experiments completed!
Results saved to: /scratch/users/h61084/codes/fine_time/outputs/task_finetuning/tasks/frozen
============================================================
[11/90] evaluate chronos2 task_finetuned on CPHL/H/long
[2026-09-29 10:53:05 UTC] resources selected_device {"device": "cuda", "model": "chronos2", "stage": "forecast"}
Loading configuration...

============================================================
Dataset: CPHL/H
Model: amazon/chronos-2
Checkpoint: /fslarge/scratch/users/h61084/codes/fine_time/outputs/task_finetuning/checkpoints/chronos2/CPHL/H/long/run_0/finetuned-ckpt
Terms: ['long']
Covariate mode: none
Instance normalization: none
============================================================

--- Term: long ---
  Config: prediction_length=336, test_length=672, val_length=672
TIME run allocation action=new run=/fslarge/scratch/users/h61084/codes/fine_time/outputs/task_finetuning/tasks/inference/chronos2/univariate/CPHL/H/long/run_1 launch_id=selena_fine_time_20260929T092621Z_11326 slurm_job_id=3607387 launched_at=2026-09-29T10:53:05.505311+00:00
  Initializing Chronos pipeline (/fslarge/scratch/users/h61084/codes/fine_time/outputs/task_finetuning/checkpoints/chronos2/CPHL/H/long/run_0/finetuned-ckpt)...
  Dataset info:
    - Frequency: H
    - Num series: 4
    - Target dim: 1
    - Target mode: univariate
    - Covariate channels: 0
    - Series length: min=2490, max=8783, avg=4971.2
    - Test split: 672 steps
    - Prediction length: 336
    - Windows: 2
TIME run allocation action=new run=/fslarge/scratch/users/h61084/codes/fine_time/outputs/task_finetuning/tasks/task_finetuned/chronos2/univariate/CPHL/H/long/run_0 launch_id=selena_fine_time_20260929T092621Z_11326 slurm_job_id=3607387 launched_at=2026-09-29T10:53:06.656402+00:00
    Total instances: 8, Series during experiment: 4, Windows: 2
    Collecting ground truth and context...
    Organizing data into arrays...
    Saved predictions (quantiles) to /fslarge/scratch/users/h61084/codes/fine_time/outputs/task_finetuning/tasks/task_finetuned/chronos2/univariate/CPHL/H/long/run_0/predictions.npz
    Computing per-window metrics...
    Saved metrics to /fslarge/scratch/users/h61084/codes/fine_time/outputs/task_finetuning/tasks/task_finetuned/chronos2/univariate/CPHL/H/long/run_0/metrics.npz
    Saved aggregate metrics to /fslarge/scratch/users/h61084/codes/fine_time/outputs/task_finetuning/tasks/task_finetuned/chronos2/univariate/CPHL/H/long/run_0/metrics_summary.json
    Metrics summary (averaged over all series/windows/variates):
      MSE: 0.5281
      MAE: 0.4575
      RMSE: 0.5761
      MAPE: 0.4938
      sMAPE: 0.4534
      MASE: 2.0411
      ND: 0.4289
      CRPS: 0.3430
  Completed: 4 series × 2 windows
  Output: /fslarge/scratch/users/h61084/codes/fine_time/outputs/task_finetuning/tasks/task_finetuned/chronos2/univariate/CPHL/H/long/run_0

============================================================
All experiments completed!
Results saved to: /scratch/users/h61084/codes/fine_time/outputs/task_finetuning/tasks/task_finetuned
============================================================
[12/90] evaluate chronos2 frozen on CPHL/H/medium
[2026-09-29 10:53:06 UTC] resources selected_device {"device": "cuda", "model": "chronos2", "stage": "forecast"}
Loading configuration...

============================================================
Dataset: CPHL/H
Model: amazon/chronos-2
Checkpoint: /fslarge/scratch/users/h61084/weights/chronos2
Terms: ['medium']
Covariate mode: none
Instance normalization: none
============================================================

--- Term: medium ---
  Config: prediction_length=168, test_length=672, val_length=672
TIME run allocation action=new run=/fslarge/scratch/users/h61084/codes/fine_time/outputs/task_finetuning/tasks/inference/chronos2/univariate/CPHL/H/medium/run_0 launch_id=selena_fine_time_20260929T092621Z_11326 slurm_job_id=3607387 launched_at=2026-09-29T10:53:06.699970+00:00
  Initializing Chronos pipeline (/fslarge/scratch/users/h61084/weights/chronos2)...
  Dataset info:
    - Frequency: H
    - Num series: 4
    - Target dim: 1
    - Target mode: univariate
    - Covariate channels: 0
    - Series length: min=2490, max=8783, avg=4971.2
    - Test split: 672 steps
    - Prediction length: 168
    - Windows: 4
TIME run allocation action=new run=/fslarge/scratch/users/h61084/codes/fine_time/outputs/task_finetuning/tasks/frozen/chronos2/univariate/CPHL/H/medium/run_0 launch_id=selena_fine_time_20260929T092621Z_11326 slurm_job_id=3607387 launched_at=2026-09-29T10:53:07.006054+00:00
    Total instances: 16, Series during experiment: 4, Windows: 4
    Collecting ground truth and context...
    Organizing data into arrays...
    Saved predictions (quantiles) to /fslarge/scratch/users/h61084/codes/fine_time/outputs/task_finetuning/tasks/frozen/chronos2/univariate/CPHL/H/medium/run_0/predictions.npz
    Computing per-window metrics...
    Saved metrics to /fslarge/scratch/users/h61084/codes/fine_time/outputs/task_finetuning/tasks/frozen/chronos2/univariate/CPHL/H/medium/run_0/metrics.npz
    Saved aggregate metrics to /fslarge/scratch/users/h61084/codes/fine_time/outputs/task_finetuning/tasks/frozen/chronos2/univariate/CPHL/H/medium/run_0/metrics_summary.json
    Metrics summary (averaged over all series/windows/variates):
      MSE: 0.4790
      MAE: 0.4370
      RMSE: 0.5400
      MAPE: 0.4630
      sMAPE: 0.4131
      MASE: 1.8357
      ND: 0.3947
      CRPS: 0.3050
  Completed: 4 series × 4 windows
  Output: /fslarge/scratch/users/h61084/codes/fine_time/outputs/task_finetuning/tasks/frozen/chronos2/univariate/CPHL/H/medium/run_0

============================================================
All experiments completed!
Results saved to: /scratch/users/h61084/codes/fine_time/outputs/task_finetuning/tasks/frozen
============================================================
[12/90] evaluate chronos2 task_finetuned on CPHL/H/medium
[2026-09-29 10:53:07 UTC] resources selected_device {"device": "cuda", "model": "chronos2", "stage": "forecast"}
Loading configuration...

============================================================
Dataset: CPHL/H
Model: amazon/chronos-2
Checkpoint: /fslarge/scratch/users/h61084/codes/fine_time/outputs/task_finetuning/checkpoints/chronos2/CPHL/H/medium/run_0/finetuned-ckpt
Terms: ['medium']
Covariate mode: none
Instance normalization: none
============================================================

--- Term: medium ---
  Config: prediction_length=168, test_length=672, val_length=672
TIME run allocation action=new run=/fslarge/scratch/users/h61084/codes/fine_time/outputs/task_finetuning/tasks/inference/chronos2/univariate/CPHL/H/medium/run_1 launch_id=selena_fine_time_20260929T092621Z_11326 slurm_job_id=3607387 launched_at=2026-09-29T10:53:07.047656+00:00
  Initializing Chronos pipeline (/fslarge/scratch/users/h61084/codes/fine_time/outputs/task_finetuning/checkpoints/chronos2/CPHL/H/medium/run_0/finetuned-ckpt)...
  Dataset info:
    - Frequency: H
    - Num series: 4
    - Target dim: 1
    - Target mode: univariate
    - Covariate channels: 0
    - Series length: min=2490, max=8783, avg=4971.2
    - Test split: 672 steps
    - Prediction length: 168
    - Windows: 4
TIME run allocation action=new run=/fslarge/scratch/users/h61084/codes/fine_time/outputs/task_finetuning/tasks/task_finetuned/chronos2/univariate/CPHL/H/medium/run_0 launch_id=selena_fine_time_20260929T092621Z_11326 slurm_job_id=3607387 launched_at=2026-09-29T10:53:08.280135+00:00
    Total instances: 16, Series during experiment: 4, Windows: 4
    Collecting ground truth and context...
    Organizing data into arrays...
    Saved predictions (quantiles) to /fslarge/scratch/users/h61084/codes/fine_time/outputs/task_finetuning/tasks/task_finetuned/chronos2/univariate/CPHL/H/medium/run_0/predictions.npz
    Computing per-window metrics...
    Saved metrics to /fslarge/scratch/users/h61084/codes/fine_time/outputs/task_finetuning/tasks/task_finetuned/chronos2/univariate/CPHL/H/medium/run_0/metrics.npz
    Saved aggregate metrics to /fslarge/scratch/users/h61084/codes/fine_time/outputs/task_finetuning/tasks/task_finetuned/chronos2/univariate/CPHL/H/medium/run_0/metrics_summary.json
    Metrics summary (averaged over all series/windows/variates):
      MSE: 0.4838
      MAE: 0.4297
      RMSE: 0.5339
      MAPE: 0.4404
      sMAPE: 0.4043
      MASE: 1.7788
      ND: 0.3774
      CRPS: 0.2957
  Completed: 4 series × 4 windows
  Output: /fslarge/scratch/users/h61084/codes/fine_time/outputs/task_finetuning/tasks/task_finetuned/chronos2/univariate/CPHL/H/medium/run_0

============================================================
All experiments completed!
Results saved to: /scratch/users/h61084/codes/fine_time/outputs/task_finetuning/tasks/task_finetuned
============================================================
[13/90] evaluate chronos2 frozen on CPHL/H/short
[2026-09-29 10:53:08 UTC] resources selected_device {"device": "cuda", "model": "chronos2", "stage": "forecast"}
Loading configuration...

============================================================
Dataset: CPHL/H
Model: amazon/chronos-2
Checkpoint: /fslarge/scratch/users/h61084/weights/chronos2
Terms: ['short']
Covariate mode: none
Instance normalization: none
============================================================

--- Term: short ---
  Config: prediction_length=24, test_length=672, val_length=672
TIME run allocation action=new run=/fslarge/scratch/users/h61084/codes/fine_time/outputs/task_finetuning/tasks/inference/chronos2/univariate/CPHL/H/short/run_0 launch_id=selena_fine_time_20260929T092621Z_11326 slurm_job_id=3607387 launched_at=2026-09-29T10:53:08.325059+00:00
  Initializing Chronos pipeline (/fslarge/scratch/users/h61084/weights/chronos2)...
  Dataset info:
    - Frequency: H
    - Num series: 4
    - Target dim: 1
    - Target mode: univariate
    - Covariate channels: 0
    - Series length: min=2490, max=8783, avg=4971.2
    - Test split: 672 steps
    - Prediction length: 24
    - Windows: 28
TIME run allocation action=new run=/fslarge/scratch/users/h61084/codes/fine_time/outputs/task_finetuning/tasks/frozen/chronos2/univariate/CPHL/H/short/run_0 launch_id=selena_fine_time_20260929T092621Z_11326 slurm_job_id=3607387 launched_at=2026-09-29T10:53:08.958172+00:00
    Total instances: 112, Series during experiment: 4, Windows: 28
    Collecting ground truth and context...
    Organizing data into arrays...
    Saved predictions (quantiles) to /fslarge/scratch/users/h61084/codes/fine_time/outputs/task_finetuning/tasks/frozen/chronos2/univariate/CPHL/H/short/run_0/predictions.npz
    Computing per-window metrics...
    Saved metrics to /fslarge/scratch/users/h61084/codes/fine_time/outputs/task_finetuning/tasks/frozen/chronos2/univariate/CPHL/H/short/run_0/metrics.npz
    Saved aggregate metrics to /fslarge/scratch/users/h61084/codes/fine_time/outputs/task_finetuning/tasks/frozen/chronos2/univariate/CPHL/H/short/run_0/metrics_summary.json
    Metrics summary (averaged over all series/windows/variates):
      MSE: 0.3634
      MAE: 0.3390
      RMSE: 0.4102
      MAPE: 0.3331
      sMAPE: 0.2884
      MASE: 1.2422
      ND: 0.2836
      CRPS: 0.2199
  Completed: 4 series × 28 windows
  Output: /fslarge/scratch/users/h61084/codes/fine_time/outputs/task_finetuning/tasks/frozen/chronos2/univariate/CPHL/H/short/run_0

============================================================
All experiments completed!
Results saved to: /scratch/users/h61084/codes/fine_time/outputs/task_finetuning/tasks/frozen
============================================================
[13/90] evaluate chronos2 task_finetuned on CPHL/H/short
[2026-09-29 10:53:09 UTC] resources selected_device {"device": "cuda", "model": "chronos2", "stage": "forecast"}
Loading configuration...

============================================================
Dataset: CPHL/H
Model: amazon/chronos-2
Checkpoint: /fslarge/scratch/users/h61084/codes/fine_time/outputs/task_finetuning/checkpoints/chronos2/CPHL/H/short/run_0/finetuned-ckpt
Terms: ['short']
Covariate mode: none
Instance normalization: none
============================================================

--- Term: short ---
  Config: prediction_length=24, test_length=672, val_length=672
TIME run allocation action=new run=/fslarge/scratch/users/h61084/codes/fine_time/outputs/task_finetuning/tasks/inference/chronos2/univariate/CPHL/H/short/run_1 launch_id=selena_fine_time_20260929T092621Z_11326 slurm_job_id=3607387 launched_at=2026-09-29T10:53:09.023517+00:00
  Initializing Chronos pipeline (/fslarge/scratch/users/h61084/codes/fine_time/outputs/task_finetuning/checkpoints/chronos2/CPHL/H/short/run_0/finetuned-ckpt)...
  Dataset info:
    - Frequency: H
    - Num series: 4
    - Target dim: 1
    - Target mode: univariate
    - Covariate channels: 0
    - Series length: min=2490, max=8783, avg=4971.2
    - Test split: 672 steps
    - Prediction length: 24
    - Windows: 28
TIME run allocation action=new run=/fslarge/scratch/users/h61084/codes/fine_time/outputs/task_finetuning/tasks/task_finetuned/chronos2/univariate/CPHL/H/short/run_0 launch_id=selena_fine_time_20260929T092621Z_11326 slurm_job_id=3607387 launched_at=2026-09-29T10:53:10.480986+00:00
    Total instances: 112, Series during experiment: 4, Windows: 28
    Collecting ground truth and context...
    Organizing data into arrays...
    Saved predictions (quantiles) to /fslarge/scratch/users/h61084/codes/fine_time/outputs/task_finetuning/tasks/task_finetuned/chronos2/univariate/CPHL/H/short/run_0/predictions.npz
    Computing per-window metrics...
    Saved metrics to /fslarge/scratch/users/h61084/codes/fine_time/outputs/task_finetuning/tasks/task_finetuned/chronos2/univariate/CPHL/H/short/run_0/metrics.npz
    Saved aggregate metrics to /fslarge/scratch/users/h61084/codes/fine_time/outputs/task_finetuning/tasks/task_finetuned/chronos2/univariate/CPHL/H/short/run_0/metrics_summary.json
    Metrics summary (averaged over all series/windows/variates):
      MSE: 0.3682
      MAE: 0.3400
      RMSE: 0.4118
      MAPE: 0.3255
      sMAPE: 0.2889
      MASE: 1.2436
      ND: 0.2814
      CRPS: 0.2180
  Completed: 4 series × 28 windows
  Output: /fslarge/scratch/users/h61084/codes/fine_time/outputs/task_finetuning/tasks/task_finetuned/chronos2/univariate/CPHL/H/short/run_0

============================================================
All experiments completed!
Results saved to: /scratch/users/h61084/codes/fine_time/outputs/task_finetuning/tasks/task_finetuned
============================================================
[14/90] evaluate chronos2 frozen on Coastal_T_S/15T/long
[2026-09-29 10:53:10 UTC] resources selected_device {"device": "cuda", "model": "chronos2", "stage": "forecast"}
Loading configuration...

============================================================
Dataset: Coastal_T_S/15T
Model: amazon/chronos-2
Checkpoint: /fslarge/scratch/users/h61084/weights/chronos2
Terms: ['long']
Covariate mode: none
Instance normalization: none
============================================================

--- Term: long ---
  Config: prediction_length=288, test_length=1440, val_length=1440
TIME run allocation action=new run=/fslarge/scratch/users/h61084/codes/fine_time/outputs/task_finetuning/tasks/inference/chronos2/univariate/Coastal_T_S/15T/long/run_0 launch_id=selena_fine_time_20260929T092621Z_11326 slurm_job_id=3607387 launched_at=2026-09-29T10:53:10.575479+00:00
  Initializing Chronos pipeline (/fslarge/scratch/users/h61084/weights/chronos2)...
  Dataset info:
    - Frequency: 15T
    - Num series: 5
    - Target dim: 3
    - Target mode: univariate
    - Covariate channels: 0
    - Series length: min=16686, max=23134, avg=20870.2
    - Test split: 1440 steps
    - Prediction length: 288
    - Windows: 5
TIME run allocation action=new run=/fslarge/scratch/users/h61084/codes/fine_time/outputs/task_finetuning/tasks/frozen/chronos2/univariate/Coastal_T_S/15T/long/run_0 launch_id=selena_fine_time_20260929T092621Z_11326 slurm_job_id=3607387 launched_at=2026-09-29T10:53:11.254514+00:00
    Total instances: 75, Series during experiment: 15, Windows: 5
    Collecting ground truth and context...
    Detected to_univariate case: 15 flat series -> 5 series x 3 variates
    Organizing data into arrays...
    Saved predictions (quantiles) to /fslarge/scratch/users/h61084/codes/fine_time/outputs/task_finetuning/tasks/frozen/chronos2/univariate/Coastal_T_S/15T/long/run_0/predictions.npz
    Computing per-window metrics...
    Saved metrics to /fslarge/scratch/users/h61084/codes/fine_time/outputs/task_finetuning/tasks/frozen/chronos2/univariate/Coastal_T_S/15T/long/run_0/metrics.npz
    Saved aggregate metrics to /fslarge/scratch/users/h61084/codes/fine_time/outputs/task_finetuning/tasks/frozen/chronos2/univariate/Coastal_T_S/15T/long/run_0/metrics_summary.json
    Metrics summary (averaged over all series/windows/variates):
      MSE: 108.9629
      MAE: 4.7375
      RMSE: 4.8886
      MAPE: 0.1390
      sMAPE: 0.1226
      MASE: 1.3934
      ND: 0.1162
      CRPS: 0.0685
  Completed: 5 series × 5 windows
  Output: /fslarge/scratch/users/h61084/codes/fine_time/outputs/task_finetuning/tasks/frozen/chronos2/univariate/Coastal_T_S/15T/long/run_0

============================================================
All experiments completed!
Results saved to: /scratch/users/h61084/codes/fine_time/outputs/task_finetuning/tasks/frozen
============================================================
[14/90] evaluate chronos2 task_finetuned on Coastal_T_S/15T/long
[2026-09-29 10:53:11 UTC] resources selected_device {"device": "cuda", "model": "chronos2", "stage": "forecast"}
Loading configuration...

============================================================
Dataset: Coastal_T_S/15T
Model: amazon/chronos-2
Checkpoint: /fslarge/scratch/users/h61084/codes/fine_time/outputs/task_finetuning/checkpoints/chronos2/Coastal_T_S/15T/long/run_0/finetuned-ckpt
Terms: ['long']
Covariate mode: none
Instance normalization: none
============================================================

--- Term: long ---
  Config: prediction_length=288, test_length=1440, val_length=1440
TIME run allocation action=new run=/fslarge/scratch/users/h61084/codes/fine_time/outputs/task_finetuning/tasks/inference/chronos2/univariate/Coastal_T_S/15T/long/run_1 launch_id=selena_fine_time_20260929T092621Z_11326 slurm_job_id=3607387 launched_at=2026-09-29T10:53:11.350924+00:00
  Initializing Chronos pipeline (/fslarge/scratch/users/h61084/codes/fine_time/outputs/task_finetuning/checkpoints/chronos2/Coastal_T_S/15T/long/run_0/finetuned-ckpt)...
  Dataset info:
    - Frequency: 15T
    - Num series: 5
    - Target dim: 3
    - Target mode: univariate
    - Covariate channels: 0
    - Series length: min=16686, max=23134, avg=20870.2
    - Test split: 1440 steps
    - Prediction length: 288
    - Windows: 5
TIME run allocation action=new run=/fslarge/scratch/users/h61084/codes/fine_time/outputs/task_finetuning/tasks/task_finetuned/chronos2/univariate/Coastal_T_S/15T/long/run_0 launch_id=selena_fine_time_20260929T092621Z_11326 slurm_job_id=3607387 launched_at=2026-09-29T10:53:12.813581+00:00
    Total instances: 75, Series during experiment: 15, Windows: 5
    Collecting ground truth and context...
    Detected to_univariate case: 15 flat series -> 5 series x 3 variates
    Organizing data into arrays...
    Saved predictions (quantiles) to /fslarge/scratch/users/h61084/codes/fine_time/outputs/task_finetuning/tasks/task_finetuned/chronos2/univariate/Coastal_T_S/15T/long/run_0/predictions.npz
    Computing per-window metrics...
    Saved metrics to /fslarge/scratch/users/h61084/codes/fine_time/outputs/task_finetuning/tasks/task_finetuned/chronos2/univariate/Coastal_T_S/15T/long/run_0/metrics.npz
    Saved aggregate metrics to /fslarge/scratch/users/h61084/codes/fine_time/outputs/task_finetuning/tasks/task_finetuned/chronos2/univariate/Coastal_T_S/15T/long/run_0/metrics_summary.json
    Metrics summary (averaged over all series/windows/variates):
      MSE: 111.0744
      MAE: 4.7244
      RMSE: 4.9208
      MAPE: 0.1346
      sMAPE: 0.1223
      MASE: 1.3801
      ND: 0.1158
      CRPS: 0.0683
  Completed: 5 series × 5 windows
  Output: /fslarge/scratch/users/h61084/codes/fine_time/outputs/task_finetuning/tasks/task_finetuned/chronos2/univariate/Coastal_T_S/15T/long/run_0

============================================================
All experiments completed!
Results saved to: /scratch/users/h61084/codes/fine_time/outputs/task_finetuning/tasks/task_finetuned
============================================================
[15/90] evaluate chronos2 frozen on Coastal_T_S/15T/medium
[2026-09-29 10:53:12 UTC] resources selected_device {"device": "cuda", "model": "chronos2", "stage": "forecast"}
Loading configuration...

============================================================
Dataset: Coastal_T_S/15T
Model: amazon/chronos-2
Checkpoint: /fslarge/scratch/users/h61084/weights/chronos2
Terms: ['medium']
Covariate mode: none
Instance normalization: none
============================================================

--- Term: medium ---
  Config: prediction_length=96, test_length=1440, val_length=1440
TIME run allocation action=new run=/fslarge/scratch/users/h61084/codes/fine_time/outputs/task_finetuning/tasks/inference/chronos2/univariate/Coastal_T_S/15T/medium/run_0 launch_id=selena_fine_time_20260929T092621Z_11326 slurm_job_id=3607387 launched_at=2026-09-29T10:53:12.914240+00:00
  Initializing Chronos pipeline (/fslarge/scratch/users/h61084/weights/chronos2)...
  Dataset info:
    - Frequency: 15T
    - Num series: 5
    - Target dim: 3
    - Target mode: univariate
    - Covariate channels: 0
    - Series length: min=16686, max=23134, avg=20870.2
    - Test split: 1440 steps
    - Prediction length: 96
    - Windows: 15
TIME run allocation action=new run=/fslarge/scratch/users/h61084/codes/fine_time/outputs/task_finetuning/tasks/frozen/chronos2/univariate/Coastal_T_S/15T/medium/run_0 launch_id=selena_fine_time_20260929T092621Z_11326 slurm_job_id=3607387 launched_at=2026-09-29T10:53:14.215890+00:00
    Total instances: 225, Series during experiment: 15, Windows: 15
    Collecting ground truth and context...
    Detected to_univariate case: 15 flat series -> 5 series x 3 variates
    Organizing data into arrays...
    Saved predictions (quantiles) to /fslarge/scratch/users/h61084/codes/fine_time/outputs/task_finetuning/tasks/frozen/chronos2/univariate/Coastal_T_S/15T/medium/run_0/predictions.npz
    Computing per-window metrics...
    Saved metrics to /fslarge/scratch/users/h61084/codes/fine_time/outputs/task_finetuning/tasks/frozen/chronos2/univariate/Coastal_T_S/15T/medium/run_0/metrics.npz
    Saved aggregate metrics to /fslarge/scratch/users/h61084/codes/fine_time/outputs/task_finetuning/tasks/frozen/chronos2/univariate/Coastal_T_S/15T/medium/run_0/metrics_summary.json
    Metrics summary (averaged over all series/windows/variates):
      MSE: 110.3513
      MAE: 4.7092
      RMSE: 4.8814
      MAPE: 0.1370
      sMAPE: 0.1212
      MASE: 1.2530
      ND: 0.1150
      CRPS: 0.0673
  Completed: 5 series × 15 windows
  Output: /fslarge/scratch/users/h61084/codes/fine_time/outputs/task_finetuning/tasks/frozen/chronos2/univariate/Coastal_T_S/15T/medium/run_0

============================================================
All experiments completed!
Results saved to: /scratch/users/h61084/codes/fine_time/outputs/task_finetuning/tasks/frozen
============================================================
[15/90] evaluate chronos2 task_finetuned on Coastal_T_S/15T/medium
[2026-09-29 10:53:14 UTC] resources selected_device {"device": "cuda", "model": "chronos2", "stage": "forecast"}
Loading configuration...

============================================================
Dataset: Coastal_T_S/15T
Model: amazon/chronos-2
Checkpoint: /fslarge/scratch/users/h61084/codes/fine_time/outputs/task_finetuning/checkpoints/chronos2/Coastal_T_S/15T/medium/run_0/finetuned-ckpt
Terms: ['medium']
Covariate mode: none
Instance normalization: none
============================================================

--- Term: medium ---
  Config: prediction_length=96, test_length=1440, val_length=1440
TIME run allocation action=new run=/fslarge/scratch/users/h61084/codes/fine_time/outputs/task_finetuning/tasks/inference/chronos2/univariate/Coastal_T_S/15T/medium/run_1 launch_id=selena_fine_time_20260929T092621Z_11326 slurm_job_id=3607387 launched_at=2026-09-29T10:53:14.360656+00:00
  Initializing Chronos pipeline (/fslarge/scratch/users/h61084/codes/fine_time/outputs/task_finetuning/checkpoints/chronos2/Coastal_T_S/15T/medium/run_0/finetuned-ckpt)...
  Dataset info:
    - Frequency: 15T
    - Num series: 5
    - Target dim: 3
    - Target mode: univariate
    - Covariate channels: 0
    - Series length: min=16686, max=23134, avg=20870.2
    - Test split: 1440 steps
    - Prediction length: 96
    - Windows: 15
TIME run allocation action=new run=/fslarge/scratch/users/h61084/codes/fine_time/outputs/task_finetuning/tasks/task_finetuned/chronos2/univariate/Coastal_T_S/15T/medium/run_0 launch_id=selena_fine_time_20260929T092621Z_11326 slurm_job_id=3607387 launched_at=2026-09-29T10:53:16.544081+00:00
    Total instances: 225, Series during experiment: 15, Windows: 15
    Collecting ground truth and context...
    Detected to_univariate case: 15 flat series -> 5 series x 3 variates
    Organizing data into arrays...
    Saved predictions (quantiles) to /fslarge/scratch/users/h61084/codes/fine_time/outputs/task_finetuning/tasks/task_finetuned/chronos2/univariate/Coastal_T_S/15T/medium/run_0/predictions.npz
    Computing per-window metrics...
    Saved metrics to /fslarge/scratch/users/h61084/codes/fine_time/outputs/task_finetuning/tasks/task_finetuned/chronos2/univariate/Coastal_T_S/15T/medium/run_0/metrics.npz
    Saved aggregate metrics to /fslarge/scratch/users/h61084/codes/fine_time/outputs/task_finetuning/tasks/task_finetuned/chronos2/univariate/Coastal_T_S/15T/medium/run_0/metrics_summary.json
    Metrics summary (averaged over all series/windows/variates):
      MSE: 113.5581
      MAE: 4.7005
      RMSE: 4.9447
      MAPE: 0.1313
      sMAPE: 0.1212
      MASE: 1.2545
      ND: 0.1148
      CRPS: 0.0673
  Completed: 5 series × 15 windows
  Output: /fslarge/scratch/users/h61084/codes/fine_time/outputs/task_finetuning/tasks/task_finetuned/chronos2/univariate/Coastal_T_S/15T/medium/run_0

============================================================
All experiments completed!
Results saved to: /scratch/users/h61084/codes/fine_time/outputs/task_finetuning/tasks/task_finetuned
============================================================
[16/90] evaluate chronos2 frozen on Coastal_T_S/15T/short
[2026-09-29 10:53:16 UTC] resources selected_device {"device": "cuda", "model": "chronos2", "stage": "forecast"}
Loading configuration...

============================================================
Dataset: Coastal_T_S/15T
Model: amazon/chronos-2
Checkpoint: /fslarge/scratch/users/h61084/weights/chronos2
Terms: ['short']
Covariate mode: none
Instance normalization: none
============================================================

--- Term: short ---
  Config: prediction_length=12, test_length=1440, val_length=1440
TIME run allocation action=new run=/fslarge/scratch/users/h61084/codes/fine_time/outputs/task_finetuning/tasks/inference/chronos2/univariate/Coastal_T_S/15T/short/run_0 launch_id=selena_fine_time_20260929T092621Z_11326 slurm_job_id=3607387 launched_at=2026-09-29T10:53:16.694347+00:00
  Initializing Chronos pipeline (/fslarge/scratch/users/h61084/weights/chronos2)...
  Dataset info:
    - Frequency: 15T
    - Num series: 5
    - Target dim: 3
    - Target mode: univariate
    - Covariate channels: 0
    - Series length: min=16686, max=23134, avg=20870.2
    - Test split: 1440 steps
    - Prediction length: 12
    - Windows: 120
    Processed 320/1800...
    Processed 640/1800...
    Processed 960/1800...
    Processed 1280/1800...
    Processed 1600/1800...
TIME run allocation action=new run=/fslarge/scratch/users/h61084/codes/fine_time/outputs/task_finetuning/tasks/frozen/chronos2/univariate/Coastal_T_S/15T/short/run_0 launch_id=selena_fine_time_20260929T092621Z_11326 slurm_job_id=3607387 launched_at=2026-09-29T10:53:24.994475+00:00
    Total instances: 1800, Series during experiment: 15, Windows: 120
    Collecting ground truth and context...
    Detected to_univariate case: 15 flat series -> 5 series x 3 variates
    Organizing data into arrays...
    Saved predictions (quantiles) to /fslarge/scratch/users/h61084/codes/fine_time/outputs/task_finetuning/tasks/frozen/chronos2/univariate/Coastal_T_S/15T/short/run_0/predictions.npz
    Computing per-window metrics...
    Saved metrics to /fslarge/scratch/users/h61084/codes/fine_time/outputs/task_finetuning/tasks/frozen/chronos2/univariate/Coastal_T_S/15T/short/run_0/metrics.npz
    Saved aggregate metrics to /fslarge/scratch/users/h61084/codes/fine_time/outputs/task_finetuning/tasks/frozen/chronos2/univariate/Coastal_T_S/15T/short/run_0/metrics_summary.json
    Metrics summary (averaged over all series/windows/variates):
      MSE: 111.0752
      MAE: 4.6570
      RMSE: 4.8515
      MAPE: 0.1344
      sMAPE: 0.1194
      MASE: 1.1296
      ND: 0.1149
      CRPS: 0.0676
  Completed: 5 series × 120 windows
  Output: /fslarge/scratch/users/h61084/codes/fine_time/outputs/task_finetuning/tasks/frozen/chronos2/univariate/Coastal_T_S/15T/short/run_0

============================================================
All experiments completed!
Results saved to: /scratch/users/h61084/codes/fine_time/outputs/task_finetuning/tasks/frozen
============================================================
[16/90] evaluate chronos2 task_finetuned on Coastal_T_S/15T/short
[2026-09-29 10:53:25 UTC] resources selected_device {"device": "cuda", "model": "chronos2", "stage": "forecast"}
Loading configuration...

============================================================
Dataset: Coastal_T_S/15T
Model: amazon/chronos-2
Checkpoint: /fslarge/scratch/users/h61084/codes/fine_time/outputs/task_finetuning/checkpoints/chronos2/Coastal_T_S/15T/short/run_0/finetuned-ckpt
Terms: ['short']
Covariate mode: none
Instance normalization: none
============================================================

--- Term: short ---
  Config: prediction_length=12, test_length=1440, val_length=1440
TIME run allocation action=new run=/fslarge/scratch/users/h61084/codes/fine_time/outputs/task_finetuning/tasks/inference/chronos2/univariate/Coastal_T_S/15T/short/run_1 launch_id=selena_fine_time_20260929T092621Z_11326 slurm_job_id=3607387 launched_at=2026-09-29T10:53:25.636952+00:00
  Initializing Chronos pipeline (/fslarge/scratch/users/h61084/codes/fine_time/outputs/task_finetuning/checkpoints/chronos2/Coastal_T_S/15T/short/run_0/finetuned-ckpt)...
  Dataset info:
    - Frequency: 15T
    - Num series: 5
    - Target dim: 3
    - Target mode: univariate
    - Covariate channels: 0
    - Series length: min=16686, max=23134, avg=20870.2
    - Test split: 1440 steps
    - Prediction length: 12
    - Windows: 120
    Processed 320/1800...
    Processed 640/1800...
    Processed 960/1800...
    Processed 1280/1800...
    Processed 1600/1800...
TIME run allocation action=new run=/fslarge/scratch/users/h61084/codes/fine_time/outputs/task_finetuning/tasks/task_finetuned/chronos2/univariate/Coastal_T_S/15T/short/run_0 launch_id=selena_fine_time_20260929T092621Z_11326 slurm_job_id=3607387 launched_at=2026-09-29T10:53:34.702104+00:00
    Total instances: 1800, Series during experiment: 15, Windows: 120
    Collecting ground truth and context...
    Detected to_univariate case: 15 flat series -> 5 series x 3 variates
    Organizing data into arrays...
    Saved predictions (quantiles) to /fslarge/scratch/users/h61084/codes/fine_time/outputs/task_finetuning/tasks/task_finetuned/chronos2/univariate/Coastal_T_S/15T/short/run_0/predictions.npz
    Computing per-window metrics...
    Saved metrics to /fslarge/scratch/users/h61084/codes/fine_time/outputs/task_finetuning/tasks/task_finetuned/chronos2/univariate/Coastal_T_S/15T/short/run_0/metrics.npz
    Saved aggregate metrics to /fslarge/scratch/users/h61084/codes/fine_time/outputs/task_finetuning/tasks/task_finetuned/chronos2/univariate/Coastal_T_S/15T/short/run_0/metrics_summary.json
    Metrics summary (averaged over all series/windows/variates):
      MSE: 113.0519
      MAE: 4.6505
      RMSE: 4.8914
      MAPE: 0.1314
      sMAPE: 0.1192
      MASE: 1.1306
      ND: 0.1146
      CRPS: 0.0674
  Completed: 5 series × 120 windows
  Output: /fslarge/scratch/users/h61084/codes/fine_time/outputs/task_finetuning/tasks/task_finetuned/chronos2/univariate/Coastal_T_S/15T/short/run_0

============================================================
All experiments completed!
Results saved to: /scratch/users/h61084/codes/fine_time/outputs/task_finetuning/tasks/task_finetuned
============================================================
[17/90] evaluate chronos2 frozen on Coastal_T_S/20T/long
[2026-09-29 10:53:35 UTC] resources selected_device {"device": "cuda", "model": "chronos2", "stage": "forecast"}
Loading configuration...

============================================================
Dataset: Coastal_T_S/20T
Model: amazon/chronos-2
Checkpoint: /fslarge/scratch/users/h61084/weights/chronos2
Terms: ['long']
Covariate mode: none
Instance normalization: none
============================================================

--- Term: long ---
  Config: prediction_length=216, test_length=1080, val_length=1080
TIME run allocation action=new run=/fslarge/scratch/users/h61084/codes/fine_time/outputs/task_finetuning/tasks/inference/chronos2/univariate/Coastal_T_S/20T/long/run_0 launch_id=selena_fine_time_20260929T092621Z_11326 slurm_job_id=3607387 launched_at=2026-09-29T10:53:35.344912+00:00
  Initializing Chronos pipeline (/fslarge/scratch/users/h61084/weights/chronos2)...
  Dataset info:
    - Frequency: 20T
    - Num series: 1
    - Target dim: 3
    - Target mode: univariate
    - Covariate channels: 0
    - Series length: min=8198, max=8198, avg=8198.0
    - Test split: 1080 steps
    - Prediction length: 216
    - Windows: 5
TIME run allocation action=new run=/fslarge/scratch/users/h61084/codes/fine_time/outputs/task_finetuning/tasks/frozen/chronos2/univariate/Coastal_T_S/20T/long/run_0 launch_id=selena_fine_time_20260929T092621Z_11326 slurm_job_id=3607387 launched_at=2026-09-29T10:53:35.652481+00:00
    Total instances: 15, Series during experiment: 3, Windows: 5
    Collecting ground truth and context...
    Detected to_univariate case: 3 flat series -> 1 series x 3 variates
    Organizing data into arrays...
    Saved predictions (quantiles) to /fslarge/scratch/users/h61084/codes/fine_time/outputs/task_finetuning/tasks/frozen/chronos2/univariate/Coastal_T_S/20T/long/run_0/predictions.npz
    Computing per-window metrics...
    Saved metrics to /fslarge/scratch/users/h61084/codes/fine_time/outputs/task_finetuning/tasks/frozen/chronos2/univariate/Coastal_T_S/20T/long/run_0/metrics.npz
    Saved aggregate metrics to /fslarge/scratch/users/h61084/codes/fine_time/outputs/task_finetuning/tasks/frozen/chronos2/univariate/Coastal_T_S/20T/long/run_0/metrics_summary.json
    Metrics summary (averaged over all series/windows/variates):
      MSE: 0.0822
      MAE: 0.1989
      RMSE: 0.2429
      MAPE: 0.0081
      sMAPE: 0.0080
      MASE: 1.6549
      ND: 0.0080
      CRPS: 0.0062
  Completed: 1 series × 5 windows
  Output: /fslarge/scratch/users/h61084/codes/fine_time/outputs/task_finetuning/tasks/frozen/chronos2/univariate/Coastal_T_S/20T/long/run_0

============================================================
All experiments completed!
Results saved to: /scratch/users/h61084/codes/fine_time/outputs/task_finetuning/tasks/frozen
============================================================
[17/90] evaluate chronos2 task_finetuned on Coastal_T_S/20T/long
[2026-09-29 10:53:35 UTC] resources selected_device {"device": "cuda", "model": "chronos2", "stage": "forecast"}
Loading configuration...

============================================================
Dataset: Coastal_T_S/20T
Model: amazon/chronos-2
Checkpoint: /fslarge/scratch/users/h61084/codes/fine_time/outputs/task_finetuning/checkpoints/chronos2/Coastal_T_S/20T/long/run_0/finetuned-ckpt
Terms: ['long']
Covariate mode: none
Instance normalization: none
============================================================

--- Term: long ---
  Config: prediction_length=216, test_length=1080, val_length=1080
TIME run allocation action=new run=/fslarge/scratch/users/h61084/codes/fine_time/outputs/task_finetuning/tasks/inference/chronos2/univariate/Coastal_T_S/20T/long/run_1 launch_id=selena_fine_time_20260929T092621Z_11326 slurm_job_id=3607387 launched_at=2026-09-29T10:53:35.700510+00:00
  Initializing Chronos pipeline (/fslarge/scratch/users/h61084/codes/fine_time/outputs/task_finetuning/checkpoints/chronos2/Coastal_T_S/20T/long/run_0/finetuned-ckpt)...
  Dataset info:
    - Frequency: 20T
    - Num series: 1
    - Target dim: 3
    - Target mode: univariate
    - Covariate channels: 0
    - Series length: min=8198, max=8198, avg=8198.0
    - Test split: 1080 steps
    - Prediction length: 216
    - Windows: 5
TIME run allocation action=new run=/fslarge/scratch/users/h61084/codes/fine_time/outputs/task_finetuning/tasks/task_finetuned/chronos2/univariate/Coastal_T_S/20T/long/run_0 launch_id=selena_fine_time_20260929T092621Z_11326 slurm_job_id=3607387 launched_at=2026-09-29T10:53:36.771205+00:00
    Total instances: 15, Series during experiment: 3, Windows: 5
    Collecting ground truth and context...
    Detected to_univariate case: 3 flat series -> 1 series x 3 variates
    Organizing data into arrays...
    Saved predictions (quantiles) to /fslarge/scratch/users/h61084/codes/fine_time/outputs/task_finetuning/tasks/task_finetuned/chronos2/univariate/Coastal_T_S/20T/long/run_0/predictions.npz
    Computing per-window metrics...
    Saved metrics to /fslarge/scratch/users/h61084/codes/fine_time/outputs/task_finetuning/tasks/task_finetuned/chronos2/univariate/Coastal_T_S/20T/long/run_0/metrics.npz
    Saved aggregate metrics to /fslarge/scratch/users/h61084/codes/fine_time/outputs/task_finetuning/tasks/task_finetuned/chronos2/univariate/Coastal_T_S/20T/long/run_0/metrics_summary.json
    Metrics summary (averaged over all series/windows/variates):
      MSE: 0.0734
      MAE: 0.2038
      RMSE: 0.2483
      MAPE: 0.0084
      sMAPE: 0.0083
      MASE: 1.6775
      ND: 0.0083
      CRPS: 0.0064
  Completed: 1 series × 5 windows
  Output: /fslarge/scratch/users/h61084/codes/fine_time/outputs/task_finetuning/tasks/task_finetuned/chronos2/univariate/Coastal_T_S/20T/long/run_0

============================================================
All experiments completed!
Results saved to: /scratch/users/h61084/codes/fine_time/outputs/task_finetuning/tasks/task_finetuned
============================================================
[18/90] evaluate chronos2 frozen on Coastal_T_S/20T/medium
[2026-09-29 10:53:36 UTC] resources selected_device {"device": "cuda", "model": "chronos2", "stage": "forecast"}
Loading configuration...

============================================================
Dataset: Coastal_T_S/20T
Model: amazon/chronos-2
Checkpoint: /fslarge/scratch/users/h61084/weights/chronos2
Terms: ['medium']
Covariate mode: none
Instance normalization: none
============================================================

--- Term: medium ---
  Config: prediction_length=72, test_length=1080, val_length=1080
TIME run allocation action=new run=/fslarge/scratch/users/h61084/codes/fine_time/outputs/task_finetuning/tasks/inference/chronos2/univariate/Coastal_T_S/20T/medium/run_0 launch_id=selena_fine_time_20260929T092621Z_11326 slurm_job_id=3607387 launched_at=2026-09-29T10:53:36.823316+00:00
  Initializing Chronos pipeline (/fslarge/scratch/users/h61084/weights/chronos2)...
  Dataset info:
    - Frequency: 20T
    - Num series: 1
    - Target dim: 3
    - Target mode: univariate
    - Covariate channels: 0
    - Series length: min=8198, max=8198, avg=8198.0
    - Test split: 1080 steps
    - Prediction length: 72
    - Windows: 15
TIME run allocation action=new run=/fslarge/scratch/users/h61084/codes/fine_time/outputs/task_finetuning/tasks/frozen/chronos2/univariate/Coastal_T_S/20T/medium/run_0 launch_id=selena_fine_time_20260929T092621Z_11326 slurm_job_id=3607387 launched_at=2026-09-29T10:53:37.260964+00:00
    Total instances: 45, Series during experiment: 3, Windows: 15
    Collecting ground truth and context...
    Detected to_univariate case: 3 flat series -> 1 series x 3 variates
    Organizing data into arrays...
    Saved predictions (quantiles) to /fslarge/scratch/users/h61084/codes/fine_time/outputs/task_finetuning/tasks/frozen/chronos2/univariate/Coastal_T_S/20T/medium/run_0/predictions.npz
    Computing per-window metrics...
    Saved metrics to /fslarge/scratch/users/h61084/codes/fine_time/outputs/task_finetuning/tasks/frozen/chronos2/univariate/Coastal_T_S/20T/medium/run_0/metrics.npz
    Saved aggregate metrics to /fslarge/scratch/users/h61084/codes/fine_time/outputs/task_finetuning/tasks/frozen/chronos2/univariate/Coastal_T_S/20T/medium/run_0/metrics_summary.json
    Metrics summary (averaged over all series/windows/variates):
      MSE: 0.0305
      MAE: 0.1290
      RMSE: 0.1561
      MAPE: 0.0053
      sMAPE: 0.0053
      MASE: 1.0186
      ND: 0.0053
      CRPS: 0.0042
  Completed: 1 series × 15 windows
  Output: /fslarge/scratch/users/h61084/codes/fine_time/outputs/task_finetuning/tasks/frozen/chronos2/univariate/Coastal_T_S/20T/medium/run_0

============================================================
All experiments completed!
Results saved to: /scratch/users/h61084/codes/fine_time/outputs/task_finetuning/tasks/frozen
============================================================
[18/90] evaluate chronos2 task_finetuned on Coastal_T_S/20T/medium
[2026-09-29 10:53:37 UTC] resources selected_device {"device": "cuda", "model": "chronos2", "stage": "forecast"}
Loading configuration...

============================================================
Dataset: Coastal_T_S/20T
Model: amazon/chronos-2
Checkpoint: /fslarge/scratch/users/h61084/codes/fine_time/outputs/task_finetuning/checkpoints/chronos2/Coastal_T_S/20T/medium/run_0/finetuned-ckpt
Terms: ['medium']
Covariate mode: none
Instance normalization: none
============================================================

--- Term: medium ---
  Config: prediction_length=72, test_length=1080, val_length=1080
TIME run allocation action=new run=/fslarge/scratch/users/h61084/codes/fine_time/outputs/task_finetuning/tasks/inference/chronos2/univariate/Coastal_T_S/20T/medium/run_1 launch_id=selena_fine_time_20260929T092621Z_11326 slurm_job_id=3607387 launched_at=2026-09-29T10:53:37.316197+00:00
  Initializing Chronos pipeline (/fslarge/scratch/users/h61084/codes/fine_time/outputs/task_finetuning/checkpoints/chronos2/Coastal_T_S/20T/medium/run_0/finetuned-ckpt)...
  Dataset info:
    - Frequency: 20T
    - Num series: 1
    - Target dim: 3
    - Target mode: univariate
    - Covariate channels: 0
    - Series length: min=8198, max=8198, avg=8198.0
    - Test split: 1080 steps
    - Prediction length: 72
    - Windows: 15
TIME run allocation action=new run=/fslarge/scratch/users/h61084/codes/fine_time/outputs/task_finetuning/tasks/task_finetuned/chronos2/univariate/Coastal_T_S/20T/medium/run_0 launch_id=selena_fine_time_20260929T092621Z_11326 slurm_job_id=3607387 launched_at=2026-09-29T10:53:38.600695+00:00
    Total instances: 45, Series during experiment: 3, Windows: 15
    Collecting ground truth and context...
    Detected to_univariate case: 3 flat series -> 1 series x 3 variates
    Organizing data into arrays...
    Saved predictions (quantiles) to /fslarge/scratch/users/h61084/codes/fine_time/outputs/task_finetuning/tasks/task_finetuned/chronos2/univariate/Coastal_T_S/20T/medium/run_0/predictions.npz
    Computing per-window metrics...
    Saved metrics to /fslarge/scratch/users/h61084/codes/fine_time/outputs/task_finetuning/tasks/task_finetuned/chronos2/univariate/Coastal_T_S/20T/medium/run_0/metrics.npz
    Saved aggregate metrics to /fslarge/scratch/users/h61084/codes/fine_time/outputs/task_finetuning/tasks/task_finetuned/chronos2/univariate/Coastal_T_S/20T/medium/run_0/metrics_summary.json
    Metrics summary (averaged over all series/windows/variates):
      MSE: 0.0306
      MAE: 0.1266
      RMSE: 0.1538
      MAPE: 0.0053
      sMAPE: 0.0053
      MASE: 1.0011
      ND: 0.0053
      CRPS: 0.0042
  Completed: 1 series × 15 windows
  Output: /fslarge/scratch/users/h61084/codes/fine_time/outputs/task_finetuning/tasks/task_finetuned/chronos2/univariate/Coastal_T_S/20T/medium/run_0

============================================================
All experiments completed!
Results saved to: /scratch/users/h61084/codes/fine_time/outputs/task_finetuning/tasks/task_finetuned
============================================================
[19/90] evaluate chronos2 frozen on Coastal_T_S/20T/short
[2026-09-29 10:53:38 UTC] resources selected_device {"device": "cuda", "model": "chronos2", "stage": "forecast"}
Loading configuration...

============================================================
Dataset: Coastal_T_S/20T
Model: amazon/chronos-2
Checkpoint: /fslarge/scratch/users/h61084/weights/chronos2
Terms: ['short']
Covariate mode: none
Instance normalization: none
============================================================

--- Term: short ---
  Config: prediction_length=9, test_length=1080, val_length=1080
TIME run allocation action=new run=/fslarge/scratch/users/h61084/codes/fine_time/outputs/task_finetuning/tasks/inference/chronos2/univariate/Coastal_T_S/20T/short/run_0 launch_id=selena_fine_time_20260929T092621Z_11326 slurm_job_id=3607387 launched_at=2026-09-29T10:53:38.660733+00:00
  Initializing Chronos pipeline (/fslarge/scratch/users/h61084/weights/chronos2)...
  Dataset info:
    - Frequency: 20T
    - Num series: 1
    - Target dim: 3
    - Target mode: univariate
    - Covariate channels: 0
    - Series length: min=8198, max=8198, avg=8198.0
    - Test split: 1080 steps
    - Prediction length: 9
    - Windows: 120
    Processed 320/360...
TIME run allocation action=new run=/fslarge/scratch/users/h61084/codes/fine_time/outputs/task_finetuning/tasks/frozen/chronos2/univariate/Coastal_T_S/20T/short/run_0 launch_id=selena_fine_time_20260929T092621Z_11326 slurm_job_id=3607387 launched_at=2026-09-29T10:53:40.418070+00:00
    Total instances: 360, Series during experiment: 3, Windows: 120
    Collecting ground truth and context...
    Detected to_univariate case: 3 flat series -> 1 series x 3 variates
    Organizing data into arrays...
    Saved predictions (quantiles) to /fslarge/scratch/users/h61084/codes/fine_time/outputs/task_finetuning/tasks/frozen/chronos2/univariate/Coastal_T_S/20T/short/run_0/predictions.npz
    Computing per-window metrics...
    Saved metrics to /fslarge/scratch/users/h61084/codes/fine_time/outputs/task_finetuning/tasks/frozen/chronos2/univariate/Coastal_T_S/20T/short/run_0/metrics.npz
    Saved aggregate metrics to /fslarge/scratch/users/h61084/codes/fine_time/outputs/task_finetuning/tasks/frozen/chronos2/univariate/Coastal_T_S/20T/short/run_0/metrics_summary.json
    Metrics summary (averaged over all series/windows/variates):
      MSE: 0.0064
      MAE: 0.0558
      RMSE: 0.0638
      MAPE: 0.0023
      sMAPE: 0.0023
      MASE: 0.4510
      ND: 0.0023
      CRPS: 0.0018
  Completed: 1 series × 120 windows
  Output: /fslarge/scratch/users/h61084/codes/fine_time/outputs/task_finetuning/tasks/frozen/chronos2/univariate/Coastal_T_S/20T/short/run_0

============================================================
All experiments completed!
Results saved to: /scratch/users/h61084/codes/fine_time/outputs/task_finetuning/tasks/frozen
============================================================
[19/90] evaluate chronos2 task_finetuned on Coastal_T_S/20T/short
[2026-09-29 10:53:40 UTC] resources selected_device {"device": "cuda", "model": "chronos2", "stage": "forecast"}
Loading configuration...

============================================================
Dataset: Coastal_T_S/20T
Model: amazon/chronos-2
Checkpoint: /fslarge/scratch/users/h61084/codes/fine_time/outputs/task_finetuning/checkpoints/chronos2/Coastal_T_S/20T/short/run_0/finetuned-ckpt
Terms: ['short']
Covariate mode: none
Instance normalization: none
============================================================

--- Term: short ---
  Config: prediction_length=9, test_length=1080, val_length=1080
TIME run allocation action=new run=/fslarge/scratch/users/h61084/codes/fine_time/outputs/task_finetuning/tasks/inference/chronos2/univariate/Coastal_T_S/20T/short/run_1 launch_id=selena_fine_time_20260929T092621Z_11326 slurm_job_id=3607387 launched_at=2026-09-29T10:53:40.555651+00:00
  Initializing Chronos pipeline (/fslarge/scratch/users/h61084/codes/fine_time/outputs/task_finetuning/checkpoints/chronos2/Coastal_T_S/20T/short/run_0/finetuned-ckpt)...
  Dataset info:
    - Frequency: 20T
    - Num series: 1
    - Target dim: 3
    - Target mode: univariate
    - Covariate channels: 0
    - Series length: min=8198, max=8198, avg=8198.0
    - Test split: 1080 steps
    - Prediction length: 9
    - Windows: 120
    Processed 320/360...
TIME run allocation action=new run=/fslarge/scratch/users/h61084/codes/fine_time/outputs/task_finetuning/tasks/task_finetuned/chronos2/univariate/Coastal_T_S/20T/short/run_0 launch_id=selena_fine_time_20260929T092621Z_11326 slurm_job_id=3607387 launched_at=2026-09-29T10:53:43.146061+00:00
    Total instances: 360, Series during experiment: 3, Windows: 120
    Collecting ground truth and context...
    Detected to_univariate case: 3 flat series -> 1 series x 3 variates
    Organizing data into arrays...
    Saved predictions (quantiles) to /fslarge/scratch/users/h61084/codes/fine_time/outputs/task_finetuning/tasks/task_finetuned/chronos2/univariate/Coastal_T_S/20T/short/run_0/predictions.npz
    Computing per-window metrics...
    Saved metrics to /fslarge/scratch/users/h61084/codes/fine_time/outputs/task_finetuning/tasks/task_finetuned/chronos2/univariate/Coastal_T_S/20T/short/run_0/metrics.npz
    Saved aggregate metrics to /fslarge/scratch/users/h61084/codes/fine_time/outputs/task_finetuning/tasks/task_finetuned/chronos2/univariate/Coastal_T_S/20T/short/run_0/metrics_summary.json
    Metrics summary (averaged over all series/windows/variates):
      MSE: 0.0061
      MAE: 0.0541
      RMSE: 0.0621
      MAPE: 0.0022
      sMAPE: 0.0022
      MASE: 0.4383
      ND: 0.0022
      CRPS: 0.0017
  Completed: 1 series × 120 windows
  Output: /fslarge/scratch/users/h61084/codes/fine_time/outputs/task_finetuning/tasks/task_finetuned/chronos2/univariate/Coastal_T_S/20T/short/run_0

============================================================
All experiments completed!
Results saved to: /scratch/users/h61084/codes/fine_time/outputs/task_finetuning/tasks/task_finetuned
============================================================
[20/90] evaluate chronos2 frozen on Coastal_T_S/H/long
[2026-09-29 10:53:43 UTC] resources selected_device {"device": "cuda", "model": "chronos2", "stage": "forecast"}
Loading configuration...

============================================================
Dataset: Coastal_T_S/H
Model: amazon/chronos-2
Checkpoint: /fslarge/scratch/users/h61084/weights/chronos2
Terms: ['long']
Covariate mode: none
Instance normalization: none
============================================================

--- Term: long ---
  Config: prediction_length=336, test_length=672, val_length=672
TIME run allocation action=new run=/fslarge/scratch/users/h61084/codes/fine_time/outputs/task_finetuning/tasks/inference/chronos2/univariate/Coastal_T_S/H/long/run_0 launch_id=selena_fine_time_20260929T092621Z_11326 slurm_job_id=3607387 launched_at=2026-09-29T10:53:43.299046+00:00
  Initializing Chronos pipeline (/fslarge/scratch/users/h61084/weights/chronos2)...
  Dataset info:
    - Frequency: H
    - Num series: 24
    - Target dim: 3
    - Target mode: univariate
    - Covariate channels: 0
    - Series length: min=2733, max=8784, avg=5488.8
    - Test split: 672 steps
    - Prediction length: 336
    - Windows: 2
TIME run allocation action=new run=/fslarge/scratch/users/h61084/codes/fine_time/outputs/task_finetuning/tasks/frozen/chronos2/univariate/Coastal_T_S/H/long/run_0 launch_id=selena_fine_time_20260929T092621Z_11326 slurm_job_id=3607387 launched_at=2026-09-29T10:53:44.293021+00:00
    Total instances: 144, Series during experiment: 72, Windows: 2
    Collecting ground truth and context...
    Detected to_univariate case: 72 flat series -> 24 series x 3 variates
    Organizing data into arrays...
    Saved predictions (quantiles) to /fslarge/scratch/users/h61084/codes/fine_time/outputs/task_finetuning/tasks/frozen/chronos2/univariate/Coastal_T_S/H/long/run_0/predictions.npz
    Computing per-window metrics...
    Saved metrics to /fslarge/scratch/users/h61084/codes/fine_time/outputs/task_finetuning/tasks/frozen/chronos2/univariate/Coastal_T_S/H/long/run_0/metrics.npz
    Saved aggregate metrics to /fslarge/scratch/users/h61084/codes/fine_time/outputs/task_finetuning/tasks/frozen/chronos2/univariate/Coastal_T_S/H/long/run_0/metrics_summary.json
    Metrics summary (averaged over all series/windows/variates):
      MSE: 23.3840
      MAE: 1.4582
      RMSE: 1.8620
      MAPE: 0.0469
      sMAPE: 0.0411
      MASE: 2.3177
      ND: 0.0416
      CRPS: 0.0340
  Completed: 24 series × 2 windows
  Output: /fslarge/scratch/users/h61084/codes/fine_time/outputs/task_finetuning/tasks/frozen/chronos2/univariate/Coastal_T_S/H/long/run_0

============================================================
All experiments completed!
Results saved to: /scratch/users/h61084/codes/fine_time/outputs/task_finetuning/tasks/frozen
============================================================
[20/90] evaluate chronos2 task_finetuned on Coastal_T_S/H/long
[2026-09-29 10:53:44 UTC] resources selected_device {"device": "cuda", "model": "chronos2", "stage": "forecast"}
Loading configuration...

============================================================
Dataset: Coastal_T_S/H
Model: amazon/chronos-2
Checkpoint: /fslarge/scratch/users/h61084/codes/fine_time/outputs/task_finetuning/checkpoints/chronos2/Coastal_T_S/H/long/run_0/finetuned-ckpt
Terms: ['long']
Covariate mode: none
Instance normalization: none
============================================================

--- Term: long ---
  Config: prediction_length=336, test_length=672, val_length=672
TIME run allocation action=new run=/fslarge/scratch/users/h61084/codes/fine_time/outputs/task_finetuning/tasks/inference/chronos2/univariate/Coastal_T_S/H/long/run_1 launch_id=selena_fine_time_20260929T092621Z_11326 slurm_job_id=3607387 launched_at=2026-09-29T10:53:44.419502+00:00
  Initializing Chronos pipeline (/fslarge/scratch/users/h61084/codes/fine_time/outputs/task_finetuning/checkpoints/chronos2/Coastal_T_S/H/long/run_0/finetuned-ckpt)...
  Dataset info:
    - Frequency: H
    - Num series: 24
    - Target dim: 3
    - Target mode: univariate
    - Covariate channels: 0
    - Series length: min=2733, max=8784, avg=5488.8
    - Test split: 672 steps
    - Prediction length: 336
    - Windows: 2
TIME run allocation action=new run=/fslarge/scratch/users/h61084/codes/fine_time/outputs/task_finetuning/tasks/task_finetuned/chronos2/univariate/Coastal_T_S/H/long/run_0 launch_id=selena_fine_time_20260929T092621Z_11326 slurm_job_id=3607387 launched_at=2026-09-29T10:53:46.084290+00:00
    Total instances: 144, Series during experiment: 72, Windows: 2
    Collecting ground truth and context...
    Detected to_univariate case: 72 flat series -> 24 series x 3 variates
    Organizing data into arrays...
    Saved predictions (quantiles) to /fslarge/scratch/users/h61084/codes/fine_time/outputs/task_finetuning/tasks/task_finetuned/chronos2/univariate/Coastal_T_S/H/long/run_0/predictions.npz
    Computing per-window metrics...
    Saved metrics to /fslarge/scratch/users/h61084/codes/fine_time/outputs/task_finetuning/tasks/task_finetuned/chronos2/univariate/Coastal_T_S/H/long/run_0/metrics.npz
    Saved aggregate metrics to /fslarge/scratch/users/h61084/codes/fine_time/outputs/task_finetuning/tasks/task_finetuned/chronos2/univariate/Coastal_T_S/H/long/run_0/metrics_summary.json
    Metrics summary (averaged over all series/windows/variates):
      MSE: 23.6249
      MAE: 1.4607
      RMSE: 1.8584
      MAPE: 0.0472
      sMAPE: 0.0411
      MASE: 2.2764
      ND: 0.0416
      CRPS: 0.0339
  Completed: 24 series × 2 windows
  Output: /fslarge/scratch/users/h61084/codes/fine_time/outputs/task_finetuning/tasks/task_finetuned/chronos2/univariate/Coastal_T_S/H/long/run_0

============================================================
All experiments completed!
Results saved to: /scratch/users/h61084/codes/fine_time/outputs/task_finetuning/tasks/task_finetuned
============================================================
[21/90] evaluate chronos2 frozen on Coastal_T_S/H/medium
[2026-09-29 10:53:46 UTC] resources selected_device {"device": "cuda", "model": "chronos2", "stage": "forecast"}
Loading configuration...

============================================================
Dataset: Coastal_T_S/H
Model: amazon/chronos-2
Checkpoint: /fslarge/scratch/users/h61084/weights/chronos2
Terms: ['medium']
Covariate mode: none
Instance normalization: none
============================================================

--- Term: medium ---
  Config: prediction_length=168, test_length=672, val_length=672
TIME run allocation action=new run=/fslarge/scratch/users/h61084/codes/fine_time/outputs/task_finetuning/tasks/inference/chronos2/univariate/Coastal_T_S/H/medium/run_0 launch_id=selena_fine_time_20260929T092621Z_11326 slurm_job_id=3607387 launched_at=2026-09-29T10:53:46.214310+00:00
  Initializing Chronos pipeline (/fslarge/scratch/users/h61084/weights/chronos2)...
  Dataset info:
    - Frequency: H
    - Num series: 24
    - Target dim: 3
    - Target mode: univariate
    - Covariate channels: 0
    - Series length: min=2733, max=8784, avg=5488.8
    - Test split: 672 steps
    - Prediction length: 168
    - Windows: 4
TIME run allocation action=new run=/fslarge/scratch/users/h61084/codes/fine_time/outputs/task_finetuning/tasks/frozen/chronos2/univariate/Coastal_T_S/H/medium/run_0 launch_id=selena_fine_time_20260929T092621Z_11326 slurm_job_id=3607387 launched_at=2026-09-29T10:53:47.655974+00:00
    Total instances: 288, Series during experiment: 72, Windows: 4
    Collecting ground truth and context...
    Detected to_univariate case: 72 flat series -> 24 series x 3 variates
    Organizing data into arrays...
    Saved predictions (quantiles) to /fslarge/scratch/users/h61084/codes/fine_time/outputs/task_finetuning/tasks/frozen/chronos2/univariate/Coastal_T_S/H/medium/run_0/predictions.npz
    Computing per-window metrics...
    Saved metrics to /fslarge/scratch/users/h61084/codes/fine_time/outputs/task_finetuning/tasks/frozen/chronos2/univariate/Coastal_T_S/H/medium/run_0/metrics.npz
    Saved aggregate metrics to /fslarge/scratch/users/h61084/codes/fine_time/outputs/task_finetuning/tasks/frozen/chronos2/univariate/Coastal_T_S/H/medium/run_0/metrics_summary.json
    Metrics summary (averaged over all series/windows/variates):
      MSE: 21.7698
      MAE: 1.3562
      RMSE: 1.6914
      MAPE: 0.0415
      sMAPE: 0.0363
      MASE: 1.6218
      ND: 0.0392
      CRPS: 0.0317
  Completed: 24 series × 4 windows
  Output: /fslarge/scratch/users/h61084/codes/fine_time/outputs/task_finetuning/tasks/frozen/chronos2/univariate/Coastal_T_S/H/medium/run_0

============================================================
All experiments completed!
Results saved to: /scratch/users/h61084/codes/fine_time/outputs/task_finetuning/tasks/frozen
============================================================
[21/90] evaluate chronos2 task_finetuned on Coastal_T_S/H/medium
[2026-09-29 10:53:47 UTC] resources selected_device {"device": "cuda", "model": "chronos2", "stage": "forecast"}
Loading configuration...

============================================================
Dataset: Coastal_T_S/H
Model: amazon/chronos-2
Checkpoint: /fslarge/scratch/users/h61084/codes/fine_time/outputs/task_finetuning/checkpoints/chronos2/Coastal_T_S/H/medium/run_0/finetuned-ckpt
Terms: ['medium']
Covariate mode: none
Instance normalization: none
============================================================

--- Term: medium ---
  Config: prediction_length=168, test_length=672, val_length=672
TIME run allocation action=new run=/fslarge/scratch/users/h61084/codes/fine_time/outputs/task_finetuning/tasks/inference/chronos2/univariate/Coastal_T_S/H/medium/run_1 launch_id=selena_fine_time_20260929T092621Z_11326 slurm_job_id=3607387 launched_at=2026-09-29T10:53:47.824003+00:00
  Initializing Chronos pipeline (/fslarge/scratch/users/h61084/codes/fine_time/outputs/task_finetuning/checkpoints/chronos2/Coastal_T_S/H/medium/run_0/finetuned-ckpt)...
  Dataset info:
    - Frequency: H
    - Num series: 24
    - Target dim: 3
    - Target mode: univariate
    - Covariate channels: 0
    - Series length: min=2733, max=8784, avg=5488.8
    - Test split: 672 steps
    - Prediction length: 168
    - Windows: 4
TIME run allocation action=new run=/fslarge/scratch/users/h61084/codes/fine_time/outputs/task_finetuning/tasks/task_finetuned/chronos2/univariate/Coastal_T_S/H/medium/run_0 launch_id=selena_fine_time_20260929T092621Z_11326 slurm_job_id=3607387 launched_at=2026-09-29T10:53:50.243487+00:00
    Total instances: 288, Series during experiment: 72, Windows: 4
    Collecting ground truth and context...
    Detected to_univariate case: 72 flat series -> 24 series x 3 variates
    Organizing data into arrays...
    Saved predictions (quantiles) to /fslarge/scratch/users/h61084/codes/fine_time/outputs/task_finetuning/tasks/task_finetuned/chronos2/univariate/Coastal_T_S/H/medium/run_0/predictions.npz
    Computing per-window metrics...
    Saved metrics to /fslarge/scratch/users/h61084/codes/fine_time/outputs/task_finetuning/tasks/task_finetuned/chronos2/univariate/Coastal_T_S/H/medium/run_0/metrics.npz
    Saved aggregate metrics to /fslarge/scratch/users/h61084/codes/fine_time/outputs/task_finetuning/tasks/task_finetuned/chronos2/univariate/Coastal_T_S/H/medium/run_0/metrics_summary.json
    Metrics summary (averaged over all series/windows/variates):
      MSE: 21.9371
      MAE: 1.3572
      RMSE: 1.6893
      MAPE: 0.0416
      sMAPE: 0.0362
      MASE: 1.5940
      ND: 0.0391
      CRPS: 0.0317
  Completed: 24 series × 4 windows
  Output: /fslarge/scratch/users/h61084/codes/fine_time/outputs/task_finetuning/tasks/task_finetuned/chronos2/univariate/Coastal_T_S/H/medium/run_0

============================================================
All experiments completed!
Results saved to: /scratch/users/h61084/codes/fine_time/outputs/task_finetuning/tasks/task_finetuned
============================================================
[22/90] evaluate chronos2 frozen on Coastal_T_S/H/short
[2026-09-29 10:53:50 UTC] resources selected_device {"device": "cuda", "model": "chronos2", "stage": "forecast"}
Loading configuration...

============================================================
Dataset: Coastal_T_S/H
Model: amazon/chronos-2
Checkpoint: /fslarge/scratch/users/h61084/weights/chronos2
Terms: ['short']
Covariate mode: none
Instance normalization: none
============================================================

--- Term: short ---
  Config: prediction_length=24, test_length=672, val_length=672
TIME run allocation action=new run=/fslarge/scratch/users/h61084/codes/fine_time/outputs/task_finetuning/tasks/inference/chronos2/univariate/Coastal_T_S/H/short/run_0 launch_id=selena_fine_time_20260929T092621Z_11326 slurm_job_id=3607387 launched_at=2026-09-29T10:53:50.412762+00:00
  Initializing Chronos pipeline (/fslarge/scratch/users/h61084/weights/chronos2)...
  Dataset info:
    - Frequency: H
    - Num series: 24
    - Target dim: 3
    - Target mode: univariate
    - Covariate channels: 0
    - Series length: min=2733, max=8784, avg=5488.8
    - Test split: 672 steps
    - Prediction length: 24
    - Windows: 28
    Processed 320/2016...
    Processed 640/2016...
    Processed 960/2016...
    Processed 1280/2016...
    Processed 1600/2016...
    Processed 1920/2016...
TIME run allocation action=new run=/fslarge/scratch/users/h61084/codes/fine_time/outputs/task_finetuning/tasks/frozen/chronos2/univariate/Coastal_T_S/H/short/run_0 launch_id=selena_fine_time_20260929T092621Z_11326 slurm_job_id=3607387 launched_at=2026-09-29T10:53:57.096749+00:00
    Total instances: 2016, Series during experiment: 72, Windows: 28
    Collecting ground truth and context...
    Detected to_univariate case: 72 flat series -> 24 series x 3 variates
    Organizing data into arrays...
    Saved predictions (quantiles) to /fslarge/scratch/users/h61084/codes/fine_time/outputs/task_finetuning/tasks/frozen/chronos2/univariate/Coastal_T_S/H/short/run_0/predictions.npz
    Computing per-window metrics...
    Saved metrics to /fslarge/scratch/users/h61084/codes/fine_time/outputs/task_finetuning/tasks/frozen/chronos2/univariate/Coastal_T_S/H/short/run_0/metrics.npz
    Saved aggregate metrics to /fslarge/scratch/users/h61084/codes/fine_time/outputs/task_finetuning/tasks/frozen/chronos2/univariate/Coastal_T_S/H/short/run_0/metrics_summary.json
    Metrics summary (averaged over all series/windows/variates):
      MSE: 14.5924
      MAE: 1.0799
      RMSE: 1.3386
      MAPE: 0.0294
      sMAPE: 0.0275
      MASE: 0.9169
      ND: 0.0272
      CRPS: 0.0215
  Completed: 24 series × 28 windows
  Output: /fslarge/scratch/users/h61084/codes/fine_time/outputs/task_finetuning/tasks/frozen/chronos2/univariate/Coastal_T_S/H/short/run_0

============================================================
All experiments completed!
Results saved to: /scratch/users/h61084/codes/fine_time/outputs/task_finetuning/tasks/frozen
============================================================
[22/90] evaluate chronos2 task_finetuned on Coastal_T_S/H/short
[2026-09-29 10:53:57 UTC] resources selected_device {"device": "cuda", "model": "chronos2", "stage": "forecast"}
Loading configuration...

============================================================
Dataset: Coastal_T_S/H
Model: amazon/chronos-2
Checkpoint: /fslarge/scratch/users/h61084/codes/fine_time/outputs/task_finetuning/checkpoints/chronos2/Coastal_T_S/H/short/run_0/finetuned-ckpt
Terms: ['short']
Covariate mode: none
Instance normalization: none
============================================================

--- Term: short ---
  Config: prediction_length=24, test_length=672, val_length=672
TIME run allocation action=new run=/fslarge/scratch/users/h61084/codes/fine_time/outputs/task_finetuning/tasks/inference/chronos2/univariate/Coastal_T_S/H/short/run_1 launch_id=selena_fine_time_20260929T092621Z_11326 slurm_job_id=3607387 launched_at=2026-09-29T10:53:57.714613+00:00
  Initializing Chronos pipeline (/fslarge/scratch/users/h61084/codes/fine_time/outputs/task_finetuning/checkpoints/chronos2/Coastal_T_S/H/short/run_0/finetuned-ckpt)...
  Dataset info:
    - Frequency: H
    - Num series: 24
    - Target dim: 3
    - Target mode: univariate
    - Covariate channels: 0
    - Series length: min=2733, max=8784, avg=5488.8
    - Test split: 672 steps
    - Prediction length: 24
    - Windows: 28
    Processed 320/2016...
    Processed 640/2016...
    Processed 960/2016...
    Processed 1280/2016...
    Processed 1600/2016...
    Processed 1920/2016...
TIME run allocation action=new run=/fslarge/scratch/users/h61084/codes/fine_time/outputs/task_finetuning/tasks/task_finetuned/chronos2/univariate/Coastal_T_S/H/short/run_0 launch_id=selena_fine_time_20260929T092621Z_11326 slurm_job_id=3607387 launched_at=2026-09-29T10:54:05.145916+00:00
    Total instances: 2016, Series during experiment: 72, Windows: 28
    Collecting ground truth and context...
    Detected to_univariate case: 72 flat series -> 24 series x 3 variates
    Organizing data into arrays...
    Saved predictions (quantiles) to /fslarge/scratch/users/h61084/codes/fine_time/outputs/task_finetuning/tasks/task_finetuned/chronos2/univariate/Coastal_T_S/H/short/run_0/predictions.npz
    Computing per-window metrics...
    Saved metrics to /fslarge/scratch/users/h61084/codes/fine_time/outputs/task_finetuning/tasks/task_finetuned/chronos2/univariate/Coastal_T_S/H/short/run_0/metrics.npz
    Saved aggregate metrics to /fslarge/scratch/users/h61084/codes/fine_time/outputs/task_finetuning/tasks/task_finetuned/chronos2/univariate/Coastal_T_S/H/short/run_0/metrics_summary.json
    Metrics summary (averaged over all series/windows/variates):
      MSE: 14.5923
      MAE: 1.0936
      RMSE: 1.3505
      MAPE: 0.0299
      sMAPE: 0.0280
      MASE: 0.9289
      ND: 0.0277
      CRPS: 0.0219
  Completed: 24 series × 28 windows
  Output: /fslarge/scratch/users/h61084/codes/fine_time/outputs/task_finetuning/tasks/task_finetuned/chronos2/univariate/Coastal_T_S/H/short/run_0

============================================================
All experiments completed!
Results saved to: /scratch/users/h61084/codes/fine_time/outputs/task_finetuning/tasks/task_finetuned
============================================================
[23/90] evaluate chronos2 frozen on Commodity_Import/M/short
[2026-09-29 10:54:05 UTC] resources selected_device {"device": "cuda", "model": "chronos2", "stage": "forecast"}
Loading configuration...

============================================================
Dataset: Commodity_Import/M
Model: amazon/chronos-2
Checkpoint: /fslarge/scratch/users/h61084/weights/chronos2
Terms: ['short']
Covariate mode: none
Instance normalization: none
============================================================

--- Term: short ---
  Config: prediction_length=12, test_length=60, val_length=12
TIME run allocation action=new run=/fslarge/scratch/users/h61084/codes/fine_time/outputs/task_finetuning/tasks/inference/chronos2/univariate/Commodity_Import/M/short/run_0 launch_id=selena_fine_time_20260929T092621Z_11326 slurm_job_id=3607387 launched_at=2026-09-29T10:54:05.765833+00:00
  Initializing Chronos pipeline (/fslarge/scratch/users/h61084/weights/chronos2)...
  Dataset info:
    - Frequency: M
    - Num series: 8
    - Target dim: 1
    - Target mode: univariate
    - Covariate channels: 0
    - Series length: min=254, max=1240, avg=697.2
    - Test split: 60 steps
    - Prediction length: 12
    - Windows: 5
TIME run allocation action=new run=/fslarge/scratch/users/h61084/codes/fine_time/outputs/task_finetuning/tasks/frozen/chronos2/univariate/Commodity_Import/M/short/run_0 launch_id=selena_fine_time_20260929T092621Z_11326 slurm_job_id=3607387 launched_at=2026-09-29T10:54:06.036207+00:00
    Total instances: 40, Series during experiment: 8, Windows: 5
    Collecting ground truth and context...
    Organizing data into arrays...
    Saved predictions (quantiles) to /fslarge/scratch/users/h61084/codes/fine_time/outputs/task_finetuning/tasks/frozen/chronos2/univariate/Commodity_Import/M/short/run_0/predictions.npz
    Computing per-window metrics...
    Saved metrics to /fslarge/scratch/users/h61084/codes/fine_time/outputs/task_finetuning/tasks/frozen/chronos2/univariate/Commodity_Import/M/short/run_0/metrics.npz
    Saved aggregate metrics to /fslarge/scratch/users/h61084/codes/fine_time/outputs/task_finetuning/tasks/frozen/chronos2/univariate/Commodity_Import/M/short/run_0/metrics_summary.json
    Metrics summary (averaged over all series/windows/variates):
      MSE: 1553827.1239
      MAE: 502.5971
      RMSE: 607.3308
      MAPE: 0.3745
      sMAPE: 0.2365
      MASE: 1.4590
      ND: 0.2954
      CRPS: 0.2376
  Completed: 8 series × 5 windows
  Output: /fslarge/scratch/users/h61084/codes/fine_time/outputs/task_finetuning/tasks/frozen/chronos2/univariate/Commodity_Import/M/short/run_0

============================================================
All experiments completed!
Results saved to: /scratch/users/h61084/codes/fine_time/outputs/task_finetuning/tasks/frozen
============================================================
[23/90] evaluate chronos2 task_finetuned on Commodity_Import/M/short
[2026-09-29 10:54:06 UTC] resources selected_device {"device": "cuda", "model": "chronos2", "stage": "forecast"}
Loading configuration...

============================================================
Dataset: Commodity_Import/M
Model: amazon/chronos-2
Checkpoint: /fslarge/scratch/users/h61084/codes/fine_time/outputs/task_finetuning/checkpoints/chronos2/Commodity_Import/M/short/run_0/finetuned-ckpt
Terms: ['short']
Covariate mode: none
Instance normalization: none
============================================================

--- Term: short ---
  Config: prediction_length=12, test_length=60, val_length=12
TIME run allocation action=new run=/fslarge/scratch/users/h61084/codes/fine_time/outputs/task_finetuning/tasks/inference/chronos2/univariate/Commodity_Import/M/short/run_1 launch_id=selena_fine_time_20260929T092621Z_11326 slurm_job_id=3607387 launched_at=2026-09-29T10:54:06.079813+00:00
  Initializing Chronos pipeline (/fslarge/scratch/users/h61084/codes/fine_time/outputs/task_finetuning/checkpoints/chronos2/Commodity_Import/M/short/run_0/finetuned-ckpt)...
  Dataset info:
    - Frequency: M
    - Num series: 8
    - Target dim: 1
    - Target mode: univariate
    - Covariate channels: 0
    - Series length: min=254, max=1240, avg=697.2
    - Test split: 60 steps
    - Prediction length: 12
    - Windows: 5
TIME run allocation action=new run=/fslarge/scratch/users/h61084/codes/fine_time/outputs/task_finetuning/tasks/task_finetuned/chronos2/univariate/Commodity_Import/M/short/run_0 launch_id=selena_fine_time_20260929T092621Z_11326 slurm_job_id=3607387 launched_at=2026-09-29T10:54:07.121201+00:00
    Total instances: 40, Series during experiment: 8, Windows: 5
    Collecting ground truth and context...
    Organizing data into arrays...
    Saved predictions (quantiles) to /fslarge/scratch/users/h61084/codes/fine_time/outputs/task_finetuning/tasks/task_finetuned/chronos2/univariate/Commodity_Import/M/short/run_0/predictions.npz
    Computing per-window metrics...
    Saved metrics to /fslarge/scratch/users/h61084/codes/fine_time/outputs/task_finetuning/tasks/task_finetuned/chronos2/univariate/Commodity_Import/M/short/run_0/metrics.npz
    Saved aggregate metrics to /fslarge/scratch/users/h61084/codes/fine_time/outputs/task_finetuning/tasks/task_finetuned/chronos2/univariate/Commodity_Import/M/short/run_0/metrics_summary.json
    Metrics summary (averaged over all series/windows/variates):
      MSE: 1488670.1290
      MAE: 497.4223
      RMSE: 604.3468
      MAPE: 0.4140
      sMAPE: 0.2410
      MASE: 1.4218
      ND: 0.3210
      CRPS: 0.2568
  Completed: 8 series × 5 windows
  Output: /fslarge/scratch/users/h61084/codes/fine_time/outputs/task_finetuning/tasks/task_finetuned/chronos2/univariate/Commodity_Import/M/short/run_0

============================================================
All experiments completed!
Results saved to: /scratch/users/h61084/codes/fine_time/outputs/task_finetuning/tasks/task_finetuned
============================================================
[24/90] evaluate chronos2 frozen on Commodity_Production/M/short
[2026-09-29 10:54:07 UTC] resources selected_device {"device": "cuda", "model": "chronos2", "stage": "forecast"}
Loading configuration...

============================================================
Dataset: Commodity_Production/M
Model: amazon/chronos-2
Checkpoint: /fslarge/scratch/users/h61084/weights/chronos2
Terms: ['short']
Covariate mode: none
Instance normalization: none
============================================================

--- Term: short ---
  Config: prediction_length=12, test_length=60, val_length=12
TIME run allocation action=new run=/fslarge/scratch/users/h61084/codes/fine_time/outputs/task_finetuning/tasks/inference/chronos2/univariate/Commodity_Production/M/short/run_0 launch_id=selena_fine_time_20260929T092621Z_11326 slurm_job_id=3607387 launched_at=2026-09-29T10:54:07.172876+00:00
  Initializing Chronos pipeline (/fslarge/scratch/users/h61084/weights/chronos2)...
  Dataset info:
    - Frequency: M
    - Num series: 32
    - Target dim: 1
    - Target mode: univariate
    - Covariate channels: 0
    - Series length: min=120, max=648, avg=325.1
    - Test split: 60 steps
    - Prediction length: 12
    - Windows: 5
TIME run allocation action=new run=/fslarge/scratch/users/h61084/codes/fine_time/outputs/task_finetuning/tasks/frozen/chronos2/univariate/Commodity_Production/M/short/run_0 launch_id=selena_fine_time_20260929T092621Z_11326 slurm_job_id=3607387 launched_at=2026-09-29T10:54:07.489858+00:00
    Total instances: 160, Series during experiment: 32, Windows: 5
    Collecting ground truth and context...
    Organizing data into arrays...
    Saved predictions (quantiles) to /fslarge/scratch/users/h61084/codes/fine_time/outputs/task_finetuning/tasks/frozen/chronos2/univariate/Commodity_Production/M/short/run_0/predictions.npz
    Computing per-window metrics...
    Saved metrics to /fslarge/scratch/users/h61084/codes/fine_time/outputs/task_finetuning/tasks/frozen/chronos2/univariate/Commodity_Production/M/short/run_0/metrics.npz
    Saved aggregate metrics to /fslarge/scratch/users/h61084/codes/fine_time/outputs/task_finetuning/tasks/frozen/chronos2/univariate/Commodity_Production/M/short/run_0/metrics_summary.json
    Metrics summary (averaged over all series/windows/variates):
      MSE: 58078.3805
      MAE: 65.7979
      RMSE: 76.8030
      MAPE: 0.2059
      sMAPE: 0.1638
      MASE: 0.9052
      ND: 0.1572
      CRPS: 0.1236
  Completed: 32 series × 5 windows
  Output: /fslarge/scratch/users/h61084/codes/fine_time/outputs/task_finetuning/tasks/frozen/chronos2/univariate/Commodity_Production/M/short/run_0

============================================================
All experiments completed!
Results saved to: /scratch/users/h61084/codes/fine_time/outputs/task_finetuning/tasks/frozen
============================================================
[24/90] evaluate chronos2 task_finetuned on Commodity_Production/M/short
[2026-09-29 10:54:07 UTC] resources selected_device {"device": "cuda", "model": "chronos2", "stage": "forecast"}
Loading configuration...

============================================================
Dataset: Commodity_Production/M
Model: amazon/chronos-2
Checkpoint: /fslarge/scratch/users/h61084/codes/fine_time/outputs/task_finetuning/checkpoints/chronos2/Commodity_Production/M/short/run_0/finetuned-ckpt
Terms: ['short']
Covariate mode: none
Instance normalization: none
============================================================

--- Term: short ---
  Config: prediction_length=12, test_length=60, val_length=12
TIME run allocation action=new run=/fslarge/scratch/users/h61084/codes/fine_time/outputs/task_finetuning/tasks/inference/chronos2/univariate/Commodity_Production/M/short/run_1 launch_id=selena_fine_time_20260929T092621Z_11326 slurm_job_id=3607387 launched_at=2026-09-29T10:54:07.563991+00:00
  Initializing Chronos pipeline (/fslarge/scratch/users/h61084/codes/fine_time/outputs/task_finetuning/checkpoints/chronos2/Commodity_Production/M/short/run_0/finetuned-ckpt)...
  Dataset info:
    - Frequency: M
    - Num series: 32
    - Target dim: 1
    - Target mode: univariate
    - Covariate channels: 0
    - Series length: min=120, max=648, avg=325.1
    - Test split: 60 steps
    - Prediction length: 12
    - Windows: 5
TIME run allocation action=new run=/fslarge/scratch/users/h61084/codes/fine_time/outputs/task_finetuning/tasks/task_finetuned/chronos2/univariate/Commodity_Production/M/short/run_0 launch_id=selena_fine_time_20260929T092621Z_11326 slurm_job_id=3607387 launched_at=2026-09-29T10:54:08.541154+00:00
    Total instances: 160, Series during experiment: 32, Windows: 5
    Collecting ground truth and context...
    Organizing data into arrays...
    Saved predictions (quantiles) to /fslarge/scratch/users/h61084/codes/fine_time/outputs/task_finetuning/tasks/task_finetuned/chronos2/univariate/Commodity_Production/M/short/run_0/predictions.npz
    Computing per-window metrics...
    Saved metrics to /fslarge/scratch/users/h61084/codes/fine_time/outputs/task_finetuning/tasks/task_finetuned/chronos2/univariate/Commodity_Production/M/short/run_0/metrics.npz
    Saved aggregate metrics to /fslarge/scratch/users/h61084/codes/fine_time/outputs/task_finetuning/tasks/task_finetuned/chronos2/univariate/Commodity_Production/M/short/run_0/metrics_summary.json
    Metrics summary (averaged over all series/windows/variates):
      MSE: 56668.5859
      MAE: 65.3182
      RMSE: 76.7878
      MAPE: 0.2103
      sMAPE: 0.1575
      MASE: 0.8853
      ND: 0.1552
      CRPS: 0.1224
  Completed: 32 series × 5 windows
  Output: /fslarge/scratch/users/h61084/codes/fine_time/outputs/task_finetuning/tasks/task_finetuned/chronos2/univariate/Commodity_Production/M/short/run_0

============================================================
All experiments completed!
Results saved to: /scratch/users/h61084/codes/fine_time/outputs/task_finetuning/tasks/task_finetuned
============================================================
[25/90] evaluate chronos2 frozen on Crypto/D/short
[2026-09-29 10:54:08 UTC] resources selected_device {"device": "cuda", "model": "chronos2", "stage": "forecast"}
Loading configuration...

============================================================
Dataset: Crypto/D
Model: amazon/chronos-2
Checkpoint: /fslarge/scratch/users/h61084/weights/chronos2
Terms: ['short']
Covariate mode: none
Instance normalization: none
============================================================

--- Term: short ---
  Config: prediction_length=30, test_length=273, val_length=92
TIME run allocation action=new run=/fslarge/scratch/users/h61084/codes/fine_time/outputs/task_finetuning/tasks/inference/chronos2/univariate/Crypto/D/short/run_0 launch_id=selena_fine_time_20260929T092621Z_11326 slurm_job_id=3607387 launched_at=2026-09-29T10:54:08.628468+00:00
  Initializing Chronos pipeline (/fslarge/scratch/users/h61084/weights/chronos2)...
  Dataset info:
    - Frequency: D
    - Num series: 1
    - Target dim: 4
    - Target mode: univariate
    - Covariate channels: 0
    - Series length: min=2842, max=2842, avg=2842.0
    - Test split: 273 steps
    - Prediction length: 30
    - Windows: 9
TIME run allocation action=new run=/fslarge/scratch/users/h61084/codes/fine_time/outputs/task_finetuning/tasks/frozen/chronos2/univariate/Crypto/D/short/run_0 launch_id=selena_fine_time_20260929T092621Z_11326 slurm_job_id=3607387 launched_at=2026-09-29T10:54:08.932179+00:00
    Total instances: 36, Series during experiment: 4, Windows: 9
    Collecting ground truth and context...
    Detected to_univariate case: 4 flat series -> 1 series x 4 variates
    Organizing data into arrays...
    ⚠️  Predictions max value (127870.12) exceeds float16 safe range.
    ⚠️  Applying scale factor: 10 (values will be divided)
    Saved predictions (quantiles) to /fslarge/scratch/users/h61084/codes/fine_time/outputs/task_finetuning/tasks/frozen/chronos2/univariate/Crypto/D/short/run_0/predictions.npz
    Computing per-window metrics...
    Saved metrics to /fslarge/scratch/users/h61084/codes/fine_time/outputs/task_finetuning/tasks/frozen/chronos2/univariate/Crypto/D/short/run_0/metrics.npz
    Saved aggregate metrics to /fslarge/scratch/users/h61084/codes/fine_time/outputs/task_finetuning/tasks/frozen/chronos2/univariate/Crypto/D/short/run_0/metrics_summary.json
    Metrics summary (averaged over all series/windows/variates):
      MSE: 13407374.4121
      MAE: 1476.1529
      RMSE: 1767.7674
      MAPE: 0.0932
      sMAPE: 0.0935
      MASE: 6.4147
      ND: 0.0945
      CRPS: 0.0759
  Completed: 1 series × 9 windows
  Output: /fslarge/scratch/users/h61084/codes/fine_time/outputs/task_finetuning/tasks/frozen/chronos2/univariate/Crypto/D/short/run_0

============================================================
All experiments completed!
Results saved to: /scratch/users/h61084/codes/fine_time/outputs/task_finetuning/tasks/frozen
============================================================
[25/90] evaluate chronos2 task_finetuned on Crypto/D/short
[2026-09-29 10:54:08 UTC] resources selected_device {"device": "cuda", "model": "chronos2", "stage": "forecast"}
Loading configuration...

============================================================
Dataset: Crypto/D
Model: amazon/chronos-2
Checkpoint: /fslarge/scratch/users/h61084/codes/fine_time/outputs/task_finetuning/checkpoints/chronos2/Crypto/D/short/run_0/finetuned-ckpt
Terms: ['short']
Covariate mode: none
Instance normalization: none
============================================================

--- Term: short ---
  Config: prediction_length=30, test_length=273, val_length=92
TIME run allocation action=new run=/fslarge/scratch/users/h61084/codes/fine_time/outputs/task_finetuning/tasks/inference/chronos2/univariate/Crypto/D/short/run_1 launch_id=selena_fine_time_20260929T092621Z_11326 slurm_job_id=3607387 launched_at=2026-09-29T10:54:08.980006+00:00
  Initializing Chronos pipeline (/fslarge/scratch/users/h61084/codes/fine_time/outputs/task_finetuning/checkpoints/chronos2/Crypto/D/short/run_0/finetuned-ckpt)...
  Dataset info:
    - Frequency: D
    - Num series: 1
    - Target dim: 4
    - Target mode: univariate
    - Covariate channels: 0
    - Series length: min=2842, max=2842, avg=2842.0
    - Test split: 273 steps
    - Prediction length: 30
    - Windows: 9
TIME run allocation action=new run=/fslarge/scratch/users/h61084/codes/fine_time/outputs/task_finetuning/tasks/task_finetuned/chronos2/univariate/Crypto/D/short/run_0 launch_id=selena_fine_time_20260929T092621Z_11326 slurm_job_id=3607387 launched_at=2026-09-29T10:54:10.458775+00:00
    Total instances: 36, Series during experiment: 4, Windows: 9
    Collecting ground truth and context...
    Detected to_univariate case: 4 flat series -> 1 series x 4 variates
    Organizing data into arrays...
    ⚠️  Predictions max value (128304.66) exceeds float16 safe range.
    ⚠️  Applying scale factor: 10 (values will be divided)
    Saved predictions (quantiles) to /fslarge/scratch/users/h61084/codes/fine_time/outputs/task_finetuning/tasks/task_finetuned/chronos2/univariate/Crypto/D/short/run_0/predictions.npz
    Computing per-window metrics...
    Saved metrics to /fslarge/scratch/users/h61084/codes/fine_time/outputs/task_finetuning/tasks/task_finetuned/chronos2/univariate/Crypto/D/short/run_0/metrics.npz
    Saved aggregate metrics to /fslarge/scratch/users/h61084/codes/fine_time/outputs/task_finetuning/tasks/task_finetuned/chronos2/univariate/Crypto/D/short/run_0/metrics_summary.json
    Metrics summary (averaged over all series/windows/variates):
      MSE: 14068503.9903
      MAE: 1529.5250
      RMSE: 1806.5214
      MAPE: 0.0929
      sMAPE: 0.0929
      MASE: 6.4222
      ND: 0.0939
      CRPS: 0.0757
  Completed: 1 series × 9 windows
  Output: /fslarge/scratch/users/h61084/codes/fine_time/outputs/task_finetuning/tasks/task_finetuned/chronos2/univariate/Crypto/D/short/run_0

============================================================
All experiments completed!
Results saved to: /scratch/users/h61084/codes/fine_time/outputs/task_finetuning/tasks/task_finetuned
============================================================
[26/90] evaluate chronos2 frozen on ECDC_COVID/D/short
[2026-09-29 10:54:10 UTC] resources selected_device {"device": "cuda", "model": "chronos2", "stage": "forecast"}
Loading configuration...

============================================================
Dataset: ECDC_COVID/D
Model: amazon/chronos-2
Checkpoint: /fslarge/scratch/users/h61084/weights/chronos2
Terms: ['short']
Covariate mode: none
Instance normalization: none
============================================================

--- Term: short ---
  Config: prediction_length=30, test_length=150, val_length=30
TIME run allocation action=new run=/fslarge/scratch/users/h61084/codes/fine_time/outputs/task_finetuning/tasks/inference/chronos2/univariate/ECDC_COVID/D/short/run_0 launch_id=selena_fine_time_20260929T092621Z_11326 slurm_job_id=3607387 launched_at=2026-09-29T10:54:10.509600+00:00
  Initializing Chronos pipeline (/fslarge/scratch/users/h61084/weights/chronos2)...
  Dataset info:
    - Frequency: D
    - Num series: 9
    - Target dim: 1
    - Target mode: univariate
    - Covariate channels: 0
    - Series length: min=794, max=1229, avg=1116.6
    - Test split: 150 steps
    - Prediction length: 30
    - Windows: 5
TIME run allocation action=new run=/fslarge/scratch/users/h61084/codes/fine_time/outputs/task_finetuning/tasks/frozen/chronos2/univariate/ECDC_COVID/D/short/run_0 launch_id=selena_fine_time_20260929T092621Z_11326 slurm_job_id=3607387 launched_at=2026-09-29T10:54:10.784001+00:00
    Total instances: 45, Series during experiment: 9, Windows: 5
    Collecting ground truth and context...
    Organizing data into arrays...
    Saved predictions (quantiles) to /fslarge/scratch/users/h61084/codes/fine_time/outputs/task_finetuning/tasks/frozen/chronos2/univariate/ECDC_COVID/D/short/run_0/predictions.npz
    Computing per-window metrics...
    Saved metrics to /fslarge/scratch/users/h61084/codes/fine_time/outputs/task_finetuning/tasks/frozen/chronos2/univariate/ECDC_COVID/D/short/run_0/metrics.npz
    Saved aggregate metrics to /fslarge/scratch/users/h61084/codes/fine_time/outputs/task_finetuning/tasks/frozen/chronos2/univariate/ECDC_COVID/D/short/run_0/metrics_summary.json
    Metrics summary (averaged over all series/windows/variates):
      MSE: 50053.2315
      MAE: 122.2206
      RMSE: 143.2937
      MAPE: 0.5303
      sMAPE: 0.3391
      MASE: 3.2511
      ND: 0.4029
      CRPS: 0.3077
  Completed: 9 series × 5 windows
  Output: /fslarge/scratch/users/h61084/codes/fine_time/outputs/task_finetuning/tasks/frozen/chronos2/univariate/ECDC_COVID/D/short/run_0

============================================================
All experiments completed!
Results saved to: /scratch/users/h61084/codes/fine_time/outputs/task_finetuning/tasks/frozen
============================================================
[26/90] evaluate chronos2 task_finetuned on ECDC_COVID/D/short
[2026-09-29 10:54:10 UTC] resources selected_device {"device": "cuda", "model": "chronos2", "stage": "forecast"}
Loading configuration...

============================================================
Dataset: ECDC_COVID/D
Model: amazon/chronos-2
Checkpoint: /fslarge/scratch/users/h61084/codes/fine_time/outputs/task_finetuning/checkpoints/chronos2/ECDC_COVID/D/short/run_0/finetuned-ckpt
Terms: ['short']
Covariate mode: none
Instance normalization: none
============================================================

--- Term: short ---
  Config: prediction_length=30, test_length=150, val_length=30
TIME run allocation action=new run=/fslarge/scratch/users/h61084/codes/fine_time/outputs/task_finetuning/tasks/inference/chronos2/univariate/ECDC_COVID/D/short/run_1 launch_id=selena_fine_time_20260929T092621Z_11326 slurm_job_id=3607387 launched_at=2026-09-29T10:54:10.829683+00:00
  Initializing Chronos pipeline (/fslarge/scratch/users/h61084/codes/fine_time/outputs/task_finetuning/checkpoints/chronos2/ECDC_COVID/D/short/run_0/finetuned-ckpt)...
  Dataset info:
    - Frequency: D
    - Num series: 9
    - Target dim: 1
    - Target mode: univariate
    - Covariate channels: 0
    - Series length: min=794, max=1229, avg=1116.6
    - Test split: 150 steps
    - Prediction length: 30
    - Windows: 5
TIME run allocation action=new run=/fslarge/scratch/users/h61084/codes/fine_time/outputs/task_finetuning/tasks/task_finetuned/chronos2/univariate/ECDC_COVID/D/short/run_0 launch_id=selena_fine_time_20260929T092621Z_11326 slurm_job_id=3607387 launched_at=2026-09-29T10:54:11.900558+00:00
    Total instances: 45, Series during experiment: 9, Windows: 5
    Collecting ground truth and context...
    Organizing data into arrays...
    Saved predictions (quantiles) to /fslarge/scratch/users/h61084/codes/fine_time/outputs/task_finetuning/tasks/task_finetuned/chronos2/univariate/ECDC_COVID/D/short/run_0/predictions.npz
    Computing per-window metrics...
    Saved metrics to /fslarge/scratch/users/h61084/codes/fine_time/outputs/task_finetuning/tasks/task_finetuned/chronos2/univariate/ECDC_COVID/D/short/run_0/metrics.npz
    Saved aggregate metrics to /fslarge/scratch/users/h61084/codes/fine_time/outputs/task_finetuning/tasks/task_finetuned/chronos2/univariate/ECDC_COVID/D/short/run_0/metrics_summary.json
    Metrics summary (averaged over all series/windows/variates):
      MSE: 50233.9239
      MAE: 120.2428
      RMSE: 140.9068
      MAPE: 0.6520
      sMAPE: 0.3285
      MASE: 3.0815
      ND: 0.4918
      CRPS: 0.4043
  Completed: 9 series × 5 windows
  Output: /fslarge/scratch/users/h61084/codes/fine_time/outputs/task_finetuning/tasks/task_finetuned/chronos2/univariate/ECDC_COVID/D/short/run_0

============================================================
All experiments completed!
Results saved to: /scratch/users/h61084/codes/fine_time/outputs/task_finetuning/tasks/task_finetuned
============================================================
[27/90] evaluate chronos2 frozen on ECDC_COVID/W/short
[2026-09-29 10:54:11 UTC] resources selected_device {"device": "cuda", "model": "chronos2", "stage": "forecast"}
Loading configuration...

============================================================
Dataset: ECDC_COVID/W
Model: amazon/chronos-2
Checkpoint: /fslarge/scratch/users/h61084/weights/chronos2
Terms: ['short']
Covariate mode: none
Instance normalization: none
============================================================

--- Term: short ---
  Config: prediction_length=13, test_length=52, val_length=13
TIME run allocation action=new run=/fslarge/scratch/users/h61084/codes/fine_time/outputs/task_finetuning/tasks/inference/chronos2/univariate/ECDC_COVID/W/short/run_0 launch_id=selena_fine_time_20260929T092621Z_11326 slurm_job_id=3607387 launched_at=2026-09-29T10:54:11.953431+00:00
  Initializing Chronos pipeline (/fslarge/scratch/users/h61084/weights/chronos2)...
  Dataset info:
    - Frequency: W
    - Num series: 16
    - Target dim: 1
    - Target mode: univariate
    - Covariate channels: 0
    - Series length: min=114, max=196, avg=165.4
    - Test split: 52 steps
    - Prediction length: 13
    - Windows: 4
TIME run allocation action=new run=/fslarge/scratch/users/h61084/codes/fine_time/outputs/task_finetuning/tasks/frozen/chronos2/univariate/ECDC_COVID/W/short/run_0 launch_id=selena_fine_time_20260929T092621Z_11326 slurm_job_id=3607387 launched_at=2026-09-29T10:54:12.217698+00:00
    Total instances: 64, Series during experiment: 16, Windows: 4
    Collecting ground truth and context...
    Organizing data into arrays...
    Saved predictions (quantiles) to /fslarge/scratch/users/h61084/codes/fine_time/outputs/task_finetuning/tasks/frozen/chronos2/univariate/ECDC_COVID/W/short/run_0/predictions.npz
    Computing per-window metrics...
    Saved metrics to /fslarge/scratch/users/h61084/codes/fine_time/outputs/task_finetuning/tasks/frozen/chronos2/univariate/ECDC_COVID/W/short/run_0/metrics.npz
    Saved aggregate metrics to /fslarge/scratch/users/h61084/codes/fine_time/outputs/task_finetuning/tasks/frozen/chronos2/univariate/ECDC_COVID/W/short/run_0/metrics_summary.json
    Metrics summary (averaged over all series/windows/variates):
      MSE: 2437816.6919
      MAE: 573.4416
      RMSE: 668.2330
      MAPE: 1.0931
      sMAPE: 0.5419
      MASE: 1.4614
      ND: 0.6585
      CRPS: 0.5471
  Completed: 16 series × 4 windows
  Output: /fslarge/scratch/users/h61084/codes/fine_time/outputs/task_finetuning/tasks/frozen/chronos2/univariate/ECDC_COVID/W/short/run_0

============================================================
All experiments completed!
Results saved to: /scratch/users/h61084/codes/fine_time/outputs/task_finetuning/tasks/frozen
============================================================
[27/90] evaluate chronos2 task_finetuned on ECDC_COVID/W/short
[2026-09-29 10:54:12 UTC] resources selected_device {"device": "cuda", "model": "chronos2", "stage": "forecast"}
Loading configuration...

============================================================
Dataset: ECDC_COVID/W
Model: amazon/chronos-2
Checkpoint: /fslarge/scratch/users/h61084/codes/fine_time/outputs/task_finetuning/checkpoints/chronos2/ECDC_COVID/W/short/run_0/finetuned-ckpt
Terms: ['short']
Covariate mode: none
Instance normalization: none
============================================================

--- Term: short ---
  Config: prediction_length=13, test_length=52, val_length=13
TIME run allocation action=new run=/fslarge/scratch/users/h61084/codes/fine_time/outputs/task_finetuning/tasks/inference/chronos2/univariate/ECDC_COVID/W/short/run_1 launch_id=selena_fine_time_20260929T092621Z_11326 slurm_job_id=3607387 launched_at=2026-09-29T10:54:12.267081+00:00
  Initializing Chronos pipeline (/fslarge/scratch/users/h61084/codes/fine_time/outputs/task_finetuning/checkpoints/chronos2/ECDC_COVID/W/short/run_0/finetuned-ckpt)...
  Dataset info:
    - Frequency: W
    - Num series: 16
    - Target dim: 1
    - Target mode: univariate
    - Covariate channels: 0
    - Series length: min=114, max=196, avg=165.4
    - Test split: 52 steps
    - Prediction length: 13
    - Windows: 4
TIME run allocation action=new run=/fslarge/scratch/users/h61084/codes/fine_time/outputs/task_finetuning/tasks/task_finetuned/chronos2/univariate/ECDC_COVID/W/short/run_0 launch_id=selena_fine_time_20260929T092621Z_11326 slurm_job_id=3607387 launched_at=2026-09-29T10:54:13.558084+00:00
    Total instances: 64, Series during experiment: 16, Windows: 4
    Collecting ground truth and context...
    Organizing data into arrays...
    Saved predictions (quantiles) to /fslarge/scratch/users/h61084/codes/fine_time/outputs/task_finetuning/tasks/task_finetuned/chronos2/univariate/ECDC_COVID/W/short/run_0/predictions.npz
    Computing per-window metrics...
    Saved metrics to /fslarge/scratch/users/h61084/codes/fine_time/outputs/task_finetuning/tasks/task_finetuned/chronos2/univariate/ECDC_COVID/W/short/run_0/metrics.npz
    Saved aggregate metrics to /fslarge/scratch/users/h61084/codes/fine_time/outputs/task_finetuning/tasks/task_finetuned/chronos2/univariate/ECDC_COVID/W/short/run_0/metrics_summary.json
    Metrics summary (averaged over all series/windows/variates):
      MSE: 2288070.7416
      MAE: 614.6098
      RMSE: 697.1824
      MAPE: 1.4939
      sMAPE: 0.5600
      MASE: 1.5850
      ND: 0.8428
      CRPS: 0.7344
  Completed: 16 series × 4 windows
  Output: /fslarge/scratch/users/h61084/codes/fine_time/outputs/task_finetuning/tasks/task_finetuned/chronos2/univariate/ECDC_COVID/W/short/run_0

============================================================
All experiments completed!
Results saved to: /scratch/users/h61084/codes/fine_time/outputs/task_finetuning/tasks/task_finetuned
============================================================
[28/90] evaluate chronos2 frozen on EWELD_Load/15T/long
[2026-09-29 10:54:13 UTC] resources selected_device {"device": "cuda", "model": "chronos2", "stage": "forecast"}
Loading configuration...

============================================================
Dataset: EWELD_Load/15T
Model: amazon/chronos-2
Checkpoint: /fslarge/scratch/users/h61084/weights/chronos2
Terms: ['long']
Covariate mode: none
Instance normalization: none
============================================================

--- Term: long ---
  Config: prediction_length=672, test_length=1344, val_length=1344
TIME run allocation action=new run=/fslarge/scratch/users/h61084/codes/fine_time/outputs/task_finetuning/tasks/inference/chronos2/univariate/EWELD_Load/15T/long/run_0 launch_id=selena_fine_time_20260929T092621Z_11326 slurm_job_id=3607387 launched_at=2026-09-29T10:54:13.665166+00:00
  Initializing Chronos pipeline (/fslarge/scratch/users/h61084/weights/chronos2)...
  Dataset info:
    - Frequency: 15T
    - Num series: 1
    - Target dim: 10
    - Target mode: univariate
    - Covariate channels: 0
    - Series length: min=20544, max=20544, avg=20544.0
    - Test split: 1344 steps
    - Prediction length: 672
    - Windows: 2
TIME run allocation action=new run=/fslarge/scratch/users/h61084/codes/fine_time/outputs/task_finetuning/tasks/frozen/chronos2/univariate/EWELD_Load/15T/long/run_0 launch_id=selena_fine_time_20260929T092621Z_11326 slurm_job_id=3607387 launched_at=2026-09-29T10:54:14.021969+00:00
    Total instances: 20, Series during experiment: 10, Windows: 2
    Collecting ground truth and context...
    Detected to_univariate case: 10 flat series -> 1 series x 10 variates
    Organizing data into arrays...
    Saved predictions (quantiles) to /fslarge/scratch/users/h61084/codes/fine_time/outputs/task_finetuning/tasks/frozen/chronos2/univariate/EWELD_Load/15T/long/run_0/predictions.npz
    Computing per-window metrics...
    Saved metrics to /fslarge/scratch/users/h61084/codes/fine_time/outputs/task_finetuning/tasks/frozen/chronos2/univariate/EWELD_Load/15T/long/run_0/metrics.npz
    Saved aggregate metrics to /fslarge/scratch/users/h61084/codes/fine_time/outputs/task_finetuning/tasks/frozen/chronos2/univariate/EWELD_Load/15T/long/run_0/metrics_summary.json
    Metrics summary (averaged over all series/windows/variates):
      MSE: 1323.3334
      MAE: 15.1111
      RMSE: 21.0553
      MAPE: 0.3824
      sMAPE: 0.3302
      MASE: 0.7570
      ND: 0.2280
      CRPS: 0.1807
  Completed: 1 series × 2 windows
  Output: /fslarge/scratch/users/h61084/codes/fine_time/outputs/task_finetuning/tasks/frozen/chronos2/univariate/EWELD_Load/15T/long/run_0

============================================================
All experiments completed!
Results saved to: /scratch/users/h61084/codes/fine_time/outputs/task_finetuning/tasks/frozen
============================================================
[28/90] evaluate chronos2 task_finetuned on EWELD_Load/15T/long
[2026-09-29 10:54:14 UTC] resources selected_device {"device": "cuda", "model": "chronos2", "stage": "forecast"}
Loading configuration...

============================================================
Dataset: EWELD_Load/15T
Model: amazon/chronos-2
Checkpoint: /fslarge/scratch/users/h61084/codes/fine_time/outputs/task_finetuning/checkpoints/chronos2/EWELD_Load/15T/long/run_0/finetuned-ckpt
Terms: ['long']
Covariate mode: none
Instance normalization: none
============================================================

--- Term: long ---
  Config: prediction_length=672, test_length=1344, val_length=1344
TIME run allocation action=new run=/fslarge/scratch/users/h61084/codes/fine_time/outputs/task_finetuning/tasks/inference/chronos2/univariate/EWELD_Load/15T/long/run_1 launch_id=selena_fine_time_20260929T092621Z_11326 slurm_job_id=3607387 launched_at=2026-09-29T10:54:14.119868+00:00
  Initializing Chronos pipeline (/fslarge/scratch/users/h61084/codes/fine_time/outputs/task_finetuning/checkpoints/chronos2/EWELD_Load/15T/long/run_0/finetuned-ckpt)...
  Dataset info:
    - Frequency: 15T
    - Num series: 1
    - Target dim: 10
    - Target mode: univariate
    - Covariate channels: 0
    - Series length: min=20544, max=20544, avg=20544.0
    - Test split: 1344 steps
    - Prediction length: 672
    - Windows: 2
TIME run allocation action=new run=/fslarge/scratch/users/h61084/codes/fine_time/outputs/task_finetuning/tasks/task_finetuned/chronos2/univariate/EWELD_Load/15T/long/run_0 launch_id=selena_fine_time_20260929T092621Z_11326 slurm_job_id=3607387 launched_at=2026-09-29T10:54:15.270449+00:00
    Total instances: 20, Series during experiment: 10, Windows: 2
    Collecting ground truth and context...
    Detected to_univariate case: 10 flat series -> 1 series x 10 variates
    Organizing data into arrays...
    Saved predictions (quantiles) to /fslarge/scratch/users/h61084/codes/fine_time/outputs/task_finetuning/tasks/task_finetuned/chronos2/univariate/EWELD_Load/15T/long/run_0/predictions.npz
    Computing per-window metrics...
    Saved metrics to /fslarge/scratch/users/h61084/codes/fine_time/outputs/task_finetuning/tasks/task_finetuned/chronos2/univariate/EWELD_Load/15T/long/run_0/metrics.npz
    Saved aggregate metrics to /fslarge/scratch/users/h61084/codes/fine_time/outputs/task_finetuning/tasks/task_finetuned/chronos2/univariate/EWELD_Load/15T/long/run_0/metrics_summary.json
    Metrics summary (averaged over all series/windows/variates):
      MSE: 1312.7502
      MAE: 15.0441
      RMSE: 20.7962
      MAPE: 0.3855
      sMAPE: 0.3248
      MASE: 0.7273
      ND: 0.2202
      CRPS: 0.1750
  Completed: 1 series × 2 windows
  Output: /fslarge/scratch/users/h61084/codes/fine_time/outputs/task_finetuning/tasks/task_finetuned/chronos2/univariate/EWELD_Load/15T/long/run_0

============================================================
All experiments completed!
Results saved to: /scratch/users/h61084/codes/fine_time/outputs/task_finetuning/tasks/task_finetuned
============================================================
[29/90] evaluate chronos2 frozen on EWELD_Load/15T/medium
[2026-09-29 10:54:15 UTC] resources selected_device {"device": "cuda", "model": "chronos2", "stage": "forecast"}
Loading configuration...

============================================================
Dataset: EWELD_Load/15T
Model: amazon/chronos-2
Checkpoint: /fslarge/scratch/users/h61084/weights/chronos2
Terms: ['medium']
Covariate mode: none
Instance normalization: none
============================================================

--- Term: medium ---
  Config: prediction_length=96, test_length=1344, val_length=1344
TIME run allocation action=new run=/fslarge/scratch/users/h61084/codes/fine_time/outputs/task_finetuning/tasks/inference/chronos2/univariate/EWELD_Load/15T/medium/run_0 launch_id=selena_fine_time_20260929T092621Z_11326 slurm_job_id=3607387 launched_at=2026-09-29T10:54:15.371279+00:00
  Initializing Chronos pipeline (/fslarge/scratch/users/h61084/weights/chronos2)...
  Dataset info:
    - Frequency: 15T
    - Num series: 1
    - Target dim: 10
    - Target mode: univariate
    - Covariate channels: 0
    - Series length: min=20544, max=20544, avg=20544.0
    - Test split: 1344 steps
    - Prediction length: 96
    - Windows: 14
TIME run allocation action=new run=/fslarge/scratch/users/h61084/codes/fine_time/outputs/task_finetuning/tasks/frozen/chronos2/univariate/EWELD_Load/15T/medium/run_0 launch_id=selena_fine_time_20260929T092621Z_11326 slurm_job_id=3607387 launched_at=2026-09-29T10:54:16.373749+00:00
    Total instances: 140, Series during experiment: 10, Windows: 14
    Collecting ground truth and context...
    Detected to_univariate case: 10 flat series -> 1 series x 10 variates
    Organizing data into arrays...
    Saved predictions (quantiles) to /fslarge/scratch/users/h61084/codes/fine_time/outputs/task_finetuning/tasks/frozen/chronos2/univariate/EWELD_Load/15T/medium/run_0/predictions.npz
    Computing per-window metrics...
    Saved metrics to /fslarge/scratch/users/h61084/codes/fine_time/outputs/task_finetuning/tasks/frozen/chronos2/univariate/EWELD_Load/15T/medium/run_0/metrics.npz
    Saved aggregate metrics to /fslarge/scratch/users/h61084/codes/fine_time/outputs/task_finetuning/tasks/frozen/chronos2/univariate/EWELD_Load/15T/medium/run_0/metrics_summary.json
    Metrics summary (averaged over all series/windows/variates):
      MSE: 1200.0988
      MAE: 13.9604
      RMSE: 19.0042
      MAPE: 0.3690
      sMAPE: 0.3030
      MASE: 0.6379
      ND: 0.2144
      CRPS: 0.1698
  Completed: 1 series × 14 windows
  Output: /fslarge/scratch/users/h61084/codes/fine_time/outputs/task_finetuning/tasks/frozen/chronos2/univariate/EWELD_Load/15T/medium/run_0

============================================================
All experiments completed!
Results saved to: /scratch/users/h61084/codes/fine_time/outputs/task_finetuning/tasks/frozen
============================================================
[29/90] evaluate chronos2 task_finetuned on EWELD_Load/15T/medium
[2026-09-29 10:54:16 UTC] resources selected_device {"device": "cuda", "model": "chronos2", "stage": "forecast"}
Loading configuration...

============================================================
Dataset: EWELD_Load/15T
Model: amazon/chronos-2
Checkpoint: /fslarge/scratch/users/h61084/codes/fine_time/outputs/task_finetuning/checkpoints/chronos2/EWELD_Load/15T/medium/run_0/finetuned-ckpt
Terms: ['medium']
Covariate mode: none
Instance normalization: none
============================================================

--- Term: medium ---
  Config: prediction_length=96, test_length=1344, val_length=1344
TIME run allocation action=new run=/fslarge/scratch/users/h61084/codes/fine_time/outputs/task_finetuning/tasks/inference/chronos2/univariate/EWELD_Load/15T/medium/run_1 launch_id=selena_fine_time_20260929T092621Z_11326 slurm_job_id=3607387 launched_at=2026-09-29T10:54:16.506696+00:00
  Initializing Chronos pipeline (/fslarge/scratch/users/h61084/codes/fine_time/outputs/task_finetuning/checkpoints/chronos2/EWELD_Load/15T/medium/run_0/finetuned-ckpt)...
  Dataset info:
    - Frequency: 15T
    - Num series: 1
    - Target dim: 10
    - Target mode: univariate
    - Covariate channels: 0
    - Series length: min=20544, max=20544, avg=20544.0
    - Test split: 1344 steps
    - Prediction length: 96
    - Windows: 14
TIME run allocation action=new run=/fslarge/scratch/users/h61084/codes/fine_time/outputs/task_finetuning/tasks/task_finetuned/chronos2/univariate/EWELD_Load/15T/medium/run_0 launch_id=selena_fine_time_20260929T092621Z_11326 slurm_job_id=3607387 launched_at=2026-09-29T10:54:18.118100+00:00
    Total instances: 140, Series during experiment: 10, Windows: 14
    Collecting ground truth and context...
    Detected to_univariate case: 10 flat series -> 1 series x 10 variates
    Organizing data into arrays...
    Saved predictions (quantiles) to /fslarge/scratch/users/h61084/codes/fine_time/outputs/task_finetuning/tasks/task_finetuned/chronos2/univariate/EWELD_Load/15T/medium/run_0/predictions.npz
    Computing per-window metrics...
    Saved metrics to /fslarge/scratch/users/h61084/codes/fine_time/outputs/task_finetuning/tasks/task_finetuned/chronos2/univariate/EWELD_Load/15T/medium/run_0/metrics.npz
    Saved aggregate metrics to /fslarge/scratch/users/h61084/codes/fine_time/outputs/task_finetuning/tasks/task_finetuned/chronos2/univariate/EWELD_Load/15T/medium/run_0/metrics_summary.json
    Metrics summary (averaged over all series/windows/variates):
      MSE: 1192.1154
      MAE: 13.7826
      RMSE: 18.7446
      MAPE: 0.3779
      sMAPE: 0.2996
      MASE: 0.6197
      ND: 0.2117
      CRPS: 0.1681
  Completed: 1 series × 14 windows
  Output: /fslarge/scratch/users/h61084/codes/fine_time/outputs/task_finetuning/tasks/task_finetuned/chronos2/univariate/EWELD_Load/15T/medium/run_0

============================================================
All experiments completed!
Results saved to: /scratch/users/h61084/codes/fine_time/outputs/task_finetuning/tasks/task_finetuned
============================================================
[30/90] evaluate chronos2 frozen on EWELD_Load/15T/short
[2026-09-29 10:54:18 UTC] resources selected_device {"device": "cuda", "model": "chronos2", "stage": "forecast"}
Loading configuration...

============================================================
Dataset: EWELD_Load/15T
Model: amazon/chronos-2
Checkpoint: /fslarge/scratch/users/h61084/weights/chronos2
Terms: ['short']
Covariate mode: none
Instance normalization: none
============================================================

--- Term: short ---
  Config: prediction_length=24, test_length=1344, val_length=1344
TIME run allocation action=new run=/fslarge/scratch/users/h61084/codes/fine_time/outputs/task_finetuning/tasks/inference/chronos2/univariate/EWELD_Load/15T/short/run_0 launch_id=selena_fine_time_20260929T092621Z_11326 slurm_job_id=3607387 launched_at=2026-09-29T10:54:18.254723+00:00
  Initializing Chronos pipeline (/fslarge/scratch/users/h61084/weights/chronos2)...
  Dataset info:
    - Frequency: 15T
    - Num series: 1
    - Target dim: 10
    - Target mode: univariate
    - Covariate channels: 0
    - Series length: min=20544, max=20544, avg=20544.0
    - Test split: 1344 steps
    - Prediction length: 24
    - Windows: 56
    Processed 320/560...
TIME run allocation action=new run=/fslarge/scratch/users/h61084/codes/fine_time/outputs/task_finetuning/tasks/frozen/chronos2/univariate/EWELD_Load/15T/short/run_0 launch_id=selena_fine_time_20260929T092621Z_11326 slurm_job_id=3607387 launched_at=2026-09-29T10:54:20.998376+00:00
    Total instances: 560, Series during experiment: 10, Windows: 56
    Collecting ground truth and context...
    Detected to_univariate case: 10 flat series -> 1 series x 10 variates
    Organizing data into arrays...
    Saved predictions (quantiles) to /fslarge/scratch/users/h61084/codes/fine_time/outputs/task_finetuning/tasks/frozen/chronos2/univariate/EWELD_Load/15T/short/run_0/predictions.npz
    Computing per-window metrics...
    Saved metrics to /fslarge/scratch/users/h61084/codes/fine_time/outputs/task_finetuning/tasks/frozen/chronos2/univariate/EWELD_Load/15T/short/run_0/metrics.npz
    Saved aggregate metrics to /fslarge/scratch/users/h61084/codes/fine_time/outputs/task_finetuning/tasks/frozen/chronos2/univariate/EWELD_Load/15T/short/run_0/metrics_summary.json
    Metrics summary (averaged over all series/windows/variates):
      MSE: 1113.6207
      MAE: 12.4983
      RMSE: 16.0054
      MAPE: 0.3238
      sMAPE: 0.2765
      MASE: 0.5334
      ND: 0.3333
      CRPS: 0.2617
  Completed: 1 series × 56 windows
  Output: /fslarge/scratch/users/h61084/codes/fine_time/outputs/task_finetuning/tasks/frozen/chronos2/univariate/EWELD_Load/15T/short/run_0

============================================================
All experiments completed!
Results saved to: /scratch/users/h61084/codes/fine_time/outputs/task_finetuning/tasks/frozen
============================================================
[30/90] evaluate chronos2 task_finetuned on EWELD_Load/15T/short
[2026-09-29 10:54:21 UTC] resources selected_device {"device": "cuda", "model": "chronos2", "stage": "forecast"}
Loading configuration...

============================================================
Dataset: EWELD_Load/15T
Model: amazon/chronos-2
Checkpoint: /fslarge/scratch/users/h61084/codes/fine_time/outputs/task_finetuning/checkpoints/chronos2/EWELD_Load/15T/short/run_0/finetuned-ckpt
Terms: ['short']
Covariate mode: none
Instance normalization: none
============================================================

--- Term: short ---
  Config: prediction_length=24, test_length=1344, val_length=1344
TIME run allocation action=new run=/fslarge/scratch/users/h61084/codes/fine_time/outputs/task_finetuning/tasks/inference/chronos2/univariate/EWELD_Load/15T/short/run_1 launch_id=selena_fine_time_20260929T092621Z_11326 slurm_job_id=3607387 launched_at=2026-09-29T10:54:21.260343+00:00
  Initializing Chronos pipeline (/fslarge/scratch/users/h61084/codes/fine_time/outputs/task_finetuning/checkpoints/chronos2/EWELD_Load/15T/short/run_0/finetuned-ckpt)...
  Dataset info:
    - Frequency: 15T
    - Num series: 1
    - Target dim: 10
    - Target mode: univariate
    - Covariate channels: 0
    - Series length: min=20544, max=20544, avg=20544.0
    - Test split: 1344 steps
    - Prediction length: 24
    - Windows: 56
    Processed 320/560...
TIME run allocation action=new run=/fslarge/scratch/users/h61084/codes/fine_time/outputs/task_finetuning/tasks/task_finetuned/chronos2/univariate/EWELD_Load/15T/short/run_0 launch_id=selena_fine_time_20260929T092621Z_11326 slurm_job_id=3607387 launched_at=2026-09-29T10:54:24.841386+00:00
    Total instances: 560, Series during experiment: 10, Windows: 56
    Collecting ground truth and context...
    Detected to_univariate case: 10 flat series -> 1 series x 10 variates
    Organizing data into arrays...
    Saved predictions (quantiles) to /fslarge/scratch/users/h61084/codes/fine_time/outputs/task_finetuning/tasks/task_finetuned/chronos2/univariate/EWELD_Load/15T/short/run_0/predictions.npz
    Computing per-window metrics...
    Saved metrics to /fslarge/scratch/users/h61084/codes/fine_time/outputs/task_finetuning/tasks/task_finetuned/chronos2/univariate/EWELD_Load/15T/short/run_0/metrics.npz
    Saved aggregate metrics to /fslarge/scratch/users/h61084/codes/fine_time/outputs/task_finetuning/tasks/task_finetuned/chronos2/univariate/EWELD_Load/15T/short/run_0/metrics_summary.json
    Metrics summary (averaged over all series/windows/variates):
      MSE: 1109.4077
      MAE: 12.5063
      RMSE: 15.9707
      MAPE: 0.3296
      sMAPE: 0.2773
      MASE: 0.5318
      ND: 0.3219
      CRPS: 0.2512
  Completed: 1 series × 56 windows
  Output: /fslarge/scratch/users/h61084/codes/fine_time/outputs/task_finetuning/tasks/task_finetuned/chronos2/univariate/EWELD_Load/15T/short/run_0

============================================================
All experiments completed!
Results saved to: /scratch/users/h61084/codes/fine_time/outputs/task_finetuning/tasks/task_finetuned
============================================================
[31/90] evaluate chronos2 frozen on Finland_Traffic/15T/long
[2026-09-29 10:54:25 UTC] resources selected_device {"device": "cuda", "model": "chronos2", "stage": "forecast"}
Loading configuration...

============================================================
Dataset: Finland_Traffic/15T
Model: amazon/chronos-2
Checkpoint: /fslarge/scratch/users/h61084/weights/chronos2
Terms: ['long']
Covariate mode: none
Instance normalization: none
============================================================

--- Term: long ---
  Config: prediction_length=672, test_length=2976, val_length=2880
TIME run allocation action=new run=/fslarge/scratch/users/h61084/codes/fine_time/outputs/task_finetuning/tasks/inference/chronos2/univariate/Finland_Traffic/15T/long/run_0 launch_id=selena_fine_time_20260929T092621Z_11326 slurm_job_id=3607387 launched_at=2026-09-29T10:54:25.078351+00:00
  Initializing Chronos pipeline (/fslarge/scratch/users/h61084/weights/chronos2)...
  Dataset info:
    - Frequency: 15T
    - Num series: 1
    - Target dim: 1
    - Target mode: univariate
    - Covariate channels: 0
    - Series length: min=35136, max=35136, avg=35136.0
    - Test split: 2976 steps
    - Prediction length: 672
    - Windows: 4
TIME run allocation action=new run=/fslarge/scratch/users/h61084/codes/fine_time/outputs/task_finetuning/tasks/frozen/chronos2/univariate/Finland_Traffic/15T/long/run_0 launch_id=selena_fine_time_20260929T092621Z_11326 slurm_job_id=3607387 launched_at=2026-09-29T10:54:25.340594+00:00
    Total instances: 4, Series during experiment: 1, Windows: 4
    Collecting ground truth and context...
    Organizing data into arrays...
    Saved predictions (quantiles) to /fslarge/scratch/users/h61084/codes/fine_time/outputs/task_finetuning/tasks/frozen/chronos2/univariate/Finland_Traffic/15T/long/run_0/predictions.npz
    Computing per-window metrics...
    Saved metrics to /fslarge/scratch/users/h61084/codes/fine_time/outputs/task_finetuning/tasks/frozen/chronos2/univariate/Finland_Traffic/15T/long/run_0/metrics.npz
    Saved aggregate metrics to /fslarge/scratch/users/h61084/codes/fine_time/outputs/task_finetuning/tasks/frozen/chronos2/univariate/Finland_Traffic/15T/long/run_0/metrics_summary.json
    Metrics summary (averaged over all series/windows/variates):
      MSE: 1830.3235
      MAE: 24.4235
      RMSE: 38.6678
      MAPE: 0.3722
      sMAPE: 0.2329
      MASE: 0.5926
      ND: 0.1891
      CRPS: 0.1596
  Completed: 1 series × 4 windows
  Output: /fslarge/scratch/users/h61084/codes/fine_time/outputs/task_finetuning/tasks/frozen/chronos2/univariate/Finland_Traffic/15T/long/run_0

============================================================
All experiments completed!
Results saved to: /scratch/users/h61084/codes/fine_time/outputs/task_finetuning/tasks/frozen
============================================================
[31/90] evaluate chronos2 task_finetuned on Finland_Traffic/15T/long
[2026-09-29 10:54:25 UTC] resources selected_device {"device": "cuda", "model": "chronos2", "stage": "forecast"}
Loading configuration...

============================================================
Dataset: Finland_Traffic/15T
Model: amazon/chronos-2
Checkpoint: /fslarge/scratch/users/h61084/codes/fine_time/outputs/task_finetuning/checkpoints/chronos2/Finland_Traffic/15T/long/run_0/finetuned-ckpt
Terms: ['long']
Covariate mode: none
Instance normalization: none
============================================================

--- Term: long ---
  Config: prediction_length=672, test_length=2976, val_length=2880
TIME run allocation action=new run=/fslarge/scratch/users/h61084/codes/fine_time/outputs/task_finetuning/tasks/inference/chronos2/univariate/Finland_Traffic/15T/long/run_1 launch_id=selena_fine_time_20260929T092621Z_11326 slurm_job_id=3607387 launched_at=2026-09-29T10:54:25.382105+00:00
  Initializing Chronos pipeline (/fslarge/scratch/users/h61084/codes/fine_time/outputs/task_finetuning/checkpoints/chronos2/Finland_Traffic/15T/long/run_0/finetuned-ckpt)...
  Dataset info:
    - Frequency: 15T
    - Num series: 1
    - Target dim: 1
    - Target mode: univariate
    - Covariate channels: 0
    - Series length: min=35136, max=35136, avg=35136.0
    - Test split: 2976 steps
    - Prediction length: 672
    - Windows: 4
TIME run allocation action=new run=/fslarge/scratch/users/h61084/codes/fine_time/outputs/task_finetuning/tasks/task_finetuned/chronos2/univariate/Finland_Traffic/15T/long/run_0 launch_id=selena_fine_time_20260929T092621Z_11326 slurm_job_id=3607387 launched_at=2026-09-29T10:54:26.458013+00:00
    Total instances: 4, Series during experiment: 1, Windows: 4
    Collecting ground truth and context...
    Organizing data into arrays...
    Saved predictions (quantiles) to /fslarge/scratch/users/h61084/codes/fine_time/outputs/task_finetuning/tasks/task_finetuned/chronos2/univariate/Finland_Traffic/15T/long/run_0/predictions.npz
    Computing per-window metrics...
    Saved metrics to /fslarge/scratch/users/h61084/codes/fine_time/outputs/task_finetuning/tasks/task_finetuned/chronos2/univariate/Finland_Traffic/15T/long/run_0/metrics.npz
    Saved aggregate metrics to /fslarge/scratch/users/h61084/codes/fine_time/outputs/task_finetuning/tasks/task_finetuned/chronos2/univariate/Finland_Traffic/15T/long/run_0/metrics_summary.json
    Metrics summary (averaged over all series/windows/variates):
      MSE: 1712.0849
      MAE: 23.2687
      RMSE: 36.5819
      MAPE: 0.3558
      sMAPE: 0.2217
      MASE: 0.5648
      ND: 0.1805
      CRPS: 0.1533
  Completed: 1 series × 4 windows
  Output: /fslarge/scratch/users/h61084/codes/fine_time/outputs/task_finetuning/tasks/task_finetuned/chronos2/univariate/Finland_Traffic/15T/long/run_0

============================================================
All experiments completed!
Results saved to: /scratch/users/h61084/codes/fine_time/outputs/task_finetuning/tasks/task_finetuned
============================================================
[32/90] evaluate chronos2 frozen on Finland_Traffic/15T/medium
[2026-09-29 10:54:26 UTC] resources selected_device {"device": "cuda", "model": "chronos2", "stage": "forecast"}
Loading configuration...

============================================================
Dataset: Finland_Traffic/15T
Model: amazon/chronos-2
Checkpoint: /fslarge/scratch/users/h61084/weights/chronos2
Terms: ['medium']
Covariate mode: none
Instance normalization: none
============================================================

--- Term: medium ---
  Config: prediction_length=96, test_length=2976, val_length=2880
TIME run allocation action=new run=/fslarge/scratch/users/h61084/codes/fine_time/outputs/task_finetuning/tasks/inference/chronos2/univariate/Finland_Traffic/15T/medium/run_0 launch_id=selena_fine_time_20260929T092621Z_11326 slurm_job_id=3607387 launched_at=2026-09-29T10:54:26.503630+00:00
  Initializing Chronos pipeline (/fslarge/scratch/users/h61084/weights/chronos2)...
  Dataset info:
    - Frequency: 15T
    - Num series: 1
    - Target dim: 1
    - Target mode: univariate
    - Covariate channels: 0
    - Series length: min=35136, max=35136, avg=35136.0
    - Test split: 2976 steps
    - Prediction length: 96
    - Windows: 31
TIME run allocation action=new run=/fslarge/scratch/users/h61084/codes/fine_time/outputs/task_finetuning/tasks/frozen/chronos2/univariate/Finland_Traffic/15T/medium/run_0 launch_id=selena_fine_time_20260929T092621Z_11326 slurm_job_id=3607387 launched_at=2026-09-29T10:54:26.870640+00:00
    Total instances: 31, Series during experiment: 1, Windows: 31
    Collecting ground truth and context...
    Organizing data into arrays...
    Saved predictions (quantiles) to /fslarge/scratch/users/h61084/codes/fine_time/outputs/task_finetuning/tasks/frozen/chronos2/univariate/Finland_Traffic/15T/medium/run_0/predictions.npz
    Computing per-window metrics...
    Saved metrics to /fslarge/scratch/users/h61084/codes/fine_time/outputs/task_finetuning/tasks/frozen/chronos2/univariate/Finland_Traffic/15T/medium/run_0/metrics.npz
    Saved aggregate metrics to /fslarge/scratch/users/h61084/codes/fine_time/outputs/task_finetuning/tasks/frozen/chronos2/univariate/Finland_Traffic/15T/medium/run_0/metrics_summary.json
    Metrics summary (averaged over all series/windows/variates):
      MSE: 1455.0135
      MAE: 22.0362
      RMSE: 30.9316
      MAPE: 0.3024
      sMAPE: 0.2171
      MASE: 0.5358
      ND: 0.1782
      CRPS: 0.1446
  Completed: 1 series × 31 windows
  Output: /fslarge/scratch/users/h61084/codes/fine_time/outputs/task_finetuning/tasks/frozen/chronos2/univariate/Finland_Traffic/15T/medium/run_0

============================================================
All experiments completed!
Results saved to: /scratch/users/h61084/codes/fine_time/outputs/task_finetuning/tasks/frozen
============================================================
[32/90] evaluate chronos2 task_finetuned on Finland_Traffic/15T/medium
[2026-09-29 10:54:26 UTC] resources selected_device {"device": "cuda", "model": "chronos2", "stage": "forecast"}
Loading configuration...

============================================================
Dataset: Finland_Traffic/15T
Model: amazon/chronos-2
Checkpoint: /fslarge/scratch/users/h61084/codes/fine_time/outputs/task_finetuning/checkpoints/chronos2/Finland_Traffic/15T/medium/run_0/finetuned-ckpt
Terms: ['medium']
Covariate mode: none
Instance normalization: none
============================================================

--- Term: medium ---
  Config: prediction_length=96, test_length=2976, val_length=2880
TIME run allocation action=new run=/fslarge/scratch/users/h61084/codes/fine_time/outputs/task_finetuning/tasks/inference/chronos2/univariate/Finland_Traffic/15T/medium/run_1 launch_id=selena_fine_time_20260929T092621Z_11326 slurm_job_id=3607387 launched_at=2026-09-29T10:54:26.921620+00:00
  Initializing Chronos pipeline (/fslarge/scratch/users/h61084/codes/fine_time/outputs/task_finetuning/checkpoints/chronos2/Finland_Traffic/15T/medium/run_0/finetuned-ckpt)...
  Dataset info:
    - Frequency: 15T
    - Num series: 1
    - Target dim: 1
    - Target mode: univariate
    - Covariate channels: 0
    - Series length: min=35136, max=35136, avg=35136.0
    - Test split: 2976 steps
    - Prediction length: 96
    - Windows: 31
TIME run allocation action=new run=/fslarge/scratch/users/h61084/codes/fine_time/outputs/task_finetuning/tasks/task_finetuned/chronos2/univariate/Finland_Traffic/15T/medium/run_0 launch_id=selena_fine_time_20260929T092621Z_11326 slurm_job_id=3607387 launched_at=2026-09-29T10:54:28.250344+00:00
    Total instances: 31, Series during experiment: 1, Windows: 31
    Collecting ground truth and context...
    Organizing data into arrays...
    Saved predictions (quantiles) to /fslarge/scratch/users/h61084/codes/fine_time/outputs/task_finetuning/tasks/task_finetuned/chronos2/univariate/Finland_Traffic/15T/medium/run_0/predictions.npz
    Computing per-window metrics...
    Saved metrics to /fslarge/scratch/users/h61084/codes/fine_time/outputs/task_finetuning/tasks/task_finetuned/chronos2/univariate/Finland_Traffic/15T/medium/run_0/metrics.npz
    Saved aggregate metrics to /fslarge/scratch/users/h61084/codes/fine_time/outputs/task_finetuning/tasks/task_finetuned/chronos2/univariate/Finland_Traffic/15T/medium/run_0/metrics_summary.json
    Metrics summary (averaged over all series/windows/variates):
      MSE: 1391.5533
      MAE: 21.7031
      RMSE: 30.5232
      MAPE: 0.3042
      sMAPE: 0.2149
      MASE: 0.5278
      ND: 0.1761
      CRPS: 0.1434
  Completed: 1 series × 31 windows
  Output: /fslarge/scratch/users/h61084/codes/fine_time/outputs/task_finetuning/tasks/task_finetuned/chronos2/univariate/Finland_Traffic/15T/medium/run_0

============================================================
All experiments completed!
Results saved to: /scratch/users/h61084/codes/fine_time/outputs/task_finetuning/tasks/task_finetuned
============================================================
[33/90] evaluate chronos2 frozen on Finland_Traffic/15T/short
[2026-09-29 10:54:28 UTC] resources selected_device {"device": "cuda", "model": "chronos2", "stage": "forecast"}
Loading configuration...

============================================================
Dataset: Finland_Traffic/15T
Model: amazon/chronos-2
Checkpoint: /fslarge/scratch/users/h61084/weights/chronos2
Terms: ['short']
Covariate mode: none
Instance normalization: none
============================================================

--- Term: short ---
  Config: prediction_length=16, test_length=2976, val_length=2880
TIME run allocation action=new run=/fslarge/scratch/users/h61084/codes/fine_time/outputs/task_finetuning/tasks/inference/chronos2/univariate/Finland_Traffic/15T/short/run_0 launch_id=selena_fine_time_20260929T092621Z_11326 slurm_job_id=3607387 launched_at=2026-09-29T10:54:28.305339+00:00
  Initializing Chronos pipeline (/fslarge/scratch/users/h61084/weights/chronos2)...
  Dataset info:
    - Frequency: 15T
    - Num series: 1
    - Target dim: 1
    - Target mode: univariate
    - Covariate channels: 0
    - Series length: min=35136, max=35136, avg=35136.0
    - Test split: 2976 steps
    - Prediction length: 16
    - Windows: 186
TIME run allocation action=new run=/fslarge/scratch/users/h61084/codes/fine_time/outputs/task_finetuning/tasks/frozen/chronos2/univariate/Finland_Traffic/15T/short/run_0 launch_id=selena_fine_time_20260929T092621Z_11326 slurm_job_id=3607387 launched_at=2026-09-29T10:54:29.335791+00:00
    Total instances: 186, Series during experiment: 1, Windows: 186
    Collecting ground truth and context...
    Organizing data into arrays...
    Saved predictions (quantiles) to /fslarge/scratch/users/h61084/codes/fine_time/outputs/task_finetuning/tasks/frozen/chronos2/univariate/Finland_Traffic/15T/short/run_0/predictions.npz
    Computing per-window metrics...
    Saved metrics to /fslarge/scratch/users/h61084/codes/fine_time/outputs/task_finetuning/tasks/frozen/chronos2/univariate/Finland_Traffic/15T/short/run_0/metrics.npz
    Saved aggregate metrics to /fslarge/scratch/users/h61084/codes/fine_time/outputs/task_finetuning/tasks/frozen/chronos2/univariate/Finland_Traffic/15T/short/run_0/metrics_summary.json
    Metrics summary (averaged over all series/windows/variates):
      MSE: 835.9955
      MAE: 16.5352
      RMSE: 20.3036
      MAPE: 0.2612
      sMAPE: 0.1848
      MASE: 0.4022
      ND: 0.2314
      CRPS: 0.1860
  Completed: 1 series × 186 windows
  Output: /fslarge/scratch/users/h61084/codes/fine_time/outputs/task_finetuning/tasks/frozen/chronos2/univariate/Finland_Traffic/15T/short/run_0

============================================================
All experiments completed!
Results saved to: /scratch/users/h61084/codes/fine_time/outputs/task_finetuning/tasks/frozen
============================================================
[33/90] evaluate chronos2 task_finetuned on Finland_Traffic/15T/short
[2026-09-29 10:54:29 UTC] resources selected_device {"device": "cuda", "model": "chronos2", "stage": "forecast"}
Loading configuration...

============================================================
Dataset: Finland_Traffic/15T
Model: amazon/chronos-2
Checkpoint: /fslarge/scratch/users/h61084/codes/fine_time/outputs/task_finetuning/checkpoints/chronos2/Finland_Traffic/15T/short/run_0/finetuned-ckpt
Terms: ['short']
Covariate mode: none
Instance normalization: none
============================================================

--- Term: short ---
  Config: prediction_length=16, test_length=2976, val_length=2880
TIME run allocation action=new run=/fslarge/scratch/users/h61084/codes/fine_time/outputs/task_finetuning/tasks/inference/chronos2/univariate/Finland_Traffic/15T/short/run_1 launch_id=selena_fine_time_20260929T092621Z_11326 slurm_job_id=3607387 launched_at=2026-09-29T10:54:29.444193+00:00
  Initializing Chronos pipeline (/fslarge/scratch/users/h61084/codes/fine_time/outputs/task_finetuning/checkpoints/chronos2/Finland_Traffic/15T/short/run_0/finetuned-ckpt)...
  Dataset info:
    - Frequency: 15T
    - Num series: 1
    - Target dim: 1
    - Target mode: univariate
    - Covariate channels: 0
    - Series length: min=35136, max=35136, avg=35136.0
    - Test split: 2976 steps
    - Prediction length: 16
    - Windows: 186
TIME run allocation action=new run=/fslarge/scratch/users/h61084/codes/fine_time/outputs/task_finetuning/tasks/task_finetuned/chronos2/univariate/Finland_Traffic/15T/short/run_0 launch_id=selena_fine_time_20260929T092621Z_11326 slurm_job_id=3607387 launched_at=2026-09-29T10:54:31.230585+00:00
    Total instances: 186, Series during experiment: 1, Windows: 186
    Collecting ground truth and context...
    Organizing data into arrays...
    Saved predictions (quantiles) to /fslarge/scratch/users/h61084/codes/fine_time/outputs/task_finetuning/tasks/task_finetuned/chronos2/univariate/Finland_Traffic/15T/short/run_0/predictions.npz
    Computing per-window metrics...
    Saved metrics to /fslarge/scratch/users/h61084/codes/fine_time/outputs/task_finetuning/tasks/task_finetuned/chronos2/univariate/Finland_Traffic/15T/short/run_0/metrics.npz
    Saved aggregate metrics to /fslarge/scratch/users/h61084/codes/fine_time/outputs/task_finetuning/tasks/task_finetuned/chronos2/univariate/Finland_Traffic/15T/short/run_0/metrics_summary.json
    Metrics summary (averaged over all series/windows/variates):
      MSE: 755.0382
      MAE: 16.1687
      RMSE: 19.7821
      MAPE: 0.2433
      sMAPE: 0.1820
      MASE: 0.3933
      ND: 0.2095
      CRPS: 0.1676
  Completed: 1 series × 186 windows
  Output: /fslarge/scratch/users/h61084/codes/fine_time/outputs/task_finetuning/tasks/task_finetuned/chronos2/univariate/Finland_Traffic/15T/short/run_0

============================================================
All experiments completed!
Results saved to: /scratch/users/h61084/codes/fine_time/outputs/task_finetuning/tasks/task_finetuned
============================================================
[34/90] evaluate chronos2 frozen on Global_Influenza/W/short
[2026-09-29 10:54:31 UTC] resources selected_device {"device": "cuda", "model": "chronos2", "stage": "forecast"}
Loading configuration...

============================================================
Dataset: Global_Influenza/W
Model: amazon/chronos-2
Checkpoint: /fslarge/scratch/users/h61084/weights/chronos2
Terms: ['short']
Covariate mode: none
Instance normalization: none
============================================================

--- Term: short ---
  Config: prediction_length=13, test_length=52, val_length=13
TIME run allocation action=new run=/fslarge/scratch/users/h61084/codes/fine_time/outputs/task_finetuning/tasks/inference/chronos2/univariate/Global_Influenza/W/short/run_0 launch_id=selena_fine_time_20260929T092621Z_11326 slurm_job_id=3607387 launched_at=2026-09-29T10:54:31.346387+00:00
  Initializing Chronos pipeline (/fslarge/scratch/users/h61084/weights/chronos2)...
  Dataset info:
    - Frequency: W
    - Num series: 15
    - Target dim: 4
    - Target mode: univariate
    - Covariate channels: 0
    - Series length: min=154, max=210, avg=205.6
    - Test split: 52 steps
    - Prediction length: 13
    - Windows: 4
TIME run allocation action=new run=/fslarge/scratch/users/h61084/codes/fine_time/outputs/task_finetuning/tasks/frozen/chronos2/univariate/Global_Influenza/W/short/run_0 launch_id=selena_fine_time_20260929T092621Z_11326 slurm_job_id=3607387 launched_at=2026-09-29T10:54:31.712035+00:00
    Total instances: 240, Series during experiment: 60, Windows: 4
    Collecting ground truth and context...
    Detected to_univariate case: 60 flat series -> 15 series x 4 variates
    Organizing data into arrays...
    ⚠️  Predictions max value (86244.34) exceeds float16 safe range.
    ⚠️  Applying scale factor: 10 (values will be divided)
    Saved predictions (quantiles) to /fslarge/scratch/users/h61084/codes/fine_time/outputs/task_finetuning/tasks/frozen/chronos2/univariate/Global_Influenza/W/short/run_0/predictions.npz
    Computing per-window metrics...
    Saved metrics to /fslarge/scratch/users/h61084/codes/fine_time/outputs/task_finetuning/tasks/frozen/chronos2/univariate/Global_Influenza/W/short/run_0/metrics.npz
    Saved aggregate metrics to /fslarge/scratch/users/h61084/codes/fine_time/outputs/task_finetuning/tasks/frozen/chronos2/univariate/Global_Influenza/W/short/run_0/metrics_summary.json
    Metrics summary (averaged over all series/windows/variates):
      MSE: 2518067.0852
      MAE: 440.6013
      RMSE: 557.9441
      MAPE: 0.6219
      sMAPE: 0.4610
      MASE: 2.7027
      ND: 0.4612
      CRPS: 0.3702
  Completed: 15 series × 4 windows
  Output: /fslarge/scratch/users/h61084/codes/fine_time/outputs/task_finetuning/tasks/frozen/chronos2/univariate/Global_Influenza/W/short/run_0

============================================================
All experiments completed!
Results saved to: /scratch/users/h61084/codes/fine_time/outputs/task_finetuning/tasks/frozen
============================================================
[34/90] evaluate chronos2 task_finetuned on Global_Influenza/W/short
[2026-09-29 10:54:31 UTC] resources selected_device {"device": "cuda", "model": "chronos2", "stage": "forecast"}
Loading configuration...

============================================================
Dataset: Global_Influenza/W
Model: amazon/chronos-2
Checkpoint: /fslarge/scratch/users/h61084/codes/fine_time/outputs/task_finetuning/checkpoints/chronos2/Global_Influenza/W/short/run_0/finetuned-ckpt
Terms: ['short']
Covariate mode: none
Instance normalization: none
============================================================

--- Term: short ---
  Config: prediction_length=13, test_length=52, val_length=13
TIME run allocation action=new run=/fslarge/scratch/users/h61084/codes/fine_time/outputs/task_finetuning/tasks/inference/chronos2/univariate/Global_Influenza/W/short/run_1 launch_id=selena_fine_time_20260929T092621Z_11326 slurm_job_id=3607387 launched_at=2026-09-29T10:54:31.807627+00:00
  Initializing Chronos pipeline (/fslarge/scratch/users/h61084/codes/fine_time/outputs/task_finetuning/checkpoints/chronos2/Global_Influenza/W/short/run_0/finetuned-ckpt)...
  Dataset info:
    - Frequency: W
    - Num series: 15
    - Target dim: 4
    - Target mode: univariate
    - Covariate channels: 0
    - Series length: min=154, max=210, avg=205.6
    - Test split: 52 steps
    - Prediction length: 13
    - Windows: 4
TIME run allocation action=new run=/fslarge/scratch/users/h61084/codes/fine_time/outputs/task_finetuning/tasks/task_finetuned/chronos2/univariate/Global_Influenza/W/short/run_0 launch_id=selena_fine_time_20260929T092621Z_11326 slurm_job_id=3607387 launched_at=2026-09-29T10:54:32.950796+00:00
    Total instances: 240, Series during experiment: 60, Windows: 4
    Collecting ground truth and context...
    Detected to_univariate case: 60 flat series -> 15 series x 4 variates
    Organizing data into arrays...
    ⚠️  Predictions max value (84274.91) exceeds float16 safe range.
    ⚠️  Applying scale factor: 10 (values will be divided)
    Saved predictions (quantiles) to /fslarge/scratch/users/h61084/codes/fine_time/outputs/task_finetuning/tasks/task_finetuned/chronos2/univariate/Global_Influenza/W/short/run_0/predictions.npz
    Computing per-window metrics...
    Saved metrics to /fslarge/scratch/users/h61084/codes/fine_time/outputs/task_finetuning/tasks/task_finetuned/chronos2/univariate/Global_Influenza/W/short/run_0/metrics.npz
    Saved aggregate metrics to /fslarge/scratch/users/h61084/codes/fine_time/outputs/task_finetuning/tasks/task_finetuned/chronos2/univariate/Global_Influenza/W/short/run_0/metrics_summary.json
    Metrics summary (averaged over all series/windows/variates):
      MSE: 2452039.1322
      MAE: 432.9695
      RMSE: 545.1401
      MAPE: 0.5803
      sMAPE: 0.4380
      MASE: 2.6185
      ND: 0.4436
      CRPS: 0.3559
  Completed: 15 series × 4 windows
  Output: /fslarge/scratch/users/h61084/codes/fine_time/outputs/task_finetuning/tasks/task_finetuned/chronos2/univariate/Global_Influenza/W/short/run_0

============================================================
All experiments completed!
Results saved to: /scratch/users/h61084/codes/fine_time/outputs/task_finetuning/tasks/task_finetuned
============================================================
[35/90] evaluate chronos2 frozen on Global_Price/Q/short
[2026-09-29 10:54:33 UTC] resources selected_device {"device": "cuda", "model": "chronos2", "stage": "forecast"}
Loading configuration...

============================================================
Dataset: Global_Price/Q
Model: amazon/chronos-2
Checkpoint: /fslarge/scratch/users/h61084/weights/chronos2
Terms: ['short']
Covariate mode: none
Instance normalization: none
============================================================

--- Term: short ---
  Config: prediction_length=4, test_length=20, val_length=8
TIME run allocation action=new run=/fslarge/scratch/users/h61084/codes/fine_time/outputs/task_finetuning/tasks/inference/chronos2/univariate/Global_Price/Q/short/run_0 launch_id=selena_fine_time_20260929T092621Z_11326 slurm_job_id=3607387 launched_at=2026-09-29T10:54:33.055794+00:00
  Initializing Chronos pipeline (/fslarge/scratch/users/h61084/weights/chronos2)...
  Dataset info:
    - Frequency: Q
    - Num series: 1
    - Target dim: 60
    - Target mode: univariate
    - Covariate channels: 0
    - Series length: min=142, max=142, avg=142.0
    - Test split: 20 steps
    - Prediction length: 4
    - Windows: 5
    Processed 300/300...
TIME run allocation action=new run=/fslarge/scratch/users/h61084/codes/fine_time/outputs/task_finetuning/tasks/frozen/chronos2/univariate/Global_Price/Q/short/run_0 launch_id=selena_fine_time_20260929T092621Z_11326 slurm_job_id=3607387 launched_at=2026-09-29T10:54:33.449375+00:00
    Total instances: 300, Series during experiment: 60, Windows: 5
    Collecting ground truth and context...
    Detected to_univariate case: 60 flat series -> 1 series x 60 variates
    Organizing data into arrays...
    Saved predictions (quantiles) to /fslarge/scratch/users/h61084/codes/fine_time/outputs/task_finetuning/tasks/frozen/chronos2/univariate/Global_Price/Q/short/run_0/predictions.npz
    Computing per-window metrics...
    Saved metrics to /fslarge/scratch/users/h61084/codes/fine_time/outputs/task_finetuning/tasks/frozen/chronos2/univariate/Global_Price/Q/short/run_0/metrics.npz
    Saved aggregate metrics to /fslarge/scratch/users/h61084/codes/fine_time/outputs/task_finetuning/tasks/frozen/chronos2/univariate/Global_Price/Q/short/run_0/metrics_summary.json
    Metrics summary (averaged over all series/windows/variates):
      MSE: 1781287.4871
      MAE: 313.4901
      RMSE: 353.6570
      MAPE: 0.1798
      sMAPE: 0.1925
      MASE: 1.5801
      ND: 0.1810
      CRPS: 0.1474
  Completed: 1 series × 5 windows
  Output: /fslarge/scratch/users/h61084/codes/fine_time/outputs/task_finetuning/tasks/frozen/chronos2/univariate/Global_Price/Q/short/run_0

============================================================
All experiments completed!
Results saved to: /scratch/users/h61084/codes/fine_time/outputs/task_finetuning/tasks/frozen
============================================================
[35/90] evaluate chronos2 task_finetuned on Global_Price/Q/short
[2026-09-29 10:54:33 UTC] resources selected_device {"device": "cuda", "model": "chronos2", "stage": "forecast"}
Loading configuration...

============================================================
Dataset: Global_Price/Q
Model: amazon/chronos-2
Checkpoint: /fslarge/scratch/users/h61084/codes/fine_time/outputs/task_finetuning/checkpoints/chronos2/Global_Price/Q/short/run_0/finetuned-ckpt
Terms: ['short']
Covariate mode: none
Instance normalization: none
============================================================

--- Term: short ---
  Config: prediction_length=4, test_length=20, val_length=8
TIME run allocation action=new run=/fslarge/scratch/users/h61084/codes/fine_time/outputs/task_finetuning/tasks/inference/chronos2/univariate/Global_Price/Q/short/run_1 launch_id=selena_fine_time_20260929T092621Z_11326 slurm_job_id=3607387 launched_at=2026-09-29T10:54:33.558257+00:00
  Initializing Chronos pipeline (/fslarge/scratch/users/h61084/codes/fine_time/outputs/task_finetuning/checkpoints/chronos2/Global_Price/Q/short/run_0/finetuned-ckpt)...
  Dataset info:
    - Frequency: Q
    - Num series: 1
    - Target dim: 60
    - Target mode: univariate
    - Covariate channels: 0
    - Series length: min=142, max=142, avg=142.0
    - Test split: 20 steps
    - Prediction length: 4
    - Windows: 5
    Processed 300/300...
TIME run allocation action=new run=/fslarge/scratch/users/h61084/codes/fine_time/outputs/task_finetuning/tasks/task_finetuned/chronos2/univariate/Global_Price/Q/short/run_0 launch_id=selena_fine_time_20260929T092621Z_11326 slurm_job_id=3607387 launched_at=2026-09-29T10:54:34.586004+00:00
    Total instances: 300, Series during experiment: 60, Windows: 5
    Collecting ground truth and context...
    Detected to_univariate case: 60 flat series -> 1 series x 60 variates
    Organizing data into arrays...
    Saved predictions (quantiles) to /fslarge/scratch/users/h61084/codes/fine_time/outputs/task_finetuning/tasks/task_finetuned/chronos2/univariate/Global_Price/Q/short/run_0/predictions.npz
    Computing per-window metrics...
    Saved metrics to /fslarge/scratch/users/h61084/codes/fine_time/outputs/task_finetuning/tasks/task_finetuned/chronos2/univariate/Global_Price/Q/short/run_0/metrics.npz
    Saved aggregate metrics to /fslarge/scratch/users/h61084/codes/fine_time/outputs/task_finetuning/tasks/task_finetuned/chronos2/univariate/Global_Price/Q/short/run_0/metrics_summary.json
    Metrics summary (averaged over all series/windows/variates):
      MSE: 1601165.0558
      MAE: 312.0315
      RMSE: 348.3031
      MAPE: 0.1798
      sMAPE: 0.1850
      MASE: 1.5546
      ND: 0.1797
      CRPS: 0.1452
  Completed: 1 series × 5 windows
  Output: /fslarge/scratch/users/h61084/codes/fine_time/outputs/task_finetuning/tasks/task_finetuned/chronos2/univariate/Global_Price/Q/short/run_0

============================================================
All experiments completed!
Results saved to: /scratch/users/h61084/codes/fine_time/outputs/task_finetuning/tasks/task_finetuned
============================================================
[36/90] evaluate chronos2 frozen on Housing_Inventory/M/short
[2026-09-29 10:54:34 UTC] resources selected_device {"device": "cuda", "model": "chronos2", "stage": "forecast"}
Loading configuration...

============================================================
Dataset: Housing_Inventory/M
Model: amazon/chronos-2
Checkpoint: /fslarge/scratch/users/h61084/weights/chronos2
Terms: ['short']
Covariate mode: none
Instance normalization: none
============================================================

--- Term: short ---
  Config: prediction_length=12, test_length=36, val_length=12
TIME run allocation action=new run=/fslarge/scratch/users/h61084/codes/fine_time/outputs/task_finetuning/tasks/inference/chronos2/univariate/Housing_Inventory/M/short/run_0 launch_id=selena_fine_time_20260929T092621Z_11326 slurm_job_id=3607387 launched_at=2026-09-29T10:54:34.701109+00:00
  Initializing Chronos pipeline (/fslarge/scratch/users/h61084/weights/chronos2)...
  Dataset info:
    - Frequency: M
    - Num series: 1
    - Target dim: 4
    - Target mode: univariate
    - Covariate channels: 0
    - Series length: min=114, max=114, avg=114.0
    - Test split: 36 steps
    - Prediction length: 12
    - Windows: 3
TIME run allocation action=new run=/fslarge/scratch/users/h61084/codes/fine_time/outputs/task_finetuning/tasks/frozen/chronos2/univariate/Housing_Inventory/M/short/run_0 launch_id=selena_fine_time_20260929T092621Z_11326 slurm_job_id=3607387 launched_at=2026-09-29T10:54:34.948906+00:00
    Total instances: 12, Series during experiment: 4, Windows: 3
    Collecting ground truth and context...
    Detected to_univariate case: 4 flat series -> 1 series x 4 variates
    Organizing data into arrays...
    ⚠️  Predictions max value (1165867.62) exceeds float16 safe range.
    ⚠️  Applying scale factor: 100 (values will be divided)
    Saved predictions (quantiles) to /fslarge/scratch/users/h61084/codes/fine_time/outputs/task_finetuning/tasks/frozen/chronos2/univariate/Housing_Inventory/M/short/run_0/predictions.npz
    Computing per-window metrics...
    Saved metrics to /fslarge/scratch/users/h61084/codes/fine_time/outputs/task_finetuning/tasks/frozen/chronos2/univariate/Housing_Inventory/M/short/run_0/metrics.npz
    Saved aggregate metrics to /fslarge/scratch/users/h61084/codes/fine_time/outputs/task_finetuning/tasks/frozen/chronos2/univariate/Housing_Inventory/M/short/run_0/metrics_summary.json
    Metrics summary (averaged over all series/windows/variates):
      MSE: 4419964406.4790
      MAE: 31923.6937
      RMSE: 35589.2611
      MAPE: 0.0681
      sMAPE: 0.0690
      MASE: 0.5630
      ND: 0.0687
      CRPS: 0.0524
  Completed: 1 series × 3 windows
  Output: /fslarge/scratch/users/h61084/codes/fine_time/outputs/task_finetuning/tasks/frozen/chronos2/univariate/Housing_Inventory/M/short/run_0

============================================================
All experiments completed!
Results saved to: /scratch/users/h61084/codes/fine_time/outputs/task_finetuning/tasks/frozen
============================================================
[36/90] evaluate chronos2 task_finetuned on Housing_Inventory/M/short
[2026-09-29 10:54:34 UTC] resources selected_device {"device": "cuda", "model": "chronos2", "stage": "forecast"}
Loading configuration...

============================================================
Dataset: Housing_Inventory/M
Model: amazon/chronos-2
Checkpoint: /fslarge/scratch/users/h61084/codes/fine_time/outputs/task_finetuning/checkpoints/chronos2/Housing_Inventory/M/short/run_0/finetuned-ckpt
Terms: ['short']
Covariate mode: none
Instance normalization: none
============================================================

--- Term: short ---
  Config: prediction_length=12, test_length=36, val_length=12
TIME run allocation action=new run=/fslarge/scratch/users/h61084/codes/fine_time/outputs/task_finetuning/tasks/inference/chronos2/univariate/Housing_Inventory/M/short/run_1 launch_id=selena_fine_time_20260929T092621Z_11326 slurm_job_id=3607387 launched_at=2026-09-29T10:54:34.987970+00:00
  Initializing Chronos pipeline (/fslarge/scratch/users/h61084/codes/fine_time/outputs/task_finetuning/checkpoints/chronos2/Housing_Inventory/M/short/run_0/finetuned-ckpt)...
  Dataset info:
    - Frequency: M
    - Num series: 1
    - Target dim: 4
    - Target mode: univariate
    - Covariate channels: 0
    - Series length: min=114, max=114, avg=114.0
    - Test split: 36 steps
    - Prediction length: 12
    - Windows: 3
TIME run allocation action=new run=/fslarge/scratch/users/h61084/codes/fine_time/outputs/task_finetuning/tasks/task_finetuned/chronos2/univariate/Housing_Inventory/M/short/run_0 launch_id=selena_fine_time_20260929T092621Z_11326 slurm_job_id=3607387 launched_at=2026-09-29T10:54:36.055257+00:00
    Total instances: 12, Series during experiment: 4, Windows: 3
    Collecting ground truth and context...
    Detected to_univariate case: 4 flat series -> 1 series x 4 variates
    Organizing data into arrays...
    ⚠️  Predictions max value (1139183.75) exceeds float16 safe range.
    ⚠️  Applying scale factor: 100 (values will be divided)
    Saved predictions (quantiles) to /fslarge/scratch/users/h61084/codes/fine_time/outputs/task_finetuning/tasks/task_finetuned/chronos2/univariate/Housing_Inventory/M/short/run_0/predictions.npz
    Computing per-window metrics...
    Saved metrics to /fslarge/scratch/users/h61084/codes/fine_time/outputs/task_finetuning/tasks/task_finetuned/chronos2/univariate/Housing_Inventory/M/short/run_0/metrics.npz
    Saved aggregate metrics to /fslarge/scratch/users/h61084/codes/fine_time/outputs/task_finetuning/tasks/task_finetuned/chronos2/univariate/Housing_Inventory/M/short/run_0/metrics_summary.json
    Metrics summary (averaged over all series/windows/variates):
      MSE: 6774648092.8645
      MAE: 40269.2006
      RMSE: 43926.2368
      MAPE: 0.0825
      sMAPE: 0.0873
      MASE: 0.6962
      ND: 0.0832
      CRPS: 0.0617
  Completed: 1 series × 3 windows
  Output: /fslarge/scratch/users/h61084/codes/fine_time/outputs/task_finetuning/tasks/task_finetuned/chronos2/univariate/Housing_Inventory/M/short/run_0

============================================================
All experiments completed!
Results saved to: /scratch/users/h61084/codes/fine_time/outputs/task_finetuning/tasks/task_finetuned
============================================================
[37/90] evaluate chronos2 frozen on JOLTS/M/short
[2026-09-29 10:54:36 UTC] resources selected_device {"device": "cuda", "model": "chronos2", "stage": "forecast"}
Loading configuration...

============================================================
Dataset: JOLTS/M
Model: amazon/chronos-2
Checkpoint: /fslarge/scratch/users/h61084/weights/chronos2
Terms: ['short']
Covariate mode: none
Instance normalization: none
============================================================

--- Term: short ---
  Config: prediction_length=12, test_length=60, val_length=12
TIME run allocation action=new run=/fslarge/scratch/users/h61084/codes/fine_time/outputs/task_finetuning/tasks/inference/chronos2/univariate/JOLTS/M/short/run_0 launch_id=selena_fine_time_20260929T092621Z_11326 slurm_job_id=3607387 launched_at=2026-09-29T10:54:36.102530+00:00
  Initializing Chronos pipeline (/fslarge/scratch/users/h61084/weights/chronos2)...
  Dataset info:
    - Frequency: M
    - Num series: 1
    - Target dim: 6
    - Target mode: univariate
    - Covariate channels: 0
    - Series length: min=297, max=297, avg=297.0
    - Test split: 60 steps
    - Prediction length: 12
    - Windows: 5
TIME run allocation action=new run=/fslarge/scratch/users/h61084/codes/fine_time/outputs/task_finetuning/tasks/frozen/chronos2/univariate/JOLTS/M/short/run_0 launch_id=selena_fine_time_20260929T092621Z_11326 slurm_job_id=3607387 launched_at=2026-09-29T10:54:36.349332+00:00
    Total instances: 30, Series during experiment: 6, Windows: 5
    Collecting ground truth and context...
    Detected to_univariate case: 6 flat series -> 1 series x 6 variates
    Organizing data into arrays...
    Saved predictions (quantiles) to /fslarge/scratch/users/h61084/codes/fine_time/outputs/task_finetuning/tasks/frozen/chronos2/univariate/JOLTS/M/short/run_0/predictions.npz
    Computing per-window metrics...
    Saved metrics to /fslarge/scratch/users/h61084/codes/fine_time/outputs/task_finetuning/tasks/frozen/chronos2/univariate/JOLTS/M/short/run_0/metrics.npz
    Saved aggregate metrics to /fslarge/scratch/users/h61084/codes/fine_time/outputs/task_finetuning/tasks/frozen/chronos2/univariate/JOLTS/M/short/run_0/metrics_summary.json
    Metrics summary (averaged over all series/windows/variates):
      MSE: 434621.6700
      MAE: 326.8781
      RMSE: 391.4142
      MAPE: 0.0783
      sMAPE: 0.0788
      MASE: 1.0340
      ND: 0.0784
      CRPS: 0.0637
  Completed: 1 series × 5 windows
  Output: /fslarge/scratch/users/h61084/codes/fine_time/outputs/task_finetuning/tasks/frozen/chronos2/univariate/JOLTS/M/short/run_0

============================================================
All experiments completed!
Results saved to: /scratch/users/h61084/codes/fine_time/outputs/task_finetuning/tasks/frozen
============================================================
[37/90] evaluate chronos2 task_finetuned on JOLTS/M/short
[2026-09-29 10:54:36 UTC] resources selected_device {"device": "cuda", "model": "chronos2", "stage": "forecast"}
Loading configuration...

============================================================
Dataset: JOLTS/M
Model: amazon/chronos-2
Checkpoint: /fslarge/scratch/users/h61084/codes/fine_time/outputs/task_finetuning/checkpoints/chronos2/JOLTS/M/short/run_0/finetuned-ckpt
Terms: ['short']
Covariate mode: none
Instance normalization: none
============================================================

--- Term: short ---
  Config: prediction_length=12, test_length=60, val_length=12
TIME run allocation action=new run=/fslarge/scratch/users/h61084/codes/fine_time/outputs/task_finetuning/tasks/inference/chronos2/univariate/JOLTS/M/short/run_1 launch_id=selena_fine_time_20260929T092621Z_11326 slurm_job_id=3607387 launched_at=2026-09-29T10:54:36.393764+00:00
  Initializing Chronos pipeline (/fslarge/scratch/users/h61084/codes/fine_time/outputs/task_finetuning/checkpoints/chronos2/JOLTS/M/short/run_0/finetuned-ckpt)...
  Dataset info:
    - Frequency: M
    - Num series: 1
    - Target dim: 6
    - Target mode: univariate
    - Covariate channels: 0
    - Series length: min=297, max=297, avg=297.0
    - Test split: 60 steps
    - Prediction length: 12
    - Windows: 5
TIME run allocation action=new run=/fslarge/scratch/users/h61084/codes/fine_time/outputs/task_finetuning/tasks/task_finetuned/chronos2/univariate/JOLTS/M/short/run_0 launch_id=selena_fine_time_20260929T092621Z_11326 slurm_job_id=3607387 launched_at=2026-09-29T10:54:37.819693+00:00
    Total instances: 30, Series during experiment: 6, Windows: 5
    Collecting ground truth and context...
    Detected to_univariate case: 6 flat series -> 1 series x 6 variates
    Organizing data into arrays...
    Saved predictions (quantiles) to /fslarge/scratch/users/h61084/codes/fine_time/outputs/task_finetuning/tasks/task_finetuned/chronos2/univariate/JOLTS/M/short/run_0/predictions.npz
    Computing per-window metrics...
    Saved metrics to /fslarge/scratch/users/h61084/codes/fine_time/outputs/task_finetuning/tasks/task_finetuned/chronos2/univariate/JOLTS/M/short/run_0/metrics.npz
    Saved aggregate metrics to /fslarge/scratch/users/h61084/codes/fine_time/outputs/task_finetuning/tasks/task_finetuned/chronos2/univariate/JOLTS/M/short/run_0/metrics_summary.json
    Metrics summary (averaged over all series/windows/variates):
      MSE: 443026.4809
      MAE: 328.8527
      RMSE: 393.1255
      MAPE: 0.0781
      sMAPE: 0.0789
      MASE: 1.0314
      ND: 0.0781
      CRPS: 0.0633
  Completed: 1 series × 5 windows
  Output: /fslarge/scratch/users/h61084/codes/fine_time/outputs/task_finetuning/tasks/task_finetuned/chronos2/univariate/JOLTS/M/short/run_0

============================================================
All experiments completed!
Results saved to: /scratch/users/h61084/codes/fine_time/outputs/task_finetuning/tasks/task_finetuned
============================================================
[38/90] evaluate chronos2 frozen on Job_Claims/W/short
[2026-09-29 10:54:37 UTC] resources selected_device {"device": "cuda", "model": "chronos2", "stage": "forecast"}
Loading configuration...

============================================================
Dataset: Job_Claims/W
Model: amazon/chronos-2
Checkpoint: /fslarge/scratch/users/h61084/weights/chronos2
Terms: ['short']
Covariate mode: none
Instance normalization: none
============================================================

--- Term: short ---
  Config: prediction_length=13, test_length=52, val_length=13
TIME run allocation action=new run=/fslarge/scratch/users/h61084/codes/fine_time/outputs/task_finetuning/tasks/inference/chronos2/univariate/Job_Claims/W/short/run_0 launch_id=selena_fine_time_20260929T092621Z_11326 slurm_job_id=3607387 launched_at=2026-09-29T10:54:37.870507+00:00
  Initializing Chronos pipeline (/fslarge/scratch/users/h61084/weights/chronos2)...
  Dataset info:
    - Frequency: W
    - Num series: 1
    - Target dim: 2
    - Target mode: univariate
    - Covariate channels: 0
    - Series length: min=196, max=196, avg=196.0
    - Test split: 52 steps
    - Prediction length: 13
    - Windows: 4
TIME run allocation action=new run=/fslarge/scratch/users/h61084/codes/fine_time/outputs/task_finetuning/tasks/frozen/chronos2/univariate/Job_Claims/W/short/run_0 launch_id=selena_fine_time_20260929T092621Z_11326 slurm_job_id=3607387 launched_at=2026-09-29T10:54:38.117110+00:00
    Total instances: 8, Series during experiment: 2, Windows: 4
    Collecting ground truth and context...
    Detected to_univariate case: 2 flat series -> 1 series x 2 variates
    Organizing data into arrays...
    ⚠️  Predictions max value (2021854.25) exceeds float16 safe range.
    ⚠️  Applying scale factor: 100 (values will be divided)
    Saved predictions (quantiles) to /fslarge/scratch/users/h61084/codes/fine_time/outputs/task_finetuning/tasks/frozen/chronos2/univariate/Job_Claims/W/short/run_0/predictions.npz
    Computing per-window metrics...
    Saved metrics to /fslarge/scratch/users/h61084/codes/fine_time/outputs/task_finetuning/tasks/frozen/chronos2/univariate/Job_Claims/W/short/run_0/metrics.npz
    Saved aggregate metrics to /fslarge/scratch/users/h61084/codes/fine_time/outputs/task_finetuning/tasks/frozen/chronos2/univariate/Job_Claims/W/short/run_0/metrics_summary.json
    Metrics summary (averaged over all series/windows/variates):
      MSE: 773731279.6952
      MAE: 18364.7180
      RMSE: 21751.8957
      MAPE: 0.0249
      sMAPE: 0.0252
      MASE: 3.1949
      ND: 0.0250
      CRPS: 0.0200
  Completed: 1 series × 4 windows
  Output: /fslarge/scratch/users/h61084/codes/fine_time/outputs/task_finetuning/tasks/frozen/chronos2/univariate/Job_Claims/W/short/run_0

============================================================
All experiments completed!
Results saved to: /scratch/users/h61084/codes/fine_time/outputs/task_finetuning/tasks/frozen
============================================================
[38/90] evaluate chronos2 task_finetuned on Job_Claims/W/short
[2026-09-29 10:54:38 UTC] resources selected_device {"device": "cuda", "model": "chronos2", "stage": "forecast"}
Loading configuration...

============================================================
Dataset: Job_Claims/W
Model: amazon/chronos-2
Checkpoint: /fslarge/scratch/users/h61084/codes/fine_time/outputs/task_finetuning/checkpoints/chronos2/Job_Claims/W/short/run_0/finetuned-ckpt
Terms: ['short']
Covariate mode: none
Instance normalization: none
============================================================

--- Term: short ---
  Config: prediction_length=13, test_length=52, val_length=13
TIME run allocation action=new run=/fslarge/scratch/users/h61084/codes/fine_time/outputs/task_finetuning/tasks/inference/chronos2/univariate/Job_Claims/W/short/run_1 launch_id=selena_fine_time_20260929T092621Z_11326 slurm_job_id=3607387 launched_at=2026-09-29T10:54:38.155265+00:00
  Initializing Chronos pipeline (/fslarge/scratch/users/h61084/codes/fine_time/outputs/task_finetuning/checkpoints/chronos2/Job_Claims/W/short/run_0/finetuned-ckpt)...
  Dataset info:
    - Frequency: W
    - Num series: 1
    - Target dim: 2
    - Target mode: univariate
    - Covariate channels: 0
    - Series length: min=196, max=196, avg=196.0
    - Test split: 52 steps
    - Prediction length: 13
    - Windows: 4
TIME run allocation action=new run=/fslarge/scratch/users/h61084/codes/fine_time/outputs/task_finetuning/tasks/task_finetuned/chronos2/univariate/Job_Claims/W/short/run_0 launch_id=selena_fine_time_20260929T092621Z_11326 slurm_job_id=3607387 launched_at=2026-09-29T10:54:39.214088+00:00
    Total instances: 8, Series during experiment: 2, Windows: 4
    Collecting ground truth and context...
    Detected to_univariate case: 2 flat series -> 1 series x 2 variates
    Organizing data into arrays...
    ⚠️  Predictions max value (2017168.75) exceeds float16 safe range.
    ⚠️  Applying scale factor: 100 (values will be divided)
    Saved predictions (quantiles) to /fslarge/scratch/users/h61084/codes/fine_time/outputs/task_finetuning/tasks/task_finetuned/chronos2/univariate/Job_Claims/W/short/run_0/predictions.npz
    Computing per-window metrics...
    Saved metrics to /fslarge/scratch/users/h61084/codes/fine_time/outputs/task_finetuning/tasks/task_finetuned/chronos2/univariate/Job_Claims/W/short/run_0/metrics.npz
    Saved aggregate metrics to /fslarge/scratch/users/h61084/codes/fine_time/outputs/task_finetuning/tasks/task_finetuned/chronos2/univariate/Job_Claims/W/short/run_0/metrics_summary.json
    Metrics summary (averaged over all series/windows/variates):
      MSE: 538559198.9633
      MAE: 15154.0901
      RMSE: 18245.1499
      MAPE: 0.0220
      sMAPE: 0.0222
      MASE: 2.7326
      ND: 0.0222
      CRPS: 0.0176
  Completed: 1 series × 4 windows
  Output: /fslarge/scratch/users/h61084/codes/fine_time/outputs/task_finetuning/tasks/task_finetuned/chronos2/univariate/Job_Claims/W/short/run_0

============================================================
All experiments completed!
Results saved to: /scratch/users/h61084/codes/fine_time/outputs/task_finetuning/tasks/task_finetuned
============================================================
[39/90] evaluate chronos2 frozen on MetroPT-3/5T/long
[2026-09-29 10:54:39 UTC] resources selected_device {"device": "cuda", "model": "chronos2", "stage": "forecast"}
Loading configuration...

============================================================
Dataset: MetroPT-3/5T
Model: amazon/chronos-2
Checkpoint: /fslarge/scratch/users/h61084/weights/chronos2
Terms: ['long']
Covariate mode: none
Instance normalization: none
============================================================

--- Term: long ---
  Config: prediction_length=576, test_length=1728, val_length=1728
TIME run allocation action=new run=/fslarge/scratch/users/h61084/codes/fine_time/outputs/task_finetuning/tasks/inference/chronos2/univariate/MetroPT-3/5T/long/run_0 launch_id=selena_fine_time_20260929T092621Z_11326 slurm_job_id=3607387 launched_at=2026-09-29T10:54:39.282765+00:00
  Initializing Chronos pipeline (/fslarge/scratch/users/h61084/weights/chronos2)...
  Dataset info:
    - Frequency: 5T
    - Num series: 1
    - Target dim: 6
    - Target mode: univariate
    - Covariate channels: 0
    - Series length: min=17809, max=17809, avg=17809.0
    - Test split: 1728 steps
    - Prediction length: 576
    - Windows: 3
TIME run allocation action=new run=/fslarge/scratch/users/h61084/codes/fine_time/outputs/task_finetuning/tasks/frozen/chronos2/univariate/MetroPT-3/5T/long/run_0 launch_id=selena_fine_time_20260929T092621Z_11326 slurm_job_id=3607387 launched_at=2026-09-29T10:54:39.621368+00:00
    Total instances: 18, Series during experiment: 6, Windows: 3
    Collecting ground truth and context...
    Detected to_univariate case: 6 flat series -> 1 series x 6 variates
    Organizing data into arrays...
    Saved predictions (quantiles) to /fslarge/scratch/users/h61084/codes/fine_time/outputs/task_finetuning/tasks/frozen/chronos2/univariate/MetroPT-3/5T/long/run_0/predictions.npz
    Computing per-window metrics...
    Saved metrics to /fslarge/scratch/users/h61084/codes/fine_time/outputs/task_finetuning/tasks/frozen/chronos2/univariate/MetroPT-3/5T/long/run_0/metrics.npz
    Saved aggregate metrics to /fslarge/scratch/users/h61084/codes/fine_time/outputs/task_finetuning/tasks/frozen/chronos2/univariate/MetroPT-3/5T/long/run_0/metrics_summary.json
    Metrics summary (averaged over all series/windows/variates):
      MSE: 3.4136
      MAE: 1.1577
      RMSE: 1.5336
      MAPE: 3.0809
      sMAPE: 0.5202
      MASE: 0.6643
      ND: 0.3314
      CRPS: 0.2483
  Completed: 1 series × 3 windows
  Output: /fslarge/scratch/users/h61084/codes/fine_time/outputs/task_finetuning/tasks/frozen/chronos2/univariate/MetroPT-3/5T/long/run_0

============================================================
All experiments completed!
Results saved to: /scratch/users/h61084/codes/fine_time/outputs/task_finetuning/tasks/frozen
============================================================
[39/90] evaluate chronos2 task_finetuned on MetroPT-3/5T/long
[2026-09-29 10:54:39 UTC] resources selected_device {"device": "cuda", "model": "chronos2", "stage": "forecast"}
Loading configuration...

============================================================
Dataset: MetroPT-3/5T
Model: amazon/chronos-2
Checkpoint: /fslarge/scratch/users/h61084/codes/fine_time/outputs/task_finetuning/checkpoints/chronos2/MetroPT-3/5T/long/run_0/finetuned-ckpt
Terms: ['long']
Covariate mode: none
Instance normalization: none
============================================================

--- Term: long ---
  Config: prediction_length=576, test_length=1728, val_length=1728
TIME run allocation action=new run=/fslarge/scratch/users/h61084/codes/fine_time/outputs/task_finetuning/tasks/inference/chronos2/univariate/MetroPT-3/5T/long/run_1 launch_id=selena_fine_time_20260929T092621Z_11326 slurm_job_id=3607387 launched_at=2026-09-29T10:54:39.692872+00:00
  Initializing Chronos pipeline (/fslarge/scratch/users/h61084/codes/fine_time/outputs/task_finetuning/checkpoints/chronos2/MetroPT-3/5T/long/run_0/finetuned-ckpt)...
  Dataset info:
    - Frequency: 5T
    - Num series: 1
    - Target dim: 6
    - Target mode: univariate
    - Covariate channels: 0
    - Series length: min=17809, max=17809, avg=17809.0
    - Test split: 1728 steps
    - Prediction length: 576
    - Windows: 3
TIME run allocation action=new run=/fslarge/scratch/users/h61084/codes/fine_time/outputs/task_finetuning/tasks/task_finetuned/chronos2/univariate/MetroPT-3/5T/long/run_0 launch_id=selena_fine_time_20260929T092621Z_11326 slurm_job_id=3607387 launched_at=2026-09-29T10:54:40.849471+00:00
    Total instances: 18, Series during experiment: 6, Windows: 3
    Collecting ground truth and context...
    Detected to_univariate case: 6 flat series -> 1 series x 6 variates
    Organizing data into arrays...
    Saved predictions (quantiles) to /fslarge/scratch/users/h61084/codes/fine_time/outputs/task_finetuning/tasks/task_finetuned/chronos2/univariate/MetroPT-3/5T/long/run_0/predictions.npz
    Computing per-window metrics...
    Saved metrics to /fslarge/scratch/users/h61084/codes/fine_time/outputs/task_finetuning/tasks/task_finetuned/chronos2/univariate/MetroPT-3/5T/long/run_0/metrics.npz
    Saved aggregate metrics to /fslarge/scratch/users/h61084/codes/fine_time/outputs/task_finetuning/tasks/task_finetuned/chronos2/univariate/MetroPT-3/5T/long/run_0/metrics_summary.json
    Metrics summary (averaged over all series/windows/variates):
      MSE: 3.3922
      MAE: 1.1528
      RMSE: 1.5339
      MAPE: 3.0374
      sMAPE: 0.5205
      MASE: 0.6616
      ND: 0.3309
      CRPS: 0.2480
  Completed: 1 series × 3 windows
  Output: /fslarge/scratch/users/h61084/codes/fine_time/outputs/task_finetuning/tasks/task_finetuned/chronos2/univariate/MetroPT-3/5T/long/run_0

============================================================
All experiments completed!
Results saved to: /scratch/users/h61084/codes/fine_time/outputs/task_finetuning/tasks/task_finetuned
============================================================
[40/90] evaluate chronos2 frozen on MetroPT-3/5T/medium
[2026-09-29 10:54:40 UTC] resources selected_device {"device": "cuda", "model": "chronos2", "stage": "forecast"}
Loading configuration...

============================================================
Dataset: MetroPT-3/5T
Model: amazon/chronos-2
Checkpoint: /fslarge/scratch/users/h61084/weights/chronos2
Terms: ['medium']
Covariate mode: none
Instance normalization: none
============================================================

--- Term: medium ---
  Config: prediction_length=288, test_length=1728, val_length=1728
TIME run allocation action=new run=/fslarge/scratch/users/h61084/codes/fine_time/outputs/task_finetuning/tasks/inference/chronos2/univariate/MetroPT-3/5T/medium/run_0 launch_id=selena_fine_time_20260929T092621Z_11326 slurm_job_id=3607387 launched_at=2026-09-29T10:54:40.925354+00:00
  Initializing Chronos pipeline (/fslarge/scratch/users/h61084/weights/chronos2)...
  Dataset info:
    - Frequency: 5T
    - Num series: 1
    - Target dim: 6
    - Target mode: univariate
    - Covariate channels: 0
    - Series length: min=17809, max=17809, avg=17809.0
    - Test split: 1728 steps
    - Prediction length: 288
    - Windows: 6
TIME run allocation action=new run=/fslarge/scratch/users/h61084/codes/fine_time/outputs/task_finetuning/tasks/frozen/chronos2/univariate/MetroPT-3/5T/medium/run_0 launch_id=selena_fine_time_20260929T092621Z_11326 slurm_job_id=3607387 launched_at=2026-09-29T10:54:41.361364+00:00
    Total instances: 36, Series during experiment: 6, Windows: 6
    Collecting ground truth and context...
    Detected to_univariate case: 6 flat series -> 1 series x 6 variates
    Organizing data into arrays...
    Saved predictions (quantiles) to /fslarge/scratch/users/h61084/codes/fine_time/outputs/task_finetuning/tasks/frozen/chronos2/univariate/MetroPT-3/5T/medium/run_0/predictions.npz
    Computing per-window metrics...
    Saved metrics to /fslarge/scratch/users/h61084/codes/fine_time/outputs/task_finetuning/tasks/frozen/chronos2/univariate/MetroPT-3/5T/medium/run_0/metrics.npz
    Saved aggregate metrics to /fslarge/scratch/users/h61084/codes/fine_time/outputs/task_finetuning/tasks/frozen/chronos2/univariate/MetroPT-3/5T/medium/run_0/metrics_summary.json
    Metrics summary (averaged over all series/windows/variates):
      MSE: 3.3363
      MAE: 1.1450
      RMSE: 1.5182
      MAPE: 3.0558
      sMAPE: 0.5167
      MASE: 0.6476
      ND: 0.3286
      CRPS: 0.2460
  Completed: 1 series × 6 windows
  Output: /fslarge/scratch/users/h61084/codes/fine_time/outputs/task_finetuning/tasks/frozen/chronos2/univariate/MetroPT-3/5T/medium/run_0

============================================================
All experiments completed!
Results saved to: /scratch/users/h61084/codes/fine_time/outputs/task_finetuning/tasks/frozen
============================================================
[40/90] evaluate chronos2 task_finetuned on MetroPT-3/5T/medium
[2026-09-29 10:54:41 UTC] resources selected_device {"device": "cuda", "model": "chronos2", "stage": "forecast"}
Loading configuration...

============================================================
Dataset: MetroPT-3/5T
Model: amazon/chronos-2
Checkpoint: /fslarge/scratch/users/h61084/codes/fine_time/outputs/task_finetuning/checkpoints/chronos2/MetroPT-3/5T/medium/run_0/finetuned-ckpt
Terms: ['medium']
Covariate mode: none
Instance normalization: none
============================================================

--- Term: medium ---
  Config: prediction_length=288, test_length=1728, val_length=1728
TIME run allocation action=new run=/fslarge/scratch/users/h61084/codes/fine_time/outputs/task_finetuning/tasks/inference/chronos2/univariate/MetroPT-3/5T/medium/run_1 launch_id=selena_fine_time_20260929T092621Z_11326 slurm_job_id=3607387 launched_at=2026-09-29T10:54:41.439341+00:00
  Initializing Chronos pipeline (/fslarge/scratch/users/h61084/codes/fine_time/outputs/task_finetuning/checkpoints/chronos2/MetroPT-3/5T/medium/run_0/finetuned-ckpt)...
  Dataset info:
    - Frequency: 5T
    - Num series: 1
    - Target dim: 6
    - Target mode: univariate
    - Covariate channels: 0
    - Series length: min=17809, max=17809, avg=17809.0
    - Test split: 1728 steps
    - Prediction length: 288
    - Windows: 6
TIME run allocation action=new run=/fslarge/scratch/users/h61084/codes/fine_time/outputs/task_finetuning/tasks/task_finetuned/chronos2/univariate/MetroPT-3/5T/medium/run_0 launch_id=selena_fine_time_20260929T092621Z_11326 slurm_job_id=3607387 launched_at=2026-09-29T10:54:42.570056+00:00
    Total instances: 36, Series during experiment: 6, Windows: 6
    Collecting ground truth and context...
    Detected to_univariate case: 6 flat series -> 1 series x 6 variates
    Organizing data into arrays...
    Saved predictions (quantiles) to /fslarge/scratch/users/h61084/codes/fine_time/outputs/task_finetuning/tasks/task_finetuned/chronos2/univariate/MetroPT-3/5T/medium/run_0/predictions.npz
    Computing per-window metrics...
    Saved metrics to /fslarge/scratch/users/h61084/codes/fine_time/outputs/task_finetuning/tasks/task_finetuned/chronos2/univariate/MetroPT-3/5T/medium/run_0/metrics.npz
    Saved aggregate metrics to /fslarge/scratch/users/h61084/codes/fine_time/outputs/task_finetuning/tasks/task_finetuned/chronos2/univariate/MetroPT-3/5T/medium/run_0/metrics_summary.json
    Metrics summary (averaged over all series/windows/variates):
      MSE: 3.3244
      MAE: 1.1426
      RMSE: 1.5185
      MAPE: 3.0415
      sMAPE: 0.5176
      MASE: 0.6458
      ND: 0.3284
      CRPS: 0.2461
  Completed: 1 series × 6 windows
  Output: /fslarge/scratch/users/h61084/codes/fine_time/outputs/task_finetuning/tasks/task_finetuned/chronos2/univariate/MetroPT-3/5T/medium/run_0

============================================================
All experiments completed!
Results saved to: /scratch/users/h61084/codes/fine_time/outputs/task_finetuning/tasks/task_finetuned
============================================================
[41/90] evaluate chronos2 frozen on MetroPT-3/5T/short
[2026-09-29 10:54:42 UTC] resources selected_device {"device": "cuda", "model": "chronos2", "stage": "forecast"}
Loading configuration...

============================================================
Dataset: MetroPT-3/5T
Model: amazon/chronos-2
Checkpoint: /fslarge/scratch/users/h61084/weights/chronos2
Terms: ['short']
Covariate mode: none
Instance normalization: none
============================================================

--- Term: short ---
  Config: prediction_length=48, test_length=1728, val_length=1728
TIME run allocation action=new run=/fslarge/scratch/users/h61084/codes/fine_time/outputs/task_finetuning/tasks/inference/chronos2/univariate/MetroPT-3/5T/short/run_0 launch_id=selena_fine_time_20260929T092621Z_11326 slurm_job_id=3607387 launched_at=2026-09-29T10:54:42.651798+00:00
  Initializing Chronos pipeline (/fslarge/scratch/users/h61084/weights/chronos2)...
  Dataset info:
    - Frequency: 5T
    - Num series: 1
    - Target dim: 6
    - Target mode: univariate
    - Covariate channels: 0
    - Series length: min=17809, max=17809, avg=17809.0
    - Test split: 1728 steps
    - Prediction length: 48
    - Windows: 36
TIME run allocation action=new run=/fslarge/scratch/users/h61084/codes/fine_time/outputs/task_finetuning/tasks/frozen/chronos2/univariate/MetroPT-3/5T/short/run_0 launch_id=selena_fine_time_20260929T092621Z_11326 slurm_job_id=3607387 launched_at=2026-09-29T10:54:43.842183+00:00
    Total instances: 216, Series during experiment: 6, Windows: 36
    Collecting ground truth and context...
    Detected to_univariate case: 6 flat series -> 1 series x 6 variates
    Organizing data into arrays...
    Saved predictions (quantiles) to /fslarge/scratch/users/h61084/codes/fine_time/outputs/task_finetuning/tasks/frozen/chronos2/univariate/MetroPT-3/5T/short/run_0/predictions.npz
    Computing per-window metrics...
    Saved metrics to /fslarge/scratch/users/h61084/codes/fine_time/outputs/task_finetuning/tasks/frozen/chronos2/univariate/MetroPT-3/5T/short/run_0/metrics.npz
    Saved aggregate metrics to /fslarge/scratch/users/h61084/codes/fine_time/outputs/task_finetuning/tasks/frozen/chronos2/univariate/MetroPT-3/5T/short/run_0/metrics_summary.json
    Metrics summary (averaged over all series/windows/variates):
      MSE: 3.3005
      MAE: 1.1011
      RMSE: 1.4651
      MAPE: 3.2997
      sMAPE: 0.4905
      MASE: 0.6110
      ND: 0.3142
      CRPS: 0.2377
  Completed: 1 series × 36 windows
  Output: /fslarge/scratch/users/h61084/codes/fine_time/outputs/task_finetuning/tasks/frozen/chronos2/univariate/MetroPT-3/5T/short/run_0

============================================================
All experiments completed!
Results saved to: /scratch/users/h61084/codes/fine_time/outputs/task_finetuning/tasks/frozen
============================================================
[41/90] evaluate chronos2 task_finetuned on MetroPT-3/5T/short
[2026-09-29 10:54:43 UTC] resources selected_device {"device": "cuda", "model": "chronos2", "stage": "forecast"}
Loading configuration...

============================================================
Dataset: MetroPT-3/5T
Model: amazon/chronos-2
Checkpoint: /fslarge/scratch/users/h61084/codes/fine_time/outputs/task_finetuning/checkpoints/chronos2/MetroPT-3/5T/short/run_0/finetuned-ckpt
Terms: ['short']
Covariate mode: none
Instance normalization: none
============================================================

--- Term: short ---
  Config: prediction_length=48, test_length=1728, val_length=1728
TIME run allocation action=new run=/fslarge/scratch/users/h61084/codes/fine_time/outputs/task_finetuning/tasks/inference/chronos2/univariate/MetroPT-3/5T/short/run_1 launch_id=selena_fine_time_20260929T092621Z_11326 slurm_job_id=3607387 launched_at=2026-09-29T10:54:43.970809+00:00
  Initializing Chronos pipeline (/fslarge/scratch/users/h61084/codes/fine_time/outputs/task_finetuning/checkpoints/chronos2/MetroPT-3/5T/short/run_0/finetuned-ckpt)...
  Dataset info:
    - Frequency: 5T
    - Num series: 1
    - Target dim: 6
    - Target mode: univariate
    - Covariate channels: 0
    - Series length: min=17809, max=17809, avg=17809.0
    - Test split: 1728 steps
    - Prediction length: 48
    - Windows: 36
TIME run allocation action=new run=/fslarge/scratch/users/h61084/codes/fine_time/outputs/task_finetuning/tasks/task_finetuned/chronos2/univariate/MetroPT-3/5T/short/run_0 launch_id=selena_fine_time_20260929T092621Z_11326 slurm_job_id=3607387 launched_at=2026-09-29T10:54:45.881691+00:00
    Total instances: 216, Series during experiment: 6, Windows: 36
    Collecting ground truth and context...
    Detected to_univariate case: 6 flat series -> 1 series x 6 variates
    Organizing data into arrays...
    Saved predictions (quantiles) to /fslarge/scratch/users/h61084/codes/fine_time/outputs/task_finetuning/tasks/task_finetuned/chronos2/univariate/MetroPT-3/5T/short/run_0/predictions.npz
    Computing per-window metrics...
    Saved metrics to /fslarge/scratch/users/h61084/codes/fine_time/outputs/task_finetuning/tasks/task_finetuned/chronos2/univariate/MetroPT-3/5T/short/run_0/metrics.npz
    Saved aggregate metrics to /fslarge/scratch/users/h61084/codes/fine_time/outputs/task_finetuning/tasks/task_finetuned/chronos2/univariate/MetroPT-3/5T/short/run_0/metrics_summary.json
    Metrics summary (averaged over all series/windows/variates):
      MSE: 3.2751
      MAE: 1.0958
      RMSE: 1.4613
      MAPE: 3.2489
      sMAPE: 0.4920
      MASE: 0.6081
      ND: 0.3136
      CRPS: 0.2371
  Completed: 1 series × 36 windows
  Output: /fslarge/scratch/users/h61084/codes/fine_time/outputs/task_finetuning/tasks/task_finetuned/chronos2/univariate/MetroPT-3/5T/short/run_0

============================================================
All experiments completed!
Results saved to: /scratch/users/h61084/codes/fine_time/outputs/task_finetuning/tasks/task_finetuned
============================================================
[42/90] evaluate chronos2 frozen on NE_China_Wind/H/long
[2026-09-29 10:54:45 UTC] resources selected_device {"device": "cuda", "model": "chronos2", "stage": "forecast"}
Loading configuration...

============================================================
Dataset: NE_China_Wind/H
Model: amazon/chronos-2
Checkpoint: /fslarge/scratch/users/h61084/weights/chronos2
Terms: ['long']
Covariate mode: none
Instance normalization: none
============================================================

--- Term: long ---
  Config: prediction_length=168, test_length=720, val_length=720
TIME run allocation action=new run=/fslarge/scratch/users/h61084/codes/fine_time/outputs/task_finetuning/tasks/inference/chronos2/univariate/NE_China_Wind/H/long/run_0 launch_id=selena_fine_time_20260929T092621Z_11326 slurm_job_id=3607387 launched_at=2026-09-29T10:54:46.006782+00:00
  Initializing Chronos pipeline (/fslarge/scratch/users/h61084/weights/chronos2)...
  Dataset info:
    - Frequency: H
    - Num series: 1
    - Target dim: 4
    - Target mode: univariate
    - Covariate channels: 0
    - Series length: min=8764, max=8764, avg=8764.0
    - Test split: 720 steps
    - Prediction length: 168
    - Windows: 4
TIME run allocation action=new run=/fslarge/scratch/users/h61084/codes/fine_time/outputs/task_finetuning/tasks/frozen/chronos2/univariate/NE_China_Wind/H/long/run_0 launch_id=selena_fine_time_20260929T092621Z_11326 slurm_job_id=3607387 launched_at=2026-09-29T10:54:46.316488+00:00
    Total instances: 16, Series during experiment: 4, Windows: 4
    Collecting ground truth and context...
    Detected to_univariate case: 4 flat series -> 1 series x 4 variates
    Organizing data into arrays...
    Saved predictions (quantiles) to /fslarge/scratch/users/h61084/codes/fine_time/outputs/task_finetuning/tasks/frozen/chronos2/univariate/NE_China_Wind/H/long/run_0/predictions.npz
    Computing per-window metrics...
    Saved metrics to /fslarge/scratch/users/h61084/codes/fine_time/outputs/task_finetuning/tasks/frozen/chronos2/univariate/NE_China_Wind/H/long/run_0/metrics.npz
    Saved aggregate metrics to /fslarge/scratch/users/h61084/codes/fine_time/outputs/task_finetuning/tasks/frozen/chronos2/univariate/NE_China_Wind/H/long/run_0/metrics_summary.json
    Metrics summary (averaged over all series/windows/variates):
      MSE: 0.3216
      MAE: 0.4365
      RMSE: 0.5253
      MAPE: 1.1979
      sMAPE: 0.7967
      MASE: 1.1843
      ND: 0.6048
      CRPS: 0.4742
  Completed: 1 series × 4 windows
  Output: /fslarge/scratch/users/h61084/codes/fine_time/outputs/task_finetuning/tasks/frozen/chronos2/univariate/NE_China_Wind/H/long/run_0

============================================================
All experiments completed!
Results saved to: /scratch/users/h61084/codes/fine_time/outputs/task_finetuning/tasks/frozen
============================================================
[42/90] evaluate chronos2 task_finetuned on NE_China_Wind/H/long
[2026-09-29 10:54:46 UTC] resources selected_device {"device": "cuda", "model": "chronos2", "stage": "forecast"}
Loading configuration...

============================================================
Dataset: NE_China_Wind/H
Model: amazon/chronos-2
Checkpoint: /fslarge/scratch/users/h61084/codes/fine_time/outputs/task_finetuning/checkpoints/chronos2/NE_China_Wind/H/long/run_0/finetuned-ckpt
Terms: ['long']
Covariate mode: none
Instance normalization: none
============================================================

--- Term: long ---
  Config: prediction_length=168, test_length=720, val_length=720
TIME run allocation action=new run=/fslarge/scratch/users/h61084/codes/fine_time/outputs/task_finetuning/tasks/inference/chronos2/univariate/NE_China_Wind/H/long/run_1 launch_id=selena_fine_time_20260929T092621Z_11326 slurm_job_id=3607387 launched_at=2026-09-29T10:54:46.366342+00:00
  Initializing Chronos pipeline (/fslarge/scratch/users/h61084/codes/fine_time/outputs/task_finetuning/checkpoints/chronos2/NE_China_Wind/H/long/run_0/finetuned-ckpt)...
  Dataset info:
    - Frequency: H
    - Num series: 1
    - Target dim: 4
    - Target mode: univariate
    - Covariate channels: 0
    - Series length: min=8764, max=8764, avg=8764.0
    - Test split: 720 steps
    - Prediction length: 168
    - Windows: 4
TIME run allocation action=new run=/fslarge/scratch/users/h61084/codes/fine_time/outputs/task_finetuning/tasks/task_finetuned/chronos2/univariate/NE_China_Wind/H/long/run_0 launch_id=selena_fine_time_20260929T092621Z_11326 slurm_job_id=3607387 launched_at=2026-09-29T10:54:47.580719+00:00
    Total instances: 16, Series during experiment: 4, Windows: 4
    Collecting ground truth and context...
    Detected to_univariate case: 4 flat series -> 1 series x 4 variates
    Organizing data into arrays...
    Saved predictions (quantiles) to /fslarge/scratch/users/h61084/codes/fine_time/outputs/task_finetuning/tasks/task_finetuned/chronos2/univariate/NE_China_Wind/H/long/run_0/predictions.npz
    Computing per-window metrics...
    Saved metrics to /fslarge/scratch/users/h61084/codes/fine_time/outputs/task_finetuning/tasks/task_finetuned/chronos2/univariate/NE_China_Wind/H/long/run_0/metrics.npz
    Saved aggregate metrics to /fslarge/scratch/users/h61084/codes/fine_time/outputs/task_finetuning/tasks/task_finetuned/chronos2/univariate/NE_China_Wind/H/long/run_0/metrics_summary.json
    Metrics summary (averaged over all series/windows/variates):
      MSE: 0.3257
      MAE: 0.4369
      RMSE: 0.5298
      MAPE: 1.2057
      sMAPE: 0.8170
      MASE: 1.1696
      ND: 0.6101
      CRPS: 0.4832
  Completed: 1 series × 4 windows
  Output: /fslarge/scratch/users/h61084/codes/fine_time/outputs/task_finetuning/tasks/task_finetuned/chronos2/univariate/NE_China_Wind/H/long/run_0

============================================================
All experiments completed!
Results saved to: /scratch/users/h61084/codes/fine_time/outputs/task_finetuning/tasks/task_finetuned
============================================================
[43/90] evaluate chronos2 frozen on NE_China_Wind/H/medium
[2026-09-29 10:54:47 UTC] resources selected_device {"device": "cuda", "model": "chronos2", "stage": "forecast"}
Loading configuration...

============================================================
Dataset: NE_China_Wind/H
Model: amazon/chronos-2
Checkpoint: /fslarge/scratch/users/h61084/weights/chronos2
Terms: ['medium']
Covariate mode: none
Instance normalization: none
============================================================

--- Term: medium ---
  Config: prediction_length=72, test_length=720, val_length=720
TIME run allocation action=new run=/fslarge/scratch/users/h61084/codes/fine_time/outputs/task_finetuning/tasks/inference/chronos2/univariate/NE_China_Wind/H/medium/run_0 launch_id=selena_fine_time_20260929T092621Z_11326 slurm_job_id=3607387 launched_at=2026-09-29T10:54:47.634818+00:00
  Initializing Chronos pipeline (/fslarge/scratch/users/h61084/weights/chronos2)...
  Dataset info:
    - Frequency: H
    - Num series: 1
    - Target dim: 4
    - Target mode: univariate
    - Covariate channels: 0
    - Series length: min=8764, max=8764, avg=8764.0
    - Test split: 720 steps
    - Prediction length: 72
    - Windows: 10
TIME run allocation action=new run=/fslarge/scratch/users/h61084/codes/fine_time/outputs/task_finetuning/tasks/frozen/chronos2/univariate/NE_China_Wind/H/medium/run_0 launch_id=selena_fine_time_20260929T092621Z_11326 slurm_job_id=3607387 launched_at=2026-09-29T10:54:48.046133+00:00
    Total instances: 40, Series during experiment: 4, Windows: 10
    Collecting ground truth and context...
    Detected to_univariate case: 4 flat series -> 1 series x 4 variates
    Organizing data into arrays...
    Saved predictions (quantiles) to /fslarge/scratch/users/h61084/codes/fine_time/outputs/task_finetuning/tasks/frozen/chronos2/univariate/NE_China_Wind/H/medium/run_0/predictions.npz
    Computing per-window metrics...
    Saved metrics to /fslarge/scratch/users/h61084/codes/fine_time/outputs/task_finetuning/tasks/frozen/chronos2/univariate/NE_China_Wind/H/medium/run_0/metrics.npz
    Saved aggregate metrics to /fslarge/scratch/users/h61084/codes/fine_time/outputs/task_finetuning/tasks/frozen/chronos2/univariate/NE_China_Wind/H/medium/run_0/metrics_summary.json
    Metrics summary (averaged over all series/windows/variates):
      MSE: 0.2382
      MAE: 0.3584
      RMSE: 0.4166
      MAPE: 0.9946
      sMAPE: 0.6860
      MASE: 0.8980
      ND: 0.5423
      CRPS: 0.4232
  Completed: 1 series × 10 windows
  Output: /fslarge/scratch/users/h61084/codes/fine_time/outputs/task_finetuning/tasks/frozen/chronos2/univariate/NE_China_Wind/H/medium/run_0

============================================================
All experiments completed!
Results saved to: /scratch/users/h61084/codes/fine_time/outputs/task_finetuning/tasks/frozen
============================================================
[43/90] evaluate chronos2 task_finetuned on NE_China_Wind/H/medium
[2026-09-29 10:54:48 UTC] resources selected_device {"device": "cuda", "model": "chronos2", "stage": "forecast"}
Loading configuration...

============================================================
Dataset: NE_China_Wind/H
Model: amazon/chronos-2
Checkpoint: /fslarge/scratch/users/h61084/codes/fine_time/outputs/task_finetuning/checkpoints/chronos2/NE_China_Wind/H/medium/run_0/finetuned-ckpt
Terms: ['medium']
Covariate mode: none
Instance normalization: none
============================================================

--- Term: medium ---
  Config: prediction_length=72, test_length=720, val_length=720
TIME run allocation action=new run=/fslarge/scratch/users/h61084/codes/fine_time/outputs/task_finetuning/tasks/inference/chronos2/univariate/NE_China_Wind/H/medium/run_1 launch_id=selena_fine_time_20260929T092621Z_11326 slurm_job_id=3607387 launched_at=2026-09-29T10:54:48.102502+00:00
  Initializing Chronos pipeline (/fslarge/scratch/users/h61084/codes/fine_time/outputs/task_finetuning/checkpoints/chronos2/NE_China_Wind/H/medium/run_0/finetuned-ckpt)...
  Dataset info:
    - Frequency: H
    - Num series: 1
    - Target dim: 4
    - Target mode: univariate
    - Covariate channels: 0
    - Series length: min=8764, max=8764, avg=8764.0
    - Test split: 720 steps
    - Prediction length: 72
    - Windows: 10
TIME run allocation action=new run=/fslarge/scratch/users/h61084/codes/fine_time/outputs/task_finetuning/tasks/task_finetuned/chronos2/univariate/NE_China_Wind/H/medium/run_0 launch_id=selena_fine_time_20260929T092621Z_11326 slurm_job_id=3607387 launched_at=2026-09-29T10:54:49.266887+00:00
    Total instances: 40, Series during experiment: 4, Windows: 10
    Collecting ground truth and context...
    Detected to_univariate case: 4 flat series -> 1 series x 4 variates
    Organizing data into arrays...
    Saved predictions (quantiles) to /fslarge/scratch/users/h61084/codes/fine_time/outputs/task_finetuning/tasks/task_finetuned/chronos2/univariate/NE_China_Wind/H/medium/run_0/predictions.npz
    Computing per-window metrics...
    Saved metrics to /fslarge/scratch/users/h61084/codes/fine_time/outputs/task_finetuning/tasks/task_finetuned/chronos2/univariate/NE_China_Wind/H/medium/run_0/metrics.npz
    Saved aggregate metrics to /fslarge/scratch/users/h61084/codes/fine_time/outputs/task_finetuning/tasks/task_finetuned/chronos2/univariate/NE_China_Wind/H/medium/run_0/metrics_summary.json
    Metrics summary (averaged over all series/windows/variates):
      MSE: 0.2415
      MAE: 0.3573
      RMSE: 0.4147
      MAPE: 1.0023
      sMAPE: 0.6919
      MASE: 0.8912
      ND: 0.5389
      CRPS: 0.4255
  Completed: 1 series × 10 windows
  Output: /fslarge/scratch/users/h61084/codes/fine_time/outputs/task_finetuning/tasks/task_finetuned/chronos2/univariate/NE_China_Wind/H/medium/run_0

============================================================
All experiments completed!
Results saved to: /scratch/users/h61084/codes/fine_time/outputs/task_finetuning/tasks/task_finetuned
============================================================
[44/90] evaluate chronos2 frozen on NE_China_Wind/H/short
[2026-09-29 10:54:49 UTC] resources selected_device {"device": "cuda", "model": "chronos2", "stage": "forecast"}
Loading configuration...

============================================================
Dataset: NE_China_Wind/H
Model: amazon/chronos-2
Checkpoint: /fslarge/scratch/users/h61084/weights/chronos2
Terms: ['short']
Covariate mode: none
Instance normalization: none
============================================================

--- Term: short ---
  Config: prediction_length=24, test_length=720, val_length=720
TIME run allocation action=new run=/fslarge/scratch/users/h61084/codes/fine_time/outputs/task_finetuning/tasks/inference/chronos2/univariate/NE_China_Wind/H/short/run_0 launch_id=selena_fine_time_20260929T092621Z_11326 slurm_job_id=3607387 launched_at=2026-09-29T10:54:49.329252+00:00
  Initializing Chronos pipeline (/fslarge/scratch/users/h61084/weights/chronos2)...
  Dataset info:
    - Frequency: H
    - Num series: 1
    - Target dim: 4
    - Target mode: univariate
    - Covariate channels: 0
    - Series length: min=8764, max=8764, avg=8764.0
    - Test split: 720 steps
    - Prediction length: 24
    - Windows: 30
TIME run allocation action=new run=/fslarge/scratch/users/h61084/codes/fine_time/outputs/task_finetuning/tasks/frozen/chronos2/univariate/NE_China_Wind/H/short/run_0 launch_id=selena_fine_time_20260929T092621Z_11326 slurm_job_id=3607387 launched_at=2026-09-29T10:54:50.081941+00:00
    Total instances: 120, Series during experiment: 4, Windows: 30
    Collecting ground truth and context...
    Detected to_univariate case: 4 flat series -> 1 series x 4 variates
    Organizing data into arrays...
    Saved predictions (quantiles) to /fslarge/scratch/users/h61084/codes/fine_time/outputs/task_finetuning/tasks/frozen/chronos2/univariate/NE_China_Wind/H/short/run_0/predictions.npz
    Computing per-window metrics...
    Saved metrics to /fslarge/scratch/users/h61084/codes/fine_time/outputs/task_finetuning/tasks/frozen/chronos2/univariate/NE_China_Wind/H/short/run_0/metrics.npz
    Saved aggregate metrics to /fslarge/scratch/users/h61084/codes/fine_time/outputs/task_finetuning/tasks/frozen/chronos2/univariate/NE_China_Wind/H/short/run_0/metrics_summary.json
    Metrics summary (averaged over all series/windows/variates):
      MSE: 0.0986
      MAE: 0.2133
      RMSE: 0.2496
      MAPE: 0.8395
      sMAPE: 0.4869
      MASE: 0.5042
      ND: 0.4323
      CRPS: 0.3356
  Completed: 1 series × 30 windows
  Output: /fslarge/scratch/users/h61084/codes/fine_time/outputs/task_finetuning/tasks/frozen/chronos2/univariate/NE_China_Wind/H/short/run_0

============================================================
All experiments completed!
Results saved to: /scratch/users/h61084/codes/fine_time/outputs/task_finetuning/tasks/frozen
============================================================
[44/90] evaluate chronos2 task_finetuned on NE_China_Wind/H/short
[2026-09-29 10:54:50 UTC] resources selected_device {"device": "cuda", "model": "chronos2", "stage": "forecast"}
Loading configuration...

============================================================
Dataset: NE_China_Wind/H
Model: amazon/chronos-2
Checkpoint: /fslarge/scratch/users/h61084/codes/fine_time/outputs/task_finetuning/checkpoints/chronos2/NE_China_Wind/H/short/run_0/finetuned-ckpt
Terms: ['short']
Covariate mode: none
Instance normalization: none
============================================================

--- Term: short ---
  Config: prediction_length=24, test_length=720, val_length=720
TIME run allocation action=new run=/fslarge/scratch/users/h61084/codes/fine_time/outputs/task_finetuning/tasks/inference/chronos2/univariate/NE_China_Wind/H/short/run_1 launch_id=selena_fine_time_20260929T092621Z_11326 slurm_job_id=3607387 launched_at=2026-09-29T10:54:50.158745+00:00
  Initializing Chronos pipeline (/fslarge/scratch/users/h61084/codes/fine_time/outputs/task_finetuning/checkpoints/chronos2/NE_China_Wind/H/short/run_0/finetuned-ckpt)...
  Dataset info:
    - Frequency: H
    - Num series: 1
    - Target dim: 4
    - Target mode: univariate
    - Covariate channels: 0
    - Series length: min=8764, max=8764, avg=8764.0
    - Test split: 720 steps
    - Prediction length: 24
    - Windows: 30
TIME run allocation action=new run=/fslarge/scratch/users/h61084/codes/fine_time/outputs/task_finetuning/tasks/task_finetuned/chronos2/univariate/NE_China_Wind/H/short/run_0 launch_id=selena_fine_time_20260929T092621Z_11326 slurm_job_id=3607387 launched_at=2026-09-29T10:54:51.950075+00:00
    Total instances: 120, Series during experiment: 4, Windows: 30
    Collecting ground truth and context...
    Detected to_univariate case: 4 flat series -> 1 series x 4 variates
    Organizing data into arrays...
    Saved predictions (quantiles) to /fslarge/scratch/users/h61084/codes/fine_time/outputs/task_finetuning/tasks/task_finetuned/chronos2/univariate/NE_China_Wind/H/short/run_0/predictions.npz
    Computing per-window metrics...
    Saved metrics to /fslarge/scratch/users/h61084/codes/fine_time/outputs/task_finetuning/tasks/task_finetuned/chronos2/univariate/NE_China_Wind/H/short/run_0/metrics.npz
    Saved aggregate metrics to /fslarge/scratch/users/h61084/codes/fine_time/outputs/task_finetuning/tasks/task_finetuned/chronos2/univariate/NE_China_Wind/H/short/run_0/metrics_summary.json
    Metrics summary (averaged over all series/windows/variates):
      MSE: 0.0993
      MAE: 0.2150
      RMSE: 0.2511
      MAPE: 0.8467
      sMAPE: 0.4880
      MASE: 0.5093
      ND: 0.4372
      CRPS: 0.3385
  Completed: 1 series × 30 windows
  Output: /fslarge/scratch/users/h61084/codes/fine_time/outputs/task_finetuning/tasks/task_finetuned/chronos2/univariate/NE_China_Wind/H/short/run_0

============================================================
All experiments completed!
Results saved to: /scratch/users/h61084/codes/fine_time/outputs/task_finetuning/tasks/task_finetuned
============================================================
[45/90] evaluate chronos2 frozen on Oil_Price/B/short
[2026-09-29 10:54:52 UTC] resources selected_device {"device": "cuda", "model": "chronos2", "stage": "forecast"}
Loading configuration...

============================================================
Dataset: Oil_Price/B
Model: amazon/chronos-2
Checkpoint: /fslarge/scratch/users/h61084/weights/chronos2
Terms: ['short']
Covariate mode: none
Instance normalization: none
============================================================

--- Term: short ---
  Config: prediction_length=20, test_length=717, val_length=100
TIME run allocation action=new run=/fslarge/scratch/users/h61084/codes/fine_time/outputs/task_finetuning/tasks/inference/chronos2/univariate/Oil_Price/B/short/run_0 launch_id=selena_fine_time_20260929T092621Z_11326 slurm_job_id=3607387 launched_at=2026-09-29T10:54:52.042683+00:00
  Initializing Chronos pipeline (/fslarge/scratch/users/h61084/weights/chronos2)...
  Dataset info:
    - Frequency: B
    - Num series: 1
    - Target dim: 12
    - Target mode: univariate
    - Covariate channels: 0
    - Series length: min=5035, max=5035, avg=5035.0
    - Test split: 717 steps
    - Prediction length: 20
    - Windows: 35
    Processed 320/420...
TIME run allocation action=new run=/fslarge/scratch/users/h61084/codes/fine_time/outputs/task_finetuning/tasks/frozen/chronos2/univariate/Oil_Price/B/short/run_0 launch_id=selena_fine_time_20260929T092621Z_11326 slurm_job_id=3607387 launched_at=2026-09-29T10:54:53.409305+00:00
    Total instances: 420, Series during experiment: 12, Windows: 35
    Collecting ground truth and context...
    Detected to_univariate case: 12 flat series -> 1 series x 12 variates
    Organizing data into arrays...
    Saved predictions (quantiles) to /fslarge/scratch/users/h61084/codes/fine_time/outputs/task_finetuning/tasks/frozen/chronos2/univariate/Oil_Price/B/short/run_0/predictions.npz
    Computing per-window metrics...
    Saved metrics to /fslarge/scratch/users/h61084/codes/fine_time/outputs/task_finetuning/tasks/frozen/chronos2/univariate/Oil_Price/B/short/run_0/metrics.npz
    Saved aggregate metrics to /fslarge/scratch/users/h61084/codes/fine_time/outputs/task_finetuning/tasks/frozen/chronos2/univariate/Oil_Price/B/short/run_0/metrics_summary.json
    Metrics summary (averaged over all series/windows/variates):
      MSE: 3.0768
      MAE: 0.6699
      RMSE: 0.7766
      MAPE: 0.0572
      sMAPE: 0.0563
      MASE: 1.3665
      ND: 0.0568
      CRPS: 0.0451
  Completed: 1 series × 35 windows
  Output: /fslarge/scratch/users/h61084/codes/fine_time/outputs/task_finetuning/tasks/frozen/chronos2/univariate/Oil_Price/B/short/run_0

============================================================
All experiments completed!
Results saved to: /scratch/users/h61084/codes/fine_time/outputs/task_finetuning/tasks/frozen
============================================================
[45/90] evaluate chronos2 task_finetuned on Oil_Price/B/short
[2026-09-29 10:54:53 UTC] resources selected_device {"device": "cuda", "model": "chronos2", "stage": "forecast"}
Loading configuration...

============================================================
Dataset: Oil_Price/B
Model: amazon/chronos-2
Checkpoint: /fslarge/scratch/users/h61084/codes/fine_time/outputs/task_finetuning/checkpoints/chronos2/Oil_Price/B/short/run_0/finetuned-ckpt
Terms: ['short']
Covariate mode: none
Instance normalization: none
============================================================

--- Term: short ---
  Config: prediction_length=20, test_length=717, val_length=100
TIME run allocation action=new run=/fslarge/scratch/users/h61084/codes/fine_time/outputs/task_finetuning/tasks/inference/chronos2/univariate/Oil_Price/B/short/run_1 launch_id=selena_fine_time_20260929T092621Z_11326 slurm_job_id=3607387 launched_at=2026-09-29T10:54:53.571175+00:00
  Initializing Chronos pipeline (/fslarge/scratch/users/h61084/codes/fine_time/outputs/task_finetuning/checkpoints/chronos2/Oil_Price/B/short/run_0/finetuned-ckpt)...
  Dataset info:
    - Frequency: B
    - Num series: 1
    - Target dim: 12
    - Target mode: univariate
    - Covariate channels: 0
    - Series length: min=5035, max=5035, avg=5035.0
    - Test split: 717 steps
    - Prediction length: 20
    - Windows: 35
    Processed 320/420...
TIME run allocation action=new run=/fslarge/scratch/users/h61084/codes/fine_time/outputs/task_finetuning/tasks/task_finetuned/chronos2/univariate/Oil_Price/B/short/run_0 launch_id=selena_fine_time_20260929T092621Z_11326 slurm_job_id=3607387 launched_at=2026-09-29T10:54:55.874913+00:00
    Total instances: 420, Series during experiment: 12, Windows: 35
    Collecting ground truth and context...
    Detected to_univariate case: 12 flat series -> 1 series x 12 variates
    Organizing data into arrays...
    Saved predictions (quantiles) to /fslarge/scratch/users/h61084/codes/fine_time/outputs/task_finetuning/tasks/task_finetuned/chronos2/univariate/Oil_Price/B/short/run_0/predictions.npz
    Computing per-window metrics...
    Saved metrics to /fslarge/scratch/users/h61084/codes/fine_time/outputs/task_finetuning/tasks/task_finetuned/chronos2/univariate/Oil_Price/B/short/run_0/metrics.npz
    Saved aggregate metrics to /fslarge/scratch/users/h61084/codes/fine_time/outputs/task_finetuning/tasks/task_finetuned/chronos2/univariate/Oil_Price/B/short/run_0/metrics_summary.json
    Metrics summary (averaged over all series/windows/variates):
      MSE: 3.2142
      MAE: 0.6820
      RMSE: 0.7899
      MAPE: 0.0576
      sMAPE: 0.0565
      MASE: 1.3756
      ND: 0.0571
      CRPS: 0.0452
  Completed: 1 series × 35 windows
  Output: /fslarge/scratch/users/h61084/codes/fine_time/outputs/task_finetuning/tasks/task_finetuned/chronos2/univariate/Oil_Price/B/short/run_0

============================================================
All experiments completed!
Results saved to: /scratch/users/h61084/codes/fine_time/outputs/task_finetuning/tasks/task_finetuned
============================================================
[46/90] evaluate chronos2 frozen on Online_Retail_2_UCI/D/short
[2026-09-29 10:54:56 UTC] resources selected_device {"device": "cuda", "model": "chronos2", "stage": "forecast"}
Loading configuration...

============================================================
Dataset: Online_Retail_2_UCI/D
Model: amazon/chronos-2
Checkpoint: /fslarge/scratch/users/h61084/weights/chronos2
Terms: ['short']
Covariate mode: none
Instance normalization: none
============================================================

--- Term: short ---
  Config: prediction_length=30, test_length=180, val_length=90
TIME run allocation action=new run=/fslarge/scratch/users/h61084/codes/fine_time/outputs/task_finetuning/tasks/inference/chronos2/univariate/Online_Retail_2_UCI/D/short/run_0 launch_id=selena_fine_time_20260929T092621Z_11326 slurm_job_id=3607387 launched_at=2026-09-29T10:54:56.031005+00:00
  Initializing Chronos pipeline (/fslarge/scratch/users/h61084/weights/chronos2)...
  Dataset info:
    - Frequency: D
    - Num series: 1
    - Target dim: 1
    - Target mode: univariate
    - Covariate channels: 0
    - Series length: min=739, max=739, avg=739.0
    - Test split: 180 steps
    - Prediction length: 30
    - Windows: 6
TIME run allocation action=new run=/fslarge/scratch/users/h61084/codes/fine_time/outputs/task_finetuning/tasks/frozen/chronos2/univariate/Online_Retail_2_UCI/D/short/run_0 launch_id=selena_fine_time_20260929T092621Z_11326 slurm_job_id=3607387 launched_at=2026-09-29T10:54:56.409681+00:00
    Total instances: 6, Series during experiment: 1, Windows: 6
    Collecting ground truth and context...
    Organizing data into arrays...
    ⚠️  Predictions max value (122268.84) exceeds float16 safe range.
    ⚠️  Applying scale factor: 10 (values will be divided)
    Saved predictions (quantiles) to /fslarge/scratch/users/h61084/codes/fine_time/outputs/task_finetuning/tasks/frozen/chronos2/univariate/Online_Retail_2_UCI/D/short/run_0/predictions.npz
    Computing per-window metrics...
    Saved metrics to /fslarge/scratch/users/h61084/codes/fine_time/outputs/task_finetuning/tasks/frozen/chronos2/univariate/Online_Retail_2_UCI/D/short/run_0/metrics.npz
    Saved aggregate metrics to /fslarge/scratch/users/h61084/codes/fine_time/outputs/task_finetuning/tasks/frozen/chronos2/univariate/Online_Retail_2_UCI/D/short/run_0/metrics_summary.json
    Metrics summary (averaged over all series/windows/variates):
      MSE: 308363502.1284
      MAE: 10064.9802
      RMSE: 16022.4769
      MAPE: 0.3003
      sMAPE: 0.5430
      MASE: 0.6093
      ND: 0.2960
      CRPS: 0.2419
  Completed: 1 series × 6 windows
  Output: /fslarge/scratch/users/h61084/codes/fine_time/outputs/task_finetuning/tasks/frozen/chronos2/univariate/Online_Retail_2_UCI/D/short/run_0

============================================================
All experiments completed!
Results saved to: /scratch/users/h61084/codes/fine_time/outputs/task_finetuning/tasks/frozen
============================================================
[46/90] evaluate chronos2 task_finetuned on Online_Retail_2_UCI/D/short
[2026-09-29 10:54:56 UTC] resources selected_device {"device": "cuda", "model": "chronos2", "stage": "forecast"}
Loading configuration...

============================================================
Dataset: Online_Retail_2_UCI/D
Model: amazon/chronos-2
Checkpoint: /fslarge/scratch/users/h61084/codes/fine_time/outputs/task_finetuning/checkpoints/chronos2/Online_Retail_2_UCI/D/short/run_0/finetuned-ckpt
Terms: ['short']
Covariate mode: none
Instance normalization: none
============================================================

--- Term: short ---
  Config: prediction_length=30, test_length=180, val_length=90
TIME run allocation action=new run=/fslarge/scratch/users/h61084/codes/fine_time/outputs/task_finetuning/tasks/inference/chronos2/univariate/Online_Retail_2_UCI/D/short/run_1 launch_id=selena_fine_time_20260929T092621Z_11326 slurm_job_id=3607387 launched_at=2026-09-29T10:54:56.444214+00:00
  Initializing Chronos pipeline (/fslarge/scratch/users/h61084/codes/fine_time/outputs/task_finetuning/checkpoints/chronos2/Online_Retail_2_UCI/D/short/run_0/finetuned-ckpt)...
  Dataset info:
    - Frequency: D
    - Num series: 1
    - Target dim: 1
    - Target mode: univariate
    - Covariate channels: 0
    - Series length: min=739, max=739, avg=739.0
    - Test split: 180 steps
    - Prediction length: 30
    - Windows: 6
TIME run allocation action=new run=/fslarge/scratch/users/h61084/codes/fine_time/outputs/task_finetuning/tasks/task_finetuned/chronos2/univariate/Online_Retail_2_UCI/D/short/run_0 launch_id=selena_fine_time_20260929T092621Z_11326 slurm_job_id=3607387 launched_at=2026-09-29T10:54:57.475943+00:00
    Total instances: 6, Series during experiment: 1, Windows: 6
    Collecting ground truth and context...
    Organizing data into arrays...
    ⚠️  Predictions max value (157445.53) exceeds float16 safe range.
    ⚠️  Applying scale factor: 10 (values will be divided)
    Saved predictions (quantiles) to /fslarge/scratch/users/h61084/codes/fine_time/outputs/task_finetuning/tasks/task_finetuned/chronos2/univariate/Online_Retail_2_UCI/D/short/run_0/predictions.npz
    Computing per-window metrics...
    Saved metrics to /fslarge/scratch/users/h61084/codes/fine_time/outputs/task_finetuning/tasks/task_finetuned/chronos2/univariate/Online_Retail_2_UCI/D/short/run_0/metrics.npz
    Saved aggregate metrics to /fslarge/scratch/users/h61084/codes/fine_time/outputs/task_finetuning/tasks/task_finetuned/chronos2/univariate/Online_Retail_2_UCI/D/short/run_0/metrics_summary.json
    Metrics summary (averaged over all series/windows/variates):
      MSE: 292947175.6531
      MAE: 10128.2387
      RMSE: 15540.5388
      MAPE: 0.3073
      sMAPE: 0.5374
      MASE: 0.6118
      ND: 0.2922
      CRPS: 0.2360
  Completed: 1 series × 6 windows
  Output: /fslarge/scratch/users/h61084/codes/fine_time/outputs/task_finetuning/tasks/task_finetuned/chronos2/univariate/Online_Retail_2_UCI/D/short/run_0

============================================================
All experiments completed!
Results saved to: /scratch/users/h61084/codes/fine_time/outputs/task_finetuning/tasks/task_finetuned
============================================================
[47/90] evaluate chronos2 frozen on OpenElectricity_NEM/5T/long
[2026-09-29 10:54:57 UTC] resources selected_device {"device": "cuda", "model": "chronos2", "stage": "forecast"}
Loading configuration...

============================================================
Dataset: OpenElectricity_NEM/5T
Model: amazon/chronos-2
Checkpoint: /fslarge/scratch/users/h61084/weights/chronos2
Terms: ['long']
Covariate mode: none
Instance normalization: none
============================================================

--- Term: long ---
  Config: prediction_length=288, test_length=4032, val_length=4032
TIME run allocation action=new run=/fslarge/scratch/users/h61084/codes/fine_time/outputs/task_finetuning/tasks/inference/chronos2/univariate/OpenElectricity_NEM/5T/long/run_0 launch_id=selena_fine_time_20260929T092621Z_11326 slurm_job_id=3607387 launched_at=2026-09-29T10:54:57.617771+00:00
  Initializing Chronos pipeline (/fslarge/scratch/users/h61084/weights/chronos2)...
  Dataset info:
    - Frequency: 5T
    - Num series: 1
    - Target dim: 10
    - Target mode: univariate
    - Covariate channels: 0
    - Series length: min=43488, max=43488, avg=43488.0
    - Test split: 4032 steps
    - Prediction length: 288
    - Windows: 14
TIME run allocation action=new run=/fslarge/scratch/users/h61084/codes/fine_time/outputs/task_finetuning/tasks/frozen/chronos2/univariate/OpenElectricity_NEM/5T/long/run_0 launch_id=selena_fine_time_20260929T092621Z_11326 slurm_job_id=3607387 launched_at=2026-09-29T10:54:58.651324+00:00
    Total instances: 140, Series during experiment: 10, Windows: 14
    Collecting ground truth and context...
    Detected to_univariate case: 10 flat series -> 1 series x 10 variates
    Organizing data into arrays...
    Saved predictions (quantiles) to /fslarge/scratch/users/h61084/codes/fine_time/outputs/task_finetuning/tasks/frozen/chronos2/univariate/OpenElectricity_NEM/5T/long/run_0/predictions.npz
    Computing per-window metrics...
    Saved metrics to /fslarge/scratch/users/h61084/codes/fine_time/outputs/task_finetuning/tasks/frozen/chronos2/univariate/OpenElectricity_NEM/5T/long/run_0/metrics.npz
    Saved aggregate metrics to /fslarge/scratch/users/h61084/codes/fine_time/outputs/task_finetuning/tasks/frozen/chronos2/univariate/OpenElectricity_NEM/5T/long/run_0/metrics_summary.json
    Metrics summary (averaged over all series/windows/variates):
      MSE: 47413.4181
      MAE: 108.8805
      RMSE: 144.0165
      MAPE: 4.9506
      sMAPE: 0.2605
      MASE: 0.7347
      ND: 0.2333
      CRPS: 0.1886
  Completed: 1 series × 14 windows
  Output: /fslarge/scratch/users/h61084/codes/fine_time/outputs/task_finetuning/tasks/frozen/chronos2/univariate/OpenElectricity_NEM/5T/long/run_0

============================================================
All experiments completed!
Results saved to: /scratch/users/h61084/codes/fine_time/outputs/task_finetuning/tasks/frozen
============================================================
[47/90] evaluate chronos2 task_finetuned on OpenElectricity_NEM/5T/long
[2026-09-29 10:54:58 UTC] resources selected_device {"device": "cuda", "model": "chronos2", "stage": "forecast"}
Loading configuration...

============================================================
Dataset: OpenElectricity_NEM/5T
Model: amazon/chronos-2
Checkpoint: /fslarge/scratch/users/h61084/codes/fine_time/outputs/task_finetuning/checkpoints/chronos2/OpenElectricity_NEM/5T/long/run_0/finetuned-ckpt
Terms: ['long']
Covariate mode: none
Instance normalization: none
============================================================

--- Term: long ---
  Config: prediction_length=288, test_length=4032, val_length=4032
TIME run allocation action=new run=/fslarge/scratch/users/h61084/codes/fine_time/outputs/task_finetuning/tasks/inference/chronos2/univariate/OpenElectricity_NEM/5T/long/run_1 launch_id=selena_fine_time_20260929T092621Z_11326 slurm_job_id=3607387 launched_at=2026-09-29T10:54:58.881002+00:00
  Initializing Chronos pipeline (/fslarge/scratch/users/h61084/codes/fine_time/outputs/task_finetuning/checkpoints/chronos2/OpenElectricity_NEM/5T/long/run_0/finetuned-ckpt)...
  Dataset info:
    - Frequency: 5T
    - Num series: 1
    - Target dim: 10
    - Target mode: univariate
    - Covariate channels: 0
    - Series length: min=43488, max=43488, avg=43488.0
    - Test split: 4032 steps
    - Prediction length: 288
    - Windows: 14
TIME run allocation action=new run=/fslarge/scratch/users/h61084/codes/fine_time/outputs/task_finetuning/tasks/task_finetuned/chronos2/univariate/OpenElectricity_NEM/5T/long/run_0 launch_id=selena_fine_time_20260929T092621Z_11326 slurm_job_id=3607387 launched_at=2026-09-29T10:55:00.647797+00:00
    Total instances: 140, Series during experiment: 10, Windows: 14
    Collecting ground truth and context...
    Detected to_univariate case: 10 flat series -> 1 series x 10 variates
    Organizing data into arrays...
    Saved predictions (quantiles) to /fslarge/scratch/users/h61084/codes/fine_time/outputs/task_finetuning/tasks/task_finetuned/chronos2/univariate/OpenElectricity_NEM/5T/long/run_0/predictions.npz
    Computing per-window metrics...
    Saved metrics to /fslarge/scratch/users/h61084/codes/fine_time/outputs/task_finetuning/tasks/task_finetuned/chronos2/univariate/OpenElectricity_NEM/5T/long/run_0/metrics.npz
    Saved aggregate metrics to /fslarge/scratch/users/h61084/codes/fine_time/outputs/task_finetuning/tasks/task_finetuned/chronos2/univariate/OpenElectricity_NEM/5T/long/run_0/metrics_summary.json
    Metrics summary (averaged over all series/windows/variates):
      MSE: 39442.1768
      MAE: 100.0390
      RMSE: 133.2639
      MAPE: 6.0940
      sMAPE: 0.2520
      MASE: 0.7078
      ND: 0.2388
      CRPS: 0.1927
  Completed: 1 series × 14 windows
  Output: /fslarge/scratch/users/h61084/codes/fine_time/outputs/task_finetuning/tasks/task_finetuned/chronos2/univariate/OpenElectricity_NEM/5T/long/run_0

============================================================
All experiments completed!
Results saved to: /scratch/users/h61084/codes/fine_time/outputs/task_finetuning/tasks/task_finetuned
============================================================
[48/90] evaluate chronos2 frozen on OpenElectricity_NEM/5T/medium
[2026-09-29 10:55:00 UTC] resources selected_device {"device": "cuda", "model": "chronos2", "stage": "forecast"}
Loading configuration...

============================================================
Dataset: OpenElectricity_NEM/5T
Model: amazon/chronos-2
Checkpoint: /fslarge/scratch/users/h61084/weights/chronos2
Terms: ['medium']
Covariate mode: none
Instance normalization: none
============================================================

--- Term: medium ---
  Config: prediction_length=96, test_length=4032, val_length=4032
TIME run allocation action=new run=/fslarge/scratch/users/h61084/codes/fine_time/outputs/task_finetuning/tasks/inference/chronos2/univariate/OpenElectricity_NEM/5T/medium/run_0 launch_id=selena_fine_time_20260929T092621Z_11326 slurm_job_id=3607387 launched_at=2026-09-29T10:55:00.876504+00:00
  Initializing Chronos pipeline (/fslarge/scratch/users/h61084/weights/chronos2)...
  Dataset info:
    - Frequency: 5T
    - Num series: 1
    - Target dim: 10
    - Target mode: univariate
    - Covariate channels: 0
    - Series length: min=43488, max=43488, avg=43488.0
    - Test split: 4032 steps
    - Prediction length: 96
    - Windows: 42
    Processed 320/420...
TIME run allocation action=new run=/fslarge/scratch/users/h61084/codes/fine_time/outputs/task_finetuning/tasks/frozen/chronos2/univariate/OpenElectricity_NEM/5T/medium/run_0 launch_id=selena_fine_time_20260929T092621Z_11326 slurm_job_id=3607387 launched_at=2026-09-29T10:55:03.058768+00:00
    Total instances: 420, Series during experiment: 10, Windows: 42
    Collecting ground truth and context...
    Detected to_univariate case: 10 flat series -> 1 series x 10 variates
    Organizing data into arrays...
    Saved predictions (quantiles) to /fslarge/scratch/users/h61084/codes/fine_time/outputs/task_finetuning/tasks/frozen/chronos2/univariate/OpenElectricity_NEM/5T/medium/run_0/predictions.npz
    Computing per-window metrics...
    Saved metrics to /fslarge/scratch/users/h61084/codes/fine_time/outputs/task_finetuning/tasks/frozen/chronos2/univariate/OpenElectricity_NEM/5T/medium/run_0/metrics.npz
    Saved aggregate metrics to /fslarge/scratch/users/h61084/codes/fine_time/outputs/task_finetuning/tasks/frozen/chronos2/univariate/OpenElectricity_NEM/5T/medium/run_0/metrics_summary.json
    Metrics summary (averaged over all series/windows/variates):
      MSE: 33266.1954
      MAE: 87.0124
      RMSE: 109.4158
      MAPE: 4.8053
      sMAPE: 0.2120
      MASE: 0.5804
      ND: 0.2051
      CRPS: 0.1640
  Completed: 1 series × 42 windows
  Output: /fslarge/scratch/users/h61084/codes/fine_time/outputs/task_finetuning/tasks/frozen/chronos2/univariate/OpenElectricity_NEM/5T/medium/run_0

============================================================
All experiments completed!
Results saved to: /scratch/users/h61084/codes/fine_time/outputs/task_finetuning/tasks/frozen
============================================================
[48/90] evaluate chronos2 task_finetuned on OpenElectricity_NEM/5T/medium
[2026-09-29 10:55:03 UTC] resources selected_device {"device": "cuda", "model": "chronos2", "stage": "forecast"}
Loading configuration...

============================================================
Dataset: OpenElectricity_NEM/5T
Model: amazon/chronos-2
Checkpoint: /fslarge/scratch/users/h61084/codes/fine_time/outputs/task_finetuning/checkpoints/chronos2/OpenElectricity_NEM/5T/medium/run_0/finetuned-ckpt
Terms: ['medium']
Covariate mode: none
Instance normalization: none
============================================================

--- Term: medium ---
  Config: prediction_length=96, test_length=4032, val_length=4032
TIME run allocation action=new run=/fslarge/scratch/users/h61084/codes/fine_time/outputs/task_finetuning/tasks/inference/chronos2/univariate/OpenElectricity_NEM/5T/medium/run_1 launch_id=selena_fine_time_20260929T092621Z_11326 slurm_job_id=3607387 launched_at=2026-09-29T10:55:03.386170+00:00
  Initializing Chronos pipeline (/fslarge/scratch/users/h61084/codes/fine_time/outputs/task_finetuning/checkpoints/chronos2/OpenElectricity_NEM/5T/medium/run_0/finetuned-ckpt)...
  Dataset info:
    - Frequency: 5T
    - Num series: 1
    - Target dim: 10
    - Target mode: univariate
    - Covariate channels: 0
    - Series length: min=43488, max=43488, avg=43488.0
    - Test split: 4032 steps
    - Prediction length: 96
    - Windows: 42
    Processed 320/420...
TIME run allocation action=new run=/fslarge/scratch/users/h61084/codes/fine_time/outputs/task_finetuning/tasks/task_finetuned/chronos2/univariate/OpenElectricity_NEM/5T/medium/run_0 launch_id=selena_fine_time_20260929T092621Z_11326 slurm_job_id=3607387 launched_at=2026-09-29T10:55:06.441029+00:00
    Total instances: 420, Series during experiment: 10, Windows: 42
    Collecting ground truth and context...
    Detected to_univariate case: 10 flat series -> 1 series x 10 variates
    Organizing data into arrays...
    Saved predictions (quantiles) to /fslarge/scratch/users/h61084/codes/fine_time/outputs/task_finetuning/tasks/task_finetuned/chronos2/univariate/OpenElectricity_NEM/5T/medium/run_0/predictions.npz
    Computing per-window metrics...
    Saved metrics to /fslarge/scratch/users/h61084/codes/fine_time/outputs/task_finetuning/tasks/task_finetuned/chronos2/univariate/OpenElectricity_NEM/5T/medium/run_0/metrics.npz
    Saved aggregate metrics to /fslarge/scratch/users/h61084/codes/fine_time/outputs/task_finetuning/tasks/task_finetuned/chronos2/univariate/OpenElectricity_NEM/5T/medium/run_0/metrics_summary.json
    Metrics summary (averaged over all series/windows/variates):
      MSE: 31680.4835
      MAE: 84.8297
      RMSE: 106.5001
      MAPE: 4.6833
      sMAPE: 0.2096
      MASE: 0.5718
      ND: 0.2045
      CRPS: 0.1641
  Completed: 1 series × 42 windows
  Output: /fslarge/scratch/users/h61084/codes/fine_time/outputs/task_finetuning/tasks/task_finetuned/chronos2/univariate/OpenElectricity_NEM/5T/medium/run_0

============================================================
All experiments completed!
Results saved to: /scratch/users/h61084/codes/fine_time/outputs/task_finetuning/tasks/task_finetuned
============================================================
[49/90] evaluate chronos2 frozen on OpenElectricity_NEM/5T/short
[2026-09-29 10:55:06 UTC] resources selected_device {"device": "cuda", "model": "chronos2", "stage": "forecast"}
Loading configuration...

============================================================
Dataset: OpenElectricity_NEM/5T
Model: amazon/chronos-2
Checkpoint: /fslarge/scratch/users/h61084/weights/chronos2
Terms: ['short']
Covariate mode: none
Instance normalization: none
============================================================

--- Term: short ---
  Config: prediction_length=24, test_length=4032, val_length=4032
TIME run allocation action=new run=/fslarge/scratch/users/h61084/codes/fine_time/outputs/task_finetuning/tasks/inference/chronos2/univariate/OpenElectricity_NEM/5T/short/run_0 launch_id=selena_fine_time_20260929T092621Z_11326 slurm_job_id=3607387 launched_at=2026-09-29T10:55:06.771548+00:00
  Initializing Chronos pipeline (/fslarge/scratch/users/h61084/weights/chronos2)...
  Dataset info:
    - Frequency: 5T
    - Num series: 1
    - Target dim: 10
    - Target mode: univariate
    - Covariate channels: 0
    - Series length: min=43488, max=43488, avg=43488.0
    - Test split: 4032 steps
    - Prediction length: 24
    - Windows: 168
    Processed 320/1680...
    Processed 640/1680...
    Processed 960/1680...
    Processed 1280/1680...
    Processed 1600/1680...
TIME run allocation action=new run=/fslarge/scratch/users/h61084/codes/fine_time/outputs/task_finetuning/tasks/frozen/chronos2/univariate/OpenElectricity_NEM/5T/short/run_0 launch_id=selena_fine_time_20260929T092621Z_11326 slurm_job_id=3607387 launched_at=2026-09-29T10:55:14.616064+00:00
    Total instances: 1680, Series during experiment: 10, Windows: 168
    Collecting ground truth and context...
    Detected to_univariate case: 10 flat series -> 1 series x 10 variates
    Organizing data into arrays...
    Saved predictions (quantiles) to /fslarge/scratch/users/h61084/codes/fine_time/outputs/task_finetuning/tasks/frozen/chronos2/univariate/OpenElectricity_NEM/5T/short/run_0/predictions.npz
    Computing per-window metrics...
    Saved metrics to /fslarge/scratch/users/h61084/codes/fine_time/outputs/task_finetuning/tasks/frozen/chronos2/univariate/OpenElectricity_NEM/5T/short/run_0/metrics.npz
    Saved aggregate metrics to /fslarge/scratch/users/h61084/codes/fine_time/outputs/task_finetuning/tasks/frozen/chronos2/univariate/OpenElectricity_NEM/5T/short/run_0/metrics_summary.json
    Metrics summary (averaged over all series/windows/variates):
      MSE: 9329.7490
      MAE: 49.6822
      RMSE: 58.8919
      MAPE: 3.5202
      sMAPE: 0.1567
      MASE: 0.3870
      ND: 0.1487
      CRPS: 0.1206
  Completed: 1 series × 168 windows
  Output: /fslarge/scratch/users/h61084/codes/fine_time/outputs/task_finetuning/tasks/frozen/chronos2/univariate/OpenElectricity_NEM/5T/short/run_0

============================================================
All experiments completed!
Results saved to: /scratch/users/h61084/codes/fine_time/outputs/task_finetuning/tasks/frozen
============================================================
[49/90] evaluate chronos2 task_finetuned on OpenElectricity_NEM/5T/short
[2026-09-29 10:55:15 UTC] resources selected_device {"device": "cuda", "model": "chronos2", "stage": "forecast"}
Loading configuration...

============================================================
Dataset: OpenElectricity_NEM/5T
Model: amazon/chronos-2
Checkpoint: /fslarge/scratch/users/h61084/codes/fine_time/outputs/task_finetuning/checkpoints/chronos2/OpenElectricity_NEM/5T/short/run_0/finetuned-ckpt
Terms: ['short']
Covariate mode: none
Instance normalization: none
============================================================

--- Term: short ---
  Config: prediction_length=24, test_length=4032, val_length=4032
TIME run allocation action=new run=/fslarge/scratch/users/h61084/codes/fine_time/outputs/task_finetuning/tasks/inference/chronos2/univariate/OpenElectricity_NEM/5T/short/run_1 launch_id=selena_fine_time_20260929T092621Z_11326 slurm_job_id=3607387 launched_at=2026-09-29T10:55:15.428495+00:00
  Initializing Chronos pipeline (/fslarge/scratch/users/h61084/codes/fine_time/outputs/task_finetuning/checkpoints/chronos2/OpenElectricity_NEM/5T/short/run_0/finetuned-ckpt)...
  Dataset info:
    - Frequency: 5T
    - Num series: 1
    - Target dim: 10
    - Target mode: univariate
    - Covariate channels: 0
    - Series length: min=43488, max=43488, avg=43488.0
    - Test split: 4032 steps
    - Prediction length: 24
    - Windows: 168
    Processed 320/1680...
    Processed 640/1680...
    Processed 960/1680...
    Processed 1280/1680...
    Processed 1600/1680...
TIME run allocation action=new run=/fslarge/scratch/users/h61084/codes/fine_time/outputs/task_finetuning/tasks/task_finetuned/chronos2/univariate/OpenElectricity_NEM/5T/short/run_0 launch_id=selena_fine_time_20260929T092621Z_11326 slurm_job_id=3607387 launched_at=2026-09-29T10:55:24.051113+00:00
    Total instances: 1680, Series during experiment: 10, Windows: 168
    Collecting ground truth and context...
    Detected to_univariate case: 10 flat series -> 1 series x 10 variates
    Organizing data into arrays...
    Saved predictions (quantiles) to /fslarge/scratch/users/h61084/codes/fine_time/outputs/task_finetuning/tasks/task_finetuned/chronos2/univariate/OpenElectricity_NEM/5T/short/run_0/predictions.npz
    Computing per-window metrics...
    Saved metrics to /fslarge/scratch/users/h61084/codes/fine_time/outputs/task_finetuning/tasks/task_finetuned/chronos2/univariate/OpenElectricity_NEM/5T/short/run_0/metrics.npz
    Saved aggregate metrics to /fslarge/scratch/users/h61084/codes/fine_time/outputs/task_finetuning/tasks/task_finetuned/chronos2/univariate/OpenElectricity_NEM/5T/short/run_0/metrics_summary.json
    Metrics summary (averaged over all series/windows/variates):
      MSE: 9066.0806
      MAE: 49.3570
      RMSE: 58.4837
      MAPE: 3.5924
      sMAPE: 0.1573
      MASE: 0.3851
      ND: 0.1499
      CRPS: 0.1216
  Completed: 1 series × 168 windows
  Output: /fslarge/scratch/users/h61084/codes/fine_time/outputs/task_finetuning/tasks/task_finetuned/chronos2/univariate/OpenElectricity_NEM/5T/short/run_0

============================================================
All experiments completed!
Results saved to: /scratch/users/h61084/codes/fine_time/outputs/task_finetuning/tasks/task_finetuned
============================================================
[50/90] evaluate chronos2 frozen on Port_Activity/D/short
[2026-09-29 10:55:24 UTC] resources selected_device {"device": "cuda", "model": "chronos2", "stage": "forecast"}
Loading configuration...

============================================================
Dataset: Port_Activity/D
Model: amazon/chronos-2
Checkpoint: /fslarge/scratch/users/h61084/weights/chronos2
Terms: ['short']
Covariate mode: none
Instance normalization: none
============================================================

--- Term: short ---
  Config: prediction_length=30, test_length=365, val_length=90
TIME run allocation action=new run=/fslarge/scratch/users/h61084/codes/fine_time/outputs/task_finetuning/tasks/inference/chronos2/univariate/Port_Activity/D/short/run_0 launch_id=selena_fine_time_20260929T092621Z_11326 slurm_job_id=3607387 launched_at=2026-09-29T10:55:24.809846+00:00
  Initializing Chronos pipeline (/fslarge/scratch/users/h61084/weights/chronos2)...
  Dataset info:
    - Frequency: D
    - Num series: 99
    - Target dim: 2
    - Target mode: univariate
    - Covariate channels: 0
    - Series length: min=2127, max=2127, avg=2127.0
    - Test split: 365 steps
    - Prediction length: 30
    - Windows: 12
    Processed 320/2376...
    Processed 640/2376...
    Processed 960/2376...
    Processed 1280/2376...
    Processed 1600/2376...
    Processed 1920/2376...
    Processed 2240/2376...
TIME run allocation action=new run=/fslarge/scratch/users/h61084/codes/fine_time/outputs/task_finetuning/tasks/frozen/chronos2/univariate/Port_Activity/D/short/run_0 launch_id=selena_fine_time_20260929T092621Z_11326 slurm_job_id=3607387 launched_at=2026-09-29T10:55:28.215616+00:00
    Total instances: 2376, Series during experiment: 198, Windows: 12
    Collecting ground truth and context...
    Detected to_univariate case: 198 flat series -> 99 series x 2 variates
    Organizing data into arrays...
    ⚠️  Predictions max value (517326.50) exceeds float16 safe range.
    ⚠️  Applying scale factor: 10 (values will be divided)
    Saved predictions (quantiles) to /fslarge/scratch/users/h61084/codes/fine_time/outputs/task_finetuning/tasks/frozen/chronos2/univariate/Port_Activity/D/short/run_0/predictions.npz
    Computing per-window metrics...
    Saved metrics to /fslarge/scratch/users/h61084/codes/fine_time/outputs/task_finetuning/tasks/frozen/chronos2/univariate/Port_Activity/D/short/run_0/metrics.npz
    Saved aggregate metrics to /fslarge/scratch/users/h61084/codes/fine_time/outputs/task_finetuning/tasks/frozen/chronos2/univariate/Port_Activity/D/short/run_0/metrics_summary.json
    Metrics summary (averaged over all series/windows/variates):
      MSE: 949152198.7171
      MAE: 15412.2398
      RMSE: 21205.5489
      MAPE: 2.7356
      sMAPE: 0.9460
      MASE: 0.6583
      ND: 0.7443
      CRPS: 0.5942
  Completed: 99 series × 12 windows
  Output: /fslarge/scratch/users/h61084/codes/fine_time/outputs/task_finetuning/tasks/frozen/chronos2/univariate/Port_Activity/D/short/run_0

============================================================
All experiments completed!
Results saved to: /scratch/users/h61084/codes/fine_time/outputs/task_finetuning/tasks/frozen
============================================================
[50/90] evaluate chronos2 task_finetuned on Port_Activity/D/short
[2026-09-29 10:55:28 UTC] resources selected_device {"device": "cuda", "model": "chronos2", "stage": "forecast"}
Loading configuration...

============================================================
Dataset: Port_Activity/D
Model: amazon/chronos-2
Checkpoint: /fslarge/scratch/users/h61084/codes/fine_time/outputs/task_finetuning/checkpoints/chronos2/Port_Activity/D/short/run_0/finetuned-ckpt
Terms: ['short']
Covariate mode: none
Instance normalization: none
============================================================

--- Term: short ---
  Config: prediction_length=30, test_length=365, val_length=90
TIME run allocation action=new run=/fslarge/scratch/users/h61084/codes/fine_time/outputs/task_finetuning/tasks/inference/chronos2/univariate/Port_Activity/D/short/run_1 launch_id=selena_fine_time_20260929T092621Z_11326 slurm_job_id=3607387 launched_at=2026-09-29T10:55:28.898757+00:00
  Initializing Chronos pipeline (/fslarge/scratch/users/h61084/codes/fine_time/outputs/task_finetuning/checkpoints/chronos2/Port_Activity/D/short/run_0/finetuned-ckpt)...
  Dataset info:
    - Frequency: D
    - Num series: 99
    - Target dim: 2
    - Target mode: univariate
    - Covariate channels: 0
    - Series length: min=2127, max=2127, avg=2127.0
    - Test split: 365 steps
    - Prediction length: 30
    - Windows: 12
    Processed 320/2376...
    Processed 640/2376...
    Processed 960/2376...
    Processed 1280/2376...
    Processed 1600/2376...
    Processed 1920/2376...
    Processed 2240/2376...
TIME run allocation action=new run=/fslarge/scratch/users/h61084/codes/fine_time/outputs/task_finetuning/tasks/task_finetuned/chronos2/univariate/Port_Activity/D/short/run_0 launch_id=selena_fine_time_20260929T092621Z_11326 slurm_job_id=3607387 launched_at=2026-09-29T10:55:33.122115+00:00
    Total instances: 2376, Series during experiment: 198, Windows: 12
    Collecting ground truth and context...
    Detected to_univariate case: 198 flat series -> 99 series x 2 variates
    Organizing data into arrays...
    ⚠️  Predictions max value (532366.25) exceeds float16 safe range.
    ⚠️  Applying scale factor: 10 (values will be divided)
    Saved predictions (quantiles) to /fslarge/scratch/users/h61084/codes/fine_time/outputs/task_finetuning/tasks/task_finetuned/chronos2/univariate/Port_Activity/D/short/run_0/predictions.npz
    Computing per-window metrics...
    Saved metrics to /fslarge/scratch/users/h61084/codes/fine_time/outputs/task_finetuning/tasks/task_finetuned/chronos2/univariate/Port_Activity/D/short/run_0/metrics.npz
    Saved aggregate metrics to /fslarge/scratch/users/h61084/codes/fine_time/outputs/task_finetuning/tasks/task_finetuned/chronos2/univariate/Port_Activity/D/short/run_0/metrics_summary.json
    Metrics summary (averaged over all series/windows/variates):
      MSE: 945525901.3063
      MAE: 15390.5848
      RMSE: 21150.1055
      MAPE: 2.7600
      sMAPE: 0.9401
      MASE: 0.6572
      ND: 0.7456
      CRPS: 0.5955
  Completed: 99 series × 12 windows
  Output: /fslarge/scratch/users/h61084/codes/fine_time/outputs/task_finetuning/tasks/task_finetuned/chronos2/univariate/Port_Activity/D/short/run_0

============================================================
All experiments completed!
Results saved to: /scratch/users/h61084/codes/fine_time/outputs/task_finetuning/tasks/task_finetuned
============================================================
[51/90] evaluate chronos2 frozen on Port_Activity/W/short
[2026-09-29 10:55:33 UTC] resources selected_device {"device": "cuda", "model": "chronos2", "stage": "forecast"}
Loading configuration...

============================================================
Dataset: Port_Activity/W
Model: amazon/chronos-2
Checkpoint: /fslarge/scratch/users/h61084/weights/chronos2
Terms: ['short']
Covariate mode: none
Instance normalization: none
============================================================

--- Term: short ---
  Config: prediction_length=13, test_length=52, val_length=13
TIME run allocation action=new run=/fslarge/scratch/users/h61084/codes/fine_time/outputs/task_finetuning/tasks/inference/chronos2/univariate/Port_Activity/W/short/run_0 launch_id=selena_fine_time_20260929T092621Z_11326 slurm_job_id=3607387 launched_at=2026-09-29T10:55:33.814335+00:00
  Initializing Chronos pipeline (/fslarge/scratch/users/h61084/weights/chronos2)...
  Dataset info:
    - Frequency: W
    - Num series: 99
    - Target dim: 2
    - Target mode: univariate
    - Covariate channels: 0
    - Series length: min=304, max=304, avg=304.0
    - Test split: 52 steps
    - Prediction length: 13
    - Windows: 4
    Processed 320/792...
    Processed 640/792...
TIME run allocation action=new run=/fslarge/scratch/users/h61084/codes/fine_time/outputs/task_finetuning/tasks/frozen/chronos2/univariate/Port_Activity/W/short/run_0 launch_id=selena_fine_time_20260929T092621Z_11326 slurm_job_id=3607387 launched_at=2026-09-29T10:55:34.469568+00:00
    Total instances: 792, Series during experiment: 198, Windows: 4
    Collecting ground truth and context...
    Detected to_univariate case: 198 flat series -> 99 series x 2 variates
    Organizing data into arrays...
    ⚠️  Predictions max value (2925501.50) exceeds float16 safe range.
    ⚠️  Applying scale factor: 100 (values will be divided)
    Saved predictions (quantiles) to /fslarge/scratch/users/h61084/codes/fine_time/outputs/task_finetuning/tasks/frozen/chronos2/univariate/Port_Activity/W/short/run_0/predictions.npz
    Computing per-window metrics...
    Saved metrics to /fslarge/scratch/users/h61084/codes/fine_time/outputs/task_finetuning/tasks/frozen/chronos2/univariate/Port_Activity/W/short/run_0/metrics.npz
    Saved aggregate metrics to /fslarge/scratch/users/h61084/codes/fine_time/outputs/task_finetuning/tasks/frozen/chronos2/univariate/Port_Activity/W/short/run_0/metrics_summary.json
    Metrics summary (averaged over all series/windows/variates):
      MSE: 5957653682.0464
      MAE: 43832.3427
      RMSE: 53649.4110
      MAPE: 0.6274
      sMAPE: 0.3413
      MASE: 0.7792
      ND: 0.3371
      CRPS: 0.2621
  Completed: 99 series × 4 windows
  Output: /fslarge/scratch/users/h61084/codes/fine_time/outputs/task_finetuning/tasks/frozen/chronos2/univariate/Port_Activity/W/short/run_0

============================================================
All experiments completed!
Results saved to: /scratch/users/h61084/codes/fine_time/outputs/task_finetuning/tasks/frozen
============================================================
[51/90] evaluate chronos2 task_finetuned on Port_Activity/W/short
[2026-09-29 10:55:34 UTC] resources selected_device {"device": "cuda", "model": "chronos2", "stage": "forecast"}
Loading configuration...

============================================================
Dataset: Port_Activity/W
Model: amazon/chronos-2
Checkpoint: /fslarge/scratch/users/h61084/codes/fine_time/outputs/task_finetuning/checkpoints/chronos2/Port_Activity/W/short/run_0/finetuned-ckpt
Terms: ['short']
Covariate mode: none
Instance normalization: none
============================================================

--- Term: short ---
  Config: prediction_length=13, test_length=52, val_length=13
TIME run allocation action=new run=/fslarge/scratch/users/h61084/codes/fine_time/outputs/task_finetuning/tasks/inference/chronos2/univariate/Port_Activity/W/short/run_1 launch_id=selena_fine_time_20260929T092621Z_11326 slurm_job_id=3607387 launched_at=2026-09-29T10:55:34.703575+00:00
  Initializing Chronos pipeline (/fslarge/scratch/users/h61084/codes/fine_time/outputs/task_finetuning/checkpoints/chronos2/Port_Activity/W/short/run_0/finetuned-ckpt)...
  Dataset info:
    - Frequency: W
    - Num series: 99
    - Target dim: 2
    - Target mode: univariate
    - Covariate channels: 0
    - Series length: min=304, max=304, avg=304.0
    - Test split: 52 steps
    - Prediction length: 13
    - Windows: 4
    Processed 320/792...
    Processed 640/792...
TIME run allocation action=new run=/fslarge/scratch/users/h61084/codes/fine_time/outputs/task_finetuning/tasks/task_finetuned/chronos2/univariate/Port_Activity/W/short/run_0 launch_id=selena_fine_time_20260929T092621Z_11326 slurm_job_id=3607387 launched_at=2026-09-29T10:55:35.952667+00:00
    Total instances: 792, Series during experiment: 198, Windows: 4
    Collecting ground truth and context...
    Detected to_univariate case: 198 flat series -> 99 series x 2 variates
    Organizing data into arrays...
    ⚠️  Predictions max value (2918780.75) exceeds float16 safe range.
    ⚠️  Applying scale factor: 100 (values will be divided)
    Saved predictions (quantiles) to /fslarge/scratch/users/h61084/codes/fine_time/outputs/task_finetuning/tasks/task_finetuned/chronos2/univariate/Port_Activity/W/short/run_0/predictions.npz
    Computing per-window metrics...
    Saved metrics to /fslarge/scratch/users/h61084/codes/fine_time/outputs/task_finetuning/tasks/task_finetuned/chronos2/univariate/Port_Activity/W/short/run_0/metrics.npz
    Saved aggregate metrics to /fslarge/scratch/users/h61084/codes/fine_time/outputs/task_finetuning/tasks/task_finetuned/chronos2/univariate/Port_Activity/W/short/run_0/metrics_summary.json
    Metrics summary (averaged over all series/windows/variates):
      MSE: 5891108619.6341
      MAE: 43612.1512
      RMSE: 53389.8856
      MAPE: 0.6441
      sMAPE: 0.3398
      MASE: 0.7759
      ND: 0.3369
      CRPS: 0.2621
  Completed: 99 series × 4 windows
  Output: /fslarge/scratch/users/h61084/codes/fine_time/outputs/task_finetuning/tasks/task_finetuned/chronos2/univariate/Port_Activity/W/short/run_0

============================================================
All experiments completed!
Results saved to: /scratch/users/h61084/codes/fine_time/outputs/task_finetuning/tasks/task_finetuned
============================================================
[52/90] evaluate chronos2 frozen on SG_Carpark/15T/long
[2026-09-29 10:55:36 UTC] resources selected_device {"device": "cuda", "model": "chronos2", "stage": "forecast"}
Loading configuration...

============================================================
Dataset: SG_Carpark/15T
Model: amazon/chronos-2
Checkpoint: /fslarge/scratch/users/h61084/weights/chronos2
Terms: ['long']
Covariate mode: none
Instance normalization: none
============================================================

--- Term: long ---
  Config: prediction_length=672, test_length=672, val_length=672
TIME run allocation action=new run=/fslarge/scratch/users/h61084/codes/fine_time/outputs/task_finetuning/tasks/inference/chronos2/univariate/SG_Carpark/15T/long/run_0 launch_id=selena_fine_time_20260929T092621Z_11326 slurm_job_id=3607387 launched_at=2026-09-29T10:55:36.193728+00:00
  Initializing Chronos pipeline (/fslarge/scratch/users/h61084/weights/chronos2)...
  Dataset info:
    - Frequency: 15T
    - Num series: 354
    - Target dim: 1
    - Target mode: univariate
    - Covariate channels: 0
    - Series length: min=14495, max=14495, avg=14495.0
    - Test split: 672 steps
    - Prediction length: 672
    - Windows: 1
    Processed 320/354...
TIME run allocation action=new run=/fslarge/scratch/users/h61084/codes/fine_time/outputs/task_finetuning/tasks/frozen/chronos2/univariate/SG_Carpark/15T/long/run_0 launch_id=selena_fine_time_20260929T092621Z_11326 slurm_job_id=3607387 launched_at=2026-09-29T10:55:38.898093+00:00
    Total instances: 354, Series during experiment: 354, Windows: 1
    Collecting ground truth and context...
    Organizing data into arrays...
    Saved predictions (quantiles) to /fslarge/scratch/users/h61084/codes/fine_time/outputs/task_finetuning/tasks/frozen/chronos2/univariate/SG_Carpark/15T/long/run_0/predictions.npz
    Computing per-window metrics...
    Saved metrics to /fslarge/scratch/users/h61084/codes/fine_time/outputs/task_finetuning/tasks/frozen/chronos2/univariate/SG_Carpark/15T/long/run_0/metrics.npz
    Saved aggregate metrics to /fslarge/scratch/users/h61084/codes/fine_time/outputs/task_finetuning/tasks/frozen/chronos2/univariate/SG_Carpark/15T/long/run_0/metrics_summary.json
    Metrics summary (averaged over all series/windows/variates):
      MSE: 738.5261
      MAE: 10.8760
      RMSE: 15.6459
      MAPE: 0.0632
      sMAPE: 0.0671
      MASE: 0.7260
      ND: 0.0626
      CRPS: 0.0484
  Completed: 354 series × 1 windows
  Output: /fslarge/scratch/users/h61084/codes/fine_time/outputs/task_finetuning/tasks/frozen/chronos2/univariate/SG_Carpark/15T/long/run_0

============================================================
All experiments completed!
Results saved to: /scratch/users/h61084/codes/fine_time/outputs/task_finetuning/tasks/frozen
============================================================
[52/90] evaluate chronos2 task_finetuned on SG_Carpark/15T/long
[2026-09-29 10:55:39 UTC] resources selected_device {"device": "cuda", "model": "chronos2", "stage": "forecast"}
Loading configuration...

============================================================
Dataset: SG_Carpark/15T
Model: amazon/chronos-2
Checkpoint: /fslarge/scratch/users/h61084/codes/fine_time/outputs/task_finetuning/checkpoints/chronos2/SG_Carpark/15T/long/run_0/finetuned-ckpt
Terms: ['long']
Covariate mode: none
Instance normalization: none
============================================================

--- Term: long ---
  Config: prediction_length=672, test_length=672, val_length=672
TIME run allocation action=new run=/fslarge/scratch/users/h61084/codes/fine_time/outputs/task_finetuning/tasks/inference/chronos2/univariate/SG_Carpark/15T/long/run_1 launch_id=selena_fine_time_20260929T092621Z_11326 slurm_job_id=3607387 launched_at=2026-09-29T10:55:39.452196+00:00
  Initializing Chronos pipeline (/fslarge/scratch/users/h61084/codes/fine_time/outputs/task_finetuning/checkpoints/chronos2/SG_Carpark/15T/long/run_0/finetuned-ckpt)...
  Dataset info:
    - Frequency: 15T
    - Num series: 354
    - Target dim: 1
    - Target mode: univariate
    - Covariate channels: 0
    - Series length: min=14495, max=14495, avg=14495.0
    - Test split: 672 steps
    - Prediction length: 672
    - Windows: 1
    Processed 320/354...
TIME run allocation action=new run=/fslarge/scratch/users/h61084/codes/fine_time/outputs/task_finetuning/tasks/task_finetuned/chronos2/univariate/SG_Carpark/15T/long/run_0 launch_id=selena_fine_time_20260929T092621Z_11326 slurm_job_id=3607387 launched_at=2026-09-29T10:55:43.021320+00:00
    Total instances: 354, Series during experiment: 354, Windows: 1
    Collecting ground truth and context...
    Organizing data into arrays...
    Saved predictions (quantiles) to /fslarge/scratch/users/h61084/codes/fine_time/outputs/task_finetuning/tasks/task_finetuned/chronos2/univariate/SG_Carpark/15T/long/run_0/predictions.npz
    Computing per-window metrics...
    Saved metrics to /fslarge/scratch/users/h61084/codes/fine_time/outputs/task_finetuning/tasks/task_finetuned/chronos2/univariate/SG_Carpark/15T/long/run_0/metrics.npz
    Saved aggregate metrics to /fslarge/scratch/users/h61084/codes/fine_time/outputs/task_finetuning/tasks/task_finetuned/chronos2/univariate/SG_Carpark/15T/long/run_0/metrics_summary.json
    Metrics summary (averaged over all series/windows/variates):
      MSE: 762.0158
      MAE: 10.4799
      RMSE: 15.0956
      MAPE: 0.0633
      sMAPE: 0.0640
      MASE: 0.6932
      ND: 0.0606
      CRPS: 0.0459
  Completed: 354 series × 1 windows
  Output: /fslarge/scratch/users/h61084/codes/fine_time/outputs/task_finetuning/tasks/task_finetuned/chronos2/univariate/SG_Carpark/15T/long/run_0

============================================================
All experiments completed!
Results saved to: /scratch/users/h61084/codes/fine_time/outputs/task_finetuning/tasks/task_finetuned
============================================================
[53/90] evaluate chronos2 frozen on SG_Carpark/15T/medium
[2026-09-29 10:55:43 UTC] resources selected_device {"device": "cuda", "model": "chronos2", "stage": "forecast"}
Loading configuration...

============================================================
Dataset: SG_Carpark/15T
Model: amazon/chronos-2
Checkpoint: /fslarge/scratch/users/h61084/weights/chronos2
Terms: ['medium']
Covariate mode: none
Instance normalization: none
============================================================

--- Term: medium ---
  Config: prediction_length=96, test_length=672, val_length=672
TIME run allocation action=new run=/fslarge/scratch/users/h61084/codes/fine_time/outputs/task_finetuning/tasks/inference/chronos2/univariate/SG_Carpark/15T/medium/run_0 launch_id=selena_fine_time_20260929T092621Z_11326 slurm_job_id=3607387 launched_at=2026-09-29T10:55:43.582068+00:00
  Initializing Chronos pipeline (/fslarge/scratch/users/h61084/weights/chronos2)...
  Dataset info:
    - Frequency: 15T
    - Num series: 354
    - Target dim: 1
    - Target mode: univariate
    - Covariate channels: 0
    - Series length: min=14495, max=14495, avg=14495.0
    - Test split: 672 steps
    - Prediction length: 96
    - Windows: 7
    Processed 320/2478...
    Processed 640/2478...
    Processed 960/2478...
    Processed 1280/2478...
    Processed 1600/2478...
    Processed 1920/2478...
    Processed 2240/2478...
TIME run allocation action=new run=/fslarge/scratch/users/h61084/codes/fine_time/outputs/task_finetuning/tasks/frozen/chronos2/univariate/SG_Carpark/15T/medium/run_0 launch_id=selena_fine_time_20260929T092621Z_11326 slurm_job_id=3607387 launched_at=2026-09-29T10:55:55.555666+00:00
    Total instances: 2478, Series during experiment: 354, Windows: 7
    Collecting ground truth and context...
    Organizing data into arrays...
    Saved predictions (quantiles) to /fslarge/scratch/users/h61084/codes/fine_time/outputs/task_finetuning/tasks/frozen/chronos2/univariate/SG_Carpark/15T/medium/run_0/predictions.npz
    Computing per-window metrics...
    Saved metrics to /fslarge/scratch/users/h61084/codes/fine_time/outputs/task_finetuning/tasks/frozen/chronos2/univariate/SG_Carpark/15T/medium/run_0/metrics.npz
    Saved aggregate metrics to /fslarge/scratch/users/h61084/codes/fine_time/outputs/task_finetuning/tasks/frozen/chronos2/univariate/SG_Carpark/15T/medium/run_0/metrics_summary.json
    Metrics summary (averaged over all series/windows/variates):
      MSE: 435.7240
      MAE: 7.8854
      RMSE: 10.9200
      MAPE: 0.0453
      sMAPE: 0.0547
      MASE: 0.5286
      ND: 0.0430
      CRPS: 0.0339
  Completed: 354 series × 7 windows
  Output: /fslarge/scratch/users/h61084/codes/fine_time/outputs/task_finetuning/tasks/frozen/chronos2/univariate/SG_Carpark/15T/medium/run_0

============================================================
All experiments completed!
Results saved to: /scratch/users/h61084/codes/fine_time/outputs/task_finetuning/tasks/frozen
============================================================
[53/90] evaluate chronos2 task_finetuned on SG_Carpark/15T/medium
[2026-09-29 10:55:56 UTC] resources selected_device {"device": "cuda", "model": "chronos2", "stage": "forecast"}
Loading configuration...

============================================================
Dataset: SG_Carpark/15T
Model: amazon/chronos-2
Checkpoint: /fslarge/scratch/users/h61084/codes/fine_time/outputs/task_finetuning/checkpoints/chronos2/SG_Carpark/15T/medium/run_0/finetuned-ckpt
Terms: ['medium']
Covariate mode: none
Instance normalization: none
============================================================

--- Term: medium ---
  Config: prediction_length=96, test_length=672, val_length=672
TIME run allocation action=new run=/fslarge/scratch/users/h61084/codes/fine_time/outputs/task_finetuning/tasks/inference/chronos2/univariate/SG_Carpark/15T/medium/run_1 launch_id=selena_fine_time_20260929T092621Z_11326 slurm_job_id=3607387 launched_at=2026-09-29T10:55:56.711860+00:00
  Initializing Chronos pipeline (/fslarge/scratch/users/h61084/codes/fine_time/outputs/task_finetuning/checkpoints/chronos2/SG_Carpark/15T/medium/run_0/finetuned-ckpt)...
  Dataset info:
    - Frequency: 15T
    - Num series: 354
    - Target dim: 1
    - Target mode: univariate
    - Covariate channels: 0
    - Series length: min=14495, max=14495, avg=14495.0
    - Test split: 672 steps
    - Prediction length: 96
    - Windows: 7
    Processed 320/2478...
    Processed 640/2478...
    Processed 960/2478...
    Processed 1280/2478...
    Processed 1600/2478...
    Processed 1920/2478...
    Processed 2240/2478...
TIME run allocation action=new run=/fslarge/scratch/users/h61084/codes/fine_time/outputs/task_finetuning/tasks/task_finetuned/chronos2/univariate/SG_Carpark/15T/medium/run_0 launch_id=selena_fine_time_20260929T092621Z_11326 slurm_job_id=3607387 launched_at=2026-09-29T10:56:09.520581+00:00
    Total instances: 2478, Series during experiment: 354, Windows: 7
    Collecting ground truth and context...
    Organizing data into arrays...
    Saved predictions (quantiles) to /fslarge/scratch/users/h61084/codes/fine_time/outputs/task_finetuning/tasks/task_finetuned/chronos2/univariate/SG_Carpark/15T/medium/run_0/predictions.npz
    Computing per-window metrics...
    Saved metrics to /fslarge/scratch/users/h61084/codes/fine_time/outputs/task_finetuning/tasks/task_finetuned/chronos2/univariate/SG_Carpark/15T/medium/run_0/metrics.npz
    Saved aggregate metrics to /fslarge/scratch/users/h61084/codes/fine_time/outputs/task_finetuning/tasks/task_finetuned/chronos2/univariate/SG_Carpark/15T/medium/run_0/metrics_summary.json
    Metrics summary (averaged over all series/windows/variates):
      MSE: 399.0221
      MAE: 7.5239
      RMSE: 10.4603
      MAPE: 0.0461
      sMAPE: 0.0529
      MASE: 0.5080
      ND: 0.0417
      CRPS: 0.0328
  Completed: 354 series × 7 windows
  Output: /fslarge/scratch/users/h61084/codes/fine_time/outputs/task_finetuning/tasks/task_finetuned/chronos2/univariate/SG_Carpark/15T/medium/run_0

============================================================
All experiments completed!
Results saved to: /scratch/users/h61084/codes/fine_time/outputs/task_finetuning/tasks/task_finetuned
============================================================
[54/90] evaluate chronos2 frozen on SG_Carpark/15T/short
[2026-09-29 10:56:10 UTC] resources selected_device {"device": "cuda", "model": "chronos2", "stage": "forecast"}
Loading configuration...

============================================================
Dataset: SG_Carpark/15T
Model: amazon/chronos-2
Checkpoint: /fslarge/scratch/users/h61084/weights/chronos2
Terms: ['short']
Covariate mode: none
Instance normalization: none
============================================================

--- Term: short ---
  Config: prediction_length=16, test_length=672, val_length=672
TIME run allocation action=new run=/fslarge/scratch/users/h61084/codes/fine_time/outputs/task_finetuning/tasks/inference/chronos2/univariate/SG_Carpark/15T/short/run_0 launch_id=selena_fine_time_20260929T092621Z_11326 slurm_job_id=3607387 launched_at=2026-09-29T10:56:10.679049+00:00
  Initializing Chronos pipeline (/fslarge/scratch/users/h61084/weights/chronos2)...
  Dataset info:
    - Frequency: 15T
    - Num series: 354
    - Target dim: 1
    - Target mode: univariate
    - Covariate channels: 0
    - Series length: min=14495, max=14495, avg=14495.0
    - Test split: 672 steps
    - Prediction length: 16
    - Windows: 42
    Processed 320/14868...
    Processed 640/14868...
    Processed 960/14868...
    Processed 1280/14868...
    Processed 1600/14868...
    Processed 1920/14868...
    Processed 2240/14868...
    Processed 2560/14868...
    Processed 2880/14868...
    Processed 3200/14868...
    Processed 3520/14868...
    Processed 3840/14868...
    Processed 4160/14868...
    Processed 4480/14868...
    Processed 4800/14868...
    Processed 5120/14868...
    Processed 5440/14868...
    Processed 5760/14868...
    Processed 6080/14868...
    Processed 6400/14868...
    Processed 6720/14868...
    Processed 7040/14868...
    Processed 7360/14868...
    Processed 7680/14868...
    Processed 8000/14868...
    Processed 8320/14868...
    Processed 8640/14868...
    Processed 8960/14868...
    Processed 9280/14868...
    Processed 9600/14868...
    Processed 9920/14868...
    Processed 10240/14868...
    Processed 10560/14868...
    Processed 10880/14868...
    Processed 11200/14868...
    Processed 11520/14868...
    Processed 11840/14868...
    Processed 12160/14868...
    Processed 12480/14868...
    Processed 12800/14868...
    Processed 13120/14868...
    Processed 13440/14868...
    Processed 13760/14868...
    Processed 14080/14868...
    Processed 14400/14868...
    Processed 14720/14868...
TIME run allocation action=new run=/fslarge/scratch/users/h61084/codes/fine_time/outputs/task_finetuning/tasks/frozen/chronos2/univariate/SG_Carpark/15T/short/run_0 launch_id=selena_fine_time_20260929T092621Z_11326 slurm_job_id=3607387 launched_at=2026-09-29T10:57:18.908821+00:00
    Total instances: 14868, Series during experiment: 354, Windows: 42
    Collecting ground truth and context...
    Organizing data into arrays...
    Saved predictions (quantiles) to /fslarge/scratch/users/h61084/codes/fine_time/outputs/task_finetuning/tasks/frozen/chronos2/univariate/SG_Carpark/15T/short/run_0/predictions.npz
    Computing per-window metrics...
    Saved metrics to /fslarge/scratch/users/h61084/codes/fine_time/outputs/task_finetuning/tasks/frozen/chronos2/univariate/SG_Carpark/15T/short/run_0/metrics.npz
    Saved aggregate metrics to /fslarge/scratch/users/h61084/codes/fine_time/outputs/task_finetuning/tasks/frozen/chronos2/univariate/SG_Carpark/15T/short/run_0/metrics_summary.json
    Metrics summary (averaged over all series/windows/variates):
      MSE: 201.9511
      MAE: 5.3187
      RMSE: 6.8017
      MAPE: 0.0333
      sMAPE: 0.0441
      MASE: 0.3701
      ND: 0.0329
      CRPS: 0.0258
  Completed: 354 series × 42 windows
  Output: /fslarge/scratch/users/h61084/codes/fine_time/outputs/task_finetuning/tasks/frozen/chronos2/univariate/SG_Carpark/15T/short/run_0

============================================================
All experiments completed!
Results saved to: /scratch/users/h61084/codes/fine_time/outputs/task_finetuning/tasks/frozen
============================================================
[54/90] evaluate chronos2 task_finetuned on SG_Carpark/15T/short
[2026-09-29 10:57:23 UTC] resources selected_device {"device": "cuda", "model": "chronos2", "stage": "forecast"}
Loading configuration...

============================================================
Dataset: SG_Carpark/15T
Model: amazon/chronos-2
Checkpoint: /fslarge/scratch/users/h61084/codes/fine_time/outputs/task_finetuning/checkpoints/chronos2/SG_Carpark/15T/short/run_0/finetuned-ckpt
Terms: ['short']
Covariate mode: none
Instance normalization: none
============================================================

--- Term: short ---
  Config: prediction_length=16, test_length=672, val_length=672
TIME run allocation action=new run=/fslarge/scratch/users/h61084/codes/fine_time/outputs/task_finetuning/tasks/inference/chronos2/univariate/SG_Carpark/15T/short/run_1 launch_id=selena_fine_time_20260929T092621Z_11326 slurm_job_id=3607387 launched_at=2026-09-29T10:57:23.619968+00:00
  Initializing Chronos pipeline (/fslarge/scratch/users/h61084/codes/fine_time/outputs/task_finetuning/checkpoints/chronos2/SG_Carpark/15T/short/run_0/finetuned-ckpt)...
  Dataset info:
    - Frequency: 15T
    - Num series: 354
    - Target dim: 1
    - Target mode: univariate
    - Covariate channels: 0
    - Series length: min=14495, max=14495, avg=14495.0
    - Test split: 672 steps
    - Prediction length: 16
    - Windows: 42
    Processed 320/14868...
    Processed 640/14868...
    Processed 960/14868...
    Processed 1280/14868...
    Processed 1600/14868...
    Processed 1920/14868...
    Processed 2240/14868...
    Processed 2560/14868...
    Processed 2880/14868...
    Processed 3200/14868...
    Processed 3520/14868...
    Processed 3840/14868...
    Processed 4160/14868...
    Processed 4480/14868...
    Processed 4800/14868...
    Processed 5120/14868...
    Processed 5440/14868...
    Processed 5760/14868...
    Processed 6080/14868...
    Processed 6400/14868...
    Processed 6720/14868...
    Processed 7040/14868...
    Processed 7360/14868...
    Processed 7680/14868...
    Processed 8000/14868...
    Processed 8320/14868...
    Processed 8640/14868...
    Processed 8960/14868...
    Processed 9280/14868...
    Processed 9600/14868...
    Processed 9920/14868...
    Processed 10240/14868...
    Processed 10560/14868...
    Processed 10880/14868...
    Processed 11200/14868...
    Processed 11520/14868...
    Processed 11840/14868...
    Processed 12160/14868...
    Processed 12480/14868...
    Processed 12800/14868...
    Processed 13120/14868...
    Processed 13440/14868...
    Processed 13760/14868...
    Processed 14080/14868...
    Processed 14400/14868...
    Processed 14720/14868...
TIME run allocation action=new run=/fslarge/scratch/users/h61084/codes/fine_time/outputs/task_finetuning/tasks/task_finetuned/chronos2/univariate/SG_Carpark/15T/short/run_0 launch_id=selena_fine_time_20260929T092621Z_11326 slurm_job_id=3607387 launched_at=2026-09-29T10:58:32.969157+00:00
    Total instances: 14868, Series during experiment: 354, Windows: 42
    Collecting ground truth and context...
    Organizing data into arrays...
    Saved predictions (quantiles) to /fslarge/scratch/users/h61084/codes/fine_time/outputs/task_finetuning/tasks/task_finetuned/chronos2/univariate/SG_Carpark/15T/short/run_0/predictions.npz
    Computing per-window metrics...
    Saved metrics to /fslarge/scratch/users/h61084/codes/fine_time/outputs/task_finetuning/tasks/task_finetuned/chronos2/univariate/SG_Carpark/15T/short/run_0/metrics.npz
    Saved aggregate metrics to /fslarge/scratch/users/h61084/codes/fine_time/outputs/task_finetuning/tasks/task_finetuned/chronos2/univariate/SG_Carpark/15T/short/run_0/metrics_summary.json
    Metrics summary (averaged over all series/windows/variates):
      MSE: 201.2119
      MAE: 5.2619
      RMSE: 6.7315
      MAPE: 0.0333
      sMAPE: 0.0436
      MASE: 0.3660
      ND: 0.0327
      CRPS: 0.0256
  Completed: 354 series × 42 windows
  Output: /fslarge/scratch/users/h61084/codes/fine_time/outputs/task_finetuning/tasks/task_finetuned/chronos2/univariate/SG_Carpark/15T/short/run_0

============================================================
All experiments completed!
Results saved to: /scratch/users/h61084/codes/fine_time/outputs/task_finetuning/tasks/task_finetuned
============================================================
[55/90] evaluate chronos2 frozen on SG_PM25/H/long
[2026-09-29 10:58:37 UTC] resources selected_device {"device": "cuda", "model": "chronos2", "stage": "forecast"}
Loading configuration...

============================================================
Dataset: SG_PM25/H
Model: amazon/chronos-2
Checkpoint: /fslarge/scratch/users/h61084/weights/chronos2
Terms: ['long']
Covariate mode: none
Instance normalization: none
============================================================

--- Term: long ---
  Config: prediction_length=168, test_length=2208, val_length=2160
TIME run allocation action=new run=/fslarge/scratch/users/h61084/codes/fine_time/outputs/task_finetuning/tasks/inference/chronos2/univariate/SG_PM25/H/long/run_0 launch_id=selena_fine_time_20260929T092621Z_11326 slurm_job_id=3607387 launched_at=2026-09-29T10:58:37.833131+00:00
  Initializing Chronos pipeline (/fslarge/scratch/users/h61084/weights/chronos2)...
  Dataset info:
    - Frequency: H
    - Num series: 1
    - Target dim: 5
    - Target mode: univariate
    - Covariate channels: 0
    - Series length: min=38688, max=38688, avg=38688.0
    - Test split: 2208 steps
    - Prediction length: 168
    - Windows: 13
TIME run allocation action=new run=/fslarge/scratch/users/h61084/codes/fine_time/outputs/task_finetuning/tasks/frozen/chronos2/univariate/SG_PM25/H/long/run_0 launch_id=selena_fine_time_20260929T092621Z_11326 slurm_job_id=3607387 launched_at=2026-09-29T10:58:38.411416+00:00
    Total instances: 65, Series during experiment: 5, Windows: 13
    Collecting ground truth and context...
    Detected to_univariate case: 5 flat series -> 1 series x 5 variates
    Organizing data into arrays...
    Saved predictions (quantiles) to /fslarge/scratch/users/h61084/codes/fine_time/outputs/task_finetuning/tasks/frozen/chronos2/univariate/SG_PM25/H/long/run_0/predictions.npz
    Computing per-window metrics...
    Saved metrics to /fslarge/scratch/users/h61084/codes/fine_time/outputs/task_finetuning/tasks/frozen/chronos2/univariate/SG_PM25/H/long/run_0/metrics.npz
    Saved aggregate metrics to /fslarge/scratch/users/h61084/codes/fine_time/outputs/task_finetuning/tasks/frozen/chronos2/univariate/SG_PM25/H/long/run_0/metrics_summary.json
    Metrics summary (averaged over all series/windows/variates):
      MSE: 49.1567
      MAE: 5.0626
      RMSE: 6.6204
      MAPE: 0.5347
      sMAPE: 0.4263
      MASE: 0.9633
      ND: 0.4131
      CRPS: 0.3228
  Completed: 1 series × 13 windows
  Output: /fslarge/scratch/users/h61084/codes/fine_time/outputs/task_finetuning/tasks/frozen/chronos2/univariate/SG_PM25/H/long/run_0

============================================================
All experiments completed!
Results saved to: /scratch/users/h61084/codes/fine_time/outputs/task_finetuning/tasks/frozen
============================================================
[55/90] evaluate chronos2 task_finetuned on SG_PM25/H/long
[2026-09-29 10:58:38 UTC] resources selected_device {"device": "cuda", "model": "chronos2", "stage": "forecast"}
Loading configuration...

============================================================
Dataset: SG_PM25/H
Model: amazon/chronos-2
Checkpoint: /fslarge/scratch/users/h61084/codes/fine_time/outputs/task_finetuning/checkpoints/chronos2/SG_PM25/H/long/run_0/finetuned-ckpt
Terms: ['long']
Covariate mode: none
Instance normalization: none
============================================================

--- Term: long ---
  Config: prediction_length=168, test_length=2208, val_length=2160
TIME run allocation action=new run=/fslarge/scratch/users/h61084/codes/fine_time/outputs/task_finetuning/tasks/inference/chronos2/univariate/SG_PM25/H/long/run_1 launch_id=selena_fine_time_20260929T092621Z_11326 slurm_job_id=3607387 launched_at=2026-09-29T10:58:38.525889+00:00
  Initializing Chronos pipeline (/fslarge/scratch/users/h61084/codes/fine_time/outputs/task_finetuning/checkpoints/chronos2/SG_PM25/H/long/run_0/finetuned-ckpt)...
  Dataset info:
    - Frequency: H
    - Num series: 1
    - Target dim: 5
    - Target mode: univariate
    - Covariate channels: 0
    - Series length: min=38688, max=38688, avg=38688.0
    - Test split: 2208 steps
    - Prediction length: 168
    - Windows: 13
TIME run allocation action=new run=/fslarge/scratch/users/h61084/codes/fine_time/outputs/task_finetuning/tasks/task_finetuned/chronos2/univariate/SG_PM25/H/long/run_0 launch_id=selena_fine_time_20260929T092621Z_11326 slurm_job_id=3607387 launched_at=2026-09-29T10:58:39.784881+00:00
    Total instances: 65, Series during experiment: 5, Windows: 13
    Collecting ground truth and context...
    Detected to_univariate case: 5 flat series -> 1 series x 5 variates
    Organizing data into arrays...
    Saved predictions (quantiles) to /fslarge/scratch/users/h61084/codes/fine_time/outputs/task_finetuning/tasks/task_finetuned/chronos2/univariate/SG_PM25/H/long/run_0/predictions.npz
    Computing per-window metrics...
    Saved metrics to /fslarge/scratch/users/h61084/codes/fine_time/outputs/task_finetuning/tasks/task_finetuned/chronos2/univariate/SG_PM25/H/long/run_0/metrics.npz
    Saved aggregate metrics to /fslarge/scratch/users/h61084/codes/fine_time/outputs/task_finetuning/tasks/task_finetuned/chronos2/univariate/SG_PM25/H/long/run_0/metrics_summary.json
    Metrics summary (averaged over all series/windows/variates):
      MSE: 48.5241
      MAE: 5.0162
      RMSE: 6.5617
      MAPE: 0.5266
      sMAPE: 0.4233
      MASE: 0.9532
      ND: 0.4079
      CRPS: 0.3188
  Completed: 1 series × 13 windows
  Output: /fslarge/scratch/users/h61084/codes/fine_time/outputs/task_finetuning/tasks/task_finetuned/chronos2/univariate/SG_PM25/H/long/run_0

============================================================
All experiments completed!
Results saved to: /scratch/users/h61084/codes/fine_time/outputs/task_finetuning/tasks/task_finetuned
============================================================
[56/90] evaluate chronos2 frozen on SG_PM25/H/medium
[2026-09-29 10:58:39 UTC] resources selected_device {"device": "cuda", "model": "chronos2", "stage": "forecast"}
Loading configuration...

============================================================
Dataset: SG_PM25/H
Model: amazon/chronos-2
Checkpoint: /fslarge/scratch/users/h61084/weights/chronos2
Terms: ['medium']
Covariate mode: none
Instance normalization: none
============================================================

--- Term: medium ---
  Config: prediction_length=72, test_length=2208, val_length=2160
TIME run allocation action=new run=/fslarge/scratch/users/h61084/codes/fine_time/outputs/task_finetuning/tasks/inference/chronos2/univariate/SG_PM25/H/medium/run_0 launch_id=selena_fine_time_20260929T092621Z_11326 slurm_job_id=3607387 launched_at=2026-09-29T10:58:39.902376+00:00
  Initializing Chronos pipeline (/fslarge/scratch/users/h61084/weights/chronos2)...
  Dataset info:
    - Frequency: H
    - Num series: 1
    - Target dim: 5
    - Target mode: univariate
    - Covariate channels: 0
    - Series length: min=38688, max=38688, avg=38688.0
    - Test split: 2208 steps
    - Prediction length: 72
    - Windows: 30
TIME run allocation action=new run=/fslarge/scratch/users/h61084/codes/fine_time/outputs/task_finetuning/tasks/frozen/chronos2/univariate/SG_PM25/H/medium/run_0 launch_id=selena_fine_time_20260929T092621Z_11326 slurm_job_id=3607387 launched_at=2026-09-29T10:58:40.817850+00:00
    Total instances: 150, Series during experiment: 5, Windows: 30
    Collecting ground truth and context...
    Detected to_univariate case: 5 flat series -> 1 series x 5 variates
    Organizing data into arrays...
    Saved predictions (quantiles) to /fslarge/scratch/users/h61084/codes/fine_time/outputs/task_finetuning/tasks/frozen/chronos2/univariate/SG_PM25/H/medium/run_0/predictions.npz
    Computing per-window metrics...
    Saved metrics to /fslarge/scratch/users/h61084/codes/fine_time/outputs/task_finetuning/tasks/frozen/chronos2/univariate/SG_PM25/H/medium/run_0/metrics.npz
    Saved aggregate metrics to /fslarge/scratch/users/h61084/codes/fine_time/outputs/task_finetuning/tasks/frozen/chronos2/univariate/SG_PM25/H/medium/run_0/metrics_summary.json
    Metrics summary (averaged over all series/windows/variates):
      MSE: 47.1329
      MAE: 4.9147
      RMSE: 6.2847
      MAPE: 0.5108
      sMAPE: 0.4164
      MASE: 0.9340
      ND: 0.4022
      CRPS: 0.3143
  Completed: 1 series × 30 windows
  Output: /fslarge/scratch/users/h61084/codes/fine_time/outputs/task_finetuning/tasks/frozen/chronos2/univariate/SG_PM25/H/medium/run_0

============================================================
All experiments completed!
Results saved to: /scratch/users/h61084/codes/fine_time/outputs/task_finetuning/tasks/frozen
============================================================
[56/90] evaluate chronos2 task_finetuned on SG_PM25/H/medium
[2026-09-29 10:58:40 UTC] resources selected_device {"device": "cuda", "model": "chronos2", "stage": "forecast"}
Loading configuration...

============================================================
Dataset: SG_PM25/H
Model: amazon/chronos-2
Checkpoint: /fslarge/scratch/users/h61084/codes/fine_time/outputs/task_finetuning/checkpoints/chronos2/SG_PM25/H/medium/run_0/finetuned-ckpt
Terms: ['medium']
Covariate mode: none
Instance normalization: none
============================================================

--- Term: medium ---
  Config: prediction_length=72, test_length=2208, val_length=2160
TIME run allocation action=new run=/fslarge/scratch/users/h61084/codes/fine_time/outputs/task_finetuning/tasks/inference/chronos2/univariate/SG_PM25/H/medium/run_1 launch_id=selena_fine_time_20260929T092621Z_11326 slurm_job_id=3607387 launched_at=2026-09-29T10:58:40.965416+00:00
  Initializing Chronos pipeline (/fslarge/scratch/users/h61084/codes/fine_time/outputs/task_finetuning/checkpoints/chronos2/SG_PM25/H/medium/run_0/finetuned-ckpt)...
  Dataset info:
    - Frequency: H
    - Num series: 1
    - Target dim: 5
    - Target mode: univariate
    - Covariate channels: 0
    - Series length: min=38688, max=38688, avg=38688.0
    - Test split: 2208 steps
    - Prediction length: 72
    - Windows: 30
TIME run allocation action=new run=/fslarge/scratch/users/h61084/codes/fine_time/outputs/task_finetuning/tasks/task_finetuned/chronos2/univariate/SG_PM25/H/medium/run_0 launch_id=selena_fine_time_20260929T092621Z_11326 slurm_job_id=3607387 launched_at=2026-09-29T10:58:42.794606+00:00
    Total instances: 150, Series during experiment: 5, Windows: 30
    Collecting ground truth and context...
    Detected to_univariate case: 5 flat series -> 1 series x 5 variates
    Organizing data into arrays...
    Saved predictions (quantiles) to /fslarge/scratch/users/h61084/codes/fine_time/outputs/task_finetuning/tasks/task_finetuned/chronos2/univariate/SG_PM25/H/medium/run_0/predictions.npz
    Computing per-window metrics...
    Saved metrics to /fslarge/scratch/users/h61084/codes/fine_time/outputs/task_finetuning/tasks/task_finetuned/chronos2/univariate/SG_PM25/H/medium/run_0/metrics.npz
    Saved aggregate metrics to /fslarge/scratch/users/h61084/codes/fine_time/outputs/task_finetuning/tasks/task_finetuned/chronos2/univariate/SG_PM25/H/medium/run_0/metrics_summary.json
    Metrics summary (averaged over all series/windows/variates):
      MSE: 46.1876
      MAE: 4.8632
      RMSE: 6.2224
      MAPE: 0.5095
      sMAPE: 0.4121
      MASE: 0.9242
      ND: 0.3978
      CRPS: 0.3112
  Completed: 1 series × 30 windows
  Output: /fslarge/scratch/users/h61084/codes/fine_time/outputs/task_finetuning/tasks/task_finetuned/chronos2/univariate/SG_PM25/H/medium/run_0

============================================================
All experiments completed!
Results saved to: /scratch/users/h61084/codes/fine_time/outputs/task_finetuning/tasks/task_finetuned
============================================================
[57/90] evaluate chronos2 frozen on SG_PM25/H/short
[2026-09-29 10:58:42 UTC] resources selected_device {"device": "cuda", "model": "chronos2", "stage": "forecast"}
Loading configuration...

============================================================
Dataset: SG_PM25/H
Model: amazon/chronos-2
Checkpoint: /fslarge/scratch/users/h61084/weights/chronos2
Terms: ['short']
Covariate mode: none
Instance normalization: none
============================================================

--- Term: short ---
  Config: prediction_length=24, test_length=2208, val_length=2160
TIME run allocation action=new run=/fslarge/scratch/users/h61084/codes/fine_time/outputs/task_finetuning/tasks/inference/chronos2/univariate/SG_PM25/H/short/run_0 launch_id=selena_fine_time_20260929T092621Z_11326 slurm_job_id=3607387 launched_at=2026-09-29T10:58:42.943760+00:00
  Initializing Chronos pipeline (/fslarge/scratch/users/h61084/weights/chronos2)...
  Dataset info:
    - Frequency: H
    - Num series: 1
    - Target dim: 5
    - Target mode: univariate
    - Covariate channels: 0
    - Series length: min=38688, max=38688, avg=38688.0
    - Test split: 2208 steps
    - Prediction length: 24
    - Windows: 92
    Processed 320/460...
TIME run allocation action=new run=/fslarge/scratch/users/h61084/codes/fine_time/outputs/task_finetuning/tasks/frozen/chronos2/univariate/SG_PM25/H/short/run_0 launch_id=selena_fine_time_20260929T092621Z_11326 slurm_job_id=3607387 launched_at=2026-09-29T10:58:45.245973+00:00
    Total instances: 460, Series during experiment: 5, Windows: 92
    Collecting ground truth and context...
    Detected to_univariate case: 5 flat series -> 1 series x 5 variates
    Organizing data into arrays...
    Saved predictions (quantiles) to /fslarge/scratch/users/h61084/codes/fine_time/outputs/task_finetuning/tasks/frozen/chronos2/univariate/SG_PM25/H/short/run_0/predictions.npz
    Computing per-window metrics...
    Saved metrics to /fslarge/scratch/users/h61084/codes/fine_time/outputs/task_finetuning/tasks/frozen/chronos2/univariate/SG_PM25/H/short/run_0/metrics.npz
    Saved aggregate metrics to /fslarge/scratch/users/h61084/codes/fine_time/outputs/task_finetuning/tasks/frozen/chronos2/univariate/SG_PM25/H/short/run_0/metrics_summary.json
    Metrics summary (averaged over all series/windows/variates):
      MSE: 40.9557
      MAE: 4.6339
      RMSE: 5.7175
      MAPE: 0.4953
      sMAPE: 0.3954
      MASE: 0.8815
      ND: 0.3926
      CRPS: 0.3048
  Completed: 1 series × 92 windows
  Output: /fslarge/scratch/users/h61084/codes/fine_time/outputs/task_finetuning/tasks/frozen/chronos2/univariate/SG_PM25/H/short/run_0

============================================================
All experiments completed!
Results saved to: /scratch/users/h61084/codes/fine_time/outputs/task_finetuning/tasks/frozen
============================================================
[57/90] evaluate chronos2 task_finetuned on SG_PM25/H/short
[2026-09-29 10:58:45 UTC] resources selected_device {"device": "cuda", "model": "chronos2", "stage": "forecast"}
Loading configuration...

============================================================
Dataset: SG_PM25/H
Model: amazon/chronos-2
Checkpoint: /fslarge/scratch/users/h61084/codes/fine_time/outputs/task_finetuning/checkpoints/chronos2/SG_PM25/H/short/run_0/finetuned-ckpt
Terms: ['short']
Covariate mode: none
Instance normalization: none
============================================================

--- Term: short ---
  Config: prediction_length=24, test_length=2208, val_length=2160
TIME run allocation action=new run=/fslarge/scratch/users/h61084/codes/fine_time/outputs/task_finetuning/tasks/inference/chronos2/univariate/SG_PM25/H/short/run_1 launch_id=selena_fine_time_20260929T092621Z_11326 slurm_job_id=3607387 launched_at=2026-09-29T10:58:45.506281+00:00
  Initializing Chronos pipeline (/fslarge/scratch/users/h61084/codes/fine_time/outputs/task_finetuning/checkpoints/chronos2/SG_PM25/H/short/run_0/finetuned-ckpt)...
  Dataset info:
    - Frequency: H
    - Num series: 1
    - Target dim: 5
    - Target mode: univariate
    - Covariate channels: 0
    - Series length: min=38688, max=38688, avg=38688.0
    - Test split: 2208 steps
    - Prediction length: 24
    - Windows: 92
    Processed 320/460...
TIME run allocation action=new run=/fslarge/scratch/users/h61084/codes/fine_time/outputs/task_finetuning/tasks/task_finetuned/chronos2/univariate/SG_PM25/H/short/run_0 launch_id=selena_fine_time_20260929T092621Z_11326 slurm_job_id=3607387 launched_at=2026-09-29T10:58:48.665018+00:00
    Total instances: 460, Series during experiment: 5, Windows: 92
    Collecting ground truth and context...
    Detected to_univariate case: 5 flat series -> 1 series x 5 variates
    Organizing data into arrays...
    Saved predictions (quantiles) to /fslarge/scratch/users/h61084/codes/fine_time/outputs/task_finetuning/tasks/task_finetuned/chronos2/univariate/SG_PM25/H/short/run_0/predictions.npz
    Computing per-window metrics...
    Saved metrics to /fslarge/scratch/users/h61084/codes/fine_time/outputs/task_finetuning/tasks/task_finetuned/chronos2/univariate/SG_PM25/H/short/run_0/metrics.npz
    Saved aggregate metrics to /fslarge/scratch/users/h61084/codes/fine_time/outputs/task_finetuning/tasks/task_finetuned/chronos2/univariate/SG_PM25/H/short/run_0/metrics_summary.json
    Metrics summary (averaged over all series/windows/variates):
      MSE: 40.2626
      MAE: 4.5956
      RMSE: 5.6753
      MAPE: 0.4946
      sMAPE: 0.3920
      MASE: 0.8743
      ND: 0.3897
      CRPS: 0.3027
  Completed: 1 series × 92 windows
  Output: /fslarge/scratch/users/h61084/codes/fine_time/outputs/task_finetuning/tasks/task_finetuned/chronos2/univariate/SG_PM25/H/short/run_0

============================================================
All experiments completed!
Results saved to: /scratch/users/h61084/codes/fine_time/outputs/task_finetuning/tasks/task_finetuned
============================================================
[58/90] evaluate chronos2 frozen on SG_Weather/D/long
[2026-09-29 10:58:48 UTC] resources selected_device {"device": "cuda", "model": "chronos2", "stage": "forecast"}
Loading configuration...

============================================================
Dataset: SG_Weather/D
Model: amazon/chronos-2
Checkpoint: /fslarge/scratch/users/h61084/weights/chronos2
Terms: ['long']
Covariate mode: none
Instance normalization: none
============================================================

--- Term: long ---
  Config: prediction_length=14, test_length=366, val_length=366
TIME run allocation action=new run=/fslarge/scratch/users/h61084/codes/fine_time/outputs/task_finetuning/tasks/inference/chronos2/univariate/SG_Weather/D/long/run_0 launch_id=selena_fine_time_20260929T092621Z_11326 slurm_job_id=3607387 launched_at=2026-09-29T10:58:48.988049+00:00
  Initializing Chronos pipeline (/fslarge/scratch/users/h61084/weights/chronos2)...
  Dataset info:
    - Frequency: D
    - Num series: 6
    - Target dim: 4
    - Target mode: univariate
    - Covariate channels: 0
    - Series length: min=2953, max=2953, avg=2953.0
    - Test split: 366 steps
    - Prediction length: 14
    - Windows: 26
    Processed 320/624...
    Processed 624/624...
TIME run allocation action=new run=/fslarge/scratch/users/h61084/codes/fine_time/outputs/task_finetuning/tasks/frozen/chronos2/univariate/SG_Weather/D/long/run_0 launch_id=selena_fine_time_20260929T092621Z_11326 slurm_job_id=3607387 launched_at=2026-09-29T10:58:50.505553+00:00
    Total instances: 624, Series during experiment: 24, Windows: 26
    Collecting ground truth and context...
    Detected to_univariate case: 24 flat series -> 6 series x 4 variates
    Organizing data into arrays...
    Saved predictions (quantiles) to /fslarge/scratch/users/h61084/codes/fine_time/outputs/task_finetuning/tasks/frozen/chronos2/univariate/SG_Weather/D/long/run_0/predictions.npz
    Computing per-window metrics...
    Saved metrics to /fslarge/scratch/users/h61084/codes/fine_time/outputs/task_finetuning/tasks/frozen/chronos2/univariate/SG_Weather/D/long/run_0/metrics.npz
    Saved aggregate metrics to /fslarge/scratch/users/h61084/codes/fine_time/outputs/task_finetuning/tasks/frozen/chronos2/univariate/SG_Weather/D/long/run_0/metrics_summary.json
    Metrics summary (averaged over all series/windows/variates):
      MSE: 2284.1941
      MAE: 17.4142
      RMSE: 22.9106
      MAPE: 0.3499
      sMAPE: 0.2253
      MASE: 0.8988
      ND: 0.2139
      CRPS: 0.1682
  Completed: 6 series × 26 windows
  Output: /fslarge/scratch/users/h61084/codes/fine_time/outputs/task_finetuning/tasks/frozen/chronos2/univariate/SG_Weather/D/long/run_0

============================================================
All experiments completed!
Results saved to: /scratch/users/h61084/codes/fine_time/outputs/task_finetuning/tasks/frozen
============================================================
[58/90] evaluate chronos2 task_finetuned on SG_Weather/D/long
[2026-09-29 10:58:50 UTC] resources selected_device {"device": "cuda", "model": "chronos2", "stage": "forecast"}
Loading configuration...

============================================================
Dataset: SG_Weather/D
Model: amazon/chronos-2
Checkpoint: /fslarge/scratch/users/h61084/codes/fine_time/outputs/task_finetuning/checkpoints/chronos2/SG_Weather/D/long/run_0/finetuned-ckpt
Terms: ['long']
Covariate mode: none
Instance normalization: none
============================================================

--- Term: long ---
  Config: prediction_length=14, test_length=366, val_length=366
TIME run allocation action=new run=/fslarge/scratch/users/h61084/codes/fine_time/outputs/task_finetuning/tasks/inference/chronos2/univariate/SG_Weather/D/long/run_1 launch_id=selena_fine_time_20260929T092621Z_11326 slurm_job_id=3607387 launched_at=2026-09-29T10:58:50.705465+00:00
  Initializing Chronos pipeline (/fslarge/scratch/users/h61084/codes/fine_time/outputs/task_finetuning/checkpoints/chronos2/SG_Weather/D/long/run_0/finetuned-ckpt)...
  Dataset info:
    - Frequency: D
    - Num series: 6
    - Target dim: 4
    - Target mode: univariate
    - Covariate channels: 0
    - Series length: min=2953, max=2953, avg=2953.0
    - Test split: 366 steps
    - Prediction length: 14
    - Windows: 26
    Processed 320/624...
    Processed 624/624...
TIME run allocation action=new run=/fslarge/scratch/users/h61084/codes/fine_time/outputs/task_finetuning/tasks/task_finetuned/chronos2/univariate/SG_Weather/D/long/run_0 launch_id=selena_fine_time_20260929T092621Z_11326 slurm_job_id=3607387 launched_at=2026-09-29T10:58:52.885968+00:00
    Total instances: 624, Series during experiment: 24, Windows: 26
    Collecting ground truth and context...
    Detected to_univariate case: 24 flat series -> 6 series x 4 variates
    Organizing data into arrays...
    Saved predictions (quantiles) to /fslarge/scratch/users/h61084/codes/fine_time/outputs/task_finetuning/tasks/task_finetuned/chronos2/univariate/SG_Weather/D/long/run_0/predictions.npz
    Computing per-window metrics...
    Saved metrics to /fslarge/scratch/users/h61084/codes/fine_time/outputs/task_finetuning/tasks/task_finetuned/chronos2/univariate/SG_Weather/D/long/run_0/metrics.npz
    Saved aggregate metrics to /fslarge/scratch/users/h61084/codes/fine_time/outputs/task_finetuning/tasks/task_finetuned/chronos2/univariate/SG_Weather/D/long/run_0/metrics_summary.json
    Metrics summary (averaged over all series/windows/variates):
      MSE: 2271.8604
      MAE: 17.3816
      RMSE: 22.8633
      MAPE: 0.3536
      sMAPE: 0.2249
      MASE: 0.8994
      ND: 0.2140
      CRPS: 0.1683
  Completed: 6 series × 26 windows
  Output: /fslarge/scratch/users/h61084/codes/fine_time/outputs/task_finetuning/tasks/task_finetuned/chronos2/univariate/SG_Weather/D/long/run_0

============================================================
All experiments completed!
Results saved to: /scratch/users/h61084/codes/fine_time/outputs/task_finetuning/tasks/task_finetuned
============================================================
[59/90] evaluate chronos2 frozen on SG_Weather/D/medium
[2026-09-29 10:58:53 UTC] resources selected_device {"device": "cuda", "model": "chronos2", "stage": "forecast"}
Loading configuration...

============================================================
Dataset: SG_Weather/D
Model: amazon/chronos-2
Checkpoint: /fslarge/scratch/users/h61084/weights/chronos2
Terms: ['medium']
Covariate mode: none
Instance normalization: none
============================================================

--- Term: medium ---
  Config: prediction_length=7, test_length=366, val_length=366
TIME run allocation action=new run=/fslarge/scratch/users/h61084/codes/fine_time/outputs/task_finetuning/tasks/inference/chronos2/univariate/SG_Weather/D/medium/run_0 launch_id=selena_fine_time_20260929T092621Z_11326 slurm_job_id=3607387 launched_at=2026-09-29T10:58:53.090443+00:00
  Initializing Chronos pipeline (/fslarge/scratch/users/h61084/weights/chronos2)...
  Dataset info:
    - Frequency: D
    - Num series: 6
    - Target dim: 4
    - Target mode: univariate
    - Covariate channels: 0
    - Series length: min=2953, max=2953, avg=2953.0
    - Test split: 366 steps
    - Prediction length: 7
    - Windows: 52
    Processed 320/1248...
    Processed 640/1248...
    Processed 960/1248...
TIME run allocation action=new run=/fslarge/scratch/users/h61084/codes/fine_time/outputs/task_finetuning/tasks/frozen/chronos2/univariate/SG_Weather/D/medium/run_0 launch_id=selena_fine_time_20260929T092621Z_11326 slurm_job_id=3607387 launched_at=2026-09-29T10:58:55.792195+00:00
    Total instances: 1248, Series during experiment: 24, Windows: 52
    Collecting ground truth and context...
    Detected to_univariate case: 24 flat series -> 6 series x 4 variates
    Organizing data into arrays...
    Saved predictions (quantiles) to /fslarge/scratch/users/h61084/codes/fine_time/outputs/task_finetuning/tasks/frozen/chronos2/univariate/SG_Weather/D/medium/run_0/predictions.npz
    Computing per-window metrics...
    Saved metrics to /fslarge/scratch/users/h61084/codes/fine_time/outputs/task_finetuning/tasks/frozen/chronos2/univariate/SG_Weather/D/medium/run_0/metrics.npz
    Saved aggregate metrics to /fslarge/scratch/users/h61084/codes/fine_time/outputs/task_finetuning/tasks/frozen/chronos2/univariate/SG_Weather/D/medium/run_0/metrics_summary.json
    Metrics summary (averaged over all series/windows/variates):
      MSE: 2293.0160
      MAE: 17.4155
      RMSE: 22.1103
      MAPE: 0.3482
      sMAPE: 0.2234
      MASE: 0.8850
      ND: 0.2168
      CRPS: 0.1711
  Completed: 6 series × 52 windows
  Output: /fslarge/scratch/users/h61084/codes/fine_time/outputs/task_finetuning/tasks/frozen/chronos2/univariate/SG_Weather/D/medium/run_0

============================================================
All experiments completed!
Results saved to: /scratch/users/h61084/codes/fine_time/outputs/task_finetuning/tasks/frozen
============================================================
[59/90] evaluate chronos2 task_finetuned on SG_Weather/D/medium
[2026-09-29 10:58:56 UTC] resources selected_device {"device": "cuda", "model": "chronos2", "stage": "forecast"}
Loading configuration...

============================================================
Dataset: SG_Weather/D
Model: amazon/chronos-2
Checkpoint: /fslarge/scratch/users/h61084/codes/fine_time/outputs/task_finetuning/checkpoints/chronos2/SG_Weather/D/medium/run_0/finetuned-ckpt
Terms: ['medium']
Covariate mode: none
Instance normalization: none
============================================================

--- Term: medium ---
  Config: prediction_length=7, test_length=366, val_length=366
TIME run allocation action=new run=/fslarge/scratch/users/h61084/codes/fine_time/outputs/task_finetuning/tasks/inference/chronos2/univariate/SG_Weather/D/medium/run_1 launch_id=selena_fine_time_20260929T092621Z_11326 slurm_job_id=3607387 launched_at=2026-09-29T10:58:56.135177+00:00
  Initializing Chronos pipeline (/fslarge/scratch/users/h61084/codes/fine_time/outputs/task_finetuning/checkpoints/chronos2/SG_Weather/D/medium/run_0/finetuned-ckpt)...
  Dataset info:
    - Frequency: D
    - Num series: 6
    - Target dim: 4
    - Target mode: univariate
    - Covariate channels: 0
    - Series length: min=2953, max=2953, avg=2953.0
    - Test split: 366 steps
    - Prediction length: 7
    - Windows: 52
    Processed 320/1248...
    Processed 640/1248...
    Processed 960/1248...
TIME run allocation action=new run=/fslarge/scratch/users/h61084/codes/fine_time/outputs/task_finetuning/tasks/task_finetuned/chronos2/univariate/SG_Weather/D/medium/run_0 launch_id=selena_fine_time_20260929T092621Z_11326 slurm_job_id=3607387 launched_at=2026-09-29T10:58:59.409446+00:00
    Total instances: 1248, Series during experiment: 24, Windows: 52
    Collecting ground truth and context...
    Detected to_univariate case: 24 flat series -> 6 series x 4 variates
    Organizing data into arrays...
    Saved predictions (quantiles) to /fslarge/scratch/users/h61084/codes/fine_time/outputs/task_finetuning/tasks/task_finetuned/chronos2/univariate/SG_Weather/D/medium/run_0/predictions.npz
    Computing per-window metrics...
    Saved metrics to /fslarge/scratch/users/h61084/codes/fine_time/outputs/task_finetuning/tasks/task_finetuned/chronos2/univariate/SG_Weather/D/medium/run_0/metrics.npz
    Saved aggregate metrics to /fslarge/scratch/users/h61084/codes/fine_time/outputs/task_finetuning/tasks/task_finetuned/chronos2/univariate/SG_Weather/D/medium/run_0/metrics_summary.json
    Metrics summary (averaged over all series/windows/variates):
      MSE: 2296.2729
      MAE: 17.3873
      RMSE: 22.1125
      MAPE: 0.3491
      sMAPE: 0.2231
      MASE: 0.8844
      ND: 0.2168
      CRPS: 0.1709
  Completed: 6 series × 52 windows
  Output: /fslarge/scratch/users/h61084/codes/fine_time/outputs/task_finetuning/tasks/task_finetuned/chronos2/univariate/SG_Weather/D/medium/run_0

============================================================
All experiments completed!
Results saved to: /scratch/users/h61084/codes/fine_time/outputs/task_finetuning/tasks/task_finetuned
============================================================
[60/90] evaluate chronos2 frozen on SG_Weather/D/short
[2026-09-29 10:58:59 UTC] resources selected_device {"device": "cuda", "model": "chronos2", "stage": "forecast"}
Loading configuration...

============================================================
Dataset: SG_Weather/D
Model: amazon/chronos-2
Checkpoint: /fslarge/scratch/users/h61084/weights/chronos2
Terms: ['short']
Covariate mode: none
Instance normalization: none
============================================================

--- Term: short ---
  Config: prediction_length=3, test_length=366, val_length=366
TIME run allocation action=new run=/fslarge/scratch/users/h61084/codes/fine_time/outputs/task_finetuning/tasks/inference/chronos2/univariate/SG_Weather/D/short/run_0 launch_id=selena_fine_time_20260929T092621Z_11326 slurm_job_id=3607387 launched_at=2026-09-29T10:58:59.757519+00:00
  Initializing Chronos pipeline (/fslarge/scratch/users/h61084/weights/chronos2)...
  Dataset info:
    - Frequency: D
    - Num series: 6
    - Target dim: 4
    - Target mode: univariate
    - Covariate channels: 0
    - Series length: min=2953, max=2953, avg=2953.0
    - Test split: 366 steps
    - Prediction length: 3
    - Windows: 122
    Processed 320/2928...
    Processed 640/2928...
    Processed 960/2928...
    Processed 1280/2928...
    Processed 1600/2928...
    Processed 1920/2928...
    Processed 2240/2928...
    Processed 2560/2928...
    Processed 2880/2928...
TIME run allocation action=new run=/fslarge/scratch/users/h61084/codes/fine_time/outputs/task_finetuning/tasks/frozen/chronos2/univariate/SG_Weather/D/short/run_0 launch_id=selena_fine_time_20260929T092621Z_11326 slurm_job_id=3607387 launched_at=2026-09-29T10:59:04.852775+00:00
    Total instances: 2928, Series during experiment: 24, Windows: 122
    Collecting ground truth and context...
    Detected to_univariate case: 24 flat series -> 6 series x 4 variates
    Organizing data into arrays...
    Saved predictions (quantiles) to /fslarge/scratch/users/h61084/codes/fine_time/outputs/task_finetuning/tasks/frozen/chronos2/univariate/SG_Weather/D/short/run_0/predictions.npz
    Computing per-window metrics...
    Saved metrics to /fslarge/scratch/users/h61084/codes/fine_time/outputs/task_finetuning/tasks/frozen/chronos2/univariate/SG_Weather/D/short/run_0/metrics.npz
    Saved aggregate metrics to /fslarge/scratch/users/h61084/codes/fine_time/outputs/task_finetuning/tasks/frozen/chronos2/univariate/SG_Weather/D/short/run_0/metrics_summary.json
    Metrics summary (averaged over all series/windows/variates):
      MSE: 2268.2579
      MAE: 17.0659
      RMSE: 20.0979
      MAPE: 0.3431
      sMAPE: 0.2193
      MASE: 0.8503
      ND: 0.2265
      CRPS: 0.1843
  Completed: 6 series × 122 windows
  Output: /fslarge/scratch/users/h61084/codes/fine_time/outputs/task_finetuning/tasks/frozen/chronos2/univariate/SG_Weather/D/short/run_0

============================================================
All experiments completed!
Results saved to: /scratch/users/h61084/codes/fine_time/outputs/task_finetuning/tasks/frozen
============================================================
[60/90] evaluate chronos2 task_finetuned on SG_Weather/D/short
[2026-09-29 10:59:05 UTC] resources selected_device {"device": "cuda", "model": "chronos2", "stage": "forecast"}
Loading configuration...

============================================================
Dataset: SG_Weather/D
Model: amazon/chronos-2
Checkpoint: /fslarge/scratch/users/h61084/codes/fine_time/outputs/task_finetuning/checkpoints/chronos2/SG_Weather/D/short/run_0/finetuned-ckpt
Terms: ['short']
Covariate mode: none
Instance normalization: none
============================================================

--- Term: short ---
  Config: prediction_length=3, test_length=366, val_length=366
TIME run allocation action=new run=/fslarge/scratch/users/h61084/codes/fine_time/outputs/task_finetuning/tasks/inference/chronos2/univariate/SG_Weather/D/short/run_1 launch_id=selena_fine_time_20260929T092621Z_11326 slurm_job_id=3607387 launched_at=2026-09-29T10:59:05.597192+00:00
  Initializing Chronos pipeline (/fslarge/scratch/users/h61084/codes/fine_time/outputs/task_finetuning/checkpoints/chronos2/SG_Weather/D/short/run_0/finetuned-ckpt)...
  Dataset info:
    - Frequency: D
    - Num series: 6
    - Target dim: 4
    - Target mode: univariate
    - Covariate channels: 0
    - Series length: min=2953, max=2953, avg=2953.0
    - Test split: 366 steps
    - Prediction length: 3
    - Windows: 122
    Processed 320/2928...
    Processed 640/2928...
    Processed 960/2928...
    Processed 1280/2928...
    Processed 1600/2928...
    Processed 1920/2928...
    Processed 2240/2928...
    Processed 2560/2928...
    Processed 2880/2928...
TIME run allocation action=new run=/fslarge/scratch/users/h61084/codes/fine_time/outputs/task_finetuning/tasks/task_finetuned/chronos2/univariate/SG_Weather/D/short/run_0 launch_id=selena_fine_time_20260929T092621Z_11326 slurm_job_id=3607387 launched_at=2026-09-29T10:59:11.444898+00:00
    Total instances: 2928, Series during experiment: 24, Windows: 122
    Collecting ground truth and context...
    Detected to_univariate case: 24 flat series -> 6 series x 4 variates
    Organizing data into arrays...
    Saved predictions (quantiles) to /fslarge/scratch/users/h61084/codes/fine_time/outputs/task_finetuning/tasks/task_finetuned/chronos2/univariate/SG_Weather/D/short/run_0/predictions.npz
    Computing per-window metrics...
    Saved metrics to /fslarge/scratch/users/h61084/codes/fine_time/outputs/task_finetuning/tasks/task_finetuned/chronos2/univariate/SG_Weather/D/short/run_0/metrics.npz
    Saved aggregate metrics to /fslarge/scratch/users/h61084/codes/fine_time/outputs/task_finetuning/tasks/task_finetuned/chronos2/univariate/SG_Weather/D/short/run_0/metrics_summary.json
    Metrics summary (averaged over all series/windows/variates):
      MSE: 2289.8482
      MAE: 17.0794
      RMSE: 20.1443
      MAPE: 0.3426
      sMAPE: 0.2195
      MASE: 0.8513
      ND: 0.2264
      CRPS: 0.1838
  Completed: 6 series × 122 windows
  Output: /fslarge/scratch/users/h61084/codes/fine_time/outputs/task_finetuning/tasks/task_finetuned/chronos2/univariate/SG_Weather/D/short/run_0

============================================================
All experiments completed!
Results saved to: /scratch/users/h61084/codes/fine_time/outputs/task_finetuning/tasks/task_finetuned
============================================================
[61/90] evaluate chronos2 frozen on Smart_Manufacturing/H/long
[2026-09-29 10:59:12 UTC] resources selected_device {"device": "cuda", "model": "chronos2", "stage": "forecast"}
Loading configuration...

============================================================
Dataset: Smart_Manufacturing/H
Model: amazon/chronos-2
Checkpoint: /fslarge/scratch/users/h61084/weights/chronos2
Terms: ['long']
Covariate mode: none
Instance normalization: none
============================================================

--- Term: long ---
  Config: prediction_length=336, test_length=336, val_length=336
TIME run allocation action=new run=/fslarge/scratch/users/h61084/codes/fine_time/outputs/task_finetuning/tasks/inference/chronos2/univariate/Smart_Manufacturing/H/long/run_0 launch_id=selena_fine_time_20260929T092621Z_11326 slurm_job_id=3607387 launched_at=2026-09-29T10:59:12.205432+00:00
  Initializing Chronos pipeline (/fslarge/scratch/users/h61084/weights/chronos2)...
  Dataset info:
    - Frequency: H
    - Num series: 34
    - Target dim: 5
    - Target mode: univariate
    - Covariate channels: 0
    - Series length: min=1661, max=1667, avg=1665.9
    - Test split: 336 steps
    - Prediction length: 336
    - Windows: 1
TIME run allocation action=new run=/fslarge/scratch/users/h61084/codes/fine_time/outputs/task_finetuning/tasks/frozen/chronos2/univariate/Smart_Manufacturing/H/long/run_0 launch_id=selena_fine_time_20260929T092621Z_11326 slurm_job_id=3607387 launched_at=2026-09-29T10:59:13.086224+00:00
    Total instances: 170, Series during experiment: 170, Windows: 1
    Collecting ground truth and context...
    Detected to_univariate case: 170 flat series -> 34 series x 5 variates
    Organizing data into arrays...
    Saved predictions (quantiles) to /fslarge/scratch/users/h61084/codes/fine_time/outputs/task_finetuning/tasks/frozen/chronos2/univariate/Smart_Manufacturing/H/long/run_0/predictions.npz
    Computing per-window metrics...
    Saved metrics to /fslarge/scratch/users/h61084/codes/fine_time/outputs/task_finetuning/tasks/frozen/chronos2/univariate/Smart_Manufacturing/H/long/run_0/metrics.npz
    Saved aggregate metrics to /fslarge/scratch/users/h61084/codes/fine_time/outputs/task_finetuning/tasks/frozen/chronos2/univariate/Smart_Manufacturing/H/long/run_0/metrics_summary.json
    Metrics summary (averaged over all series/windows/variates):
      MSE: 78.4263
      MAE: 5.7196
      RMSE: 7.1591
      MAPE: 0.3402
      sMAPE: 0.2253
      MASE: 0.7110
      ND: 0.2152
      CRPS: 0.1655
  Completed: 34 series × 1 windows
  Output: /fslarge/scratch/users/h61084/codes/fine_time/outputs/task_finetuning/tasks/frozen/chronos2/univariate/Smart_Manufacturing/H/long/run_0

============================================================
All experiments completed!
Results saved to: /scratch/users/h61084/codes/fine_time/outputs/task_finetuning/tasks/frozen
============================================================
[61/90] evaluate chronos2 task_finetuned on Smart_Manufacturing/H/long
[2026-09-29 10:59:13 UTC] resources selected_device {"device": "cuda", "model": "chronos2", "stage": "forecast"}
Loading configuration...

============================================================
Dataset: Smart_Manufacturing/H
Model: amazon/chronos-2
Checkpoint: /fslarge/scratch/users/h61084/codes/fine_time/outputs/task_finetuning/checkpoints/chronos2/Smart_Manufacturing/H/long/run_0/finetuned-ckpt
Terms: ['long']
Covariate mode: none
Instance normalization: none
============================================================

--- Term: long ---
  Config: prediction_length=336, test_length=336, val_length=336
TIME run allocation action=new run=/fslarge/scratch/users/h61084/codes/fine_time/outputs/task_finetuning/tasks/inference/chronos2/univariate/Smart_Manufacturing/H/long/run_1 launch_id=selena_fine_time_20260929T092621Z_11326 slurm_job_id=3607387 launched_at=2026-09-29T10:59:13.220296+00:00
  Initializing Chronos pipeline (/fslarge/scratch/users/h61084/codes/fine_time/outputs/task_finetuning/checkpoints/chronos2/Smart_Manufacturing/H/long/run_0/finetuned-ckpt)...
  Dataset info:
    - Frequency: H
    - Num series: 34
    - Target dim: 5
    - Target mode: univariate
    - Covariate channels: 0
    - Series length: min=1661, max=1667, avg=1665.9
    - Test split: 336 steps
    - Prediction length: 336
    - Windows: 1
TIME run allocation action=new run=/fslarge/scratch/users/h61084/codes/fine_time/outputs/task_finetuning/tasks/task_finetuned/chronos2/univariate/Smart_Manufacturing/H/long/run_0 launch_id=selena_fine_time_20260929T092621Z_11326 slurm_job_id=3607387 launched_at=2026-09-29T10:59:14.792891+00:00
    Total instances: 170, Series during experiment: 170, Windows: 1
    Collecting ground truth and context...
    Detected to_univariate case: 170 flat series -> 34 series x 5 variates
    Organizing data into arrays...
    Saved predictions (quantiles) to /fslarge/scratch/users/h61084/codes/fine_time/outputs/task_finetuning/tasks/task_finetuned/chronos2/univariate/Smart_Manufacturing/H/long/run_0/predictions.npz
    Computing per-window metrics...
    Saved metrics to /fslarge/scratch/users/h61084/codes/fine_time/outputs/task_finetuning/tasks/task_finetuned/chronos2/univariate/Smart_Manufacturing/H/long/run_0/metrics.npz
    Saved aggregate metrics to /fslarge/scratch/users/h61084/codes/fine_time/outputs/task_finetuning/tasks/task_finetuned/chronos2/univariate/Smart_Manufacturing/H/long/run_0/metrics_summary.json
    Metrics summary (averaged over all series/windows/variates):
      MSE: 78.3284
      MAE: 5.7164
      RMSE: 7.1542
      MAPE: 0.3400
      sMAPE: 0.2251
      MASE: 0.7106
      ND: 0.2151
      CRPS: 0.1654
  Completed: 34 series × 1 windows
  Output: /fslarge/scratch/users/h61084/codes/fine_time/outputs/task_finetuning/tasks/task_finetuned/chronos2/univariate/Smart_Manufacturing/H/long/run_0

============================================================
All experiments completed!
Results saved to: /scratch/users/h61084/codes/fine_time/outputs/task_finetuning/tasks/task_finetuned
============================================================
[62/90] evaluate chronos2 frozen on Smart_Manufacturing/H/medium
[2026-09-29 10:59:14 UTC] resources selected_device {"device": "cuda", "model": "chronos2", "stage": "forecast"}
Loading configuration...

============================================================
Dataset: Smart_Manufacturing/H
Model: amazon/chronos-2
Checkpoint: /fslarge/scratch/users/h61084/weights/chronos2
Terms: ['medium']
Covariate mode: none
Instance normalization: none
============================================================

--- Term: medium ---
  Config: prediction_length=168, test_length=336, val_length=336
TIME run allocation action=new run=/fslarge/scratch/users/h61084/codes/fine_time/outputs/task_finetuning/tasks/inference/chronos2/univariate/Smart_Manufacturing/H/medium/run_0 launch_id=selena_fine_time_20260929T092621Z_11326 slurm_job_id=3607387 launched_at=2026-09-29T10:59:14.931189+00:00
  Initializing Chronos pipeline (/fslarge/scratch/users/h61084/weights/chronos2)...
  Dataset info:
    - Frequency: H
    - Num series: 34
    - Target dim: 5
    - Target mode: univariate
    - Covariate channels: 0
    - Series length: min=1661, max=1667, avg=1665.9
    - Test split: 336 steps
    - Prediction length: 168
    - Windows: 2
    Processed 320/340...
TIME run allocation action=new run=/fslarge/scratch/users/h61084/codes/fine_time/outputs/task_finetuning/tasks/frozen/chronos2/univariate/Smart_Manufacturing/H/medium/run_0 launch_id=selena_fine_time_20260929T092621Z_11326 slurm_job_id=3607387 launched_at=2026-09-29T10:59:15.604593+00:00
    Total instances: 340, Series during experiment: 170, Windows: 2
    Collecting ground truth and context...
    Detected to_univariate case: 170 flat series -> 34 series x 5 variates
    Organizing data into arrays...
    Saved predictions (quantiles) to /fslarge/scratch/users/h61084/codes/fine_time/outputs/task_finetuning/tasks/frozen/chronos2/univariate/Smart_Manufacturing/H/medium/run_0/predictions.npz
    Computing per-window metrics...
    Saved metrics to /fslarge/scratch/users/h61084/codes/fine_time/outputs/task_finetuning/tasks/frozen/chronos2/univariate/Smart_Manufacturing/H/medium/run_0/metrics.npz
    Saved aggregate metrics to /fslarge/scratch/users/h61084/codes/fine_time/outputs/task_finetuning/tasks/frozen/chronos2/univariate/Smart_Manufacturing/H/medium/run_0/metrics_summary.json
    Metrics summary (averaged over all series/windows/variates):
      MSE: 78.4224
      MAE: 5.7197
      RMSE: 7.1497
      MAPE: 0.3377
      sMAPE: 0.2253
      MASE: 0.7115
      ND: 0.2153
      CRPS: 0.1656
  Completed: 34 series × 2 windows
  Output: /fslarge/scratch/users/h61084/codes/fine_time/outputs/task_finetuning/tasks/frozen/chronos2/univariate/Smart_Manufacturing/H/medium/run_0

============================================================
All experiments completed!
Results saved to: /scratch/users/h61084/codes/fine_time/outputs/task_finetuning/tasks/frozen
============================================================
[62/90] evaluate chronos2 task_finetuned on Smart_Manufacturing/H/medium
[2026-09-29 10:59:15 UTC] resources selected_device {"device": "cuda", "model": "chronos2", "stage": "forecast"}
Loading configuration...

============================================================
Dataset: Smart_Manufacturing/H
Model: amazon/chronos-2
Checkpoint: /fslarge/scratch/users/h61084/codes/fine_time/outputs/task_finetuning/checkpoints/chronos2/Smart_Manufacturing/H/medium/run_0/finetuned-ckpt
Terms: ['medium']
Covariate mode: none
Instance normalization: none
============================================================

--- Term: medium ---
  Config: prediction_length=168, test_length=336, val_length=336
TIME run allocation action=new run=/fslarge/scratch/users/h61084/codes/fine_time/outputs/task_finetuning/tasks/inference/chronos2/univariate/Smart_Manufacturing/H/medium/run_1 launch_id=selena_fine_time_20260929T092621Z_11326 slurm_job_id=3607387 launched_at=2026-09-29T10:59:15.779014+00:00
  Initializing Chronos pipeline (/fslarge/scratch/users/h61084/codes/fine_time/outputs/task_finetuning/checkpoints/chronos2/Smart_Manufacturing/H/medium/run_0/finetuned-ckpt)...
  Dataset info:
    - Frequency: H
    - Num series: 34
    - Target dim: 5
    - Target mode: univariate
    - Covariate channels: 0
    - Series length: min=1661, max=1667, avg=1665.9
    - Test split: 336 steps
    - Prediction length: 168
    - Windows: 2
    Processed 320/340...
TIME run allocation action=new run=/fslarge/scratch/users/h61084/codes/fine_time/outputs/task_finetuning/tasks/task_finetuned/chronos2/univariate/Smart_Manufacturing/H/medium/run_0 launch_id=selena_fine_time_20260929T092621Z_11326 slurm_job_id=3607387 launched_at=2026-09-29T10:59:17.296508+00:00
    Total instances: 340, Series during experiment: 170, Windows: 2
    Collecting ground truth and context...
    Detected to_univariate case: 170 flat series -> 34 series x 5 variates
    Organizing data into arrays...
    Saved predictions (quantiles) to /fslarge/scratch/users/h61084/codes/fine_time/outputs/task_finetuning/tasks/task_finetuned/chronos2/univariate/Smart_Manufacturing/H/medium/run_0/predictions.npz
    Computing per-window metrics...
    Saved metrics to /fslarge/scratch/users/h61084/codes/fine_time/outputs/task_finetuning/tasks/task_finetuned/chronos2/univariate/Smart_Manufacturing/H/medium/run_0/metrics.npz
    Saved aggregate metrics to /fslarge/scratch/users/h61084/codes/fine_time/outputs/task_finetuning/tasks/task_finetuned/chronos2/univariate/Smart_Manufacturing/H/medium/run_0/metrics_summary.json
    Metrics summary (averaged over all series/windows/variates):
      MSE: 78.3252
      MAE: 5.7167
      RMSE: 7.1450
      MAPE: 0.3380
      sMAPE: 0.2252
      MASE: 0.7110
      ND: 0.2152
      CRPS: 0.1655
  Completed: 34 series × 2 windows
  Output: /fslarge/scratch/users/h61084/codes/fine_time/outputs/task_finetuning/tasks/task_finetuned/chronos2/univariate/Smart_Manufacturing/H/medium/run_0

============================================================
All experiments completed!
Results saved to: /scratch/users/h61084/codes/fine_time/outputs/task_finetuning/tasks/task_finetuned
============================================================
[63/90] evaluate chronos2 frozen on Smart_Manufacturing/H/short
[2026-09-29 10:59:17 UTC] resources selected_device {"device": "cuda", "model": "chronos2", "stage": "forecast"}
Loading configuration...

============================================================
Dataset: Smart_Manufacturing/H
Model: amazon/chronos-2
Checkpoint: /fslarge/scratch/users/h61084/weights/chronos2
Terms: ['short']
Covariate mode: none
Instance normalization: none
============================================================

--- Term: short ---
  Config: prediction_length=24, test_length=336, val_length=336
TIME run allocation action=new run=/fslarge/scratch/users/h61084/codes/fine_time/outputs/task_finetuning/tasks/inference/chronos2/univariate/Smart_Manufacturing/H/short/run_0 launch_id=selena_fine_time_20260929T092621Z_11326 slurm_job_id=3607387 launched_at=2026-09-29T10:59:17.529314+00:00
  Initializing Chronos pipeline (/fslarge/scratch/users/h61084/weights/chronos2)...
  Dataset info:
    - Frequency: H
    - Num series: 34
    - Target dim: 5
    - Target mode: univariate
    - Covariate channels: 0
    - Series length: min=1661, max=1667, avg=1665.9
    - Test split: 336 steps
    - Prediction length: 24
    - Windows: 14
    Processed 320/2380...
    Processed 640/2380...
    Processed 960/2380...
    Processed 1280/2380...
    Processed 1600/2380...
    Processed 1920/2380...
    Processed 2240/2380...
TIME run allocation action=new run=/fslarge/scratch/users/h61084/codes/fine_time/outputs/task_finetuning/tasks/frozen/chronos2/univariate/Smart_Manufacturing/H/short/run_0 launch_id=selena_fine_time_20260929T092621Z_11326 slurm_job_id=3607387 launched_at=2026-09-29T10:59:20.255406+00:00
    Total instances: 2380, Series during experiment: 170, Windows: 14
    Collecting ground truth and context...
    Detected to_univariate case: 170 flat series -> 34 series x 5 variates
    Organizing data into arrays...
    Saved predictions (quantiles) to /fslarge/scratch/users/h61084/codes/fine_time/outputs/task_finetuning/tasks/frozen/chronos2/univariate/Smart_Manufacturing/H/short/run_0/predictions.npz
    Computing per-window metrics...
    Saved metrics to /fslarge/scratch/users/h61084/codes/fine_time/outputs/task_finetuning/tasks/frozen/chronos2/univariate/Smart_Manufacturing/H/short/run_0/metrics.npz
    Saved aggregate metrics to /fslarge/scratch/users/h61084/codes/fine_time/outputs/task_finetuning/tasks/frozen/chronos2/univariate/Smart_Manufacturing/H/short/run_0/metrics_summary.json
    Metrics summary (averaged over all series/windows/variates):
      MSE: 78.3464
      MAE: 5.7164
      RMSE: 7.0635
      MAPE: 0.3321
      sMAPE: 0.2253
      MASE: 0.7118
      ND: 0.2165
      CRPS: 0.1665
  Completed: 34 series × 14 windows
  Output: /fslarge/scratch/users/h61084/codes/fine_time/outputs/task_finetuning/tasks/frozen/chronos2/univariate/Smart_Manufacturing/H/short/run_0

============================================================
All experiments completed!
Results saved to: /scratch/users/h61084/codes/fine_time/outputs/task_finetuning/tasks/frozen
============================================================
[63/90] evaluate chronos2 task_finetuned on Smart_Manufacturing/H/short
[2026-09-29 10:59:20 UTC] resources selected_device {"device": "cuda", "model": "chronos2", "stage": "forecast"}
Loading configuration...

============================================================
Dataset: Smart_Manufacturing/H
Model: amazon/chronos-2
Checkpoint: /fslarge/scratch/users/h61084/codes/fine_time/outputs/task_finetuning/checkpoints/chronos2/Smart_Manufacturing/H/short/run_0/finetuned-ckpt
Terms: ['short']
Covariate mode: none
Instance normalization: none
============================================================

--- Term: short ---
  Config: prediction_length=24, test_length=336, val_length=336
TIME run allocation action=new run=/fslarge/scratch/users/h61084/codes/fine_time/outputs/task_finetuning/tasks/inference/chronos2/univariate/Smart_Manufacturing/H/short/run_1 launch_id=selena_fine_time_20260929T092621Z_11326 slurm_job_id=3607387 launched_at=2026-09-29T10:59:20.923033+00:00
  Initializing Chronos pipeline (/fslarge/scratch/users/h61084/codes/fine_time/outputs/task_finetuning/checkpoints/chronos2/Smart_Manufacturing/H/short/run_0/finetuned-ckpt)...
  Dataset info:
    - Frequency: H
    - Num series: 34
    - Target dim: 5
    - Target mode: univariate
    - Covariate channels: 0
    - Series length: min=1661, max=1667, avg=1665.9
    - Test split: 336 steps
    - Prediction length: 24
    - Windows: 14
    Processed 320/2380...
    Processed 640/2380...
    Processed 960/2380...
    Processed 1280/2380...
    Processed 1600/2380...
    Processed 1920/2380...
    Processed 2240/2380...
TIME run allocation action=new run=/fslarge/scratch/users/h61084/codes/fine_time/outputs/task_finetuning/tasks/task_finetuned/chronos2/univariate/Smart_Manufacturing/H/short/run_0 launch_id=selena_fine_time_20260929T092621Z_11326 slurm_job_id=3607387 launched_at=2026-09-29T10:59:24.410893+00:00
    Total instances: 2380, Series during experiment: 170, Windows: 14
    Collecting ground truth and context...
    Detected to_univariate case: 170 flat series -> 34 series x 5 variates
    Organizing data into arrays...
    Saved predictions (quantiles) to /fslarge/scratch/users/h61084/codes/fine_time/outputs/task_finetuning/tasks/task_finetuned/chronos2/univariate/Smart_Manufacturing/H/short/run_0/predictions.npz
    Computing per-window metrics...
    Saved metrics to /fslarge/scratch/users/h61084/codes/fine_time/outputs/task_finetuning/tasks/task_finetuned/chronos2/univariate/Smart_Manufacturing/H/short/run_0/metrics.npz
    Saved aggregate metrics to /fslarge/scratch/users/h61084/codes/fine_time/outputs/task_finetuning/tasks/task_finetuned/chronos2/univariate/Smart_Manufacturing/H/short/run_0/metrics_summary.json
    Metrics summary (averaged over all series/windows/variates):
      MSE: 78.2260
      MAE: 5.7124
      RMSE: 7.0583
      MAPE: 0.3341
      sMAPE: 0.2251
      MASE: 0.7112
      ND: 0.2165
      CRPS: 0.1664
  Completed: 34 series × 14 windows
  Output: /fslarge/scratch/users/h61084/codes/fine_time/outputs/task_finetuning/tasks/task_finetuned/chronos2/univariate/Smart_Manufacturing/H/short/run_0

============================================================
All experiments completed!
Results saved to: /scratch/users/h61084/codes/fine_time/outputs/task_finetuning/tasks/task_finetuned
============================================================
[64/90] evaluate chronos2 frozen on Supply_Chain_Customer/D/short
[2026-09-29 10:59:25 UTC] resources selected_device {"device": "cuda", "model": "chronos2", "stage": "forecast"}
Loading configuration...

============================================================
Dataset: Supply_Chain_Customer/D
Model: amazon/chronos-2
Checkpoint: /fslarge/scratch/users/h61084/weights/chronos2
Terms: ['short']
Covariate mode: none
Instance normalization: none
============================================================

--- Term: short ---
  Config: prediction_length=30, test_length=365, val_length=90
TIME run allocation action=new run=/fslarge/scratch/users/h61084/codes/fine_time/outputs/task_finetuning/tasks/inference/chronos2/univariate/Supply_Chain_Customer/D/short/run_0 launch_id=selena_fine_time_20260929T092621Z_11326 slurm_job_id=3607387 launched_at=2026-09-29T10:59:25.127449+00:00
  Initializing Chronos pipeline (/fslarge/scratch/users/h61084/weights/chronos2)...
  Dataset info:
    - Frequency: D
    - Num series: 1
    - Target dim: 36
    - Target mode: univariate
    - Covariate channels: 0
    - Series length: min=2007, max=2007, avg=2007.0
    - Test split: 365 steps
    - Prediction length: 30
    - Windows: 12
    Processed 320/432...
TIME run allocation action=new run=/fslarge/scratch/users/h61084/codes/fine_time/outputs/task_finetuning/tasks/frozen/chronos2/univariate/Supply_Chain_Customer/D/short/run_0 launch_id=selena_fine_time_20260929T092621Z_11326 slurm_job_id=3607387 launched_at=2026-09-29T10:59:25.893873+00:00
    Total instances: 432, Series during experiment: 36, Windows: 12
    Collecting ground truth and context...
    Detected to_univariate case: 36 flat series -> 1 series x 36 variates
    Organizing data into arrays...
    ⚠️  Predictions max value (258604.44) exceeds float16 safe range.
    ⚠️  Applying scale factor: 10 (values will be divided)
    Saved predictions (quantiles) to /fslarge/scratch/users/h61084/codes/fine_time/outputs/task_finetuning/tasks/frozen/chronos2/univariate/Supply_Chain_Customer/D/short/run_0/predictions.npz
    Computing per-window metrics...
    Saved metrics to /fslarge/scratch/users/h61084/codes/fine_time/outputs/task_finetuning/tasks/frozen/chronos2/univariate/Supply_Chain_Customer/D/short/run_0/metrics.npz
    Saved aggregate metrics to /fslarge/scratch/users/h61084/codes/fine_time/outputs/task_finetuning/tasks/frozen/chronos2/univariate/Supply_Chain_Customer/D/short/run_0/metrics_summary.json
    Metrics summary (averaged over all series/windows/variates):
      MSE: 29400552.9325
      MAE: 1553.1126
      RMSE: 2207.4212
      MAPE: 0.4072
      sMAPE: 0.3825
      MASE: 0.5576
      ND: 0.3354
      CRPS: 0.2600
  Completed: 1 series × 12 windows
  Output: /fslarge/scratch/users/h61084/codes/fine_time/outputs/task_finetuning/tasks/frozen/chronos2/univariate/Supply_Chain_Customer/D/short/run_0

============================================================
All experiments completed!
Results saved to: /scratch/users/h61084/codes/fine_time/outputs/task_finetuning/tasks/frozen
============================================================
[64/90] evaluate chronos2 task_finetuned on Supply_Chain_Customer/D/short
[2026-09-29 10:59:26 UTC] resources selected_device {"device": "cuda", "model": "chronos2", "stage": "forecast"}
Loading configuration...

============================================================
Dataset: Supply_Chain_Customer/D
Model: amazon/chronos-2
Checkpoint: /fslarge/scratch/users/h61084/codes/fine_time/outputs/task_finetuning/checkpoints/chronos2/Supply_Chain_Customer/D/short/run_0/finetuned-ckpt
Terms: ['short']
Covariate mode: none
Instance normalization: none
============================================================

--- Term: short ---
  Config: prediction_length=30, test_length=365, val_length=90
TIME run allocation action=new run=/fslarge/scratch/users/h61084/codes/fine_time/outputs/task_finetuning/tasks/inference/chronos2/univariate/Supply_Chain_Customer/D/short/run_1 launch_id=selena_fine_time_20260929T092621Z_11326 slurm_job_id=3607387 launched_at=2026-09-29T10:59:26.059606+00:00
  Initializing Chronos pipeline (/fslarge/scratch/users/h61084/codes/fine_time/outputs/task_finetuning/checkpoints/chronos2/Supply_Chain_Customer/D/short/run_0/finetuned-ckpt)...
  Dataset info:
    - Frequency: D
    - Num series: 1
    - Target dim: 36
    - Target mode: univariate
    - Covariate channels: 0
    - Series length: min=2007, max=2007, avg=2007.0
    - Test split: 365 steps
    - Prediction length: 30
    - Windows: 12
    Processed 320/432...
TIME run allocation action=new run=/fslarge/scratch/users/h61084/codes/fine_time/outputs/task_finetuning/tasks/task_finetuned/chronos2/univariate/Supply_Chain_Customer/D/short/run_0 launch_id=selena_fine_time_20260929T092621Z_11326 slurm_job_id=3607387 launched_at=2026-09-29T10:59:27.927101+00:00
    Total instances: 432, Series during experiment: 36, Windows: 12
    Collecting ground truth and context...
    Detected to_univariate case: 36 flat series -> 1 series x 36 variates
    Organizing data into arrays...
    ⚠️  Predictions max value (257848.53) exceeds float16 safe range.
    ⚠️  Applying scale factor: 10 (values will be divided)
    Saved predictions (quantiles) to /fslarge/scratch/users/h61084/codes/fine_time/outputs/task_finetuning/tasks/task_finetuned/chronos2/univariate/Supply_Chain_Customer/D/short/run_0/predictions.npz
    Computing per-window metrics...
    Saved metrics to /fslarge/scratch/users/h61084/codes/fine_time/outputs/task_finetuning/tasks/task_finetuned/chronos2/univariate/Supply_Chain_Customer/D/short/run_0/metrics.npz
    Saved aggregate metrics to /fslarge/scratch/users/h61084/codes/fine_time/outputs/task_finetuning/tasks/task_finetuned/chronos2/univariate/Supply_Chain_Customer/D/short/run_0/metrics_summary.json
    Metrics summary (averaged over all series/windows/variates):
      MSE: 27773974.9602
      MAE: 1524.3347
      RMSE: 2167.1204
      MAPE: 0.4146
      sMAPE: 0.3784
      MASE: 0.5491
      ND: 0.3321
      CRPS: 0.2577
  Completed: 1 series × 12 windows
  Output: /fslarge/scratch/users/h61084/codes/fine_time/outputs/task_finetuning/tasks/task_finetuned/chronos2/univariate/Supply_Chain_Customer/D/short/run_0

============================================================
All experiments completed!
Results saved to: /scratch/users/h61084/codes/fine_time/outputs/task_finetuning/tasks/task_finetuned
============================================================
[65/90] evaluate chronos2 frozen on Supply_Chain_Location/D/short
[2026-09-29 10:59:28 UTC] resources selected_device {"device": "cuda", "model": "chronos2", "stage": "forecast"}
Loading configuration...

============================================================
Dataset: Supply_Chain_Location/D
Model: amazon/chronos-2
Checkpoint: /fslarge/scratch/users/h61084/weights/chronos2
Terms: ['short']
Covariate mode: none
Instance normalization: none
============================================================

--- Term: short ---
  Config: prediction_length=30, test_length=365, val_length=90
TIME run allocation action=new run=/fslarge/scratch/users/h61084/codes/fine_time/outputs/task_finetuning/tasks/inference/chronos2/univariate/Supply_Chain_Location/D/short/run_0 launch_id=selena_fine_time_20260929T092621Z_11326 slurm_job_id=3607387 launched_at=2026-09-29T10:59:28.112332+00:00
  Initializing Chronos pipeline (/fslarge/scratch/users/h61084/weights/chronos2)...
  Dataset info:
    - Frequency: D
    - Num series: 1
    - Target dim: 51
    - Target mode: univariate
    - Covariate channels: 0
    - Series length: min=2007, max=2007, avg=2007.0
    - Test split: 365 steps
    - Prediction length: 30
    - Windows: 12
    Processed 320/612...
    Processed 612/612...
TIME run allocation action=new run=/fslarge/scratch/users/h61084/codes/fine_time/outputs/task_finetuning/tasks/frozen/chronos2/univariate/Supply_Chain_Location/D/short/run_0 launch_id=selena_fine_time_20260929T092621Z_11326 slurm_job_id=3607387 launched_at=2026-09-29T10:59:29.104259+00:00
    Total instances: 612, Series during experiment: 51, Windows: 12
    Collecting ground truth and context...
    Detected to_univariate case: 51 flat series -> 1 series x 51 variates
    Organizing data into arrays...
    ⚠️  Predictions max value (119184.34) exceeds float16 safe range.
    ⚠️  Applying scale factor: 10 (values will be divided)
    Saved predictions (quantiles) to /fslarge/scratch/users/h61084/codes/fine_time/outputs/task_finetuning/tasks/frozen/chronos2/univariate/Supply_Chain_Location/D/short/run_0/predictions.npz
    Computing per-window metrics...
    Saved metrics to /fslarge/scratch/users/h61084/codes/fine_time/outputs/task_finetuning/tasks/frozen/chronos2/univariate/Supply_Chain_Location/D/short/run_0/metrics.npz
    Saved aggregate metrics to /fslarge/scratch/users/h61084/codes/fine_time/outputs/task_finetuning/tasks/frozen/chronos2/univariate/Supply_Chain_Location/D/short/run_0/metrics_summary.json
    Metrics summary (averaged over all series/windows/variates):
      MSE: 19273968.3357
      MAE: 1714.7489
      RMSE: 2278.6413
      MAPE: 0.4863
      sMAPE: 0.3920
      MASE: 0.6095
      ND: 0.3586
      CRPS: 0.2725
  Completed: 1 series × 12 windows
  Output: /fslarge/scratch/users/h61084/codes/fine_time/outputs/task_finetuning/tasks/frozen/chronos2/univariate/Supply_Chain_Location/D/short/run_0

============================================================
All experiments completed!
Results saved to: /scratch/users/h61084/codes/fine_time/outputs/task_finetuning/tasks/frozen
============================================================
[65/90] evaluate chronos2 task_finetuned on Supply_Chain_Location/D/short
[2026-09-29 10:59:29 UTC] resources selected_device {"device": "cuda", "model": "chronos2", "stage": "forecast"}
Loading configuration...

============================================================
Dataset: Supply_Chain_Location/D
Model: amazon/chronos-2
Checkpoint: /fslarge/scratch/users/h61084/codes/fine_time/outputs/task_finetuning/checkpoints/chronos2/Supply_Chain_Location/D/short/run_0/finetuned-ckpt
Terms: ['short']
Covariate mode: none
Instance normalization: none
============================================================

--- Term: short ---
  Config: prediction_length=30, test_length=365, val_length=90
TIME run allocation action=new run=/fslarge/scratch/users/h61084/codes/fine_time/outputs/task_finetuning/tasks/inference/chronos2/univariate/Supply_Chain_Location/D/short/run_1 launch_id=selena_fine_time_20260929T092621Z_11326 slurm_job_id=3607387 launched_at=2026-09-29T10:59:29.323386+00:00
  Initializing Chronos pipeline (/fslarge/scratch/users/h61084/codes/fine_time/outputs/task_finetuning/checkpoints/chronos2/Supply_Chain_Location/D/short/run_0/finetuned-ckpt)...
  Dataset info:
    - Frequency: D
    - Num series: 1
    - Target dim: 51
    - Target mode: univariate
    - Covariate channels: 0
    - Series length: min=2007, max=2007, avg=2007.0
    - Test split: 365 steps
    - Prediction length: 30
    - Windows: 12
    Processed 320/612...
    Processed 612/612...
TIME run allocation action=new run=/fslarge/scratch/users/h61084/codes/fine_time/outputs/task_finetuning/tasks/task_finetuned/chronos2/univariate/Supply_Chain_Location/D/short/run_0 launch_id=selena_fine_time_20260929T092621Z_11326 slurm_job_id=3607387 launched_at=2026-09-29T10:59:31.041598+00:00
    Total instances: 612, Series during experiment: 51, Windows: 12
    Collecting ground truth and context...
    Detected to_univariate case: 51 flat series -> 1 series x 51 variates
    Organizing data into arrays...
    ⚠️  Predictions max value (121869.66) exceeds float16 safe range.
    ⚠️  Applying scale factor: 10 (values will be divided)
    Saved predictions (quantiles) to /fslarge/scratch/users/h61084/codes/fine_time/outputs/task_finetuning/tasks/task_finetuned/chronos2/univariate/Supply_Chain_Location/D/short/run_0/predictions.npz
    Computing per-window metrics...
    Saved metrics to /fslarge/scratch/users/h61084/codes/fine_time/outputs/task_finetuning/tasks/task_finetuned/chronos2/univariate/Supply_Chain_Location/D/short/run_0/metrics.npz
    Saved aggregate metrics to /fslarge/scratch/users/h61084/codes/fine_time/outputs/task_finetuning/tasks/task_finetuned/chronos2/univariate/Supply_Chain_Location/D/short/run_0/metrics_summary.json
    Metrics summary (averaged over all series/windows/variates):
      MSE: 18221217.4584
      MAE: 1701.3726
      RMSE: 2236.8418
      MAPE: 0.5015
      sMAPE: 0.3902
      MASE: 0.6039
      ND: 0.3575
      CRPS: 0.2707
  Completed: 1 series × 12 windows
  Output: /fslarge/scratch/users/h61084/codes/fine_time/outputs/task_finetuning/tasks/task_finetuned/chronos2/univariate/Supply_Chain_Location/D/short/run_0

============================================================
All experiments completed!
Results saved to: /scratch/users/h61084/codes/fine_time/outputs/task_finetuning/tasks/task_finetuned
============================================================
[66/90] evaluate chronos2 frozen on US_Labor/M/short
[2026-09-29 10:59:31 UTC] resources selected_device {"device": "cuda", "model": "chronos2", "stage": "forecast"}
Loading configuration...

============================================================
Dataset: US_Labor/M
Model: amazon/chronos-2
Checkpoint: /fslarge/scratch/users/h61084/weights/chronos2
Terms: ['short']
Covariate mode: none
Instance normalization: none
============================================================

--- Term: short ---
  Config: prediction_length=12, test_length=60, val_length=12
TIME run allocation action=new run=/fslarge/scratch/users/h61084/codes/fine_time/outputs/task_finetuning/tasks/inference/chronos2/univariate/US_Labor/M/short/run_0 launch_id=selena_fine_time_20260929T092621Z_11326 slurm_job_id=3607387 launched_at=2026-09-29T10:59:31.254663+00:00
  Initializing Chronos pipeline (/fslarge/scratch/users/h61084/weights/chronos2)...
  Dataset info:
    - Frequency: M
    - Num series: 1
    - Target dim: 14
    - Target mode: univariate
    - Covariate channels: 0
    - Series length: min=380, max=380, avg=380.0
    - Test split: 60 steps
    - Prediction length: 12
    - Windows: 5
TIME run allocation action=new run=/fslarge/scratch/users/h61084/codes/fine_time/outputs/task_finetuning/tasks/frozen/chronos2/univariate/US_Labor/M/short/run_0 launch_id=selena_fine_time_20260929T092621Z_11326 slurm_job_id=3607387 launched_at=2026-09-29T10:59:31.543003+00:00
    Total instances: 70, Series during experiment: 14, Windows: 5
    Collecting ground truth and context...
    Detected to_univariate case: 14 flat series -> 1 series x 14 variates
    Organizing data into arrays...
    ⚠️  Predictions max value (172096.23) exceeds float16 safe range.
    ⚠️  Applying scale factor: 10 (values will be divided)
    Saved predictions (quantiles) to /fslarge/scratch/users/h61084/codes/fine_time/outputs/task_finetuning/tasks/frozen/chronos2/univariate/US_Labor/M/short/run_0/predictions.npz
    Computing per-window metrics...
    Saved metrics to /fslarge/scratch/users/h61084/codes/fine_time/outputs/task_finetuning/tasks/frozen/chronos2/univariate/US_Labor/M/short/run_0/metrics.npz
    Saved aggregate metrics to /fslarge/scratch/users/h61084/codes/fine_time/outputs/task_finetuning/tasks/frozen/chronos2/univariate/US_Labor/M/short/run_0/metrics_summary.json
    Metrics summary (averaged over all series/windows/variates):
      MSE: 473194.7925
      MAE: 338.2949
      RMSE: 383.6733
      MAPE: 0.0621
      sMAPE: 0.0595
      MASE: 0.8665
      ND: 0.0622
      CRPS: 0.0507
  Completed: 1 series × 5 windows
  Output: /fslarge/scratch/users/h61084/codes/fine_time/outputs/task_finetuning/tasks/frozen/chronos2/univariate/US_Labor/M/short/run_0

============================================================
All experiments completed!
Results saved to: /scratch/users/h61084/codes/fine_time/outputs/task_finetuning/tasks/frozen
============================================================
[66/90] evaluate chronos2 task_finetuned on US_Labor/M/short
[2026-09-29 10:59:31 UTC] resources selected_device {"device": "cuda", "model": "chronos2", "stage": "forecast"}
Loading configuration...

============================================================
Dataset: US_Labor/M
Model: amazon/chronos-2
Checkpoint: /fslarge/scratch/users/h61084/codes/fine_time/outputs/task_finetuning/checkpoints/chronos2/US_Labor/M/short/run_0/finetuned-ckpt
Terms: ['short']
Covariate mode: none
Instance normalization: none
============================================================

--- Term: short ---
  Config: prediction_length=12, test_length=60, val_length=12
TIME run allocation action=new run=/fslarge/scratch/users/h61084/codes/fine_time/outputs/task_finetuning/tasks/inference/chronos2/univariate/US_Labor/M/short/run_1 launch_id=selena_fine_time_20260929T092621Z_11326 slurm_job_id=3607387 launched_at=2026-09-29T10:59:31.597895+00:00
  Initializing Chronos pipeline (/fslarge/scratch/users/h61084/codes/fine_time/outputs/task_finetuning/checkpoints/chronos2/US_Labor/M/short/run_0/finetuned-ckpt)...
  Dataset info:
    - Frequency: M
    - Num series: 1
    - Target dim: 14
    - Target mode: univariate
    - Covariate channels: 0
    - Series length: min=380, max=380, avg=380.0
    - Test split: 60 steps
    - Prediction length: 12
    - Windows: 5
TIME run allocation action=new run=/fslarge/scratch/users/h61084/codes/fine_time/outputs/task_finetuning/tasks/task_finetuned/chronos2/univariate/US_Labor/M/short/run_0 launch_id=selena_fine_time_20260929T092621Z_11326 slurm_job_id=3607387 launched_at=2026-09-29T10:59:32.703812+00:00
    Total instances: 70, Series during experiment: 14, Windows: 5
    Collecting ground truth and context...
    Detected to_univariate case: 14 flat series -> 1 series x 14 variates
    Organizing data into arrays...
    ⚠️  Predictions max value (172273.53) exceeds float16 safe range.
    ⚠️  Applying scale factor: 10 (values will be divided)
    Saved predictions (quantiles) to /fslarge/scratch/users/h61084/codes/fine_time/outputs/task_finetuning/tasks/task_finetuned/chronos2/univariate/US_Labor/M/short/run_0/predictions.npz
    Computing per-window metrics...
    Saved metrics to /fslarge/scratch/users/h61084/codes/fine_time/outputs/task_finetuning/tasks/task_finetuned/chronos2/univariate/US_Labor/M/short/run_0/metrics.npz
    Saved aggregate metrics to /fslarge/scratch/users/h61084/codes/fine_time/outputs/task_finetuning/tasks/task_finetuned/chronos2/univariate/US_Labor/M/short/run_0/metrics_summary.json
    Metrics summary (averaged over all series/windows/variates):
      MSE: 529624.9461
      MAE: 358.8124
      RMSE: 400.6403
      MAPE: 0.0698
      sMAPE: 0.0639
      MASE: 0.9357
      ND: 0.0694
      CRPS: 0.0524
  Completed: 1 series × 5 windows
  Output: /fslarge/scratch/users/h61084/codes/fine_time/outputs/task_finetuning/tasks/task_finetuned/chronos2/univariate/US_Labor/M/short/run_0

============================================================
All experiments completed!
Results saved to: /scratch/users/h61084/codes/fine_time/outputs/task_finetuning/tasks/task_finetuned
============================================================
[67/90] evaluate chronos2 frozen on US_Term_Structure/B/short
[2026-09-29 10:59:32 UTC] resources selected_device {"device": "cuda", "model": "chronos2", "stage": "forecast"}
Loading configuration...

============================================================
Dataset: US_Term_Structure/B
Model: amazon/chronos-2
Checkpoint: /fslarge/scratch/users/h61084/weights/chronos2
Terms: ['short']
Covariate mode: none
Instance normalization: none
============================================================

--- Term: short ---
  Config: prediction_length=20, test_length=717, val_length=100
TIME run allocation action=new run=/fslarge/scratch/users/h61084/codes/fine_time/outputs/task_finetuning/tasks/inference/chronos2/univariate/US_Term_Structure/B/short/run_0 launch_id=selena_fine_time_20260929T092621Z_11326 slurm_job_id=3607387 launched_at=2026-09-29T10:59:32.842391+00:00
  Initializing Chronos pipeline (/fslarge/scratch/users/h61084/weights/chronos2)...
  Dataset info:
    - Frequency: B
    - Num series: 1
    - Target dim: 40
    - Target mode: univariate
    - Covariate channels: 0
    - Series length: min=9326, max=9326, avg=9326.0
    - Test split: 717 steps
    - Prediction length: 20
    - Windows: 35
    Processed 320/1400...
    Processed 640/1400...
    Processed 960/1400...
    Processed 1280/1400...
TIME run allocation action=new run=/fslarge/scratch/users/h61084/codes/fine_time/outputs/task_finetuning/tasks/frozen/chronos2/univariate/US_Term_Structure/B/short/run_0 launch_id=selena_fine_time_20260929T092621Z_11326 slurm_job_id=3607387 launched_at=2026-09-29T10:59:39.395480+00:00
    Total instances: 1400, Series during experiment: 40, Windows: 35
    Collecting ground truth and context...
    Detected to_univariate case: 40 flat series -> 1 series x 40 variates
    Organizing data into arrays...
    Saved predictions (quantiles) to /fslarge/scratch/users/h61084/codes/fine_time/outputs/task_finetuning/tasks/frozen/chronos2/univariate/US_Term_Structure/B/short/run_0/predictions.npz
    Computing per-window metrics...
    Saved metrics to /fslarge/scratch/users/h61084/codes/fine_time/outputs/task_finetuning/tasks/frozen/chronos2/univariate/US_Term_Structure/B/short/run_0/metrics.npz
    Saved aggregate metrics to /fslarge/scratch/users/h61084/codes/fine_time/outputs/task_finetuning/tasks/frozen/chronos2/univariate/US_Term_Structure/B/short/run_0/metrics_summary.json
    Metrics summary (averaged over all series/windows/variates):
      MSE: 0.0231
      MAE: 0.1021
      RMSE: 0.1227
      MAPE: 0.9472
      sMAPE: 0.2692
      MASE: 1.4983
      ND: 0.2605
      CRPS: 0.2083
  Completed: 1 series × 35 windows
  Output: /fslarge/scratch/users/h61084/codes/fine_time/outputs/task_finetuning/tasks/frozen/chronos2/univariate/US_Term_Structure/B/short/run_0

============================================================
All experiments completed!
Results saved to: /scratch/users/h61084/codes/fine_time/outputs/task_finetuning/tasks/frozen
============================================================
[67/90] evaluate chronos2 task_finetuned on US_Term_Structure/B/short
[2026-09-29 10:59:39 UTC] resources selected_device {"device": "cuda", "model": "chronos2", "stage": "forecast"}
Loading configuration...

============================================================
Dataset: US_Term_Structure/B
Model: amazon/chronos-2
Checkpoint: /fslarge/scratch/users/h61084/codes/fine_time/outputs/task_finetuning/checkpoints/chronos2/US_Term_Structure/B/short/run_0/finetuned-ckpt
Terms: ['short']
Covariate mode: none
Instance normalization: none
============================================================

--- Term: short ---
  Config: prediction_length=20, test_length=717, val_length=100
TIME run allocation action=new run=/fslarge/scratch/users/h61084/codes/fine_time/outputs/task_finetuning/tasks/inference/chronos2/univariate/US_Term_Structure/B/short/run_1 launch_id=selena_fine_time_20260929T092621Z_11326 slurm_job_id=3607387 launched_at=2026-09-29T10:59:39.913474+00:00
  Initializing Chronos pipeline (/fslarge/scratch/users/h61084/codes/fine_time/outputs/task_finetuning/checkpoints/chronos2/US_Term_Structure/B/short/run_0/finetuned-ckpt)...
  Dataset info:
    - Frequency: B
    - Num series: 1
    - Target dim: 40
    - Target mode: univariate
    - Covariate channels: 0
    - Series length: min=9326, max=9326, avg=9326.0
    - Test split: 717 steps
    - Prediction length: 20
    - Windows: 35
    Processed 320/1400...
    Processed 640/1400...
    Processed 960/1400...
    Processed 1280/1400...
TIME run allocation action=new run=/fslarge/scratch/users/h61084/codes/fine_time/outputs/task_finetuning/tasks/task_finetuned/chronos2/univariate/US_Term_Structure/B/short/run_0 launch_id=selena_fine_time_20260929T092621Z_11326 slurm_job_id=3607387 launched_at=2026-09-29T10:59:47.228648+00:00
    Total instances: 1400, Series during experiment: 40, Windows: 35
    Collecting ground truth and context...
    Detected to_univariate case: 40 flat series -> 1 series x 40 variates
    Organizing data into arrays...
    Saved predictions (quantiles) to /fslarge/scratch/users/h61084/codes/fine_time/outputs/task_finetuning/tasks/task_finetuned/chronos2/univariate/US_Term_Structure/B/short/run_0/predictions.npz
    Computing per-window metrics...
    Saved metrics to /fslarge/scratch/users/h61084/codes/fine_time/outputs/task_finetuning/tasks/task_finetuned/chronos2/univariate/US_Term_Structure/B/short/run_0/metrics.npz
    Saved aggregate metrics to /fslarge/scratch/users/h61084/codes/fine_time/outputs/task_finetuning/tasks/task_finetuned/chronos2/univariate/US_Term_Structure/B/short/run_0/metrics_summary.json
    Metrics summary (averaged over all series/windows/variates):
      MSE: 0.0229
      MAE: 0.1022
      RMSE: 0.1226
      MAPE: 0.9170
      sMAPE: 0.2710
      MASE: 1.4942
      ND: 0.2599
      CRPS: 0.2056
  Completed: 1 series × 35 windows
  Output: /fslarge/scratch/users/h61084/codes/fine_time/outputs/task_finetuning/tasks/task_finetuned/chronos2/univariate/US_Term_Structure/B/short/run_0

============================================================
All experiments completed!
Results saved to: /scratch/users/h61084/codes/fine_time/outputs/task_finetuning/tasks/task_finetuned
============================================================
[68/90] evaluate chronos2 frozen on Uncertainty_1M/M/short
[2026-09-29 10:59:47 UTC] resources selected_device {"device": "cuda", "model": "chronos2", "stage": "forecast"}
Loading configuration...

============================================================
Dataset: Uncertainty_1M/M
Model: amazon/chronos-2
Checkpoint: /fslarge/scratch/users/h61084/weights/chronos2
Terms: ['short']
Covariate mode: none
Instance normalization: none
============================================================

--- Term: short ---
  Config: prediction_length=6, test_length=42, val_length=18
TIME run allocation action=new run=/fslarge/scratch/users/h61084/codes/fine_time/outputs/task_finetuning/tasks/inference/chronos2/univariate/Uncertainty_1M/M/short/run_0 launch_id=selena_fine_time_20260929T092621Z_11326 slurm_job_id=3607387 launched_at=2026-09-29T10:59:47.692885+00:00
  Initializing Chronos pipeline (/fslarge/scratch/users/h61084/weights/chronos2)...
  Dataset info:
    - Frequency: M
    - Num series: 1
    - Target dim: 3
    - Target mode: univariate
    - Covariate channels: 0
    - Series length: min=780, max=780, avg=780.0
    - Test split: 42 steps
    - Prediction length: 6
    - Windows: 7
TIME run allocation action=new run=/fslarge/scratch/users/h61084/codes/fine_time/outputs/task_finetuning/tasks/frozen/chronos2/univariate/Uncertainty_1M/M/short/run_0 launch_id=selena_fine_time_20260929T092621Z_11326 slurm_job_id=3607387 launched_at=2026-09-29T10:59:47.944122+00:00
    Total instances: 21, Series during experiment: 3, Windows: 7
    Collecting ground truth and context...
    Detected to_univariate case: 3 flat series -> 1 series x 3 variates
    Organizing data into arrays...
    Saved predictions (quantiles) to /fslarge/scratch/users/h61084/codes/fine_time/outputs/task_finetuning/tasks/frozen/chronos2/univariate/Uncertainty_1M/M/short/run_0/predictions.npz
    Computing per-window metrics...
    Saved metrics to /fslarge/scratch/users/h61084/codes/fine_time/outputs/task_finetuning/tasks/frozen/chronos2/univariate/Uncertainty_1M/M/short/run_0/metrics.npz
    Saved aggregate metrics to /fslarge/scratch/users/h61084/codes/fine_time/outputs/task_finetuning/tasks/frozen/chronos2/univariate/Uncertainty_1M/M/short/run_0/metrics_summary.json
    Metrics summary (averaged over all series/windows/variates):
      MSE: 0.0012
      MAE: 0.0268
      RMSE: 0.0305
      MAPE: 0.0333
      sMAPE: 0.0328
      MASE: 0.3320
      ND: 0.0330
      CRPS: 0.0257
  Completed: 1 series × 7 windows
  Output: /fslarge/scratch/users/h61084/codes/fine_time/outputs/task_finetuning/tasks/frozen/chronos2/univariate/Uncertainty_1M/M/short/run_0

============================================================
All experiments completed!
Results saved to: /scratch/users/h61084/codes/fine_time/outputs/task_finetuning/tasks/frozen
============================================================
[68/90] evaluate chronos2 task_finetuned on Uncertainty_1M/M/short
[2026-09-29 10:59:47 UTC] resources selected_device {"device": "cuda", "model": "chronos2", "stage": "forecast"}
Loading configuration...

============================================================
Dataset: Uncertainty_1M/M
Model: amazon/chronos-2
Checkpoint: /fslarge/scratch/users/h61084/codes/fine_time/outputs/task_finetuning/checkpoints/chronos2/Uncertainty_1M/M/short/run_0/finetuned-ckpt
Terms: ['short']
Covariate mode: none
Instance normalization: none
============================================================

--- Term: short ---
  Config: prediction_length=6, test_length=42, val_length=18
TIME run allocation action=new run=/fslarge/scratch/users/h61084/codes/fine_time/outputs/task_finetuning/tasks/inference/chronos2/univariate/Uncertainty_1M/M/short/run_1 launch_id=selena_fine_time_20260929T092621Z_11326 slurm_job_id=3607387 launched_at=2026-09-29T10:59:47.986082+00:00
  Initializing Chronos pipeline (/fslarge/scratch/users/h61084/codes/fine_time/outputs/task_finetuning/checkpoints/chronos2/Uncertainty_1M/M/short/run_0/finetuned-ckpt)...
  Dataset info:
    - Frequency: M
    - Num series: 1
    - Target dim: 3
    - Target mode: univariate
    - Covariate channels: 0
    - Series length: min=780, max=780, avg=780.0
    - Test split: 42 steps
    - Prediction length: 6
    - Windows: 7
TIME run allocation action=new run=/fslarge/scratch/users/h61084/codes/fine_time/outputs/task_finetuning/tasks/task_finetuned/chronos2/univariate/Uncertainty_1M/M/short/run_0 launch_id=selena_fine_time_20260929T092621Z_11326 slurm_job_id=3607387 launched_at=2026-09-29T10:59:49.034067+00:00
    Total instances: 21, Series during experiment: 3, Windows: 7
    Collecting ground truth and context...
    Detected to_univariate case: 3 flat series -> 1 series x 3 variates
    Organizing data into arrays...
    Saved predictions (quantiles) to /fslarge/scratch/users/h61084/codes/fine_time/outputs/task_finetuning/tasks/task_finetuned/chronos2/univariate/Uncertainty_1M/M/short/run_0/predictions.npz
    Computing per-window metrics...
    Saved metrics to /fslarge/scratch/users/h61084/codes/fine_time/outputs/task_finetuning/tasks/task_finetuned/chronos2/univariate/Uncertainty_1M/M/short/run_0/metrics.npz
    Saved aggregate metrics to /fslarge/scratch/users/h61084/codes/fine_time/outputs/task_finetuning/tasks/task_finetuned/chronos2/univariate/Uncertainty_1M/M/short/run_0/metrics_summary.json
    Metrics summary (averaged over all series/windows/variates):
      MSE: 0.0013
      MAE: 0.0276
      RMSE: 0.0309
      MAPE: 0.0336
      sMAPE: 0.0333
      MASE: 0.3373
      ND: 0.0334
      CRPS: 0.0255
  Completed: 1 series × 7 windows
  Output: /fslarge/scratch/users/h61084/codes/fine_time/outputs/task_finetuning/tasks/task_finetuned/chronos2/univariate/Uncertainty_1M/M/short/run_0

============================================================
All experiments completed!
Results saved to: /scratch/users/h61084/codes/fine_time/outputs/task_finetuning/tasks/task_finetuned
============================================================
[69/90] evaluate chronos2 frozen on Vehicle_Sales/M/short
[2026-09-29 10:59:49 UTC] resources selected_device {"device": "cuda", "model": "chronos2", "stage": "forecast"}
Loading configuration...

============================================================
Dataset: Vehicle_Sales/M
Model: amazon/chronos-2
Checkpoint: /fslarge/scratch/users/h61084/weights/chronos2
Terms: ['short']
Covariate mode: none
Instance normalization: none
============================================================

--- Term: short ---
  Config: prediction_length=12, test_length=60, val_length=12
TIME run allocation action=new run=/fslarge/scratch/users/h61084/codes/fine_time/outputs/task_finetuning/tasks/inference/chronos2/univariate/Vehicle_Sales/M/short/run_0 launch_id=selena_fine_time_20260929T092621Z_11326 slurm_job_id=3607387 launched_at=2026-09-29T10:59:49.085695+00:00
  Initializing Chronos pipeline (/fslarge/scratch/users/h61084/weights/chronos2)...
  Dataset info:
    - Frequency: M
    - Num series: 1
    - Target dim: 10
    - Target mode: univariate
    - Covariate channels: 0
    - Series length: min=596, max=596, avg=596.0
    - Test split: 60 steps
    - Prediction length: 12
    - Windows: 5
TIME run allocation action=new run=/fslarge/scratch/users/h61084/codes/fine_time/outputs/task_finetuning/tasks/frozen/chronos2/univariate/Vehicle_Sales/M/short/run_0 launch_id=selena_fine_time_20260929T092621Z_11326 slurm_job_id=3607387 launched_at=2026-09-29T10:59:49.354091+00:00
    Total instances: 50, Series during experiment: 10, Windows: 5
    Collecting ground truth and context...
    Detected to_univariate case: 10 flat series -> 1 series x 10 variates
    Organizing data into arrays...
    Saved predictions (quantiles) to /fslarge/scratch/users/h61084/codes/fine_time/outputs/task_finetuning/tasks/frozen/chronos2/univariate/Vehicle_Sales/M/short/run_0/predictions.npz
    Computing per-window metrics...
    Saved metrics to /fslarge/scratch/users/h61084/codes/fine_time/outputs/task_finetuning/tasks/frozen/chronos2/univariate/Vehicle_Sales/M/short/run_0/metrics.npz
    Saved aggregate metrics to /fslarge/scratch/users/h61084/codes/fine_time/outputs/task_finetuning/tasks/frozen/chronos2/univariate/Vehicle_Sales/M/short/run_0/metrics_summary.json
    Metrics summary (averaged over all series/windows/variates):
      MSE: 2666.5872
      MAE: 13.7315
      RMSE: 15.3027
      MAPE: 0.0899
      sMAPE: 0.0885
      MASE: 0.8236
      ND: 0.0900
      CRPS: 0.0688
  Completed: 1 series × 5 windows
  Output: /fslarge/scratch/users/h61084/codes/fine_time/outputs/task_finetuning/tasks/frozen/chronos2/univariate/Vehicle_Sales/M/short/run_0

============================================================
All experiments completed!
Results saved to: /scratch/users/h61084/codes/fine_time/outputs/task_finetuning/tasks/frozen
============================================================
[69/90] evaluate chronos2 task_finetuned on Vehicle_Sales/M/short
[2026-09-29 10:59:49 UTC] resources selected_device {"device": "cuda", "model": "chronos2", "stage": "forecast"}
Loading configuration...

============================================================
Dataset: Vehicle_Sales/M
Model: amazon/chronos-2
Checkpoint: /fslarge/scratch/users/h61084/codes/fine_time/outputs/task_finetuning/checkpoints/chronos2/Vehicle_Sales/M/short/run_0/finetuned-ckpt
Terms: ['short']
Covariate mode: none
Instance normalization: none
============================================================

--- Term: short ---
  Config: prediction_length=12, test_length=60, val_length=12
TIME run allocation action=new run=/fslarge/scratch/users/h61084/codes/fine_time/outputs/task_finetuning/tasks/inference/chronos2/univariate/Vehicle_Sales/M/short/run_1 launch_id=selena_fine_time_20260929T092621Z_11326 slurm_job_id=3607387 launched_at=2026-09-29T10:59:49.403940+00:00
  Initializing Chronos pipeline (/fslarge/scratch/users/h61084/codes/fine_time/outputs/task_finetuning/checkpoints/chronos2/Vehicle_Sales/M/short/run_0/finetuned-ckpt)...
  Dataset info:
    - Frequency: M
    - Num series: 1
    - Target dim: 10
    - Target mode: univariate
    - Covariate channels: 0
    - Series length: min=596, max=596, avg=596.0
    - Test split: 60 steps
    - Prediction length: 12
    - Windows: 5
TIME run allocation action=new run=/fslarge/scratch/users/h61084/codes/fine_time/outputs/task_finetuning/tasks/task_finetuned/chronos2/univariate/Vehicle_Sales/M/short/run_0 launch_id=selena_fine_time_20260929T092621Z_11326 slurm_job_id=3607387 launched_at=2026-09-29T10:59:50.398042+00:00
    Total instances: 50, Series during experiment: 10, Windows: 5
    Collecting ground truth and context...
    Detected to_univariate case: 10 flat series -> 1 series x 10 variates
    Organizing data into arrays...
    Saved predictions (quantiles) to /fslarge/scratch/users/h61084/codes/fine_time/outputs/task_finetuning/tasks/task_finetuned/chronos2/univariate/Vehicle_Sales/M/short/run_0/predictions.npz
    Computing per-window metrics...
    Saved metrics to /fslarge/scratch/users/h61084/codes/fine_time/outputs/task_finetuning/tasks/task_finetuned/chronos2/univariate/Vehicle_Sales/M/short/run_0/metrics.npz
    Saved aggregate metrics to /fslarge/scratch/users/h61084/codes/fine_time/outputs/task_finetuning/tasks/task_finetuned/chronos2/univariate/Vehicle_Sales/M/short/run_0/metrics_summary.json
    Metrics summary (averaged over all series/windows/variates):
      MSE: 2773.7140
      MAE: 13.8929
      RMSE: 15.4925
      MAPE: 0.0918
      sMAPE: 0.0891
      MASE: 0.8278
      ND: 0.0917
      CRPS: 0.0701
  Completed: 1 series × 5 windows
  Output: /fslarge/scratch/users/h61084/codes/fine_time/outputs/task_finetuning/tasks/task_finetuned/chronos2/univariate/Vehicle_Sales/M/short/run_0

============================================================
All experiments completed!
Results saved to: /scratch/users/h61084/codes/fine_time/outputs/task_finetuning/tasks/task_finetuned
============================================================
[70/90] evaluate chronos2 frozen on Vehicle_Supply/M/short
[2026-09-29 10:59:50 UTC] resources selected_device {"device": "cuda", "model": "chronos2", "stage": "forecast"}
Loading configuration...

============================================================
Dataset: Vehicle_Supply/M
Model: amazon/chronos-2
Checkpoint: /fslarge/scratch/users/h61084/weights/chronos2
Terms: ['short']
Covariate mode: none
Instance normalization: none
============================================================

--- Term: short ---
  Config: prediction_length=12, test_length=60, val_length=12
TIME run allocation action=new run=/fslarge/scratch/users/h61084/codes/fine_time/outputs/task_finetuning/tasks/inference/chronos2/univariate/Vehicle_Supply/M/short/run_0 launch_id=selena_fine_time_20260929T092621Z_11326 slurm_job_id=3607387 launched_at=2026-09-29T10:59:50.455671+00:00
  Initializing Chronos pipeline (/fslarge/scratch/users/h61084/weights/chronos2)...
  Dataset info:
    - Frequency: M
    - Num series: 1
    - Target dim: 6
    - Target mode: univariate
    - Covariate channels: 0
    - Series length: min=391, max=391, avg=391.0
    - Test split: 60 steps
    - Prediction length: 12
    - Windows: 5
TIME run allocation action=new run=/fslarge/scratch/users/h61084/codes/fine_time/outputs/task_finetuning/tasks/frozen/chronos2/univariate/Vehicle_Supply/M/short/run_0 launch_id=selena_fine_time_20260929T092621Z_11326 slurm_job_id=3607387 launched_at=2026-09-29T10:59:50.706955+00:00
    Total instances: 30, Series during experiment: 6, Windows: 5
    Collecting ground truth and context...
    Detected to_univariate case: 6 flat series -> 1 series x 6 variates
    Organizing data into arrays...
    Saved predictions (quantiles) to /fslarge/scratch/users/h61084/codes/fine_time/outputs/task_finetuning/tasks/frozen/chronos2/univariate/Vehicle_Supply/M/short/run_0/predictions.npz
    Computing per-window metrics...
    Saved metrics to /fslarge/scratch/users/h61084/codes/fine_time/outputs/task_finetuning/tasks/frozen/chronos2/univariate/Vehicle_Supply/M/short/run_0/metrics.npz
    Saved aggregate metrics to /fslarge/scratch/users/h61084/codes/fine_time/outputs/task_finetuning/tasks/frozen/chronos2/univariate/Vehicle_Supply/M/short/run_0/metrics_summary.json
    Metrics summary (averaged over all series/windows/variates):
      MSE: 2704.5845
      MAE: 22.3202
      RMSE: 26.4495
      MAPE: 0.2518
      sMAPE: 0.2109
      MASE: 0.8042
      ND: 0.2309
      CRPS: 0.1831
  Completed: 1 series × 5 windows
  Output: /fslarge/scratch/users/h61084/codes/fine_time/outputs/task_finetuning/tasks/frozen/chronos2/univariate/Vehicle_Supply/M/short/run_0

============================================================
All experiments completed!
Results saved to: /scratch/users/h61084/codes/fine_time/outputs/task_finetuning/tasks/frozen
============================================================
[70/90] evaluate chronos2 task_finetuned on Vehicle_Supply/M/short
[2026-09-29 10:59:50 UTC] resources selected_device {"device": "cuda", "model": "chronos2", "stage": "forecast"}
Loading configuration...

============================================================
Dataset: Vehicle_Supply/M
Model: amazon/chronos-2
Checkpoint: /fslarge/scratch/users/h61084/codes/fine_time/outputs/task_finetuning/checkpoints/chronos2/Vehicle_Supply/M/short/run_0/finetuned-ckpt
Terms: ['short']
Covariate mode: none
Instance normalization: none
============================================================

--- Term: short ---
  Config: prediction_length=12, test_length=60, val_length=12
TIME run allocation action=new run=/fslarge/scratch/users/h61084/codes/fine_time/outputs/task_finetuning/tasks/inference/chronos2/univariate/Vehicle_Supply/M/short/run_1 launch_id=selena_fine_time_20260929T092621Z_11326 slurm_job_id=3607387 launched_at=2026-09-29T10:59:50.750469+00:00
  Initializing Chronos pipeline (/fslarge/scratch/users/h61084/codes/fine_time/outputs/task_finetuning/checkpoints/chronos2/Vehicle_Supply/M/short/run_0/finetuned-ckpt)...
  Dataset info:
    - Frequency: M
    - Num series: 1
    - Target dim: 6
    - Target mode: univariate
    - Covariate channels: 0
    - Series length: min=391, max=391, avg=391.0
    - Test split: 60 steps
    - Prediction length: 12
    - Windows: 5
TIME run allocation action=new run=/fslarge/scratch/users/h61084/codes/fine_time/outputs/task_finetuning/tasks/task_finetuned/chronos2/univariate/Vehicle_Supply/M/short/run_0 launch_id=selena_fine_time_20260929T092621Z_11326 slurm_job_id=3607387 launched_at=2026-09-29T10:59:51.673532+00:00
    Total instances: 30, Series during experiment: 6, Windows: 5
    Collecting ground truth and context...
    Detected to_univariate case: 6 flat series -> 1 series x 6 variates
    Organizing data into arrays...
    Saved predictions (quantiles) to /fslarge/scratch/users/h61084/codes/fine_time/outputs/task_finetuning/tasks/task_finetuned/chronos2/univariate/Vehicle_Supply/M/short/run_0/predictions.npz
    Computing per-window metrics...
    Saved metrics to /fslarge/scratch/users/h61084/codes/fine_time/outputs/task_finetuning/tasks/task_finetuned/chronos2/univariate/Vehicle_Supply/M/short/run_0/metrics.npz
    Saved aggregate metrics to /fslarge/scratch/users/h61084/codes/fine_time/outputs/task_finetuning/tasks/task_finetuned/chronos2/univariate/Vehicle_Supply/M/short/run_0/metrics_summary.json
    Metrics summary (averaged over all series/windows/variates):
      MSE: 2985.6330
      MAE: 23.8942
      RMSE: 27.7724
      MAPE: 0.2770
      sMAPE: 0.2199
      MASE: 0.8151
      ND: 0.2540
      CRPS: 0.1927
  Completed: 1 series × 5 windows
  Output: /fslarge/scratch/users/h61084/codes/fine_time/outputs/task_finetuning/tasks/task_finetuned/chronos2/univariate/Vehicle_Supply/M/short/run_0

============================================================
All experiments completed!
Results saved to: /scratch/users/h61084/codes/fine_time/outputs/task_finetuning/tasks/task_finetuned
============================================================
[71/90] evaluate chronos2 frozen on WUI_Global/Q/short
[2026-09-29 10:59:51 UTC] resources selected_device {"device": "cuda", "model": "chronos2", "stage": "forecast"}
Loading configuration...

============================================================
Dataset: WUI_Global/Q
Model: amazon/chronos-2
Checkpoint: /fslarge/scratch/users/h61084/weights/chronos2
Terms: ['short']
Covariate mode: none
Instance normalization: none
============================================================

--- Term: short ---
  Config: prediction_length=4, test_length=20, val_length=20
TIME run allocation action=new run=/fslarge/scratch/users/h61084/codes/fine_time/outputs/task_finetuning/tasks/inference/chronos2/univariate/WUI_Global/Q/short/run_0 launch_id=selena_fine_time_20260929T092621Z_11326 slurm_job_id=3607387 launched_at=2026-09-29T10:59:51.728141+00:00
  Initializing Chronos pipeline (/fslarge/scratch/users/h61084/weights/chronos2)...
  Dataset info:
    - Frequency: Q
    - Num series: 1
    - Target dim: 15
    - Target mode: univariate
    - Covariate channels: 0
    - Series length: min=294, max=294, avg=294.0
    - Test split: 20 steps
    - Prediction length: 4
    - Windows: 5
TIME run allocation action=new run=/fslarge/scratch/users/h61084/codes/fine_time/outputs/task_finetuning/tasks/frozen/chronos2/univariate/WUI_Global/Q/short/run_0 launch_id=selena_fine_time_20260929T092621Z_11326 slurm_job_id=3607387 launched_at=2026-09-29T10:59:52.013039+00:00
    Total instances: 75, Series during experiment: 15, Windows: 5
    Collecting ground truth and context...
    Detected to_univariate case: 15 flat series -> 1 series x 15 variates
    Organizing data into arrays...
    Saved predictions (quantiles) to /fslarge/scratch/users/h61084/codes/fine_time/outputs/task_finetuning/tasks/frozen/chronos2/univariate/WUI_Global/Q/short/run_0/predictions.npz
    Computing per-window metrics...
    Saved metrics to /fslarge/scratch/users/h61084/codes/fine_time/outputs/task_finetuning/tasks/frozen/chronos2/univariate/WUI_Global/Q/short/run_0/metrics.npz
    Saved aggregate metrics to /fslarge/scratch/users/h61084/codes/fine_time/outputs/task_finetuning/tasks/frozen/chronos2/univariate/WUI_Global/Q/short/run_0/metrics_summary.json
    Metrics summary (averaged over all series/windows/variates):
      MSE: 0.0486
      MAE: 0.1480
      RMSE: 0.1749
      MAPE: 0.5793
      sMAPE: 0.6437
      MASE: 0.9822
      ND: 0.6727
      CRPS: 0.5194
  Completed: 1 series × 5 windows
  Output: /fslarge/scratch/users/h61084/codes/fine_time/outputs/task_finetuning/tasks/frozen/chronos2/univariate/WUI_Global/Q/short/run_0

============================================================
All experiments completed!
Results saved to: /scratch/users/h61084/codes/fine_time/outputs/task_finetuning/tasks/frozen
============================================================
[71/90] evaluate chronos2 task_finetuned on WUI_Global/Q/short
[2026-09-29 10:59:52 UTC] resources selected_device {"device": "cuda", "model": "chronos2", "stage": "forecast"}
Loading configuration...

============================================================
Dataset: WUI_Global/Q
Model: amazon/chronos-2
Checkpoint: /fslarge/scratch/users/h61084/codes/fine_time/outputs/task_finetuning/checkpoints/chronos2/WUI_Global/Q/short/run_0/finetuned-ckpt
Terms: ['short']
Covariate mode: none
Instance normalization: none
============================================================

--- Term: short ---
  Config: prediction_length=4, test_length=20, val_length=20
TIME run allocation action=new run=/fslarge/scratch/users/h61084/codes/fine_time/outputs/task_finetuning/tasks/inference/chronos2/univariate/WUI_Global/Q/short/run_1 launch_id=selena_fine_time_20260929T092621Z_11326 slurm_job_id=3607387 launched_at=2026-09-29T10:59:52.068542+00:00
  Initializing Chronos pipeline (/fslarge/scratch/users/h61084/codes/fine_time/outputs/task_finetuning/checkpoints/chronos2/WUI_Global/Q/short/run_0/finetuned-ckpt)...
  Dataset info:
    - Frequency: Q
    - Num series: 1
    - Target dim: 15
    - Target mode: univariate
    - Covariate channels: 0
    - Series length: min=294, max=294, avg=294.0
    - Test split: 20 steps
    - Prediction length: 4
    - Windows: 5
TIME run allocation action=new run=/fslarge/scratch/users/h61084/codes/fine_time/outputs/task_finetuning/tasks/task_finetuned/chronos2/univariate/WUI_Global/Q/short/run_0 launch_id=selena_fine_time_20260929T092621Z_11326 slurm_job_id=3607387 launched_at=2026-09-29T10:59:53.168429+00:00
    Total instances: 75, Series during experiment: 15, Windows: 5
    Collecting ground truth and context...
    Detected to_univariate case: 15 flat series -> 1 series x 15 variates
    Organizing data into arrays...
    Saved predictions (quantiles) to /fslarge/scratch/users/h61084/codes/fine_time/outputs/task_finetuning/tasks/task_finetuned/chronos2/univariate/WUI_Global/Q/short/run_0/predictions.npz
    Computing per-window metrics...
    Saved metrics to /fslarge/scratch/users/h61084/codes/fine_time/outputs/task_finetuning/tasks/task_finetuned/chronos2/univariate/WUI_Global/Q/short/run_0/metrics.npz
    Saved aggregate metrics to /fslarge/scratch/users/h61084/codes/fine_time/outputs/task_finetuning/tasks/task_finetuned/chronos2/univariate/WUI_Global/Q/short/run_0/metrics_summary.json
    Metrics summary (averaged over all series/windows/variates):
      MSE: 0.0466
      MAE: 0.1448
      RMSE: 0.1714
      MAPE: 0.5849
      sMAPE: 0.6168
      MASE: 0.9629
      ND: 0.6834
      CRPS: 0.5282
  Completed: 1 series × 5 windows
  Output: /fslarge/scratch/users/h61084/codes/fine_time/outputs/task_finetuning/tasks/task_finetuned/chronos2/univariate/WUI_Global/Q/short/run_0

============================================================
All experiments completed!
Results saved to: /scratch/users/h61084/codes/fine_time/outputs/task_finetuning/tasks/task_finetuned
============================================================
[72/90] evaluate chronos2 frozen on Water_Quality_Darwin/15T/long
[2026-09-29 10:59:53 UTC] resources selected_device {"device": "cuda", "model": "chronos2", "stage": "forecast"}
Loading configuration...

============================================================
Dataset: Water_Quality_Darwin/15T
Model: amazon/chronos-2
Checkpoint: /fslarge/scratch/users/h61084/weights/chronos2
Terms: ['long']
Covariate mode: none
Instance normalization: none
============================================================

--- Term: long ---
  Config: prediction_length=288, test_length=1440, val_length=1440
TIME run allocation action=new run=/fslarge/scratch/users/h61084/codes/fine_time/outputs/task_finetuning/tasks/inference/chronos2/univariate/Water_Quality_Darwin/15T/long/run_0 launch_id=selena_fine_time_20260929T092621Z_11326 slurm_job_id=3607387 launched_at=2026-09-29T10:59:53.260947+00:00
  Initializing Chronos pipeline (/fslarge/scratch/users/h61084/weights/chronos2)...
  Dataset info:
    - Frequency: 15T
    - Num series: 7
    - Target dim: 6
    - Target mode: univariate
    - Covariate channels: 0
    - Series length: min=8662, max=18985, avg=15229.4
    - Test split: 1440 steps
    - Prediction length: 288
    - Windows: 5
TIME run allocation action=new run=/fslarge/scratch/users/h61084/codes/fine_time/outputs/task_finetuning/tasks/frozen/chronos2/univariate/Water_Quality_Darwin/15T/long/run_0 launch_id=selena_fine_time_20260929T092621Z_11326 slurm_job_id=3607387 launched_at=2026-09-29T10:59:54.707638+00:00
    Total instances: 210, Series during experiment: 42, Windows: 5
    Collecting ground truth and context...
    Detected to_univariate case: 42 flat series -> 7 series x 6 variates
    Organizing data into arrays...
    Saved predictions (quantiles) to /fslarge/scratch/users/h61084/codes/fine_time/outputs/task_finetuning/tasks/frozen/chronos2/univariate/Water_Quality_Darwin/15T/long/run_0/predictions.npz
    Computing per-window metrics...
    Saved metrics to /fslarge/scratch/users/h61084/codes/fine_time/outputs/task_finetuning/tasks/frozen/chronos2/univariate/Water_Quality_Darwin/15T/long/run_0/metrics.npz
    Saved aggregate metrics to /fslarge/scratch/users/h61084/codes/fine_time/outputs/task_finetuning/tasks/frozen/chronos2/univariate/Water_Quality_Darwin/15T/long/run_0/metrics_summary.json
    Metrics summary (averaged over all series/windows/variates):
      MSE: 9.0304
      MAE: 0.9201
      RMSE: 1.1709
      MAPE: 0.0962
      sMAPE: 0.0940
      MASE: 1.3526
      ND: 0.0888
      CRPS: 0.0697
  Completed: 7 series × 5 windows
  Output: /fslarge/scratch/users/h61084/codes/fine_time/outputs/task_finetuning/tasks/frozen/chronos2/univariate/Water_Quality_Darwin/15T/long/run_0

============================================================
All experiments completed!
Results saved to: /scratch/users/h61084/codes/fine_time/outputs/task_finetuning/tasks/frozen
============================================================
[72/90] evaluate chronos2 task_finetuned on Water_Quality_Darwin/15T/long
[2026-09-29 10:59:54 UTC] resources selected_device {"device": "cuda", "model": "chronos2", "stage": "forecast"}
Loading configuration...

============================================================
Dataset: Water_Quality_Darwin/15T
Model: amazon/chronos-2
Checkpoint: /fslarge/scratch/users/h61084/codes/fine_time/outputs/task_finetuning/checkpoints/chronos2/Water_Quality_Darwin/15T/long/run_0/finetuned-ckpt
Terms: ['long']
Covariate mode: none
Instance normalization: none
============================================================

--- Term: long ---
  Config: prediction_length=288, test_length=1440, val_length=1440
TIME run allocation action=new run=/fslarge/scratch/users/h61084/codes/fine_time/outputs/task_finetuning/tasks/inference/chronos2/univariate/Water_Quality_Darwin/15T/long/run_1 launch_id=selena_fine_time_20260929T092621Z_11326 slurm_job_id=3607387 launched_at=2026-09-29T10:59:54.891355+00:00
  Initializing Chronos pipeline (/fslarge/scratch/users/h61084/codes/fine_time/outputs/task_finetuning/checkpoints/chronos2/Water_Quality_Darwin/15T/long/run_0/finetuned-ckpt)...
  Dataset info:
    - Frequency: 15T
    - Num series: 7
    - Target dim: 6
    - Target mode: univariate
    - Covariate channels: 0
    - Series length: min=8662, max=18985, avg=15229.4
    - Test split: 1440 steps
    - Prediction length: 288
    - Windows: 5
TIME run allocation action=new run=/fslarge/scratch/users/h61084/codes/fine_time/outputs/task_finetuning/tasks/task_finetuned/chronos2/univariate/Water_Quality_Darwin/15T/long/run_0 launch_id=selena_fine_time_20260929T092621Z_11326 slurm_job_id=3607387 launched_at=2026-09-29T10:59:57.400527+00:00
    Total instances: 210, Series during experiment: 42, Windows: 5
    Collecting ground truth and context...
    Detected to_univariate case: 42 flat series -> 7 series x 6 variates
    Organizing data into arrays...
    Saved predictions (quantiles) to /fslarge/scratch/users/h61084/codes/fine_time/outputs/task_finetuning/tasks/task_finetuned/chronos2/univariate/Water_Quality_Darwin/15T/long/run_0/predictions.npz
    Computing per-window metrics...
    Saved metrics to /fslarge/scratch/users/h61084/codes/fine_time/outputs/task_finetuning/tasks/task_finetuned/chronos2/univariate/Water_Quality_Darwin/15T/long/run_0/metrics.npz
    Saved aggregate metrics to /fslarge/scratch/users/h61084/codes/fine_time/outputs/task_finetuning/tasks/task_finetuned/chronos2/univariate/Water_Quality_Darwin/15T/long/run_0/metrics_summary.json
    Metrics summary (averaged over all series/windows/variates):
      MSE: 9.5042
      MAE: 0.9146
      RMSE: 1.1653
      MAPE: 0.0964
      sMAPE: 0.0883
      MASE: 1.3465
      ND: 0.0870
      CRPS: 0.0689
  Completed: 7 series × 5 windows
  Output: /fslarge/scratch/users/h61084/codes/fine_time/outputs/task_finetuning/tasks/task_finetuned/chronos2/univariate/Water_Quality_Darwin/15T/long/run_0

============================================================
All experiments completed!
Results saved to: /scratch/users/h61084/codes/fine_time/outputs/task_finetuning/tasks/task_finetuned
============================================================
[73/90] evaluate chronos2 frozen on Water_Quality_Darwin/15T/medium
[2026-09-29 10:59:57 UTC] resources selected_device {"device": "cuda", "model": "chronos2", "stage": "forecast"}
Loading configuration...

============================================================
Dataset: Water_Quality_Darwin/15T
Model: amazon/chronos-2
Checkpoint: /fslarge/scratch/users/h61084/weights/chronos2
Terms: ['medium']
Covariate mode: none
Instance normalization: none
============================================================

--- Term: medium ---
  Config: prediction_length=96, test_length=1440, val_length=1440
TIME run allocation action=new run=/fslarge/scratch/users/h61084/codes/fine_time/outputs/task_finetuning/tasks/inference/chronos2/univariate/Water_Quality_Darwin/15T/medium/run_0 launch_id=selena_fine_time_20260929T092621Z_11326 slurm_job_id=3607387 launched_at=2026-09-29T10:59:57.722732+00:00
  Initializing Chronos pipeline (/fslarge/scratch/users/h61084/weights/chronos2)...
  Dataset info:
    - Frequency: 15T
    - Num series: 7
    - Target dim: 6
    - Target mode: univariate
    - Covariate channels: 0
    - Series length: min=8662, max=18985, avg=15229.4
    - Test split: 1440 steps
    - Prediction length: 96
    - Windows: 15
    Processed 320/630...
    Processed 630/630...
TIME run allocation action=new run=/fslarge/scratch/users/h61084/codes/fine_time/outputs/task_finetuning/tasks/frozen/chronos2/univariate/Water_Quality_Darwin/15T/medium/run_0 launch_id=selena_fine_time_20260929T092621Z_11326 slurm_job_id=3607387 launched_at=2026-09-29T11:00:00.919826+00:00
    Total instances: 630, Series during experiment: 42, Windows: 15
    Collecting ground truth and context...
    Detected to_univariate case: 42 flat series -> 7 series x 6 variates
    Organizing data into arrays...
    Saved predictions (quantiles) to /fslarge/scratch/users/h61084/codes/fine_time/outputs/task_finetuning/tasks/frozen/chronos2/univariate/Water_Quality_Darwin/15T/medium/run_0/predictions.npz
    Computing per-window metrics...
    Saved metrics to /fslarge/scratch/users/h61084/codes/fine_time/outputs/task_finetuning/tasks/frozen/chronos2/univariate/Water_Quality_Darwin/15T/medium/run_0/metrics.npz
    Saved aggregate metrics to /fslarge/scratch/users/h61084/codes/fine_time/outputs/task_finetuning/tasks/frozen/chronos2/univariate/Water_Quality_Darwin/15T/medium/run_0/metrics_summary.json
    Metrics summary (averaged over all series/windows/variates):
      MSE: 3.3565
      MAE: 0.5678
      RMSE: 0.7336
      MAPE: 0.0685
      sMAPE: 0.0642
      MASE: 0.8815
      ND: 0.0632
      CRPS: 0.0500
  Completed: 7 series × 15 windows
  Output: /fslarge/scratch/users/h61084/codes/fine_time/outputs/task_finetuning/tasks/frozen/chronos2/univariate/Water_Quality_Darwin/15T/medium/run_0

============================================================
All experiments completed!
Results saved to: /scratch/users/h61084/codes/fine_time/outputs/task_finetuning/tasks/frozen
============================================================
[73/90] evaluate chronos2 task_finetuned on Water_Quality_Darwin/15T/medium
[2026-09-29 11:00:01 UTC] resources selected_device {"device": "cuda", "model": "chronos2", "stage": "forecast"}
Loading configuration...

============================================================
Dataset: Water_Quality_Darwin/15T
Model: amazon/chronos-2
Checkpoint: /fslarge/scratch/users/h61084/codes/fine_time/outputs/task_finetuning/checkpoints/chronos2/Water_Quality_Darwin/15T/medium/run_0/finetuned-ckpt
Terms: ['medium']
Covariate mode: none
Instance normalization: none
============================================================

--- Term: medium ---
  Config: prediction_length=96, test_length=1440, val_length=1440
TIME run allocation action=new run=/fslarge/scratch/users/h61084/codes/fine_time/outputs/task_finetuning/tasks/inference/chronos2/univariate/Water_Quality_Darwin/15T/medium/run_1 launch_id=selena_fine_time_20260929T092621Z_11326 slurm_job_id=3607387 launched_at=2026-09-29T11:00:01.232805+00:00
  Initializing Chronos pipeline (/fslarge/scratch/users/h61084/codes/fine_time/outputs/task_finetuning/checkpoints/chronos2/Water_Quality_Darwin/15T/medium/run_0/finetuned-ckpt)...
  Dataset info:
    - Frequency: 15T
    - Num series: 7
    - Target dim: 6
    - Target mode: univariate
    - Covariate channels: 0
    - Series length: min=8662, max=18985, avg=15229.4
    - Test split: 1440 steps
    - Prediction length: 96
    - Windows: 15
    Processed 320/630...
    Processed 630/630...
TIME run allocation action=new run=/fslarge/scratch/users/h61084/codes/fine_time/outputs/task_finetuning/tasks/task_finetuned/chronos2/univariate/Water_Quality_Darwin/15T/medium/run_0 launch_id=selena_fine_time_20260929T092621Z_11326 slurm_job_id=3607387 launched_at=2026-09-29T11:00:05.158834+00:00
    Total instances: 630, Series during experiment: 42, Windows: 15
    Collecting ground truth and context...
    Detected to_univariate case: 42 flat series -> 7 series x 6 variates
    Organizing data into arrays...
    Saved predictions (quantiles) to /fslarge/scratch/users/h61084/codes/fine_time/outputs/task_finetuning/tasks/task_finetuned/chronos2/univariate/Water_Quality_Darwin/15T/medium/run_0/predictions.npz
    Computing per-window metrics...
    Saved metrics to /fslarge/scratch/users/h61084/codes/fine_time/outputs/task_finetuning/tasks/task_finetuned/chronos2/univariate/Water_Quality_Darwin/15T/medium/run_0/metrics.npz
    Saved aggregate metrics to /fslarge/scratch/users/h61084/codes/fine_time/outputs/task_finetuning/tasks/task_finetuned/chronos2/univariate/Water_Quality_Darwin/15T/medium/run_0/metrics_summary.json
    Metrics summary (averaged over all series/windows/variates):
      MSE: 3.3976
      MAE: 0.5612
      RMSE: 0.7254
      MAPE: 0.0683
      sMAPE: 0.0630
      MASE: 0.8535
      ND: 0.0627
      CRPS: 0.0499
  Completed: 7 series × 15 windows
  Output: /fslarge/scratch/users/h61084/codes/fine_time/outputs/task_finetuning/tasks/task_finetuned/chronos2/univariate/Water_Quality_Darwin/15T/medium/run_0

============================================================
All experiments completed!
Results saved to: /scratch/users/h61084/codes/fine_time/outputs/task_finetuning/tasks/task_finetuned
============================================================
[74/90] evaluate chronos2 frozen on Water_Quality_Darwin/15T/short
[2026-09-29 11:00:05 UTC] resources selected_device {"device": "cuda", "model": "chronos2", "stage": "forecast"}
Loading configuration...

============================================================
Dataset: Water_Quality_Darwin/15T
Model: amazon/chronos-2
Checkpoint: /fslarge/scratch/users/h61084/weights/chronos2
Terms: ['short']
Covariate mode: none
Instance normalization: none
============================================================

--- Term: short ---
  Config: prediction_length=16, test_length=1440, val_length=1440
TIME run allocation action=new run=/fslarge/scratch/users/h61084/codes/fine_time/outputs/task_finetuning/tasks/inference/chronos2/univariate/Water_Quality_Darwin/15T/short/run_0 launch_id=selena_fine_time_20260929T092621Z_11326 slurm_job_id=3607387 launched_at=2026-09-29T11:00:05.476249+00:00
  Initializing Chronos pipeline (/fslarge/scratch/users/h61084/weights/chronos2)...
  Dataset info:
    - Frequency: 15T
    - Num series: 7
    - Target dim: 6
    - Target mode: univariate
    - Covariate channels: 0
    - Series length: min=8662, max=18985, avg=15229.4
    - Test split: 1440 steps
    - Prediction length: 16
    - Windows: 90
    Processed 320/3780...
    Processed 640/3780...
    Processed 960/3780...
    Processed 1280/3780...
    Processed 1600/3780...
    Processed 1920/3780...
    Processed 2240/3780...
    Processed 2560/3780...
    Processed 2880/3780...
    Processed 3200/3780...
    Processed 3520/3780...
TIME run allocation action=new run=/fslarge/scratch/users/h61084/codes/fine_time/outputs/task_finetuning/tasks/frozen/chronos2/univariate/Water_Quality_Darwin/15T/short/run_0 launch_id=selena_fine_time_20260929T092621Z_11326 slurm_job_id=3607387 launched_at=2026-09-29T11:00:22.693177+00:00
    Total instances: 3780, Series during experiment: 42, Windows: 90
    Collecting ground truth and context...
    Detected to_univariate case: 42 flat series -> 7 series x 6 variates
    Organizing data into arrays...
    Saved predictions (quantiles) to /fslarge/scratch/users/h61084/codes/fine_time/outputs/task_finetuning/tasks/frozen/chronos2/univariate/Water_Quality_Darwin/15T/short/run_0/predictions.npz
    Computing per-window metrics...
    Saved metrics to /fslarge/scratch/users/h61084/codes/fine_time/outputs/task_finetuning/tasks/frozen/chronos2/univariate/Water_Quality_Darwin/15T/short/run_0/metrics.npz
    Saved aggregate metrics to /fslarge/scratch/users/h61084/codes/fine_time/outputs/task_finetuning/tasks/frozen/chronos2/univariate/Water_Quality_Darwin/15T/short/run_0/metrics_summary.json
    Metrics summary (averaged over all series/windows/variates):
      MSE: 2.0430
      MAE: 0.4199
      RMSE: 0.5028
      MAPE: 0.0527
      sMAPE: 0.0497
      MASE: 0.6095
      ND: 0.0506
      CRPS: 0.0399
  Completed: 7 series × 90 windows
  Output: /fslarge/scratch/users/h61084/codes/fine_time/outputs/task_finetuning/tasks/frozen/chronos2/univariate/Water_Quality_Darwin/15T/short/run_0

============================================================
All experiments completed!
Results saved to: /scratch/users/h61084/codes/fine_time/outputs/task_finetuning/tasks/frozen
============================================================
[74/90] evaluate chronos2 task_finetuned on Water_Quality_Darwin/15T/short
[2026-09-29 11:00:23 UTC] resources selected_device {"device": "cuda", "model": "chronos2", "stage": "forecast"}
Loading configuration...

============================================================
Dataset: Water_Quality_Darwin/15T
Model: amazon/chronos-2
Checkpoint: /fslarge/scratch/users/h61084/codes/fine_time/outputs/task_finetuning/checkpoints/chronos2/Water_Quality_Darwin/15T/short/run_0/finetuned-ckpt
Terms: ['short']
Covariate mode: none
Instance normalization: none
============================================================

--- Term: short ---
  Config: prediction_length=16, test_length=1440, val_length=1440
TIME run allocation action=new run=/fslarge/scratch/users/h61084/codes/fine_time/outputs/task_finetuning/tasks/inference/chronos2/univariate/Water_Quality_Darwin/15T/short/run_1 launch_id=selena_fine_time_20260929T092621Z_11326 slurm_job_id=3607387 launched_at=2026-09-29T11:00:23.949374+00:00
  Initializing Chronos pipeline (/fslarge/scratch/users/h61084/codes/fine_time/outputs/task_finetuning/checkpoints/chronos2/Water_Quality_Darwin/15T/short/run_0/finetuned-ckpt)...
  Dataset info:
    - Frequency: 15T
    - Num series: 7
    - Target dim: 6
    - Target mode: univariate
    - Covariate channels: 0
    - Series length: min=8662, max=18985, avg=15229.4
    - Test split: 1440 steps
    - Prediction length: 16
    - Windows: 90
    Processed 320/3780...
    Processed 640/3780...
    Processed 960/3780...
    Processed 1280/3780...
    Processed 1600/3780...
    Processed 1920/3780...
    Processed 2240/3780...
    Processed 2560/3780...
    Processed 2880/3780...
    Processed 3200/3780...
    Processed 3520/3780...
TIME run allocation action=new run=/fslarge/scratch/users/h61084/codes/fine_time/outputs/task_finetuning/tasks/task_finetuned/chronos2/univariate/Water_Quality_Darwin/15T/short/run_0 launch_id=selena_fine_time_20260929T092621Z_11326 slurm_job_id=3607387 launched_at=2026-09-29T11:00:42.013417+00:00
    Total instances: 3780, Series during experiment: 42, Windows: 90
    Collecting ground truth and context...
    Detected to_univariate case: 42 flat series -> 7 series x 6 variates
    Organizing data into arrays...
    Saved predictions (quantiles) to /fslarge/scratch/users/h61084/codes/fine_time/outputs/task_finetuning/tasks/task_finetuned/chronos2/univariate/Water_Quality_Darwin/15T/short/run_0/predictions.npz
    Computing per-window metrics...
    Saved metrics to /fslarge/scratch/users/h61084/codes/fine_time/outputs/task_finetuning/tasks/task_finetuned/chronos2/univariate/Water_Quality_Darwin/15T/short/run_0/metrics.npz
    Saved aggregate metrics to /fslarge/scratch/users/h61084/codes/fine_time/outputs/task_finetuning/tasks/task_finetuned/chronos2/univariate/Water_Quality_Darwin/15T/short/run_0/metrics_summary.json
    Metrics summary (averaged over all series/windows/variates):
      MSE: 2.0443
      MAE: 0.4142
      RMSE: 0.4956
      MAPE: 0.0507
      sMAPE: 0.0485
      MASE: 0.5942
      ND: 0.0491
      CRPS: 0.0389
  Completed: 7 series × 90 windows
  Output: /fslarge/scratch/users/h61084/codes/fine_time/outputs/task_finetuning/tasks/task_finetuned/chronos2/univariate/Water_Quality_Darwin/15T/short/run_0

============================================================
All experiments completed!
Results saved to: /scratch/users/h61084/codes/fine_time/outputs/task_finetuning/tasks/task_finetuned
============================================================
[75/90] evaluate chronos2 frozen on azure2019_U/5T/short
[2026-09-29 11:00:43 UTC] resources selected_device {"device": "cuda", "model": "chronos2", "stage": "forecast"}
Loading configuration...

============================================================
Dataset: azure2019_U/5T
Model: amazon/chronos-2
Checkpoint: /fslarge/scratch/users/h61084/weights/chronos2
Terms: ['short']
Covariate mode: none
Instance normalization: none
============================================================

--- Term: short ---
  Config: prediction_length=48, test_length=288, val_length=96
TIME run allocation action=new run=/fslarge/scratch/users/h61084/codes/fine_time/outputs/task_finetuning/tasks/inference/chronos2/univariate/azure2019_U/5T/short/run_0 launch_id=selena_fine_time_20260929T092621Z_11326 slurm_job_id=3607387 launched_at=2026-09-29T11:00:43.275194+00:00
  Initializing Chronos pipeline (/fslarge/scratch/users/h61084/weights/chronos2)...
  Dataset info:
    - Frequency: 5T
    - Num series: 78
    - Target dim: 3
    - Target mode: univariate
    - Covariate channels: 0
    - Series length: min=882, max=2006, avg=1406.1
    - Test split: 288 steps
    - Prediction length: 48
    - Windows: 6
    Processed 320/1404...
    Processed 640/1404...
    Processed 960/1404...
    Processed 1280/1404...
TIME run allocation action=new run=/fslarge/scratch/users/h61084/codes/fine_time/outputs/task_finetuning/tasks/frozen/chronos2/univariate/azure2019_U/5T/short/run_0 launch_id=selena_fine_time_20260929T092621Z_11326 slurm_job_id=3607387 launched_at=2026-09-29T11:00:45.022365+00:00
    Total instances: 1404, Series during experiment: 234, Windows: 6
    Collecting ground truth and context...
    Detected to_univariate case: 234 flat series -> 78 series x 3 variates
    Organizing data into arrays...
    Saved predictions (quantiles) to /fslarge/scratch/users/h61084/codes/fine_time/outputs/task_finetuning/tasks/frozen/chronos2/univariate/azure2019_U/5T/short/run_0/predictions.npz
    Computing per-window metrics...
    Saved metrics to /fslarge/scratch/users/h61084/codes/fine_time/outputs/task_finetuning/tasks/frozen/chronos2/univariate/azure2019_U/5T/short/run_0/metrics.npz
    Saved aggregate metrics to /fslarge/scratch/users/h61084/codes/fine_time/outputs/task_finetuning/tasks/frozen/chronos2/univariate/azure2019_U/5T/short/run_0/metrics_summary.json
    Metrics summary (averaged over all series/windows/variates):
      MSE: 69.3260
      MAE: 2.3909
      RMSE: 3.3254
      MAPE: 0.3706
      sMAPE: 0.1648
      MASE: 0.6571
      ND: 0.1773
      CRPS: 0.1466
  Completed: 78 series × 6 windows
  Output: /fslarge/scratch/users/h61084/codes/fine_time/outputs/task_finetuning/tasks/frozen/chronos2/univariate/azure2019_U/5T/short/run_0

============================================================
All experiments completed!
Results saved to: /scratch/users/h61084/codes/fine_time/outputs/task_finetuning/tasks/frozen
============================================================
[75/90] evaluate chronos2 task_finetuned on azure2019_U/5T/short
[2026-09-29 11:00:45 UTC] resources selected_device {"device": "cuda", "model": "chronos2", "stage": "forecast"}
Loading configuration...

============================================================
Dataset: azure2019_U/5T
Model: amazon/chronos-2
Checkpoint: /fslarge/scratch/users/h61084/codes/fine_time/outputs/task_finetuning/checkpoints/chronos2/azure2019_U/5T/short/run_0/finetuned-ckpt
Terms: ['short']
Covariate mode: none
Instance normalization: none
============================================================

--- Term: short ---
  Config: prediction_length=48, test_length=288, val_length=96
TIME run allocation action=new run=/fslarge/scratch/users/h61084/codes/fine_time/outputs/task_finetuning/tasks/inference/chronos2/univariate/azure2019_U/5T/short/run_1 launch_id=selena_fine_time_20260929T092621Z_11326 slurm_job_id=3607387 launched_at=2026-09-29T11:00:45.459630+00:00
  Initializing Chronos pipeline (/fslarge/scratch/users/h61084/codes/fine_time/outputs/task_finetuning/checkpoints/chronos2/azure2019_U/5T/short/run_0/finetuned-ckpt)...
  Dataset info:
    - Frequency: 5T
    - Num series: 78
    - Target dim: 3
    - Target mode: univariate
    - Covariate channels: 0
    - Series length: min=882, max=2006, avg=1406.1
    - Test split: 288 steps
    - Prediction length: 48
    - Windows: 6
    Processed 320/1404...
    Processed 640/1404...
    Processed 960/1404...
    Processed 1280/1404...
TIME run allocation action=new run=/fslarge/scratch/users/h61084/codes/fine_time/outputs/task_finetuning/tasks/task_finetuned/chronos2/univariate/azure2019_U/5T/short/run_0 launch_id=selena_fine_time_20260929T092621Z_11326 slurm_job_id=3607387 launched_at=2026-09-29T11:00:47.964313+00:00
    Total instances: 1404, Series during experiment: 234, Windows: 6
    Collecting ground truth and context...
    Detected to_univariate case: 234 flat series -> 78 series x 3 variates
    Organizing data into arrays...
    Saved predictions (quantiles) to /fslarge/scratch/users/h61084/codes/fine_time/outputs/task_finetuning/tasks/task_finetuned/chronos2/univariate/azure2019_U/5T/short/run_0/predictions.npz
    Computing per-window metrics...
    Saved metrics to /fslarge/scratch/users/h61084/codes/fine_time/outputs/task_finetuning/tasks/task_finetuned/chronos2/univariate/azure2019_U/5T/short/run_0/metrics.npz
    Saved aggregate metrics to /fslarge/scratch/users/h61084/codes/fine_time/outputs/task_finetuning/tasks/task_finetuned/chronos2/univariate/azure2019_U/5T/short/run_0/metrics_summary.json
    Metrics summary (averaged over all series/windows/variates):
      MSE: 65.3152
      MAE: 2.3362
      RMSE: 3.2553
      MAPE: 0.3688
      sMAPE: 0.1634
      MASE: 0.6542
      ND: 0.1764
      CRPS: 0.1457
  Completed: 78 series × 6 windows
  Output: /fslarge/scratch/users/h61084/codes/fine_time/outputs/task_finetuning/tasks/task_finetuned/chronos2/univariate/azure2019_U/5T/short/run_0

============================================================
All experiments completed!
Results saved to: /scratch/users/h61084/codes/fine_time/outputs/task_finetuning/tasks/task_finetuned
============================================================
[76/90] evaluate chronos2 frozen on current_velocity/10T/long
[2026-09-29 11:00:48 UTC] resources selected_device {"device": "cuda", "model": "chronos2", "stage": "forecast"}
Loading configuration...

============================================================
Dataset: current_velocity/10T
Model: amazon/chronos-2
Checkpoint: /fslarge/scratch/users/h61084/weights/chronos2
Terms: ['long']
Covariate mode: none
Instance normalization: none
============================================================

--- Term: long ---
  Config: prediction_length=432, test_length=2160, val_length=2160
TIME run allocation action=new run=/fslarge/scratch/users/h61084/codes/fine_time/outputs/task_finetuning/tasks/inference/chronos2/univariate/current_velocity/10T/long/run_0 launch_id=selena_fine_time_20260929T092621Z_11326 slurm_job_id=3607387 launched_at=2026-09-29T11:00:48.454016+00:00
  Initializing Chronos pipeline (/fslarge/scratch/users/h61084/weights/chronos2)...
  Dataset info:
    - Frequency: 10T
    - Num series: 10
    - Target dim: 6
    - Target mode: univariate
    - Covariate channels: 0
    - Series length: min=7481, max=31957, avg=20668.5
    - Test split: 2160 steps
    - Prediction length: 432
    - Windows: 5
    Processed 300/300...
TIME run allocation action=new run=/fslarge/scratch/users/h61084/codes/fine_time/outputs/task_finetuning/tasks/frozen/chronos2/univariate/current_velocity/10T/long/run_0 launch_id=selena_fine_time_20260929T092621Z_11326 slurm_job_id=3607387 launched_at=2026-09-29T11:00:50.535668+00:00
    Total instances: 300, Series during experiment: 60, Windows: 5
    Collecting ground truth and context...
    Detected to_univariate case: 60 flat series -> 10 series x 6 variates
    Organizing data into arrays...
    Saved predictions (quantiles) to /fslarge/scratch/users/h61084/codes/fine_time/outputs/task_finetuning/tasks/frozen/chronos2/univariate/current_velocity/10T/long/run_0/predictions.npz
    Computing per-window metrics...
    Saved metrics to /fslarge/scratch/users/h61084/codes/fine_time/outputs/task_finetuning/tasks/frozen/chronos2/univariate/current_velocity/10T/long/run_0/metrics.npz
    Saved aggregate metrics to /fslarge/scratch/users/h61084/codes/fine_time/outputs/task_finetuning/tasks/frozen/chronos2/univariate/current_velocity/10T/long/run_0/metrics_summary.json
    Metrics summary (averaged over all series/windows/variates):
      MSE: 11.6768
      MAE: 1.0309
      RMSE: 1.3565
      MAPE: 3330.7730
      sMAPE: 0.5385
      MASE: 0.9351
      ND: 0.3834
      CRPS: 0.3035
  Completed: 10 series × 5 windows
  Output: /fslarge/scratch/users/h61084/codes/fine_time/outputs/task_finetuning/tasks/frozen/chronos2/univariate/current_velocity/10T/long/run_0

============================================================
All experiments completed!
Results saved to: /scratch/users/h61084/codes/fine_time/outputs/task_finetuning/tasks/frozen
============================================================
[76/90] evaluate chronos2 task_finetuned on current_velocity/10T/long
[2026-09-29 11:00:50 UTC] resources selected_device {"device": "cuda", "model": "chronos2", "stage": "forecast"}
Loading configuration...

============================================================
Dataset: current_velocity/10T
Model: amazon/chronos-2
Checkpoint: /fslarge/scratch/users/h61084/codes/fine_time/outputs/task_finetuning/checkpoints/chronos2/current_velocity/10T/long/run_0/finetuned-ckpt
Terms: ['long']
Covariate mode: none
Instance normalization: none
============================================================

--- Term: long ---
  Config: prediction_length=432, test_length=2160, val_length=2160
TIME run allocation action=new run=/fslarge/scratch/users/h61084/codes/fine_time/outputs/task_finetuning/tasks/inference/chronos2/univariate/current_velocity/10T/long/run_1 launch_id=selena_fine_time_20260929T092621Z_11326 slurm_job_id=3607387 launched_at=2026-09-29T11:00:50.848263+00:00
  Initializing Chronos pipeline (/fslarge/scratch/users/h61084/codes/fine_time/outputs/task_finetuning/checkpoints/chronos2/current_velocity/10T/long/run_0/finetuned-ckpt)...
  Dataset info:
    - Frequency: 10T
    - Num series: 10
    - Target dim: 6
    - Target mode: univariate
    - Covariate channels: 0
    - Series length: min=7481, max=31957, avg=20668.5
    - Test split: 2160 steps
    - Prediction length: 432
    - Windows: 5
    Processed 300/300...
TIME run allocation action=new run=/fslarge/scratch/users/h61084/codes/fine_time/outputs/task_finetuning/tasks/task_finetuned/chronos2/univariate/current_velocity/10T/long/run_0 launch_id=selena_fine_time_20260929T092621Z_11326 slurm_job_id=3607387 launched_at=2026-09-29T11:00:53.802477+00:00
    Total instances: 300, Series during experiment: 60, Windows: 5
    Collecting ground truth and context...
    Detected to_univariate case: 60 flat series -> 10 series x 6 variates
    Organizing data into arrays...
    Saved predictions (quantiles) to /fslarge/scratch/users/h61084/codes/fine_time/outputs/task_finetuning/tasks/task_finetuned/chronos2/univariate/current_velocity/10T/long/run_0/predictions.npz
    Computing per-window metrics...
    Saved metrics to /fslarge/scratch/users/h61084/codes/fine_time/outputs/task_finetuning/tasks/task_finetuned/chronos2/univariate/current_velocity/10T/long/run_0/metrics.npz
    Saved aggregate metrics to /fslarge/scratch/users/h61084/codes/fine_time/outputs/task_finetuning/tasks/task_finetuned/chronos2/univariate/current_velocity/10T/long/run_0/metrics_summary.json
    Metrics summary (averaged over all series/windows/variates):
      MSE: 11.3604
      MAE: 1.0102
      RMSE: 1.3349
      MAPE: 3251.2458
      sMAPE: 0.5285
      MASE: 0.9003
      ND: 0.3698
      CRPS: 0.2913
  Completed: 10 series × 5 windows
  Output: /fslarge/scratch/users/h61084/codes/fine_time/outputs/task_finetuning/tasks/task_finetuned/chronos2/univariate/current_velocity/10T/long/run_0

============================================================
All experiments completed!
Results saved to: /scratch/users/h61084/codes/fine_time/outputs/task_finetuning/tasks/task_finetuned
============================================================
[77/90] evaluate chronos2 frozen on current_velocity/10T/medium
[2026-09-29 11:00:54 UTC] resources selected_device {"device": "cuda", "model": "chronos2", "stage": "forecast"}
Loading configuration...

============================================================
Dataset: current_velocity/10T
Model: amazon/chronos-2
Checkpoint: /fslarge/scratch/users/h61084/weights/chronos2
Terms: ['medium']
Covariate mode: none
Instance normalization: none
============================================================

--- Term: medium ---
  Config: prediction_length=144, test_length=2160, val_length=2160
TIME run allocation action=new run=/fslarge/scratch/users/h61084/codes/fine_time/outputs/task_finetuning/tasks/inference/chronos2/univariate/current_velocity/10T/medium/run_0 launch_id=selena_fine_time_20260929T092621Z_11326 slurm_job_id=3607387 launched_at=2026-09-29T11:00:54.120589+00:00
  Initializing Chronos pipeline (/fslarge/scratch/users/h61084/weights/chronos2)...
  Dataset info:
    - Frequency: 10T
    - Num series: 10
    - Target dim: 6
    - Target mode: univariate
    - Covariate channels: 0
    - Series length: min=7481, max=31957, avg=20668.5
    - Test split: 2160 steps
    - Prediction length: 144
    - Windows: 15
    Processed 320/900...
    Processed 640/900...
TIME run allocation action=new run=/fslarge/scratch/users/h61084/codes/fine_time/outputs/task_finetuning/tasks/frozen/chronos2/univariate/current_velocity/10T/medium/run_0 launch_id=selena_fine_time_20260929T092621Z_11326 slurm_job_id=3607387 launched_at=2026-09-29T11:00:58.652890+00:00
    Total instances: 900, Series during experiment: 60, Windows: 15
    Collecting ground truth and context...
    Detected to_univariate case: 60 flat series -> 10 series x 6 variates
    Organizing data into arrays...
    Saved predictions (quantiles) to /fslarge/scratch/users/h61084/codes/fine_time/outputs/task_finetuning/tasks/frozen/chronos2/univariate/current_velocity/10T/medium/run_0/predictions.npz
    Computing per-window metrics...
    Saved metrics to /fslarge/scratch/users/h61084/codes/fine_time/outputs/task_finetuning/tasks/frozen/chronos2/univariate/current_velocity/10T/medium/run_0/metrics.npz
    Saved aggregate metrics to /fslarge/scratch/users/h61084/codes/fine_time/outputs/task_finetuning/tasks/frozen/chronos2/univariate/current_velocity/10T/medium/run_0/metrics_summary.json
    Metrics summary (averaged over all series/windows/variates):
      MSE: 9.5572
      MAE: 0.8879
      RMSE: 1.1819
      MAPE: 3372.1382
      sMAPE: 0.4860
      MASE: 0.6911
      ND: 0.3363
      CRPS: 0.2661
  Completed: 10 series × 15 windows
  Output: /fslarge/scratch/users/h61084/codes/fine_time/outputs/task_finetuning/tasks/frozen/chronos2/univariate/current_velocity/10T/medium/run_0

============================================================
All experiments completed!
Results saved to: /scratch/users/h61084/codes/fine_time/outputs/task_finetuning/tasks/frozen
============================================================
[77/90] evaluate chronos2 task_finetuned on current_velocity/10T/medium
[2026-09-29 11:00:59 UTC] resources selected_device {"device": "cuda", "model": "chronos2", "stage": "forecast"}
Loading configuration...

============================================================
Dataset: current_velocity/10T
Model: amazon/chronos-2
Checkpoint: /fslarge/scratch/users/h61084/codes/fine_time/outputs/task_finetuning/checkpoints/chronos2/current_velocity/10T/medium/run_0/finetuned-ckpt
Terms: ['medium']
Covariate mode: none
Instance normalization: none
============================================================

--- Term: medium ---
  Config: prediction_length=144, test_length=2160, val_length=2160
TIME run allocation action=new run=/fslarge/scratch/users/h61084/codes/fine_time/outputs/task_finetuning/tasks/inference/chronos2/univariate/current_velocity/10T/medium/run_1 launch_id=selena_fine_time_20260929T092621Z_11326 slurm_job_id=3607387 launched_at=2026-09-29T11:00:59.180777+00:00
  Initializing Chronos pipeline (/fslarge/scratch/users/h61084/codes/fine_time/outputs/task_finetuning/checkpoints/chronos2/current_velocity/10T/medium/run_0/finetuned-ckpt)...
  Dataset info:
    - Frequency: 10T
    - Num series: 10
    - Target dim: 6
    - Target mode: univariate
    - Covariate channels: 0
    - Series length: min=7481, max=31957, avg=20668.5
    - Test split: 2160 steps
    - Prediction length: 144
    - Windows: 15
    Processed 320/900...
    Processed 640/900...
TIME run allocation action=new run=/fslarge/scratch/users/h61084/codes/fine_time/outputs/task_finetuning/tasks/task_finetuned/chronos2/univariate/current_velocity/10T/medium/run_0 launch_id=selena_fine_time_20260929T092621Z_11326 slurm_job_id=3607387 launched_at=2026-09-29T11:01:04.656465+00:00
    Total instances: 900, Series during experiment: 60, Windows: 15
    Collecting ground truth and context...
    Detected to_univariate case: 60 flat series -> 10 series x 6 variates
    Organizing data into arrays...
    Saved predictions (quantiles) to /fslarge/scratch/users/h61084/codes/fine_time/outputs/task_finetuning/tasks/task_finetuned/chronos2/univariate/current_velocity/10T/medium/run_0/predictions.npz
    Computing per-window metrics...
    Saved metrics to /fslarge/scratch/users/h61084/codes/fine_time/outputs/task_finetuning/tasks/task_finetuned/chronos2/univariate/current_velocity/10T/medium/run_0/metrics.npz
    Saved aggregate metrics to /fslarge/scratch/users/h61084/codes/fine_time/outputs/task_finetuning/tasks/task_finetuned/chronos2/univariate/current_velocity/10T/medium/run_0/metrics_summary.json
    Metrics summary (averaged over all series/windows/variates):
      MSE: 9.5489
      MAE: 0.8826
      RMSE: 1.1771
      MAPE: 3368.2534
      sMAPE: 0.4795
      MASE: 0.6822
      ND: 0.3320
      CRPS: 0.2624
  Completed: 10 series × 15 windows
  Output: /fslarge/scratch/users/h61084/codes/fine_time/outputs/task_finetuning/tasks/task_finetuned/chronos2/univariate/current_velocity/10T/medium/run_0

============================================================
All experiments completed!
Results saved to: /scratch/users/h61084/codes/fine_time/outputs/task_finetuning/tasks/task_finetuned
============================================================
[78/90] evaluate chronos2 frozen on current_velocity/10T/short
[2026-09-29 11:01:05 UTC] resources selected_device {"device": "cuda", "model": "chronos2", "stage": "forecast"}
Loading configuration...

============================================================
Dataset: current_velocity/10T
Model: amazon/chronos-2
Checkpoint: /fslarge/scratch/users/h61084/weights/chronos2
Terms: ['short']
Covariate mode: none
Instance normalization: none
============================================================

--- Term: short ---
  Config: prediction_length=18, test_length=2160, val_length=2160
TIME run allocation action=new run=/fslarge/scratch/users/h61084/codes/fine_time/outputs/task_finetuning/tasks/inference/chronos2/univariate/current_velocity/10T/short/run_0 launch_id=selena_fine_time_20260929T092621Z_11326 slurm_job_id=3607387 launched_at=2026-09-29T11:01:05.186555+00:00
  Initializing Chronos pipeline (/fslarge/scratch/users/h61084/weights/chronos2)...
  Dataset info:
    - Frequency: 10T
    - Num series: 10
    - Target dim: 6
    - Target mode: univariate
    - Covariate channels: 0
    - Series length: min=7481, max=31957, avg=20668.5
    - Test split: 2160 steps
    - Prediction length: 18
    - Windows: 120
    Processed 320/7200...
    Processed 640/7200...
    Processed 960/7200...
    Processed 1280/7200...
    Processed 1600/7200...
    Processed 1920/7200...
    Processed 2240/7200...
    Processed 2560/7200...
    Processed 2880/7200...
    Processed 3200/7200...
    Processed 3520/7200...
    Processed 3840/7200...
    Processed 4160/7200...
    Processed 4480/7200...
    Processed 4800/7200...
    Processed 5120/7200...
    Processed 5440/7200...
    Processed 5760/7200...
    Processed 6080/7200...
    Processed 6400/7200...
    Processed 6720/7200...
    Processed 7040/7200...
TIME run allocation action=new run=/fslarge/scratch/users/h61084/codes/fine_time/outputs/task_finetuning/tasks/frozen/chronos2/univariate/current_velocity/10T/short/run_0 launch_id=selena_fine_time_20260929T092621Z_11326 slurm_job_id=3607387 launched_at=2026-09-29T11:01:37.347457+00:00
    Total instances: 7200, Series during experiment: 60, Windows: 120
    Collecting ground truth and context...
    Detected to_univariate case: 60 flat series -> 10 series x 6 variates
    Organizing data into arrays...
    Saved predictions (quantiles) to /fslarge/scratch/users/h61084/codes/fine_time/outputs/task_finetuning/tasks/frozen/chronos2/univariate/current_velocity/10T/short/run_0/predictions.npz
    Computing per-window metrics...
    Saved metrics to /fslarge/scratch/users/h61084/codes/fine_time/outputs/task_finetuning/tasks/frozen/chronos2/univariate/current_velocity/10T/short/run_0/metrics.npz
    Saved aggregate metrics to /fslarge/scratch/users/h61084/codes/fine_time/outputs/task_finetuning/tasks/frozen/chronos2/univariate/current_velocity/10T/short/run_0/metrics_summary.json
    Metrics summary (averaged over all series/windows/variates):
      MSE: 7.0144
      MAE: 0.7190
      RMSE: 0.9037
      MAPE: 3150.0560
      sMAPE: 0.4371
      MASE: 0.5283
      ND: 0.3258
      CRPS: 0.2570
  Completed: 10 series × 120 windows
  Output: /fslarge/scratch/users/h61084/codes/fine_time/outputs/task_finetuning/tasks/frozen/chronos2/univariate/current_velocity/10T/short/run_0

============================================================
All experiments completed!
Results saved to: /scratch/users/h61084/codes/fine_time/outputs/task_finetuning/tasks/frozen
============================================================
[78/90] evaluate chronos2 task_finetuned on current_velocity/10T/short
[2026-09-29 11:01:39 UTC] resources selected_device {"device": "cuda", "model": "chronos2", "stage": "forecast"}
Loading configuration...

============================================================
Dataset: current_velocity/10T
Model: amazon/chronos-2
Checkpoint: /fslarge/scratch/users/h61084/codes/fine_time/outputs/task_finetuning/checkpoints/chronos2/current_velocity/10T/short/run_0/finetuned-ckpt
Terms: ['short']
Covariate mode: none
Instance normalization: none
============================================================

--- Term: short ---
  Config: prediction_length=18, test_length=2160, val_length=2160
TIME run allocation action=new run=/fslarge/scratch/users/h61084/codes/fine_time/outputs/task_finetuning/tasks/inference/chronos2/univariate/current_velocity/10T/short/run_1 launch_id=selena_fine_time_20260929T092621Z_11326 slurm_job_id=3607387 launched_at=2026-09-29T11:01:40.049929+00:00
  Initializing Chronos pipeline (/fslarge/scratch/users/h61084/codes/fine_time/outputs/task_finetuning/checkpoints/chronos2/current_velocity/10T/short/run_0/finetuned-ckpt)...
  Dataset info:
    - Frequency: 10T
    - Num series: 10
    - Target dim: 6
    - Target mode: univariate
    - Covariate channels: 0
    - Series length: min=7481, max=31957, avg=20668.5
    - Test split: 2160 steps
    - Prediction length: 18
    - Windows: 120
    Processed 320/7200...
    Processed 640/7200...
    Processed 960/7200...
    Processed 1280/7200...
    Processed 1600/7200...
    Processed 1920/7200...
    Processed 2240/7200...
    Processed 2560/7200...
    Processed 2880/7200...
    Processed 3200/7200...
    Processed 3520/7200...
    Processed 3840/7200...
    Processed 4160/7200...
    Processed 4480/7200...
    Processed 4800/7200...
    Processed 5120/7200...
    Processed 5440/7200...
    Processed 5760/7200...
    Processed 6080/7200...
    Processed 6400/7200...
    Processed 6720/7200...
    Processed 7040/7200...
TIME run allocation action=new run=/fslarge/scratch/users/h61084/codes/fine_time/outputs/task_finetuning/tasks/task_finetuned/chronos2/univariate/current_velocity/10T/short/run_0 launch_id=selena_fine_time_20260929T092621Z_11326 slurm_job_id=3607387 launched_at=2026-09-29T11:02:13.046120+00:00
    Total instances: 7200, Series during experiment: 60, Windows: 120
    Collecting ground truth and context...
    Detected to_univariate case: 60 flat series -> 10 series x 6 variates
    Organizing data into arrays...
    Saved predictions (quantiles) to /fslarge/scratch/users/h61084/codes/fine_time/outputs/task_finetuning/tasks/task_finetuned/chronos2/univariate/current_velocity/10T/short/run_0/predictions.npz
    Computing per-window metrics...
    Saved metrics to /fslarge/scratch/users/h61084/codes/fine_time/outputs/task_finetuning/tasks/task_finetuned/chronos2/univariate/current_velocity/10T/short/run_0/metrics.npz
    Saved aggregate metrics to /fslarge/scratch/users/h61084/codes/fine_time/outputs/task_finetuning/tasks/task_finetuned/chronos2/univariate/current_velocity/10T/short/run_0/metrics_summary.json
    Metrics summary (averaged over all series/windows/variates):
      MSE: 6.9902
      MAE: 0.7169
      RMSE: 0.9023
      MAPE: 3016.6417
      sMAPE: 0.4354
      MASE: 0.5298
      ND: 0.3248
      CRPS: 0.2562
  Completed: 10 series × 120 windows
  Output: /fslarge/scratch/users/h61084/codes/fine_time/outputs/task_finetuning/tasks/task_finetuned/chronos2/univariate/current_velocity/10T/short/run_0

============================================================
All experiments completed!
Results saved to: /scratch/users/h61084/codes/fine_time/outputs/task_finetuning/tasks/task_finetuned
============================================================
[79/90] evaluate chronos2 frozen on current_velocity/15T/long
[2026-09-29 11:02:15 UTC] resources selected_device {"device": "cuda", "model": "chronos2", "stage": "forecast"}
Loading configuration...

============================================================
Dataset: current_velocity/15T
Model: amazon/chronos-2
Checkpoint: /fslarge/scratch/users/h61084/weights/chronos2
Terms: ['long']
Covariate mode: none
Instance normalization: none
============================================================

--- Term: long ---
  Config: prediction_length=288, test_length=1440, val_length=1440
TIME run allocation action=new run=/fslarge/scratch/users/h61084/codes/fine_time/outputs/task_finetuning/tasks/inference/chronos2/univariate/current_velocity/15T/long/run_0 launch_id=selena_fine_time_20260929T092621Z_11326 slurm_job_id=3607387 launched_at=2026-09-29T11:02:15.767506+00:00
  Initializing Chronos pipeline (/fslarge/scratch/users/h61084/weights/chronos2)...
  Dataset info:
    - Frequency: 15T
    - Num series: 5
    - Target dim: 6
    - Target mode: univariate
    - Covariate channels: 0
    - Series length: min=3710, max=17953, avg=8503.2
    - Test split: 1440 steps
    - Prediction length: 288
    - Windows: 5
TIME run allocation action=new run=/fslarge/scratch/users/h61084/codes/fine_time/outputs/task_finetuning/tasks/frozen/chronos2/univariate/current_velocity/15T/long/run_0 launch_id=selena_fine_time_20260929T092621Z_11326 slurm_job_id=3607387 launched_at=2026-09-29T11:02:16.699052+00:00
    Total instances: 150, Series during experiment: 30, Windows: 5
    Collecting ground truth and context...
    Detected to_univariate case: 30 flat series -> 5 series x 6 variates
    Organizing data into arrays...
    Saved predictions (quantiles) to /fslarge/scratch/users/h61084/codes/fine_time/outputs/task_finetuning/tasks/frozen/chronos2/univariate/current_velocity/15T/long/run_0/predictions.npz
    Computing per-window metrics...
    Saved metrics to /fslarge/scratch/users/h61084/codes/fine_time/outputs/task_finetuning/tasks/frozen/chronos2/univariate/current_velocity/15T/long/run_0/metrics.npz
    Saved aggregate metrics to /fslarge/scratch/users/h61084/codes/fine_time/outputs/task_finetuning/tasks/frozen/chronos2/univariate/current_velocity/15T/long/run_0/metrics_summary.json
    Metrics summary (averaged over all series/windows/variates):
      MSE: 10.5457
      MAE: 1.0611
      RMSE: 1.3414
      MAPE: 119975.5845
      sMAPE: 0.5962
      MASE: 0.8344
      ND: 0.4490
      CRPS: 0.3528
  Completed: 5 series × 5 windows
  Output: /fslarge/scratch/users/h61084/codes/fine_time/outputs/task_finetuning/tasks/frozen/chronos2/univariate/current_velocity/15T/long/run_0

============================================================
All experiments completed!
Results saved to: /scratch/users/h61084/codes/fine_time/outputs/task_finetuning/tasks/frozen
============================================================
[79/90] evaluate chronos2 task_finetuned on current_velocity/15T/long
[2026-09-29 11:02:16 UTC] resources selected_device {"device": "cuda", "model": "chronos2", "stage": "forecast"}
Loading configuration...

============================================================
Dataset: current_velocity/15T
Model: amazon/chronos-2
Checkpoint: /fslarge/scratch/users/h61084/codes/fine_time/outputs/task_finetuning/checkpoints/chronos2/current_velocity/15T/long/run_0/finetuned-ckpt
Terms: ['long']
Covariate mode: none
Instance normalization: none
============================================================

--- Term: long ---
  Config: prediction_length=288, test_length=1440, val_length=1440
TIME run allocation action=new run=/fslarge/scratch/users/h61084/codes/fine_time/outputs/task_finetuning/tasks/inference/chronos2/univariate/current_velocity/15T/long/run_1 launch_id=selena_fine_time_20260929T092621Z_11326 slurm_job_id=3607387 launched_at=2026-09-29T11:02:16.837463+00:00
  Initializing Chronos pipeline (/fslarge/scratch/users/h61084/codes/fine_time/outputs/task_finetuning/checkpoints/chronos2/current_velocity/15T/long/run_0/finetuned-ckpt)...
  Dataset info:
    - Frequency: 15T
    - Num series: 5
    - Target dim: 6
    - Target mode: univariate
    - Covariate channels: 0
    - Series length: min=3710, max=17953, avg=8503.2
    - Test split: 1440 steps
    - Prediction length: 288
    - Windows: 5
TIME run allocation action=new run=/fslarge/scratch/users/h61084/codes/fine_time/outputs/task_finetuning/tasks/task_finetuned/chronos2/univariate/current_velocity/15T/long/run_0 launch_id=selena_fine_time_20260929T092621Z_11326 slurm_job_id=3607387 launched_at=2026-09-29T11:02:18.646407+00:00
    Total instances: 150, Series during experiment: 30, Windows: 5
    Collecting ground truth and context...
    Detected to_univariate case: 30 flat series -> 5 series x 6 variates
    Organizing data into arrays...
    Saved predictions (quantiles) to /fslarge/scratch/users/h61084/codes/fine_time/outputs/task_finetuning/tasks/task_finetuned/chronos2/univariate/current_velocity/15T/long/run_0/predictions.npz
    Computing per-window metrics...
    Saved metrics to /fslarge/scratch/users/h61084/codes/fine_time/outputs/task_finetuning/tasks/task_finetuned/chronos2/univariate/current_velocity/15T/long/run_0/metrics.npz
    Saved aggregate metrics to /fslarge/scratch/users/h61084/codes/fine_time/outputs/task_finetuning/tasks/task_finetuned/chronos2/univariate/current_velocity/15T/long/run_0/metrics_summary.json
    Metrics summary (averaged over all series/windows/variates):
      MSE: 10.7215
      MAE: 1.0712
      RMSE: 1.3500
      MAPE: 123246.7209
      sMAPE: 0.6011
      MASE: 0.8397
      ND: 0.4506
      CRPS: 0.3528
  Completed: 5 series × 5 windows
  Output: /fslarge/scratch/users/h61084/codes/fine_time/outputs/task_finetuning/tasks/task_finetuned/chronos2/univariate/current_velocity/15T/long/run_0

============================================================
All experiments completed!
Results saved to: /scratch/users/h61084/codes/fine_time/outputs/task_finetuning/tasks/task_finetuned
============================================================
[80/90] evaluate chronos2 frozen on current_velocity/15T/medium
[2026-09-29 11:02:18 UTC] resources selected_device {"device": "cuda", "model": "chronos2", "stage": "forecast"}
Loading configuration...

============================================================
Dataset: current_velocity/15T
Model: amazon/chronos-2
Checkpoint: /fslarge/scratch/users/h61084/weights/chronos2
Terms: ['medium']
Covariate mode: none
Instance normalization: none
============================================================

--- Term: medium ---
  Config: prediction_length=96, test_length=1440, val_length=1440
TIME run allocation action=new run=/fslarge/scratch/users/h61084/codes/fine_time/outputs/task_finetuning/tasks/inference/chronos2/univariate/current_velocity/15T/medium/run_0 launch_id=selena_fine_time_20260929T092621Z_11326 slurm_job_id=3607387 launched_at=2026-09-29T11:02:18.789750+00:00
  Initializing Chronos pipeline (/fslarge/scratch/users/h61084/weights/chronos2)...
  Dataset info:
    - Frequency: 15T
    - Num series: 5
    - Target dim: 6
    - Target mode: univariate
    - Covariate channels: 0
    - Series length: min=3710, max=17953, avg=8503.2
    - Test split: 1440 steps
    - Prediction length: 96
    - Windows: 15
    Processed 320/450...
TIME run allocation action=new run=/fslarge/scratch/users/h61084/codes/fine_time/outputs/task_finetuning/tasks/frozen/chronos2/univariate/current_velocity/15T/medium/run_0 launch_id=selena_fine_time_20260929T092621Z_11326 slurm_job_id=3607387 launched_at=2026-09-29T11:02:20.651602+00:00
    Total instances: 450, Series during experiment: 30, Windows: 15
    Collecting ground truth and context...
    Detected to_univariate case: 30 flat series -> 5 series x 6 variates
    Organizing data into arrays...
    Saved predictions (quantiles) to /fslarge/scratch/users/h61084/codes/fine_time/outputs/task_finetuning/tasks/frozen/chronos2/univariate/current_velocity/15T/medium/run_0/predictions.npz
    Computing per-window metrics...
    Saved metrics to /fslarge/scratch/users/h61084/codes/fine_time/outputs/task_finetuning/tasks/frozen/chronos2/univariate/current_velocity/15T/medium/run_0/metrics.npz
    Saved aggregate metrics to /fslarge/scratch/users/h61084/codes/fine_time/outputs/task_finetuning/tasks/frozen/chronos2/univariate/current_velocity/15T/medium/run_0/metrics_summary.json
    Metrics summary (averaged over all series/windows/variates):
      MSE: 8.9162
      MAE: 0.9588
      RMSE: 1.2072
      MAPE: 122394.5150
      sMAPE: 0.5727
      MASE: 0.7292
      ND: 0.4318
      CRPS: 0.3384
  Completed: 5 series × 15 windows
  Output: /fslarge/scratch/users/h61084/codes/fine_time/outputs/task_finetuning/tasks/frozen/chronos2/univariate/current_velocity/15T/medium/run_0

============================================================
All experiments completed!
Results saved to: /scratch/users/h61084/codes/fine_time/outputs/task_finetuning/tasks/frozen
============================================================
[80/90] evaluate chronos2 task_finetuned on current_velocity/15T/medium
[2026-09-29 11:02:20 UTC] resources selected_device {"device": "cuda", "model": "chronos2", "stage": "forecast"}
Loading configuration...

============================================================
Dataset: current_velocity/15T
Model: amazon/chronos-2
Checkpoint: /fslarge/scratch/users/h61084/codes/fine_time/outputs/task_finetuning/checkpoints/chronos2/current_velocity/15T/medium/run_0/finetuned-ckpt
Terms: ['medium']
Covariate mode: none
Instance normalization: none
============================================================

--- Term: medium ---
  Config: prediction_length=96, test_length=1440, val_length=1440
TIME run allocation action=new run=/fslarge/scratch/users/h61084/codes/fine_time/outputs/task_finetuning/tasks/inference/chronos2/univariate/current_velocity/15T/medium/run_1 launch_id=selena_fine_time_20260929T092621Z_11326 slurm_job_id=3607387 launched_at=2026-09-29T11:02:20.878171+00:00
  Initializing Chronos pipeline (/fslarge/scratch/users/h61084/codes/fine_time/outputs/task_finetuning/checkpoints/chronos2/current_velocity/15T/medium/run_0/finetuned-ckpt)...
  Dataset info:
    - Frequency: 15T
    - Num series: 5
    - Target dim: 6
    - Target mode: univariate
    - Covariate channels: 0
    - Series length: min=3710, max=17953, avg=8503.2
    - Test split: 1440 steps
    - Prediction length: 96
    - Windows: 15
    Processed 320/450...
TIME run allocation action=new run=/fslarge/scratch/users/h61084/codes/fine_time/outputs/task_finetuning/tasks/task_finetuned/chronos2/univariate/current_velocity/15T/medium/run_0 launch_id=selena_fine_time_20260929T092621Z_11326 slurm_job_id=3607387 launched_at=2026-09-29T11:02:23.710606+00:00
    Total instances: 450, Series during experiment: 30, Windows: 15
    Collecting ground truth and context...
    Detected to_univariate case: 30 flat series -> 5 series x 6 variates
    Organizing data into arrays...
    Saved predictions (quantiles) to /fslarge/scratch/users/h61084/codes/fine_time/outputs/task_finetuning/tasks/task_finetuned/chronos2/univariate/current_velocity/15T/medium/run_0/predictions.npz
    Computing per-window metrics...
    Saved metrics to /fslarge/scratch/users/h61084/codes/fine_time/outputs/task_finetuning/tasks/task_finetuned/chronos2/univariate/current_velocity/15T/medium/run_0/metrics.npz
    Saved aggregate metrics to /fslarge/scratch/users/h61084/codes/fine_time/outputs/task_finetuning/tasks/task_finetuned/chronos2/univariate/current_velocity/15T/medium/run_0/metrics_summary.json
    Metrics summary (averaged over all series/windows/variates):
      MSE: 8.8922
      MAE: 0.9588
      RMSE: 1.2055
      MAPE: 121959.1809
      sMAPE: 0.5693
      MASE: 0.7266
      ND: 0.4300
      CRPS: 0.3371
  Completed: 5 series × 15 windows
  Output: /fslarge/scratch/users/h61084/codes/fine_time/outputs/task_finetuning/tasks/task_finetuned/chronos2/univariate/current_velocity/15T/medium/run_0

============================================================
All experiments completed!
Results saved to: /scratch/users/h61084/codes/fine_time/outputs/task_finetuning/tasks/task_finetuned
============================================================
[81/90] evaluate chronos2 frozen on current_velocity/15T/short
[2026-09-29 11:02:23 UTC] resources selected_device {"device": "cuda", "model": "chronos2", "stage": "forecast"}
Loading configuration...

============================================================
Dataset: current_velocity/15T
Model: amazon/chronos-2
Checkpoint: /fslarge/scratch/users/h61084/weights/chronos2
Terms: ['short']
Covariate mode: none
Instance normalization: none
============================================================

--- Term: short ---
  Config: prediction_length=12, test_length=1440, val_length=1440
TIME run allocation action=new run=/fslarge/scratch/users/h61084/codes/fine_time/outputs/task_finetuning/tasks/inference/chronos2/univariate/current_velocity/15T/short/run_0 launch_id=selena_fine_time_20260929T092621Z_11326 slurm_job_id=3607387 launched_at=2026-09-29T11:02:23.943090+00:00
  Initializing Chronos pipeline (/fslarge/scratch/users/h61084/weights/chronos2)...
  Dataset info:
    - Frequency: 15T
    - Num series: 5
    - Target dim: 6
    - Target mode: univariate
    - Covariate channels: 0
    - Series length: min=3710, max=17953, avg=8503.2
    - Test split: 1440 steps
    - Prediction length: 12
    - Windows: 120
    Processed 320/3600...
    Processed 640/3600...
    Processed 960/3600...
    Processed 1280/3600...
    Processed 1600/3600...
    Processed 1920/3600...
    Processed 2240/3600...
    Processed 2560/3600...
    Processed 2880/3600...
    Processed 3200/3600...
    Processed 3520/3600...
TIME run allocation action=new run=/fslarge/scratch/users/h61084/codes/fine_time/outputs/task_finetuning/tasks/frozen/chronos2/univariate/current_velocity/15T/short/run_0 launch_id=selena_fine_time_20260929T092621Z_11326 slurm_job_id=3607387 launched_at=2026-09-29T11:02:36.051285+00:00
    Total instances: 3600, Series during experiment: 30, Windows: 120
    Collecting ground truth and context...
    Detected to_univariate case: 30 flat series -> 5 series x 6 variates
    Organizing data into arrays...
    Saved predictions (quantiles) to /fslarge/scratch/users/h61084/codes/fine_time/outputs/task_finetuning/tasks/frozen/chronos2/univariate/current_velocity/15T/short/run_0/predictions.npz
    Computing per-window metrics...
    Saved metrics to /fslarge/scratch/users/h61084/codes/fine_time/outputs/task_finetuning/tasks/frozen/chronos2/univariate/current_velocity/15T/short/run_0/metrics.npz
    Saved aggregate metrics to /fslarge/scratch/users/h61084/codes/fine_time/outputs/task_finetuning/tasks/frozen/chronos2/univariate/current_velocity/15T/short/run_0/metrics_summary.json
    Metrics summary (averaged over all series/windows/variates):
      MSE: 6.0552
      MAE: 0.7411
      RMSE: 0.9016
      MAPE: 108212.8105
      sMAPE: 0.4683
      MASE: 0.5023
      ND: 0.3838
      CRPS: 0.3015
  Completed: 5 series × 120 windows
  Output: /fslarge/scratch/users/h61084/codes/fine_time/outputs/task_finetuning/tasks/frozen/chronos2/univariate/current_velocity/15T/short/run_0

============================================================
All experiments completed!
Results saved to: /scratch/users/h61084/codes/fine_time/outputs/task_finetuning/tasks/frozen
============================================================
[81/90] evaluate chronos2 task_finetuned on current_velocity/15T/short
[2026-09-29 11:02:37 UTC] resources selected_device {"device": "cuda", "model": "chronos2", "stage": "forecast"}
Loading configuration...

============================================================
Dataset: current_velocity/15T
Model: amazon/chronos-2
Checkpoint: /fslarge/scratch/users/h61084/codes/fine_time/outputs/task_finetuning/checkpoints/chronos2/current_velocity/15T/short/run_0/finetuned-ckpt
Terms: ['short']
Covariate mode: none
Instance normalization: none
============================================================

--- Term: short ---
  Config: prediction_length=12, test_length=1440, val_length=1440
TIME run allocation action=new run=/fslarge/scratch/users/h61084/codes/fine_time/outputs/task_finetuning/tasks/inference/chronos2/univariate/current_velocity/15T/short/run_1 launch_id=selena_fine_time_20260929T092621Z_11326 slurm_job_id=3607387 launched_at=2026-09-29T11:02:37.207750+00:00
  Initializing Chronos pipeline (/fslarge/scratch/users/h61084/codes/fine_time/outputs/task_finetuning/checkpoints/chronos2/current_velocity/15T/short/run_0/finetuned-ckpt)...
  Dataset info:
    - Frequency: 15T
    - Num series: 5
    - Target dim: 6
    - Target mode: univariate
    - Covariate channels: 0
    - Series length: min=3710, max=17953, avg=8503.2
    - Test split: 1440 steps
    - Prediction length: 12
    - Windows: 120
    Processed 320/3600...
    Processed 640/3600...
    Processed 960/3600...
    Processed 1280/3600...
    Processed 1600/3600...
    Processed 1920/3600...
    Processed 2240/3600...
    Processed 2560/3600...
    Processed 2880/3600...
    Processed 3200/3600...
    Processed 3520/3600...
TIME run allocation action=new run=/fslarge/scratch/users/h61084/codes/fine_time/outputs/task_finetuning/tasks/task_finetuned/chronos2/univariate/current_velocity/15T/short/run_0 launch_id=selena_fine_time_20260929T092621Z_11326 slurm_job_id=3607387 launched_at=2026-09-29T11:02:50.001402+00:00
    Total instances: 3600, Series during experiment: 30, Windows: 120
    Collecting ground truth and context...
    Detected to_univariate case: 30 flat series -> 5 series x 6 variates
    Organizing data into arrays...
    Saved predictions (quantiles) to /fslarge/scratch/users/h61084/codes/fine_time/outputs/task_finetuning/tasks/task_finetuned/chronos2/univariate/current_velocity/15T/short/run_0/predictions.npz
    Computing per-window metrics...
    Saved metrics to /fslarge/scratch/users/h61084/codes/fine_time/outputs/task_finetuning/tasks/task_finetuned/chronos2/univariate/current_velocity/15T/short/run_0/metrics.npz
    Saved aggregate metrics to /fslarge/scratch/users/h61084/codes/fine_time/outputs/task_finetuning/tasks/task_finetuned/chronos2/univariate/current_velocity/15T/short/run_0/metrics_summary.json
    Metrics summary (averaged over all series/windows/variates):
      MSE: 6.0341
      MAE: 0.7403
      RMSE: 0.9007
      MAPE: 110422.7836
      sMAPE: 0.4678
      MASE: 0.5010
      ND: 0.3828
      CRPS: 0.3005
  Completed: 5 series × 120 windows
  Output: /fslarge/scratch/users/h61084/codes/fine_time/outputs/task_finetuning/tasks/task_finetuned/chronos2/univariate/current_velocity/15T/short/run_0

============================================================
All experiments completed!
Results saved to: /scratch/users/h61084/codes/fine_time/outputs/task_finetuning/tasks/task_finetuned
============================================================
[82/90] evaluate chronos2 frozen on current_velocity/5T/long
[2026-09-29 11:02:51 UTC] resources selected_device {"device": "cuda", "model": "chronos2", "stage": "forecast"}
Loading configuration...

============================================================
Dataset: current_velocity/5T
Model: amazon/chronos-2
Checkpoint: /fslarge/scratch/users/h61084/weights/chronos2
Terms: ['long']
Covariate mode: none
Instance normalization: none
============================================================

--- Term: long ---
  Config: prediction_length=864, test_length=4320, val_length=4320
TIME run allocation action=new run=/fslarge/scratch/users/h61084/codes/fine_time/outputs/task_finetuning/tasks/inference/chronos2/univariate/current_velocity/5T/long/run_0 launch_id=selena_fine_time_20260929T092621Z_11326 slurm_job_id=3607387 launched_at=2026-09-29T11:02:51.186569+00:00
  Initializing Chronos pipeline (/fslarge/scratch/users/h61084/weights/chronos2)...
  Dataset info:
    - Frequency: 5T
    - Num series: 1
    - Target dim: 6
    - Target mode: univariate
    - Covariate channels: 0
    - Series length: min=26486, max=26486, avg=26486.0
    - Test split: 4320 steps
    - Prediction length: 864
    - Windows: 5
TIME run allocation action=new run=/fslarge/scratch/users/h61084/codes/fine_time/outputs/task_finetuning/tasks/frozen/chronos2/univariate/current_velocity/5T/long/run_0 launch_id=selena_fine_time_20260929T092621Z_11326 slurm_job_id=3607387 launched_at=2026-09-29T11:02:51.633722+00:00
    Total instances: 30, Series during experiment: 6, Windows: 5
    Collecting ground truth and context...
    Detected to_univariate case: 6 flat series -> 1 series x 6 variates
    Organizing data into arrays...
    Saved predictions (quantiles) to /fslarge/scratch/users/h61084/codes/fine_time/outputs/task_finetuning/tasks/frozen/chronos2/univariate/current_velocity/5T/long/run_0/predictions.npz
    Computing per-window metrics...
    Saved metrics to /fslarge/scratch/users/h61084/codes/fine_time/outputs/task_finetuning/tasks/frozen/chronos2/univariate/current_velocity/5T/long/run_0/metrics.npz
    Saved aggregate metrics to /fslarge/scratch/users/h61084/codes/fine_time/outputs/task_finetuning/tasks/frozen/chronos2/univariate/current_velocity/5T/long/run_0/metrics_summary.json
    Metrics summary (averaged over all series/windows/variates):
      MSE: 5.4947
      MAE: 0.8914
      RMSE: 1.0733
      MAPE: 0.8593
      sMAPE: 0.4829
      MASE: 0.8300
      ND: 0.4495
      CRPS: 0.3479
  Completed: 1 series × 5 windows
  Output: /fslarge/scratch/users/h61084/codes/fine_time/outputs/task_finetuning/tasks/frozen/chronos2/univariate/current_velocity/5T/long/run_0

============================================================
All experiments completed!
Results saved to: /scratch/users/h61084/codes/fine_time/outputs/task_finetuning/tasks/frozen
============================================================
[82/90] evaluate chronos2 task_finetuned on current_velocity/5T/long
[2026-09-29 11:02:51 UTC] resources selected_device {"device": "cuda", "model": "chronos2", "stage": "forecast"}
Loading configuration...

============================================================
Dataset: current_velocity/5T
Model: amazon/chronos-2
Checkpoint: /fslarge/scratch/users/h61084/codes/fine_time/outputs/task_finetuning/checkpoints/chronos2/current_velocity/5T/long/run_0/finetuned-ckpt
Terms: ['long']
Covariate mode: none
Instance normalization: none
============================================================

--- Term: long ---
  Config: prediction_length=864, test_length=4320, val_length=4320
TIME run allocation action=new run=/fslarge/scratch/users/h61084/codes/fine_time/outputs/task_finetuning/tasks/inference/chronos2/univariate/current_velocity/5T/long/run_1 launch_id=selena_fine_time_20260929T092621Z_11326 slurm_job_id=3607387 launched_at=2026-09-29T11:02:51.730848+00:00
  Initializing Chronos pipeline (/fslarge/scratch/users/h61084/codes/fine_time/outputs/task_finetuning/checkpoints/chronos2/current_velocity/5T/long/run_0/finetuned-ckpt)...
  Dataset info:
    - Frequency: 5T
    - Num series: 1
    - Target dim: 6
    - Target mode: univariate
    - Covariate channels: 0
    - Series length: min=26486, max=26486, avg=26486.0
    - Test split: 4320 steps
    - Prediction length: 864
    - Windows: 5
TIME run allocation action=new run=/fslarge/scratch/users/h61084/codes/fine_time/outputs/task_finetuning/tasks/task_finetuned/chronos2/univariate/current_velocity/5T/long/run_0 launch_id=selena_fine_time_20260929T092621Z_11326 slurm_job_id=3607387 launched_at=2026-09-29T11:02:52.950851+00:00
    Total instances: 30, Series during experiment: 6, Windows: 5
    Collecting ground truth and context...
    Detected to_univariate case: 6 flat series -> 1 series x 6 variates
    Organizing data into arrays...
    Saved predictions (quantiles) to /fslarge/scratch/users/h61084/codes/fine_time/outputs/task_finetuning/tasks/task_finetuned/chronos2/univariate/current_velocity/5T/long/run_0/predictions.npz
    Computing per-window metrics...
    Saved metrics to /fslarge/scratch/users/h61084/codes/fine_time/outputs/task_finetuning/tasks/task_finetuned/chronos2/univariate/current_velocity/5T/long/run_0/metrics.npz
    Saved aggregate metrics to /fslarge/scratch/users/h61084/codes/fine_time/outputs/task_finetuning/tasks/task_finetuned/chronos2/univariate/current_velocity/5T/long/run_0/metrics_summary.json
    Metrics summary (averaged over all series/windows/variates):
      MSE: 6.2096
      MAE: 0.9359
      RMSE: 1.1177
      MAPE: 0.6971
      sMAPE: 0.4774
      MASE: 0.7500
      ND: 0.4150
      CRPS: 0.3255
  Completed: 1 series × 5 windows
  Output: /fslarge/scratch/users/h61084/codes/fine_time/outputs/task_finetuning/tasks/task_finetuned/chronos2/univariate/current_velocity/5T/long/run_0

============================================================
All experiments completed!
Results saved to: /scratch/users/h61084/codes/fine_time/outputs/task_finetuning/tasks/task_finetuned
============================================================
[83/90] evaluate chronos2 frozen on current_velocity/5T/medium
[2026-09-29 11:02:52 UTC] resources selected_device {"device": "cuda", "model": "chronos2", "stage": "forecast"}
Loading configuration...

============================================================
Dataset: current_velocity/5T
Model: amazon/chronos-2
Checkpoint: /fslarge/scratch/users/h61084/weights/chronos2
Terms: ['medium']
Covariate mode: none
Instance normalization: none
============================================================

--- Term: medium ---
  Config: prediction_length=288, test_length=4320, val_length=4320
TIME run allocation action=new run=/fslarge/scratch/users/h61084/codes/fine_time/outputs/task_finetuning/tasks/inference/chronos2/univariate/current_velocity/5T/medium/run_0 launch_id=selena_fine_time_20260929T092621Z_11326 slurm_job_id=3607387 launched_at=2026-09-29T11:02:53.051870+00:00
  Initializing Chronos pipeline (/fslarge/scratch/users/h61084/weights/chronos2)...
  Dataset info:
    - Frequency: 5T
    - Num series: 1
    - Target dim: 6
    - Target mode: univariate
    - Covariate channels: 0
    - Series length: min=26486, max=26486, avg=26486.0
    - Test split: 4320 steps
    - Prediction length: 288
    - Windows: 15
TIME run allocation action=new run=/fslarge/scratch/users/h61084/codes/fine_time/outputs/task_finetuning/tasks/frozen/chronos2/univariate/current_velocity/5T/medium/run_0 launch_id=selena_fine_time_20260929T092621Z_11326 slurm_job_id=3607387 launched_at=2026-09-29T11:02:53.784358+00:00
    Total instances: 90, Series during experiment: 6, Windows: 15
    Collecting ground truth and context...
    Detected to_univariate case: 6 flat series -> 1 series x 6 variates
    Organizing data into arrays...
    Saved predictions (quantiles) to /fslarge/scratch/users/h61084/codes/fine_time/outputs/task_finetuning/tasks/frozen/chronos2/univariate/current_velocity/5T/medium/run_0/predictions.npz
    Computing per-window metrics...
    Saved metrics to /fslarge/scratch/users/h61084/codes/fine_time/outputs/task_finetuning/tasks/frozen/chronos2/univariate/current_velocity/5T/medium/run_0/metrics.npz
    Saved aggregate metrics to /fslarge/scratch/users/h61084/codes/fine_time/outputs/task_finetuning/tasks/frozen/chronos2/univariate/current_velocity/5T/medium/run_0/metrics_summary.json
    Metrics summary (averaged over all series/windows/variates):
      MSE: 5.0089
      MAE: 0.7779
      RMSE: 0.9558
      MAPE: 0.6799
      sMAPE: 0.4154
      MASE: 0.5819
      ND: 0.3629
      CRPS: 0.2825
  Completed: 1 series × 15 windows
  Output: /fslarge/scratch/users/h61084/codes/fine_time/outputs/task_finetuning/tasks/frozen/chronos2/univariate/current_velocity/5T/medium/run_0

============================================================
All experiments completed!
Results saved to: /scratch/users/h61084/codes/fine_time/outputs/task_finetuning/tasks/frozen
============================================================
[83/90] evaluate chronos2 task_finetuned on current_velocity/5T/medium
[2026-09-29 11:02:53 UTC] resources selected_device {"device": "cuda", "model": "chronos2", "stage": "forecast"}
Loading configuration...

============================================================
Dataset: current_velocity/5T
Model: amazon/chronos-2
Checkpoint: /fslarge/scratch/users/h61084/codes/fine_time/outputs/task_finetuning/checkpoints/chronos2/current_velocity/5T/medium/run_0/finetuned-ckpt
Terms: ['medium']
Covariate mode: none
Instance normalization: none
============================================================

--- Term: medium ---
  Config: prediction_length=288, test_length=4320, val_length=4320
TIME run allocation action=new run=/fslarge/scratch/users/h61084/codes/fine_time/outputs/task_finetuning/tasks/inference/chronos2/univariate/current_velocity/5T/medium/run_1 launch_id=selena_fine_time_20260929T092621Z_11326 slurm_job_id=3607387 launched_at=2026-09-29T11:02:53.900410+00:00
  Initializing Chronos pipeline (/fslarge/scratch/users/h61084/codes/fine_time/outputs/task_finetuning/checkpoints/chronos2/current_velocity/5T/medium/run_0/finetuned-ckpt)...
  Dataset info:
    - Frequency: 5T
    - Num series: 1
    - Target dim: 6
    - Target mode: univariate
    - Covariate channels: 0
    - Series length: min=26486, max=26486, avg=26486.0
    - Test split: 4320 steps
    - Prediction length: 288
    - Windows: 15
TIME run allocation action=new run=/fslarge/scratch/users/h61084/codes/fine_time/outputs/task_finetuning/tasks/task_finetuned/chronos2/univariate/current_velocity/5T/medium/run_0 launch_id=selena_fine_time_20260929T092621Z_11326 slurm_job_id=3607387 launched_at=2026-09-29T11:02:55.383523+00:00
    Total instances: 90, Series during experiment: 6, Windows: 15
    Collecting ground truth and context...
    Detected to_univariate case: 6 flat series -> 1 series x 6 variates
    Organizing data into arrays...
    Saved predictions (quantiles) to /fslarge/scratch/users/h61084/codes/fine_time/outputs/task_finetuning/tasks/task_finetuned/chronos2/univariate/current_velocity/5T/medium/run_0/predictions.npz
    Computing per-window metrics...
    Saved metrics to /fslarge/scratch/users/h61084/codes/fine_time/outputs/task_finetuning/tasks/task_finetuned/chronos2/univariate/current_velocity/5T/medium/run_0/metrics.npz
    Saved aggregate metrics to /fslarge/scratch/users/h61084/codes/fine_time/outputs/task_finetuning/tasks/task_finetuned/chronos2/univariate/current_velocity/5T/medium/run_0/metrics_summary.json
    Metrics summary (averaged over all series/windows/variates):
      MSE: 5.1565
      MAE: 0.7872
      RMSE: 0.9601
      MAPE: 0.6459
      sMAPE: 0.4143
      MASE: 0.5626
      ND: 0.3591
      CRPS: 0.2797
  Completed: 1 series × 15 windows
  Output: /fslarge/scratch/users/h61084/codes/fine_time/outputs/task_finetuning/tasks/task_finetuned/chronos2/univariate/current_velocity/5T/medium/run_0

============================================================
All experiments completed!
Results saved to: /scratch/users/h61084/codes/fine_time/outputs/task_finetuning/tasks/task_finetuned
============================================================
[84/90] evaluate chronos2 frozen on current_velocity/5T/short
[2026-09-29 11:02:55 UTC] resources selected_device {"device": "cuda", "model": "chronos2", "stage": "forecast"}
Loading configuration...

============================================================
Dataset: current_velocity/5T
Model: amazon/chronos-2
Checkpoint: /fslarge/scratch/users/h61084/weights/chronos2
Terms: ['short']
Covariate mode: none
Instance normalization: none
============================================================

--- Term: short ---
  Config: prediction_length=36, test_length=4320, val_length=4320
TIME run allocation action=new run=/fslarge/scratch/users/h61084/codes/fine_time/outputs/task_finetuning/tasks/inference/chronos2/univariate/current_velocity/5T/short/run_0 launch_id=selena_fine_time_20260929T092621Z_11326 slurm_job_id=3607387 launched_at=2026-09-29T11:02:55.504884+00:00
  Initializing Chronos pipeline (/fslarge/scratch/users/h61084/weights/chronos2)...
  Dataset info:
    - Frequency: 5T
    - Num series: 1
    - Target dim: 6
    - Target mode: univariate
    - Covariate channels: 0
    - Series length: min=26486, max=26486, avg=26486.0
    - Test split: 4320 steps
    - Prediction length: 36
    - Windows: 120
    Processed 320/720...
    Processed 640/720...
TIME run allocation action=new run=/fslarge/scratch/users/h61084/codes/fine_time/outputs/task_finetuning/tasks/frozen/chronos2/univariate/current_velocity/5T/short/run_0 launch_id=selena_fine_time_20260929T092621Z_11326 slurm_job_id=3607387 launched_at=2026-09-29T11:02:59.009980+00:00
    Total instances: 720, Series during experiment: 6, Windows: 120
    Collecting ground truth and context...
    Detected to_univariate case: 6 flat series -> 1 series x 6 variates
    Organizing data into arrays...
    Saved predictions (quantiles) to /fslarge/scratch/users/h61084/codes/fine_time/outputs/task_finetuning/tasks/frozen/chronos2/univariate/current_velocity/5T/short/run_0/predictions.npz
    Computing per-window metrics...
    Saved metrics to /fslarge/scratch/users/h61084/codes/fine_time/outputs/task_finetuning/tasks/frozen/chronos2/univariate/current_velocity/5T/short/run_0/metrics.npz
    Saved aggregate metrics to /fslarge/scratch/users/h61084/codes/fine_time/outputs/task_finetuning/tasks/frozen/chronos2/univariate/current_velocity/5T/short/run_0/metrics_summary.json
    Metrics summary (averaged over all series/windows/variates):
      MSE: 2.9136
      MAE: 0.5493
      RMSE: 0.6554
      MAPE: 0.4360
      sMAPE: 0.3435
      MASE: 0.3677
      ND: 0.2955
      CRPS: 0.2320
  Completed: 1 series × 120 windows
  Output: /fslarge/scratch/users/h61084/codes/fine_time/outputs/task_finetuning/tasks/frozen/chronos2/univariate/current_velocity/5T/short/run_0

============================================================
All experiments completed!
Results saved to: /scratch/users/h61084/codes/fine_time/outputs/task_finetuning/tasks/frozen
============================================================
[84/90] evaluate chronos2 task_finetuned on current_velocity/5T/short
[2026-09-29 11:02:59 UTC] resources selected_device {"device": "cuda", "model": "chronos2", "stage": "forecast"}
Loading configuration...

============================================================
Dataset: current_velocity/5T
Model: amazon/chronos-2
Checkpoint: /fslarge/scratch/users/h61084/codes/fine_time/outputs/task_finetuning/checkpoints/chronos2/current_velocity/5T/short/run_0/finetuned-ckpt
Terms: ['short']
Covariate mode: none
Instance normalization: none
============================================================

--- Term: short ---
  Config: prediction_length=36, test_length=4320, val_length=4320
TIME run allocation action=new run=/fslarge/scratch/users/h61084/codes/fine_time/outputs/task_finetuning/tasks/inference/chronos2/univariate/current_velocity/5T/short/run_1 launch_id=selena_fine_time_20260929T092621Z_11326 slurm_job_id=3607387 launched_at=2026-09-29T11:02:59.333943+00:00
  Initializing Chronos pipeline (/fslarge/scratch/users/h61084/codes/fine_time/outputs/task_finetuning/checkpoints/chronos2/current_velocity/5T/short/run_0/finetuned-ckpt)...
  Dataset info:
    - Frequency: 5T
    - Num series: 1
    - Target dim: 6
    - Target mode: univariate
    - Covariate channels: 0
    - Series length: min=26486, max=26486, avg=26486.0
    - Test split: 4320 steps
    - Prediction length: 36
    - Windows: 120
    Processed 320/720...
    Processed 640/720...
TIME run allocation action=new run=/fslarge/scratch/users/h61084/codes/fine_time/outputs/task_finetuning/tasks/task_finetuned/chronos2/univariate/current_velocity/5T/short/run_0 launch_id=selena_fine_time_20260929T092621Z_11326 slurm_job_id=3607387 launched_at=2026-09-29T11:03:03.871162+00:00
    Total instances: 720, Series during experiment: 6, Windows: 120
    Collecting ground truth and context...
    Detected to_univariate case: 6 flat series -> 1 series x 6 variates
    Organizing data into arrays...
    Saved predictions (quantiles) to /fslarge/scratch/users/h61084/codes/fine_time/outputs/task_finetuning/tasks/task_finetuned/chronos2/univariate/current_velocity/5T/short/run_0/predictions.npz
    Computing per-window metrics...
    Saved metrics to /fslarge/scratch/users/h61084/codes/fine_time/outputs/task_finetuning/tasks/task_finetuned/chronos2/univariate/current_velocity/5T/short/run_0/metrics.npz
    Saved aggregate metrics to /fslarge/scratch/users/h61084/codes/fine_time/outputs/task_finetuning/tasks/task_finetuned/chronos2/univariate/current_velocity/5T/short/run_0/metrics_summary.json
    Metrics summary (averaged over all series/windows/variates):
      MSE: 2.9014
      MAE: 0.5463
      RMSE: 0.6526
      MAPE: 0.4327
      sMAPE: 0.3417
      MASE: 0.3643
      ND: 0.2932
      CRPS: 0.2305
  Completed: 1 series × 120 windows
  Output: /fslarge/scratch/users/h61084/codes/fine_time/outputs/task_finetuning/tasks/task_finetuned/chronos2/univariate/current_velocity/5T/short/run_0

============================================================
All experiments completed!
Results saved to: /scratch/users/h61084/codes/fine_time/outputs/task_finetuning/tasks/task_finetuned
============================================================
[85/90] evaluate chronos2 frozen on current_velocity/H/long
[2026-09-29 11:03:04 UTC] resources selected_device {"device": "cuda", "model": "chronos2", "stage": "forecast"}
Loading configuration...

============================================================
Dataset: current_velocity/H
Model: amazon/chronos-2
Checkpoint: /fslarge/scratch/users/h61084/weights/chronos2
Terms: ['long']
Covariate mode: none
Instance normalization: none
============================================================

--- Term: long ---
  Config: prediction_length=336, test_length=672, val_length=672
TIME run allocation action=new run=/fslarge/scratch/users/h61084/codes/fine_time/outputs/task_finetuning/tasks/inference/chronos2/univariate/current_velocity/H/long/run_0 launch_id=selena_fine_time_20260929T092621Z_11326 slurm_job_id=3607387 launched_at=2026-09-29T11:03:04.189048+00:00
  Initializing Chronos pipeline (/fslarge/scratch/users/h61084/weights/chronos2)...
  Dataset info:
    - Frequency: H
    - Num series: 21
    - Target dim: 6
    - Target mode: univariate
    - Covariate channels: 0
    - Series length: min=2208, max=5587, avg=3502.3
    - Test split: 672 steps
    - Prediction length: 336
    - Windows: 2
TIME run allocation action=new run=/fslarge/scratch/users/h61084/codes/fine_time/outputs/task_finetuning/tasks/frozen/chronos2/univariate/current_velocity/H/long/run_0 launch_id=selena_fine_time_20260929T092621Z_11326 slurm_job_id=3607387 launched_at=2026-09-29T11:03:05.158116+00:00
    Total instances: 252, Series during experiment: 126, Windows: 2
    Collecting ground truth and context...
    Detected to_univariate case: 126 flat series -> 21 series x 6 variates
    Organizing data into arrays...
    Saved predictions (quantiles) to /fslarge/scratch/users/h61084/codes/fine_time/outputs/task_finetuning/tasks/frozen/chronos2/univariate/current_velocity/H/long/run_0/predictions.npz
    Computing per-window metrics...
    Saved metrics to /fslarge/scratch/users/h61084/codes/fine_time/outputs/task_finetuning/tasks/frozen/chronos2/univariate/current_velocity/H/long/run_0/metrics.npz
    Saved aggregate metrics to /fslarge/scratch/users/h61084/codes/fine_time/outputs/task_finetuning/tasks/frozen/chronos2/univariate/current_velocity/H/long/run_0/metrics_summary.json
    Metrics summary (averaged over all series/windows/variates):
      MSE: 11.7062
      MAE: 1.1858
      RMSE: 1.4933
      MAPE: 2265187324714.3076
      sMAPE: 0.6041
      MASE: 1.3406
      ND: 0.4294
      CRPS: 0.3373
  Completed: 21 series × 2 windows
  Output: /fslarge/scratch/users/h61084/codes/fine_time/outputs/task_finetuning/tasks/frozen/chronos2/univariate/current_velocity/H/long/run_0

============================================================
All experiments completed!
Results saved to: /scratch/users/h61084/codes/fine_time/outputs/task_finetuning/tasks/frozen
============================================================
[85/90] evaluate chronos2 task_finetuned on current_velocity/H/long
[2026-09-29 11:03:05 UTC] resources selected_device {"device": "cuda", "model": "chronos2", "stage": "forecast"}
Loading configuration...

============================================================
Dataset: current_velocity/H
Model: amazon/chronos-2
Checkpoint: /fslarge/scratch/users/h61084/codes/fine_time/outputs/task_finetuning/checkpoints/chronos2/current_velocity/H/long/run_0/finetuned-ckpt
Terms: ['long']
Covariate mode: none
Instance normalization: none
============================================================

--- Term: long ---
  Config: prediction_length=336, test_length=672, val_length=672
TIME run allocation action=new run=/fslarge/scratch/users/h61084/codes/fine_time/outputs/task_finetuning/tasks/inference/chronos2/univariate/current_velocity/H/long/run_1 launch_id=selena_fine_time_20260929T092621Z_11326 slurm_job_id=3607387 launched_at=2026-09-29T11:03:05.343756+00:00
  Initializing Chronos pipeline (/fslarge/scratch/users/h61084/codes/fine_time/outputs/task_finetuning/checkpoints/chronos2/current_velocity/H/long/run_0/finetuned-ckpt)...
  Dataset info:
    - Frequency: H
    - Num series: 21
    - Target dim: 6
    - Target mode: univariate
    - Covariate channels: 0
    - Series length: min=2208, max=5587, avg=3502.3
    - Test split: 672 steps
    - Prediction length: 336
    - Windows: 2
TIME run allocation action=new run=/fslarge/scratch/users/h61084/codes/fine_time/outputs/task_finetuning/tasks/task_finetuned/chronos2/univariate/current_velocity/H/long/run_0 launch_id=selena_fine_time_20260929T092621Z_11326 slurm_job_id=3607387 launched_at=2026-09-29T11:03:07.075803+00:00
    Total instances: 252, Series during experiment: 126, Windows: 2
    Collecting ground truth and context...
    Detected to_univariate case: 126 flat series -> 21 series x 6 variates
    Organizing data into arrays...
    Saved predictions (quantiles) to /fslarge/scratch/users/h61084/codes/fine_time/outputs/task_finetuning/tasks/task_finetuned/chronos2/univariate/current_velocity/H/long/run_0/predictions.npz
    Computing per-window metrics...
    Saved metrics to /fslarge/scratch/users/h61084/codes/fine_time/outputs/task_finetuning/tasks/task_finetuned/chronos2/univariate/current_velocity/H/long/run_0/metrics.npz
    Saved aggregate metrics to /fslarge/scratch/users/h61084/codes/fine_time/outputs/task_finetuning/tasks/task_finetuned/chronos2/univariate/current_velocity/H/long/run_0/metrics_summary.json
    Metrics summary (averaged over all series/windows/variates):
      MSE: 11.6052
      MAE: 1.1742
      RMSE: 1.4760
      MAPE: 2193624445440.2332
      sMAPE: 0.5823
      MASE: 1.2862
      ND: 0.4118
      CRPS: 0.3225
  Completed: 21 series × 2 windows
  Output: /fslarge/scratch/users/h61084/codes/fine_time/outputs/task_finetuning/tasks/task_finetuned/chronos2/univariate/current_velocity/H/long/run_0

============================================================
All experiments completed!
Results saved to: /scratch/users/h61084/codes/fine_time/outputs/task_finetuning/tasks/task_finetuned
============================================================
[86/90] evaluate chronos2 frozen on current_velocity/H/medium
[2026-09-29 11:03:07 UTC] resources selected_device {"device": "cuda", "model": "chronos2", "stage": "forecast"}
Loading configuration...

============================================================
Dataset: current_velocity/H
Model: amazon/chronos-2
Checkpoint: /fslarge/scratch/users/h61084/weights/chronos2
Terms: ['medium']
Covariate mode: none
Instance normalization: none
============================================================

--- Term: medium ---
  Config: prediction_length=168, test_length=672, val_length=672
TIME run allocation action=new run=/fslarge/scratch/users/h61084/codes/fine_time/outputs/task_finetuning/tasks/inference/chronos2/univariate/current_velocity/H/medium/run_0 launch_id=selena_fine_time_20260929T092621Z_11326 slurm_job_id=3607387 launched_at=2026-09-29T11:03:07.265927+00:00
  Initializing Chronos pipeline (/fslarge/scratch/users/h61084/weights/chronos2)...
  Dataset info:
    - Frequency: H
    - Num series: 21
    - Target dim: 6
    - Target mode: univariate
    - Covariate channels: 0
    - Series length: min=2208, max=5587, avg=3502.3
    - Test split: 672 steps
    - Prediction length: 168
    - Windows: 4
    Processed 320/504...
TIME run allocation action=new run=/fslarge/scratch/users/h61084/codes/fine_time/outputs/task_finetuning/tasks/frozen/chronos2/univariate/current_velocity/H/medium/run_0 launch_id=selena_fine_time_20260929T092621Z_11326 slurm_job_id=3607387 launched_at=2026-09-29T11:03:08.736961+00:00
    Total instances: 504, Series during experiment: 126, Windows: 4
    Collecting ground truth and context...
    Detected to_univariate case: 126 flat series -> 21 series x 6 variates
    Organizing data into arrays...
    Saved predictions (quantiles) to /fslarge/scratch/users/h61084/codes/fine_time/outputs/task_finetuning/tasks/frozen/chronos2/univariate/current_velocity/H/medium/run_0/predictions.npz
    Computing per-window metrics...
    Saved metrics to /fslarge/scratch/users/h61084/codes/fine_time/outputs/task_finetuning/tasks/frozen/chronos2/univariate/current_velocity/H/medium/run_0/metrics.npz
    Saved aggregate metrics to /fslarge/scratch/users/h61084/codes/fine_time/outputs/task_finetuning/tasks/frozen/chronos2/univariate/current_velocity/H/medium/run_0/metrics_summary.json
    Metrics summary (averaged over all series/windows/variates):
      MSE: 10.9568
      MAE: 1.1122
      RMSE: 1.3904
      MAPE: 2525140945340.7817
      sMAPE: 0.5615
      MASE: 1.1527
      ND: 0.4016
      CRPS: 0.3150
  Completed: 21 series × 4 windows
  Output: /fslarge/scratch/users/h61084/codes/fine_time/outputs/task_finetuning/tasks/frozen/chronos2/univariate/current_velocity/H/medium/run_0

============================================================
All experiments completed!
Results saved to: /scratch/users/h61084/codes/fine_time/outputs/task_finetuning/tasks/frozen
============================================================
[86/90] evaluate chronos2 task_finetuned on current_velocity/H/medium
[2026-09-29 11:03:08 UTC] resources selected_device {"device": "cuda", "model": "chronos2", "stage": "forecast"}
Loading configuration...

============================================================
Dataset: current_velocity/H
Model: amazon/chronos-2
Checkpoint: /fslarge/scratch/users/h61084/codes/fine_time/outputs/task_finetuning/checkpoints/chronos2/current_velocity/H/medium/run_0/finetuned-ckpt
Terms: ['medium']
Covariate mode: none
Instance normalization: none
============================================================

--- Term: medium ---
  Config: prediction_length=168, test_length=672, val_length=672
TIME run allocation action=new run=/fslarge/scratch/users/h61084/codes/fine_time/outputs/task_finetuning/tasks/inference/chronos2/univariate/current_velocity/H/medium/run_1 launch_id=selena_fine_time_20260929T092621Z_11326 slurm_job_id=3607387 launched_at=2026-09-29T11:03:08.988341+00:00
  Initializing Chronos pipeline (/fslarge/scratch/users/h61084/codes/fine_time/outputs/task_finetuning/checkpoints/chronos2/current_velocity/H/medium/run_0/finetuned-ckpt)...
  Dataset info:
    - Frequency: H
    - Num series: 21
    - Target dim: 6
    - Target mode: univariate
    - Covariate channels: 0
    - Series length: min=2208, max=5587, avg=3502.3
    - Test split: 672 steps
    - Prediction length: 168
    - Windows: 4
    Processed 320/504...
TIME run allocation action=new run=/fslarge/scratch/users/h61084/codes/fine_time/outputs/task_finetuning/tasks/task_finetuned/chronos2/univariate/current_velocity/H/medium/run_0 launch_id=selena_fine_time_20260929T092621Z_11326 slurm_job_id=3607387 launched_at=2026-09-29T11:03:11.207955+00:00
    Total instances: 504, Series during experiment: 126, Windows: 4
    Collecting ground truth and context...
    Detected to_univariate case: 126 flat series -> 21 series x 6 variates
    Organizing data into arrays...
    Saved predictions (quantiles) to /fslarge/scratch/users/h61084/codes/fine_time/outputs/task_finetuning/tasks/task_finetuned/chronos2/univariate/current_velocity/H/medium/run_0/predictions.npz
    Computing per-window metrics...
    Saved metrics to /fslarge/scratch/users/h61084/codes/fine_time/outputs/task_finetuning/tasks/task_finetuned/chronos2/univariate/current_velocity/H/medium/run_0/metrics.npz
    Saved aggregate metrics to /fslarge/scratch/users/h61084/codes/fine_time/outputs/task_finetuning/tasks/task_finetuned/chronos2/univariate/current_velocity/H/medium/run_0/metrics_summary.json
    Metrics summary (averaged over all series/windows/variates):
      MSE: 10.7607
      MAE: 1.1029
      RMSE: 1.3781
      MAPE: 2421880579797.3125
      sMAPE: 0.5571
      MASE: 1.1358
      ND: 0.3956
      CRPS: 0.3098
  Completed: 21 series × 4 windows
  Output: /fslarge/scratch/users/h61084/codes/fine_time/outputs/task_finetuning/tasks/task_finetuned/chronos2/univariate/current_velocity/H/medium/run_0

============================================================
All experiments completed!
Results saved to: /scratch/users/h61084/codes/fine_time/outputs/task_finetuning/tasks/task_finetuned
============================================================
[87/90] evaluate chronos2 frozen on current_velocity/H/short
[2026-09-29 11:03:11 UTC] resources selected_device {"device": "cuda", "model": "chronos2", "stage": "forecast"}
Loading configuration...

============================================================
Dataset: current_velocity/H
Model: amazon/chronos-2
Checkpoint: /fslarge/scratch/users/h61084/weights/chronos2
Terms: ['short']
Covariate mode: none
Instance normalization: none
============================================================

--- Term: short ---
  Config: prediction_length=24, test_length=672, val_length=672
TIME run allocation action=new run=/fslarge/scratch/users/h61084/codes/fine_time/outputs/task_finetuning/tasks/inference/chronos2/univariate/current_velocity/H/short/run_0 launch_id=selena_fine_time_20260929T092621Z_11326 slurm_job_id=3607387 launched_at=2026-09-29T11:03:11.464828+00:00
  Initializing Chronos pipeline (/fslarge/scratch/users/h61084/weights/chronos2)...
  Dataset info:
    - Frequency: H
    - Num series: 21
    - Target dim: 6
    - Target mode: univariate
    - Covariate channels: 0
    - Series length: min=2208, max=5587, avg=3502.3
    - Test split: 672 steps
    - Prediction length: 24
    - Windows: 28
    Processed 320/3528...
    Processed 640/3528...
    Processed 960/3528...
    Processed 1280/3528...
    Processed 1600/3528...
    Processed 1920/3528...
    Processed 2240/3528...
    Processed 2560/3528...
    Processed 2880/3528...
    Processed 3200/3528...
    Processed 3520/3528...
TIME run allocation action=new run=/fslarge/scratch/users/h61084/codes/fine_time/outputs/task_finetuning/tasks/frozen/chronos2/univariate/current_velocity/H/short/run_0 launch_id=selena_fine_time_20260929T092621Z_11326 slurm_job_id=3607387 launched_at=2026-09-29T11:03:18.908706+00:00
    Total instances: 3528, Series during experiment: 126, Windows: 28
    Collecting ground truth and context...
    Detected to_univariate case: 126 flat series -> 21 series x 6 variates
    Organizing data into arrays...
    Saved predictions (quantiles) to /fslarge/scratch/users/h61084/codes/fine_time/outputs/task_finetuning/tasks/frozen/chronos2/univariate/current_velocity/H/short/run_0/predictions.npz
    Computing per-window metrics...
    Saved metrics to /fslarge/scratch/users/h61084/codes/fine_time/outputs/task_finetuning/tasks/frozen/chronos2/univariate/current_velocity/H/short/run_0/metrics.npz
    Saved aggregate metrics to /fslarge/scratch/users/h61084/codes/fine_time/outputs/task_finetuning/tasks/frozen/chronos2/univariate/current_velocity/H/short/run_0/metrics_summary.json
    Metrics summary (averaged over all series/windows/variates):
      MSE: 6.5846
      MAE: 0.7995
      RMSE: 0.9959
      MAPE: 1990655363804.9001
      sMAPE: 0.4414
      MASE: 0.7026
      ND: 0.3334
      CRPS: 0.2624
  Completed: 21 series × 28 windows
  Output: /fslarge/scratch/users/h61084/codes/fine_time/outputs/task_finetuning/tasks/frozen/chronos2/univariate/current_velocity/H/short/run_0

============================================================
All experiments completed!
Results saved to: /scratch/users/h61084/codes/fine_time/outputs/task_finetuning/tasks/frozen
============================================================
[87/90] evaluate chronos2 task_finetuned on current_velocity/H/short
[2026-09-29 11:03:19 UTC] resources selected_device {"device": "cuda", "model": "chronos2", "stage": "forecast"}
Loading configuration...

============================================================
Dataset: current_velocity/H
Model: amazon/chronos-2
Checkpoint: /fslarge/scratch/users/h61084/codes/fine_time/outputs/task_finetuning/checkpoints/chronos2/current_velocity/H/short/run_0/finetuned-ckpt
Terms: ['short']
Covariate mode: none
Instance normalization: none
============================================================

--- Term: short ---
  Config: prediction_length=24, test_length=672, val_length=672
TIME run allocation action=new run=/fslarge/scratch/users/h61084/codes/fine_time/outputs/task_finetuning/tasks/inference/chronos2/univariate/current_velocity/H/short/run_1 launch_id=selena_fine_time_20260929T092621Z_11326 slurm_job_id=3607387 launched_at=2026-09-29T11:03:19.921709+00:00
  Initializing Chronos pipeline (/fslarge/scratch/users/h61084/codes/fine_time/outputs/task_finetuning/checkpoints/chronos2/current_velocity/H/short/run_0/finetuned-ckpt)...
  Dataset info:
    - Frequency: H
    - Num series: 21
    - Target dim: 6
    - Target mode: univariate
    - Covariate channels: 0
    - Series length: min=2208, max=5587, avg=3502.3
    - Test split: 672 steps
    - Prediction length: 24
    - Windows: 28
    Processed 320/3528...
    Processed 640/3528...
    Processed 960/3528...
    Processed 1280/3528...
    Processed 1600/3528...
    Processed 1920/3528...
    Processed 2240/3528...
    Processed 2560/3528...
    Processed 2880/3528...
    Processed 3200/3528...
    Processed 3520/3528...
TIME run allocation action=new run=/fslarge/scratch/users/h61084/codes/fine_time/outputs/task_finetuning/tasks/task_finetuned/chronos2/univariate/current_velocity/H/short/run_0 launch_id=selena_fine_time_20260929T092621Z_11326 slurm_job_id=3607387 launched_at=2026-09-29T11:03:28.260412+00:00
    Total instances: 3528, Series during experiment: 126, Windows: 28
    Collecting ground truth and context...
    Detected to_univariate case: 126 flat series -> 21 series x 6 variates
    Organizing data into arrays...
    Saved predictions (quantiles) to /fslarge/scratch/users/h61084/codes/fine_time/outputs/task_finetuning/tasks/task_finetuned/chronos2/univariate/current_velocity/H/short/run_0/predictions.npz
    Computing per-window metrics...
    Saved metrics to /fslarge/scratch/users/h61084/codes/fine_time/outputs/task_finetuning/tasks/task_finetuned/chronos2/univariate/current_velocity/H/short/run_0/metrics.npz
    Saved aggregate metrics to /fslarge/scratch/users/h61084/codes/fine_time/outputs/task_finetuning/tasks/task_finetuned/chronos2/univariate/current_velocity/H/short/run_0/metrics_summary.json
    Metrics summary (averaged over all series/windows/variates):
      MSE: 6.4849
      MAE: 0.7924
      RMSE: 0.9874
      MAPE: 1976512557242.7341
      sMAPE: 0.4383
      MASE: 0.6968
      ND: 0.3309
      CRPS: 0.2602
  Completed: 21 series × 28 windows
  Output: /fslarge/scratch/users/h61084/codes/fine_time/outputs/task_finetuning/tasks/task_finetuned/chronos2/univariate/current_velocity/H/short/run_0

============================================================
All experiments completed!
Results saved to: /scratch/users/h61084/codes/fine_time/outputs/task_finetuning/tasks/task_finetuned
============================================================
[88/90] evaluate chronos2 frozen on epf_electricity_price/H/long
[2026-09-29 11:03:29 UTC] resources selected_device {"device": "cuda", "model": "chronos2", "stage": "forecast"}
Loading configuration...

============================================================
Dataset: epf_electricity_price/H
Model: amazon/chronos-2
Checkpoint: /fslarge/scratch/users/h61084/weights/chronos2
Terms: ['long']
Covariate mode: none
Instance normalization: none
============================================================

--- Term: long ---
  Config: prediction_length=168, test_length=2520, val_length=2520
TIME run allocation action=new run=/fslarge/scratch/users/h61084/codes/fine_time/outputs/task_finetuning/tasks/inference/chronos2/univariate/epf_electricity_price/H/long/run_0 launch_id=selena_fine_time_20260929T092621Z_11326 slurm_job_id=3607387 launched_at=2026-09-29T11:03:29.286271+00:00
  Initializing Chronos pipeline (/fslarge/scratch/users/h61084/weights/chronos2)...
  Dataset info:
    - Frequency: H
    - Num series: 5
    - Target dim: 1
    - Target mode: univariate
    - Covariate channels: 0
    - Series length: min=52416, max=52416, avg=52416.0
    - Test split: 2520 steps
    - Prediction length: 168
    - Windows: 15
TIME run allocation action=new run=/fslarge/scratch/users/h61084/codes/fine_time/outputs/task_finetuning/tasks/frozen/chronos2/univariate/epf_electricity_price/H/long/run_0 launch_id=selena_fine_time_20260929T092621Z_11326 slurm_job_id=3607387 launched_at=2026-09-29T11:03:29.888647+00:00
    Total instances: 75, Series during experiment: 5, Windows: 15
    Collecting ground truth and context...
    Organizing data into arrays...
    Saved predictions (quantiles) to /fslarge/scratch/users/h61084/codes/fine_time/outputs/task_finetuning/tasks/frozen/chronos2/univariate/epf_electricity_price/H/long/run_0/predictions.npz
    Computing per-window metrics...
    Saved metrics to /fslarge/scratch/users/h61084/codes/fine_time/outputs/task_finetuning/tasks/frozen/chronos2/univariate/epf_electricity_price/H/long/run_0/metrics.npz
    Saved aggregate metrics to /fslarge/scratch/users/h61084/codes/fine_time/outputs/task_finetuning/tasks/frozen/chronos2/univariate/epf_electricity_price/H/long/run_0/metrics_summary.json
    Metrics summary (averaged over all series/windows/variates):
      MSE: 221.4279
      MAE: 8.5088
      RMSE: 11.7802
      MAPE: 1.7855
      sMAPE: 0.2088
      MASE: 1.3994
      ND: 0.2000
      CRPS: 0.1600
  Completed: 5 series × 15 windows
  Output: /fslarge/scratch/users/h61084/codes/fine_time/outputs/task_finetuning/tasks/frozen/chronos2/univariate/epf_electricity_price/H/long/run_0

============================================================
All experiments completed!
Results saved to: /scratch/users/h61084/codes/fine_time/outputs/task_finetuning/tasks/frozen
============================================================
[88/90] evaluate chronos2 task_finetuned on epf_electricity_price/H/long
[2026-09-29 11:03:29 UTC] resources selected_device {"device": "cuda", "model": "chronos2", "stage": "forecast"}
Loading configuration...

============================================================
Dataset: epf_electricity_price/H
Model: amazon/chronos-2
Checkpoint: /fslarge/scratch/users/h61084/codes/fine_time/outputs/task_finetuning/checkpoints/chronos2/epf_electricity_price/H/long/run_0/finetuned-ckpt
Terms: ['long']
Covariate mode: none
Instance normalization: none
============================================================

--- Term: long ---
  Config: prediction_length=168, test_length=2520, val_length=2520
TIME run allocation action=new run=/fslarge/scratch/users/h61084/codes/fine_time/outputs/task_finetuning/tasks/inference/chronos2/univariate/epf_electricity_price/H/long/run_1 launch_id=selena_fine_time_20260929T092621Z_11326 slurm_job_id=3607387 launched_at=2026-09-29T11:03:29.981674+00:00
  Initializing Chronos pipeline (/fslarge/scratch/users/h61084/codes/fine_time/outputs/task_finetuning/checkpoints/chronos2/epf_electricity_price/H/long/run_0/finetuned-ckpt)...
  Dataset info:
    - Frequency: H
    - Num series: 5
    - Target dim: 1
    - Target mode: univariate
    - Covariate channels: 0
    - Series length: min=52416, max=52416, avg=52416.0
    - Test split: 2520 steps
    - Prediction length: 168
    - Windows: 15
TIME run allocation action=new run=/fslarge/scratch/users/h61084/codes/fine_time/outputs/task_finetuning/tasks/task_finetuned/chronos2/univariate/epf_electricity_price/H/long/run_0 launch_id=selena_fine_time_20260929T092621Z_11326 slurm_job_id=3607387 launched_at=2026-09-29T11:03:31.425106+00:00
    Total instances: 75, Series during experiment: 5, Windows: 15
    Collecting ground truth and context...
    Organizing data into arrays...
    Saved predictions (quantiles) to /fslarge/scratch/users/h61084/codes/fine_time/outputs/task_finetuning/tasks/task_finetuned/chronos2/univariate/epf_electricity_price/H/long/run_0/predictions.npz
    Computing per-window metrics...
    Saved metrics to /fslarge/scratch/users/h61084/codes/fine_time/outputs/task_finetuning/tasks/task_finetuned/chronos2/univariate/epf_electricity_price/H/long/run_0/metrics.npz
    Saved aggregate metrics to /fslarge/scratch/users/h61084/codes/fine_time/outputs/task_finetuning/tasks/task_finetuned/chronos2/univariate/epf_electricity_price/H/long/run_0/metrics_summary.json
    Metrics summary (averaged over all series/windows/variates):
      MSE: 208.8464
      MAE: 8.2244
      RMSE: 11.5104
      MAPE: 1.6476
      sMAPE: 0.2019
      MASE: 1.3497
      ND: 0.1923
      CRPS: 0.1548
  Completed: 5 series × 15 windows
  Output: /fslarge/scratch/users/h61084/codes/fine_time/outputs/task_finetuning/tasks/task_finetuned/chronos2/univariate/epf_electricity_price/H/long/run_0

============================================================
All experiments completed!
Results saved to: /scratch/users/h61084/codes/fine_time/outputs/task_finetuning/tasks/task_finetuned
============================================================
[89/90] evaluate chronos2 frozen on epf_electricity_price/H/medium
[2026-09-29 11:03:31 UTC] resources selected_device {"device": "cuda", "model": "chronos2", "stage": "forecast"}
Loading configuration...

============================================================
Dataset: epf_electricity_price/H
Model: amazon/chronos-2
Checkpoint: /fslarge/scratch/users/h61084/weights/chronos2
Terms: ['medium']
Covariate mode: none
Instance normalization: none
============================================================

--- Term: medium ---
  Config: prediction_length=72, test_length=2520, val_length=2520
TIME run allocation action=new run=/fslarge/scratch/users/h61084/codes/fine_time/outputs/task_finetuning/tasks/inference/chronos2/univariate/epf_electricity_price/H/medium/run_0 launch_id=selena_fine_time_20260929T092621Z_11326 slurm_job_id=3607387 launched_at=2026-09-29T11:03:31.523229+00:00
  Initializing Chronos pipeline (/fslarge/scratch/users/h61084/weights/chronos2)...
  Dataset info:
    - Frequency: H
    - Num series: 5
    - Target dim: 1
    - Target mode: univariate
    - Covariate channels: 0
    - Series length: min=52416, max=52416, avg=52416.0
    - Test split: 2520 steps
    - Prediction length: 72
    - Windows: 35
TIME run allocation action=new run=/fslarge/scratch/users/h61084/codes/fine_time/outputs/task_finetuning/tasks/frozen/chronos2/univariate/epf_electricity_price/H/medium/run_0 launch_id=selena_fine_time_20260929T092621Z_11326 slurm_job_id=3607387 launched_at=2026-09-29T11:03:32.533583+00:00
    Total instances: 175, Series during experiment: 5, Windows: 35
    Collecting ground truth and context...
    Organizing data into arrays...
    Saved predictions (quantiles) to /fslarge/scratch/users/h61084/codes/fine_time/outputs/task_finetuning/tasks/frozen/chronos2/univariate/epf_electricity_price/H/medium/run_0/predictions.npz
    Computing per-window metrics...
    Saved metrics to /fslarge/scratch/users/h61084/codes/fine_time/outputs/task_finetuning/tasks/frozen/chronos2/univariate/epf_electricity_price/H/medium/run_0/metrics.npz
    Saved aggregate metrics to /fslarge/scratch/users/h61084/codes/fine_time/outputs/task_finetuning/tasks/frozen/chronos2/univariate/epf_electricity_price/H/medium/run_0/metrics_summary.json
    Metrics summary (averaged over all series/windows/variates):
      MSE: 191.3619
      MAE: 7.6055
      RMSE: 10.0094
      MAPE: 1.7642
      sMAPE: 0.1903
      MASE: 1.2098
      ND: 0.1877
      CRPS: 0.1517
  Completed: 5 series × 35 windows
  Output: /fslarge/scratch/users/h61084/codes/fine_time/outputs/task_finetuning/tasks/frozen/chronos2/univariate/epf_electricity_price/H/medium/run_0

============================================================
All experiments completed!
Results saved to: /scratch/users/h61084/codes/fine_time/outputs/task_finetuning/tasks/frozen
============================================================
[89/90] evaluate chronos2 task_finetuned on epf_electricity_price/H/medium
[2026-09-29 11:03:32 UTC] resources selected_device {"device": "cuda", "model": "chronos2", "stage": "forecast"}
Loading configuration...

============================================================
Dataset: epf_electricity_price/H
Model: amazon/chronos-2
Checkpoint: /fslarge/scratch/users/h61084/codes/fine_time/outputs/task_finetuning/checkpoints/chronos2/epf_electricity_price/H/medium/run_0/finetuned-ckpt
Terms: ['medium']
Covariate mode: none
Instance normalization: none
============================================================

--- Term: medium ---
  Config: prediction_length=72, test_length=2520, val_length=2520
TIME run allocation action=new run=/fslarge/scratch/users/h61084/codes/fine_time/outputs/task_finetuning/tasks/inference/chronos2/univariate/epf_electricity_price/H/medium/run_1 launch_id=selena_fine_time_20260929T092621Z_11326 slurm_job_id=3607387 launched_at=2026-09-29T11:03:32.671105+00:00
  Initializing Chronos pipeline (/fslarge/scratch/users/h61084/codes/fine_time/outputs/task_finetuning/checkpoints/chronos2/epf_electricity_price/H/medium/run_0/finetuned-ckpt)...
  Dataset info:
    - Frequency: H
    - Num series: 5
    - Target dim: 1
    - Target mode: univariate
    - Covariate channels: 0
    - Series length: min=52416, max=52416, avg=52416.0
    - Test split: 2520 steps
    - Prediction length: 72
    - Windows: 35
TIME run allocation action=new run=/fslarge/scratch/users/h61084/codes/fine_time/outputs/task_finetuning/tasks/task_finetuned/chronos2/univariate/epf_electricity_price/H/medium/run_0 launch_id=selena_fine_time_20260929T092621Z_11326 slurm_job_id=3607387 launched_at=2026-09-29T11:03:34.672097+00:00
    Total instances: 175, Series during experiment: 5, Windows: 35
    Collecting ground truth and context...
    Organizing data into arrays...
    Saved predictions (quantiles) to /fslarge/scratch/users/h61084/codes/fine_time/outputs/task_finetuning/tasks/task_finetuned/chronos2/univariate/epf_electricity_price/H/medium/run_0/predictions.npz
    Computing per-window metrics...
    Saved metrics to /fslarge/scratch/users/h61084/codes/fine_time/outputs/task_finetuning/tasks/task_finetuned/chronos2/univariate/epf_electricity_price/H/medium/run_0/metrics.npz
    Saved aggregate metrics to /fslarge/scratch/users/h61084/codes/fine_time/outputs/task_finetuning/tasks/task_finetuned/chronos2/univariate/epf_electricity_price/H/medium/run_0/metrics_summary.json
    Metrics summary (averaged over all series/windows/variates):
      MSE: 183.1345
      MAE: 7.3939
      RMSE: 9.8090
      MAPE: 1.6370
      sMAPE: 0.1846
      MASE: 1.1788
      ND: 0.1816
      CRPS: 0.1471
  Completed: 5 series × 35 windows
  Output: /fslarge/scratch/users/h61084/codes/fine_time/outputs/task_finetuning/tasks/task_finetuned/chronos2/univariate/epf_electricity_price/H/medium/run_0

============================================================
All experiments completed!
Results saved to: /scratch/users/h61084/codes/fine_time/outputs/task_finetuning/tasks/task_finetuned
============================================================
[90/90] evaluate chronos2 frozen on epf_electricity_price/H/short
[2026-09-29 11:03:34 UTC] resources selected_device {"device": "cuda", "model": "chronos2", "stage": "forecast"}
Loading configuration...

============================================================
Dataset: epf_electricity_price/H
Model: amazon/chronos-2
Checkpoint: /fslarge/scratch/users/h61084/weights/chronos2
Terms: ['short']
Covariate mode: none
Instance normalization: none
============================================================

--- Term: short ---
  Config: prediction_length=24, test_length=2520, val_length=2520
TIME run allocation action=new run=/fslarge/scratch/users/h61084/codes/fine_time/outputs/task_finetuning/tasks/inference/chronos2/univariate/epf_electricity_price/H/short/run_0 launch_id=selena_fine_time_20260929T092621Z_11326 slurm_job_id=3607387 launched_at=2026-09-29T11:03:34.814639+00:00
  Initializing Chronos pipeline (/fslarge/scratch/users/h61084/weights/chronos2)...
  Dataset info:
    - Frequency: H
    - Num series: 5
    - Target dim: 1
    - Target mode: univariate
    - Covariate channels: 0
    - Series length: min=52416, max=52416, avg=52416.0
    - Test split: 2520 steps
    - Prediction length: 24
    - Windows: 105
    Processed 320/525...
TIME run allocation action=new run=/fslarge/scratch/users/h61084/codes/fine_time/outputs/task_finetuning/tasks/frozen/chronos2/univariate/epf_electricity_price/H/short/run_0 launch_id=selena_fine_time_20260929T092621Z_11326 slurm_job_id=3607387 launched_at=2026-09-29T11:03:37.415434+00:00
    Total instances: 525, Series during experiment: 5, Windows: 105
    Collecting ground truth and context...
    Organizing data into arrays...
    Saved predictions (quantiles) to /fslarge/scratch/users/h61084/codes/fine_time/outputs/task_finetuning/tasks/frozen/chronos2/univariate/epf_electricity_price/H/short/run_0/predictions.npz
    Computing per-window metrics...
    Saved metrics to /fslarge/scratch/users/h61084/codes/fine_time/outputs/task_finetuning/tasks/frozen/chronos2/univariate/epf_electricity_price/H/short/run_0/metrics.npz
    Saved aggregate metrics to /fslarge/scratch/users/h61084/codes/fine_time/outputs/task_finetuning/tasks/frozen/chronos2/univariate/epf_electricity_price/H/short/run_0/metrics_summary.json
    Metrics summary (averaged over all series/windows/variates):
      MSE: 124.5275
      MAE: 6.0704
      RMSE: 7.6309
      MAPE: 1.2407
      sMAPE: 0.1578
      MASE: 0.9583
      ND: 0.1610
      CRPS: 0.1289
  Completed: 5 series × 105 windows
  Output: /fslarge/scratch/users/h61084/codes/fine_time/outputs/task_finetuning/tasks/frozen/chronos2/univariate/epf_electricity_price/H/short/run_0

============================================================
All experiments completed!
Results saved to: /scratch/users/h61084/codes/fine_time/outputs/task_finetuning/tasks/frozen
============================================================
[90/90] evaluate chronos2 task_finetuned on epf_electricity_price/H/short
[2026-09-29 11:03:37 UTC] resources selected_device {"device": "cuda", "model": "chronos2", "stage": "forecast"}
Loading configuration...

============================================================
Dataset: epf_electricity_price/H
Model: amazon/chronos-2
Checkpoint: /fslarge/scratch/users/h61084/codes/fine_time/outputs/task_finetuning/checkpoints/chronos2/epf_electricity_price/H/short/run_0/finetuned-ckpt
Terms: ['short']
Covariate mode: none
Instance normalization: none
============================================================

--- Term: short ---
  Config: prediction_length=24, test_length=2520, val_length=2520
TIME run allocation action=new run=/fslarge/scratch/users/h61084/codes/fine_time/outputs/task_finetuning/tasks/inference/chronos2/univariate/epf_electricity_price/H/short/run_1 launch_id=selena_fine_time_20260929T092621Z_11326 slurm_job_id=3607387 launched_at=2026-09-29T11:03:37.699531+00:00
  Initializing Chronos pipeline (/fslarge/scratch/users/h61084/codes/fine_time/outputs/task_finetuning/checkpoints/chronos2/epf_electricity_price/H/short/run_0/finetuned-ckpt)...
  Dataset info:
    - Frequency: H
    - Num series: 5
    - Target dim: 1
    - Target mode: univariate
    - Covariate channels: 0
    - Series length: min=52416, max=52416, avg=52416.0
    - Test split: 2520 steps
    - Prediction length: 24
    - Windows: 105
    Processed 320/525...
TIME run allocation action=new run=/fslarge/scratch/users/h61084/codes/fine_time/outputs/task_finetuning/tasks/task_finetuned/chronos2/univariate/epf_electricity_price/H/short/run_0 launch_id=selena_fine_time_20260929T092621Z_11326 slurm_job_id=3607387 launched_at=2026-09-29T11:03:41.059381+00:00
    Total instances: 525, Series during experiment: 5, Windows: 105
    Collecting ground truth and context...
    Organizing data into arrays...
    Saved predictions (quantiles) to /fslarge/scratch/users/h61084/codes/fine_time/outputs/task_finetuning/tasks/task_finetuned/chronos2/univariate/epf_electricity_price/H/short/run_0/predictions.npz
    Computing per-window metrics...
    Saved metrics to /fslarge/scratch/users/h61084/codes/fine_time/outputs/task_finetuning/tasks/task_finetuned/chronos2/univariate/epf_electricity_price/H/short/run_0/metrics.npz
    Saved aggregate metrics to /fslarge/scratch/users/h61084/codes/fine_time/outputs/task_finetuning/tasks/task_finetuned/chronos2/univariate/epf_electricity_price/H/short/run_0/metrics_summary.json
    Metrics summary (averaged over all series/windows/variates):
      MSE: 123.2681
      MAE: 5.9963
      RMSE: 7.5476
      MAPE: 1.1961
      sMAPE: 0.1553
      MASE: 0.9447
      ND: 0.1584
      CRPS: 0.1270
  Completed: 5 series × 105 windows
  Output: /fslarge/scratch/users/h61084/codes/fine_time/outputs/task_finetuning/tasks/task_finetuned/chronos2/univariate/epf_electricity_price/H/short/run_0

============================================================
All experiments completed!
Results saved to: /scratch/users/h61084/codes/fine_time/outputs/task_finetuning/tasks/task_finetuned
============================================================
2026-09-29 13:03:43 | task model=chronos2 states=frozen,task_finetuned target_mode=univariate completed status=success
2026-09-29 13:03:43 | stage evaluate completed status=success
2026-09-29 13:03:43 | workflow fine_time completed status=success exit_code=0
