[2026-09-29 10:53:01 UTC] resources allocation {"CUDA_VISIBLE_DEVICES": "0", "SLURM_CPUS_PER_TASK": "8", "SLURM_JOB_GPUS": "0,1,2,3", "SLURM_JOB_ID": "3607388", "SLURM_MEM_PER_CPU": "unset", "SLURM_MEM_PER_NODE": "80000", "SLURM_STEP_GPUS": "0", "SLURM_STEP_ID": "0", "TIME_DEVICE": "unset", "cpu_count": 8, "host": "sean0015"}
[2026-09-29 10:53:01 UTC] resources RAM {"MemAvailable_MiB": 374369.34765625, "MemTotal_MiB": 386622.87109375, "cgroup_reason": "memory.max is unlimited", "cgroup_status": "unlimited"}
[2026-09-29 10:53:01 UTC] resources nvidia_inventory {"columns": "index,uuid,name,driver,total_MiB,free_MiB,used_MiB", "devices": ["0, GPU-a403e2c7-2bdc-75bf-88a4-0ca6c9e99969, NVIDIA H100 NVL, 560.35.05, 95830, 95350, 1"]}
[2026-09-29 10:53:09 UTC] resources torch {"cuda_available": true, "note": "visibility probe; CPU-only stages need not use an allocated GPU", "version": "2.9.1+cu128", "visible_gpu_count": 1}
[2026-09-29 10:53:10 UTC] resources cuda_device {"capability": "9.0", "free_MiB": 94825.125, "logical_index": 0, "name": "NVIDIA H100 NVL", "total_MiB": 95350.1875}
2026-09-29 12:53:11 | workflow fine_time started launch_id=selena_fine_time_20260929T092621Z_11326 task=chronos_bolt slurm_job_id=3607388 slurm_array_job_id=none slurm_array_task_id=none
2026-09-29 12:53:11 | stage train started
2026-09-29 12:53:11 | task model=chronos_bolt independent_per_task_fine_tuning=true profile=small started
TIME run allocation action=skip run=/fslarge/scratch/users/h61084/codes/fine_time/outputs/task_finetuning/checkpoints/chronos_bolt/Australia_Solar/H/long/run_0 source_launch=selena_fine_time_20260928T232415Z_26013 launch_id=selena_fine_time_20260929T092621Z_11326 slurm_job_id=3607388 launched_at=2026-09-29T10:53:27.039542+00:00
[1/90] skip completed Australia_Solar/H/long
TIME run allocation action=skip run=/fslarge/scratch/users/h61084/codes/fine_time/outputs/task_finetuning/checkpoints/chronos_bolt/Australia_Solar/H/medium/run_0 source_launch=selena_fine_time_20260928T232415Z_26013 launch_id=selena_fine_time_20260929T092621Z_11326 slurm_job_id=3607388 launched_at=2026-09-29T10:53:27.044277+00:00
[2/90] skip completed Australia_Solar/H/medium
TIME run allocation action=skip run=/fslarge/scratch/users/h61084/codes/fine_time/outputs/task_finetuning/checkpoints/chronos_bolt/Australia_Solar/H/short/run_0 source_launch=selena_fine_time_20260928T232415Z_26013 launch_id=selena_fine_time_20260929T092621Z_11326 slurm_job_id=3607388 launched_at=2026-09-29T10:53:27.049102+00:00
[3/90] skip completed Australia_Solar/H/short
TIME run allocation action=skip run=/fslarge/scratch/users/h61084/codes/fine_time/outputs/task_finetuning/checkpoints/chronos_bolt/Auto_Production_SF/M/short/run_0 source_launch=selena_fine_time_20260928T232415Z_26013 launch_id=selena_fine_time_20260929T092621Z_11326 slurm_job_id=3607388 launched_at=2026-09-29T10:53:27.053707+00:00
[4/90] skip completed Auto_Production_SF/M/short
TIME run allocation action=skip run=/fslarge/scratch/users/h61084/codes/fine_time/outputs/task_finetuning/checkpoints/chronos_bolt/CPHL/15T/long/run_0 source_launch=selena_fine_time_20260928T232415Z_26013 launch_id=selena_fine_time_20260929T092621Z_11326 slurm_job_id=3607388 launched_at=2026-09-29T10:53:27.058099+00:00
[5/90] skip completed CPHL/15T/long
TIME run allocation action=skip run=/fslarge/scratch/users/h61084/codes/fine_time/outputs/task_finetuning/checkpoints/chronos_bolt/CPHL/15T/medium/run_0 source_launch=selena_fine_time_20260928T232415Z_26013 launch_id=selena_fine_time_20260929T092621Z_11326 slurm_job_id=3607388 launched_at=2026-09-29T10:53:27.062427+00:00
[6/90] skip completed CPHL/15T/medium
TIME run allocation action=skip run=/fslarge/scratch/users/h61084/codes/fine_time/outputs/task_finetuning/checkpoints/chronos_bolt/CPHL/15T/short/run_0 source_launch=selena_fine_time_20260928T232415Z_26013 launch_id=selena_fine_time_20260929T092621Z_11326 slurm_job_id=3607388 launched_at=2026-09-29T10:53:27.066258+00:00
[7/90] skip completed CPHL/15T/short
TIME run allocation action=skip run=/fslarge/scratch/users/h61084/codes/fine_time/outputs/task_finetuning/checkpoints/chronos_bolt/CPHL/30T/long/run_0 source_launch=selena_fine_time_20260928T232415Z_26013 launch_id=selena_fine_time_20260929T092621Z_11326 slurm_job_id=3607388 launched_at=2026-09-29T10:53:27.070425+00:00
[8/90] skip completed CPHL/30T/long
TIME run allocation action=skip run=/fslarge/scratch/users/h61084/codes/fine_time/outputs/task_finetuning/checkpoints/chronos_bolt/CPHL/30T/medium/run_0 source_launch=selena_fine_time_20260928T232415Z_26013 launch_id=selena_fine_time_20260929T092621Z_11326 slurm_job_id=3607388 launched_at=2026-09-29T10:53:27.074382+00:00
[9/90] skip completed CPHL/30T/medium
TIME run allocation action=skip run=/fslarge/scratch/users/h61084/codes/fine_time/outputs/task_finetuning/checkpoints/chronos_bolt/CPHL/30T/short/run_0 source_launch=selena_fine_time_20260928T232415Z_26013 launch_id=selena_fine_time_20260929T092621Z_11326 slurm_job_id=3607388 launched_at=2026-09-29T10:53:27.078293+00:00
[10/90] skip completed CPHL/30T/short
TIME run allocation action=skip run=/fslarge/scratch/users/h61084/codes/fine_time/outputs/task_finetuning/checkpoints/chronos_bolt/CPHL/H/long/run_0 source_launch=selena_fine_time_20260928T232415Z_26013 launch_id=selena_fine_time_20260929T092621Z_11326 slurm_job_id=3607388 launched_at=2026-09-29T10:53:27.082097+00:00
[11/90] skip completed CPHL/H/long
TIME run allocation action=skip run=/fslarge/scratch/users/h61084/codes/fine_time/outputs/task_finetuning/checkpoints/chronos_bolt/CPHL/H/medium/run_0 source_launch=selena_fine_time_20260928T232415Z_26013 launch_id=selena_fine_time_20260929T092621Z_11326 slurm_job_id=3607388 launched_at=2026-09-29T10:53:27.086388+00:00
[12/90] skip completed CPHL/H/medium
TIME run allocation action=skip run=/fslarge/scratch/users/h61084/codes/fine_time/outputs/task_finetuning/checkpoints/chronos_bolt/CPHL/H/short/run_0 source_launch=selena_fine_time_20260928T232415Z_26013 launch_id=selena_fine_time_20260929T092621Z_11326 slurm_job_id=3607388 launched_at=2026-09-29T10:53:27.090283+00:00
[13/90] skip completed CPHL/H/short
TIME run allocation action=skip run=/fslarge/scratch/users/h61084/codes/fine_time/outputs/task_finetuning/checkpoints/chronos_bolt/Coastal_T_S/15T/long/run_0 source_launch=selena_fine_time_20260928T232415Z_26013 launch_id=selena_fine_time_20260929T092621Z_11326 slurm_job_id=3607388 launched_at=2026-09-29T10:53:27.094472+00:00
[14/90] skip completed Coastal_T_S/15T/long
TIME run allocation action=skip run=/fslarge/scratch/users/h61084/codes/fine_time/outputs/task_finetuning/checkpoints/chronos_bolt/Coastal_T_S/15T/medium/run_0 source_launch=selena_fine_time_20260928T232415Z_26013 launch_id=selena_fine_time_20260929T092621Z_11326 slurm_job_id=3607388 launched_at=2026-09-29T10:53:27.098231+00:00
[15/90] skip completed Coastal_T_S/15T/medium
TIME run allocation action=skip run=/fslarge/scratch/users/h61084/codes/fine_time/outputs/task_finetuning/checkpoints/chronos_bolt/Coastal_T_S/15T/short/run_0 source_launch=selena_fine_time_20260928T232415Z_26013 launch_id=selena_fine_time_20260929T092621Z_11326 slurm_job_id=3607388 launched_at=2026-09-29T10:53:27.101978+00:00
[16/90] skip completed Coastal_T_S/15T/short
TIME run allocation action=skip run=/fslarge/scratch/users/h61084/codes/fine_time/outputs/task_finetuning/checkpoints/chronos_bolt/Coastal_T_S/20T/long/run_0 source_launch=selena_fine_time_20260928T232415Z_26013 launch_id=selena_fine_time_20260929T092621Z_11326 slurm_job_id=3607388 launched_at=2026-09-29T10:53:27.105798+00:00
[17/90] skip completed Coastal_T_S/20T/long
TIME run allocation action=skip run=/fslarge/scratch/users/h61084/codes/fine_time/outputs/task_finetuning/checkpoints/chronos_bolt/Coastal_T_S/20T/medium/run_0 source_launch=selena_fine_time_20260928T232415Z_26013 launch_id=selena_fine_time_20260929T092621Z_11326 slurm_job_id=3607388 launched_at=2026-09-29T10:53:27.109502+00:00
[18/90] skip completed Coastal_T_S/20T/medium
TIME run allocation action=skip run=/fslarge/scratch/users/h61084/codes/fine_time/outputs/task_finetuning/checkpoints/chronos_bolt/Coastal_T_S/20T/short/run_0 source_launch=selena_fine_time_20260928T232415Z_26013 launch_id=selena_fine_time_20260929T092621Z_11326 slurm_job_id=3607388 launched_at=2026-09-29T10:53:27.113177+00:00
[19/90] skip completed Coastal_T_S/20T/short
TIME run allocation action=skip run=/fslarge/scratch/users/h61084/codes/fine_time/outputs/task_finetuning/checkpoints/chronos_bolt/Coastal_T_S/H/long/run_0 source_launch=selena_fine_time_20260928T232415Z_26013 launch_id=selena_fine_time_20260929T092621Z_11326 slurm_job_id=3607388 launched_at=2026-09-29T10:53:27.117850+00:00
[20/90] skip completed Coastal_T_S/H/long
TIME run allocation action=skip run=/fslarge/scratch/users/h61084/codes/fine_time/outputs/task_finetuning/checkpoints/chronos_bolt/Coastal_T_S/H/medium/run_0 source_launch=selena_fine_time_20260928T232415Z_26013 launch_id=selena_fine_time_20260929T092621Z_11326 slurm_job_id=3607388 launched_at=2026-09-29T10:53:27.121661+00:00
[21/90] skip completed Coastal_T_S/H/medium
TIME run allocation action=skip run=/fslarge/scratch/users/h61084/codes/fine_time/outputs/task_finetuning/checkpoints/chronos_bolt/Coastal_T_S/H/short/run_0 source_launch=selena_fine_time_20260928T232415Z_26013 launch_id=selena_fine_time_20260929T092621Z_11326 slurm_job_id=3607388 launched_at=2026-09-29T10:53:27.125353+00:00
[22/90] skip completed Coastal_T_S/H/short
TIME run allocation action=skip run=/fslarge/scratch/users/h61084/codes/fine_time/outputs/task_finetuning/checkpoints/chronos_bolt/Commodity_Import/M/short/run_0 source_launch=selena_fine_time_20260928T232415Z_26013 launch_id=selena_fine_time_20260929T092621Z_11326 slurm_job_id=3607388 launched_at=2026-09-29T10:53:27.129223+00:00
[23/90] skip completed Commodity_Import/M/short
TIME run allocation action=skip run=/fslarge/scratch/users/h61084/codes/fine_time/outputs/task_finetuning/checkpoints/chronos_bolt/Commodity_Production/M/short/run_0 source_launch=selena_fine_time_20260928T232415Z_26013 launch_id=selena_fine_time_20260929T092621Z_11326 slurm_job_id=3607388 launched_at=2026-09-29T10:53:27.133118+00:00
[24/90] skip completed Commodity_Production/M/short
TIME run allocation action=skip run=/fslarge/scratch/users/h61084/codes/fine_time/outputs/task_finetuning/checkpoints/chronos_bolt/Crypto/D/short/run_0 source_launch=selena_fine_time_20260928T232415Z_26013 launch_id=selena_fine_time_20260929T092621Z_11326 slurm_job_id=3607388 launched_at=2026-09-29T10:53:27.137039+00:00
[25/90] skip completed Crypto/D/short
TIME run allocation action=skip run=/fslarge/scratch/users/h61084/codes/fine_time/outputs/task_finetuning/checkpoints/chronos_bolt/ECDC_COVID/D/short/run_0 source_launch=selena_fine_time_20260928T232415Z_26013 launch_id=selena_fine_time_20260929T092621Z_11326 slurm_job_id=3607388 launched_at=2026-09-29T10:53:27.140808+00:00
[26/90] skip completed ECDC_COVID/D/short
TIME run allocation action=skip run=/fslarge/scratch/users/h61084/codes/fine_time/outputs/task_finetuning/checkpoints/chronos_bolt/ECDC_COVID/W/short/run_0 source_launch=selena_fine_time_20260928T232415Z_26013 launch_id=selena_fine_time_20260929T092621Z_11326 slurm_job_id=3607388 launched_at=2026-09-29T10:53:27.144638+00:00
[27/90] skip completed ECDC_COVID/W/short
TIME run allocation action=skip run=/fslarge/scratch/users/h61084/codes/fine_time/outputs/task_finetuning/checkpoints/chronos_bolt/EWELD_Load/15T/long/run_0 source_launch=selena_fine_time_20260928T232415Z_26013 launch_id=selena_fine_time_20260929T092621Z_11326 slurm_job_id=3607388 launched_at=2026-09-29T10:53:27.148513+00:00
[28/90] skip completed EWELD_Load/15T/long
TIME run allocation action=skip run=/fslarge/scratch/users/h61084/codes/fine_time/outputs/task_finetuning/checkpoints/chronos_bolt/EWELD_Load/15T/medium/run_0 source_launch=selena_fine_time_20260928T232415Z_26013 launch_id=selena_fine_time_20260929T092621Z_11326 slurm_job_id=3607388 launched_at=2026-09-29T10:53:27.152257+00:00
[29/90] skip completed EWELD_Load/15T/medium
TIME run allocation action=skip run=/fslarge/scratch/users/h61084/codes/fine_time/outputs/task_finetuning/checkpoints/chronos_bolt/EWELD_Load/15T/short/run_0 source_launch=selena_fine_time_20260928T232415Z_26013 launch_id=selena_fine_time_20260929T092621Z_11326 slurm_job_id=3607388 launched_at=2026-09-29T10:53:27.155808+00:00
[30/90] skip completed EWELD_Load/15T/short
TIME run allocation action=skip run=/fslarge/scratch/users/h61084/codes/fine_time/outputs/task_finetuning/checkpoints/chronos_bolt/Finland_Traffic/15T/long/run_0 source_launch=selena_fine_time_20260928T232415Z_26013 launch_id=selena_fine_time_20260929T092621Z_11326 slurm_job_id=3607388 launched_at=2026-09-29T10:53:27.159748+00:00
[31/90] skip completed Finland_Traffic/15T/long
TIME run allocation action=skip run=/fslarge/scratch/users/h61084/codes/fine_time/outputs/task_finetuning/checkpoints/chronos_bolt/Finland_Traffic/15T/medium/run_0 source_launch=selena_fine_time_20260928T232415Z_26013 launch_id=selena_fine_time_20260929T092621Z_11326 slurm_job_id=3607388 launched_at=2026-09-29T10:53:27.163441+00:00
[32/90] skip completed Finland_Traffic/15T/medium
TIME run allocation action=skip run=/fslarge/scratch/users/h61084/codes/fine_time/outputs/task_finetuning/checkpoints/chronos_bolt/Finland_Traffic/15T/short/run_0 source_launch=selena_fine_time_20260928T232415Z_26013 launch_id=selena_fine_time_20260929T092621Z_11326 slurm_job_id=3607388 launched_at=2026-09-29T10:53:27.167119+00:00
[33/90] skip completed Finland_Traffic/15T/short
TIME run allocation action=skip run=/fslarge/scratch/users/h61084/codes/fine_time/outputs/task_finetuning/checkpoints/chronos_bolt/Global_Influenza/W/short/run_0 source_launch=selena_fine_time_20260928T232415Z_26013 launch_id=selena_fine_time_20260929T092621Z_11326 slurm_job_id=3607388 launched_at=2026-09-29T10:53:27.171132+00:00
[34/90] skip completed Global_Influenza/W/short
TIME run allocation action=skip run=/fslarge/scratch/users/h61084/codes/fine_time/outputs/task_finetuning/checkpoints/chronos_bolt/Global_Price/Q/short/run_0 source_launch=selena_fine_time_20260928T232415Z_26013 launch_id=selena_fine_time_20260929T092621Z_11326 slurm_job_id=3607388 launched_at=2026-09-29T10:53:27.175016+00:00
[35/90] skip completed Global_Price/Q/short
TIME run allocation action=skip run=/fslarge/scratch/users/h61084/codes/fine_time/outputs/task_finetuning/checkpoints/chronos_bolt/Housing_Inventory/M/short/run_0 source_launch=selena_fine_time_20260928T232415Z_26013 launch_id=selena_fine_time_20260929T092621Z_11326 slurm_job_id=3607388 launched_at=2026-09-29T10:53:27.178912+00:00
[36/90] skip completed Housing_Inventory/M/short
TIME run allocation action=skip run=/fslarge/scratch/users/h61084/codes/fine_time/outputs/task_finetuning/checkpoints/chronos_bolt/JOLTS/M/short/run_0 source_launch=selena_fine_time_20260928T232415Z_26013 launch_id=selena_fine_time_20260929T092621Z_11326 slurm_job_id=3607388 launched_at=2026-09-29T10:53:27.182758+00:00
[37/90] skip completed JOLTS/M/short
TIME run allocation action=skip run=/fslarge/scratch/users/h61084/codes/fine_time/outputs/task_finetuning/checkpoints/chronos_bolt/Job_Claims/W/short/run_0 source_launch=selena_fine_time_20260928T232415Z_26013 launch_id=selena_fine_time_20260929T092621Z_11326 slurm_job_id=3607388 launched_at=2026-09-29T10:53:27.186438+00:00
[38/90] skip completed Job_Claims/W/short
TIME run allocation action=skip run=/fslarge/scratch/users/h61084/codes/fine_time/outputs/task_finetuning/checkpoints/chronos_bolt/MetroPT-3/5T/long/run_0 source_launch=selena_fine_time_20260928T232415Z_26013 launch_id=selena_fine_time_20260929T092621Z_11326 slurm_job_id=3607388 launched_at=2026-09-29T10:53:27.190395+00:00
[39/90] skip completed MetroPT-3/5T/long
TIME run allocation action=skip run=/fslarge/scratch/users/h61084/codes/fine_time/outputs/task_finetuning/checkpoints/chronos_bolt/MetroPT-3/5T/medium/run_0 source_launch=selena_fine_time_20260928T232415Z_26013 launch_id=selena_fine_time_20260929T092621Z_11326 slurm_job_id=3607388 launched_at=2026-09-29T10:53:27.194468+00:00
[40/90] skip completed MetroPT-3/5T/medium
TIME run allocation action=skip run=/fslarge/scratch/users/h61084/codes/fine_time/outputs/task_finetuning/checkpoints/chronos_bolt/MetroPT-3/5T/short/run_0 source_launch=selena_fine_time_20260928T232415Z_26013 launch_id=selena_fine_time_20260929T092621Z_11326 slurm_job_id=3607388 launched_at=2026-09-29T10:53:27.198189+00:00
[41/90] skip completed MetroPT-3/5T/short
TIME run allocation action=skip run=/fslarge/scratch/users/h61084/codes/fine_time/outputs/task_finetuning/checkpoints/chronos_bolt/NE_China_Wind/H/long/run_0 source_launch=selena_fine_time_20260928T232415Z_26013 launch_id=selena_fine_time_20260929T092621Z_11326 slurm_job_id=3607388 launched_at=2026-09-29T10:53:27.202049+00:00
[42/90] skip completed NE_China_Wind/H/long
TIME run allocation action=skip run=/fslarge/scratch/users/h61084/codes/fine_time/outputs/task_finetuning/checkpoints/chronos_bolt/NE_China_Wind/H/medium/run_0 source_launch=selena_fine_time_20260928T232415Z_26013 launch_id=selena_fine_time_20260929T092621Z_11326 slurm_job_id=3607388 launched_at=2026-09-29T10:53:27.205646+00:00
[43/90] skip completed NE_China_Wind/H/medium
TIME run allocation action=skip run=/fslarge/scratch/users/h61084/codes/fine_time/outputs/task_finetuning/checkpoints/chronos_bolt/NE_China_Wind/H/short/run_0 source_launch=selena_fine_time_20260928T232415Z_26013 launch_id=selena_fine_time_20260929T092621Z_11326 slurm_job_id=3607388 launched_at=2026-09-29T10:53:27.209343+00:00
[44/90] skip completed NE_China_Wind/H/short
TIME run allocation action=skip run=/fslarge/scratch/users/h61084/codes/fine_time/outputs/task_finetuning/checkpoints/chronos_bolt/Oil_Price/B/short/run_0 source_launch=selena_fine_time_20260928T232415Z_26013 launch_id=selena_fine_time_20260929T092621Z_11326 slurm_job_id=3607388 launched_at=2026-09-29T10:53:27.213159+00:00
[45/90] skip completed Oil_Price/B/short
TIME run allocation action=skip run=/fslarge/scratch/users/h61084/codes/fine_time/outputs/task_finetuning/checkpoints/chronos_bolt/Online_Retail_2_UCI/D/short/run_0 source_launch=selena_fine_time_20260928T232415Z_26013 launch_id=selena_fine_time_20260929T092621Z_11326 slurm_job_id=3607388 launched_at=2026-09-29T10:53:27.217073+00:00
[46/90] skip completed Online_Retail_2_UCI/D/short
TIME run allocation action=skip run=/fslarge/scratch/users/h61084/codes/fine_time/outputs/task_finetuning/checkpoints/chronos_bolt/OpenElectricity_NEM/5T/long/run_0 source_launch=selena_fine_time_20260928T232415Z_26013 launch_id=selena_fine_time_20260929T092621Z_11326 slurm_job_id=3607388 launched_at=2026-09-29T10:53:27.220986+00:00
[47/90] skip completed OpenElectricity_NEM/5T/long
TIME run allocation action=skip run=/fslarge/scratch/users/h61084/codes/fine_time/outputs/task_finetuning/checkpoints/chronos_bolt/OpenElectricity_NEM/5T/medium/run_0 source_launch=selena_fine_time_20260928T232415Z_26013 launch_id=selena_fine_time_20260929T092621Z_11326 slurm_job_id=3607388 launched_at=2026-09-29T10:53:27.224588+00:00
[48/90] skip completed OpenElectricity_NEM/5T/medium
TIME run allocation action=skip run=/fslarge/scratch/users/h61084/codes/fine_time/outputs/task_finetuning/checkpoints/chronos_bolt/OpenElectricity_NEM/5T/short/run_0 source_launch=selena_fine_time_20260928T232415Z_26013 launch_id=selena_fine_time_20260929T092621Z_11326 slurm_job_id=3607388 launched_at=2026-09-29T10:53:27.228285+00:00
[49/90] skip completed OpenElectricity_NEM/5T/short
TIME run allocation action=skip run=/fslarge/scratch/users/h61084/codes/fine_time/outputs/task_finetuning/checkpoints/chronos_bolt/Port_Activity/D/short/run_0 source_launch=selena_fine_time_20260928T232415Z_26013 launch_id=selena_fine_time_20260929T092621Z_11326 slurm_job_id=3607388 launched_at=2026-09-29T10:53:27.232149+00:00
[50/90] skip completed Port_Activity/D/short
TIME run allocation action=skip run=/fslarge/scratch/users/h61084/codes/fine_time/outputs/task_finetuning/checkpoints/chronos_bolt/Port_Activity/W/short/run_0 source_launch=selena_fine_time_20260928T232415Z_26013 launch_id=selena_fine_time_20260929T092621Z_11326 slurm_job_id=3607388 launched_at=2026-09-29T10:53:27.235886+00:00
[51/90] skip completed Port_Activity/W/short
TIME run allocation action=skip run=/fslarge/scratch/users/h61084/codes/fine_time/outputs/task_finetuning/checkpoints/chronos_bolt/SG_Carpark/15T/long/run_0 source_launch=selena_fine_time_20260928T232415Z_26013 launch_id=selena_fine_time_20260929T092621Z_11326 slurm_job_id=3607388 launched_at=2026-09-29T10:53:27.239841+00:00
[52/90] skip completed SG_Carpark/15T/long
TIME run allocation action=skip run=/fslarge/scratch/users/h61084/codes/fine_time/outputs/task_finetuning/checkpoints/chronos_bolt/SG_Carpark/15T/medium/run_0 source_launch=selena_fine_time_20260928T232415Z_26013 launch_id=selena_fine_time_20260929T092621Z_11326 slurm_job_id=3607388 launched_at=2026-09-29T10:53:27.243438+00:00
[53/90] skip completed SG_Carpark/15T/medium
TIME run allocation action=skip run=/fslarge/scratch/users/h61084/codes/fine_time/outputs/task_finetuning/checkpoints/chronos_bolt/SG_Carpark/15T/short/run_0 source_launch=selena_fine_time_20260928T232415Z_26013 launch_id=selena_fine_time_20260929T092621Z_11326 slurm_job_id=3607388 launched_at=2026-09-29T10:53:27.247256+00:00
[54/90] skip completed SG_Carpark/15T/short
TIME run allocation action=skip run=/fslarge/scratch/users/h61084/codes/fine_time/outputs/task_finetuning/checkpoints/chronos_bolt/SG_PM25/H/long/run_0 source_launch=selena_fine_time_20260928T232415Z_26013 launch_id=selena_fine_time_20260929T092621Z_11326 slurm_job_id=3607388 launched_at=2026-09-29T10:53:27.251197+00:00
[55/90] skip completed SG_PM25/H/long
TIME run allocation action=skip run=/fslarge/scratch/users/h61084/codes/fine_time/outputs/task_finetuning/checkpoints/chronos_bolt/SG_PM25/H/medium/run_0 source_launch=selena_fine_time_20260928T232415Z_26013 launch_id=selena_fine_time_20260929T092621Z_11326 slurm_job_id=3607388 launched_at=2026-09-29T10:53:27.254892+00:00
[56/90] skip completed SG_PM25/H/medium
TIME run allocation action=skip run=/fslarge/scratch/users/h61084/codes/fine_time/outputs/task_finetuning/checkpoints/chronos_bolt/SG_PM25/H/short/run_0 source_launch=selena_fine_time_20260928T232415Z_26013 launch_id=selena_fine_time_20260929T092621Z_11326 slurm_job_id=3607388 launched_at=2026-09-29T10:53:27.258548+00:00
[57/90] skip completed SG_PM25/H/short
TIME run allocation action=skip run=/fslarge/scratch/users/h61084/codes/fine_time/outputs/task_finetuning/checkpoints/chronos_bolt/SG_Weather/D/long/run_0 source_launch=selena_fine_time_20260928T232415Z_26013 launch_id=selena_fine_time_20260929T092621Z_11326 slurm_job_id=3607388 launched_at=2026-09-29T10:53:27.262324+00:00
[58/90] skip completed SG_Weather/D/long
TIME run allocation action=skip run=/fslarge/scratch/users/h61084/codes/fine_time/outputs/task_finetuning/checkpoints/chronos_bolt/SG_Weather/D/medium/run_0 source_launch=selena_fine_time_20260928T232415Z_26013 launch_id=selena_fine_time_20260929T092621Z_11326 slurm_job_id=3607388 launched_at=2026-09-29T10:53:27.266258+00:00
[59/90] skip completed SG_Weather/D/medium
TIME run allocation action=skip run=/fslarge/scratch/users/h61084/codes/fine_time/outputs/task_finetuning/checkpoints/chronos_bolt/SG_Weather/D/short/run_0 source_launch=selena_fine_time_20260928T232415Z_26013 launch_id=selena_fine_time_20260929T092621Z_11326 slurm_job_id=3607388 launched_at=2026-09-29T10:53:27.269891+00:00
[60/90] skip completed SG_Weather/D/short
TIME run allocation action=skip run=/fslarge/scratch/users/h61084/codes/fine_time/outputs/task_finetuning/checkpoints/chronos_bolt/Smart_Manufacturing/H/long/run_0 source_launch=selena_fine_time_20260928T232415Z_26013 launch_id=selena_fine_time_20260929T092621Z_11326 slurm_job_id=3607388 launched_at=2026-09-29T10:53:27.273754+00:00
[61/90] skip completed Smart_Manufacturing/H/long
TIME run allocation action=skip run=/fslarge/scratch/users/h61084/codes/fine_time/outputs/task_finetuning/checkpoints/chronos_bolt/Smart_Manufacturing/H/medium/run_0 source_launch=selena_fine_time_20260928T232415Z_26013 launch_id=selena_fine_time_20260929T092621Z_11326 slurm_job_id=3607388 launched_at=2026-09-29T10:53:27.277326+00:00
[62/90] skip completed Smart_Manufacturing/H/medium
TIME run allocation action=skip run=/fslarge/scratch/users/h61084/codes/fine_time/outputs/task_finetuning/checkpoints/chronos_bolt/Smart_Manufacturing/H/short/run_0 source_launch=selena_fine_time_20260928T232415Z_26013 launch_id=selena_fine_time_20260929T092621Z_11326 slurm_job_id=3607388 launched_at=2026-09-29T10:53:27.280758+00:00
[63/90] skip completed Smart_Manufacturing/H/short
TIME run allocation action=skip run=/fslarge/scratch/users/h61084/codes/fine_time/outputs/task_finetuning/checkpoints/chronos_bolt/Supply_Chain_Customer/D/short/run_0 source_launch=selena_fine_time_20260928T232415Z_26013 launch_id=selena_fine_time_20260929T092621Z_11326 slurm_job_id=3607388 launched_at=2026-09-29T10:53:27.284594+00:00
[64/90] skip completed Supply_Chain_Customer/D/short
TIME run allocation action=skip run=/fslarge/scratch/users/h61084/codes/fine_time/outputs/task_finetuning/checkpoints/chronos_bolt/Supply_Chain_Location/D/short/run_0 source_launch=selena_fine_time_20260928T232415Z_26013 launch_id=selena_fine_time_20260929T092621Z_11326 slurm_job_id=3607388 launched_at=2026-09-29T10:53:27.288484+00:00
[65/90] skip completed Supply_Chain_Location/D/short
TIME run allocation action=skip run=/fslarge/scratch/users/h61084/codes/fine_time/outputs/task_finetuning/checkpoints/chronos_bolt/US_Labor/M/short/run_0 source_launch=selena_fine_time_20260928T232415Z_26013 launch_id=selena_fine_time_20260929T092621Z_11326 slurm_job_id=3607388 launched_at=2026-09-29T10:53:27.292309+00:00
[66/90] skip completed US_Labor/M/short
TIME run allocation action=skip run=/fslarge/scratch/users/h61084/codes/fine_time/outputs/task_finetuning/checkpoints/chronos_bolt/US_Term_Structure/B/short/run_0 source_launch=selena_fine_time_20260928T232415Z_26013 launch_id=selena_fine_time_20260929T092621Z_11326 slurm_job_id=3607388 launched_at=2026-09-29T10:53:27.296683+00:00
[67/90] skip completed US_Term_Structure/B/short
TIME run allocation action=skip run=/fslarge/scratch/users/h61084/codes/fine_time/outputs/task_finetuning/checkpoints/chronos_bolt/Uncertainty_1M/M/short/run_0 source_launch=selena_fine_time_20260928T232415Z_26013 launch_id=selena_fine_time_20260929T092621Z_11326 slurm_job_id=3607388 launched_at=2026-09-29T10:53:27.300543+00:00
[68/90] skip completed Uncertainty_1M/M/short
TIME run allocation action=skip run=/fslarge/scratch/users/h61084/codes/fine_time/outputs/task_finetuning/checkpoints/chronos_bolt/Vehicle_Sales/M/short/run_0 source_launch=selena_fine_time_20260928T232415Z_26013 launch_id=selena_fine_time_20260929T092621Z_11326 slurm_job_id=3607388 launched_at=2026-09-29T10:53:27.304431+00:00
[69/90] skip completed Vehicle_Sales/M/short
TIME run allocation action=skip run=/fslarge/scratch/users/h61084/codes/fine_time/outputs/task_finetuning/checkpoints/chronos_bolt/Vehicle_Supply/M/short/run_0 source_launch=selena_fine_time_20260928T232415Z_26013 launch_id=selena_fine_time_20260929T092621Z_11326 slurm_job_id=3607388 launched_at=2026-09-29T10:53:27.308284+00:00
[70/90] skip completed Vehicle_Supply/M/short
TIME run allocation action=skip run=/fslarge/scratch/users/h61084/codes/fine_time/outputs/task_finetuning/checkpoints/chronos_bolt/WUI_Global/Q/short/run_0 source_launch=selena_fine_time_20260928T232415Z_26013 launch_id=selena_fine_time_20260929T092621Z_11326 slurm_job_id=3607388 launched_at=2026-09-29T10:53:27.312130+00:00
[71/90] skip completed WUI_Global/Q/short
TIME run allocation action=skip run=/fslarge/scratch/users/h61084/codes/fine_time/outputs/task_finetuning/checkpoints/chronos_bolt/Water_Quality_Darwin/15T/long/run_0 source_launch=selena_fine_time_20260928T232415Z_26013 launch_id=selena_fine_time_20260929T092621Z_11326 slurm_job_id=3607388 launched_at=2026-09-29T10:53:27.315937+00:00
[72/90] skip completed Water_Quality_Darwin/15T/long
TIME run allocation action=skip run=/fslarge/scratch/users/h61084/codes/fine_time/outputs/task_finetuning/checkpoints/chronos_bolt/Water_Quality_Darwin/15T/medium/run_0 source_launch=selena_fine_time_20260928T232415Z_26013 launch_id=selena_fine_time_20260929T092621Z_11326 slurm_job_id=3607388 launched_at=2026-09-29T10:53:27.319597+00:00
[73/90] skip completed Water_Quality_Darwin/15T/medium
TIME run allocation action=skip run=/fslarge/scratch/users/h61084/codes/fine_time/outputs/task_finetuning/checkpoints/chronos_bolt/Water_Quality_Darwin/15T/short/run_0 source_launch=selena_fine_time_20260928T232415Z_26013 launch_id=selena_fine_time_20260929T092621Z_11326 slurm_job_id=3607388 launched_at=2026-09-29T10:53:27.323298+00:00
[74/90] skip completed Water_Quality_Darwin/15T/short
TIME run allocation action=skip run=/fslarge/scratch/users/h61084/codes/fine_time/outputs/task_finetuning/checkpoints/chronos_bolt/azure2019_U/5T/short/run_0 source_launch=selena_fine_time_20260928T232415Z_26013 launch_id=selena_fine_time_20260929T092621Z_11326 slurm_job_id=3607388 launched_at=2026-09-29T10:53:27.327572+00:00
[75/90] skip completed azure2019_U/5T/short
TIME run allocation action=skip run=/fslarge/scratch/users/h61084/codes/fine_time/outputs/task_finetuning/checkpoints/chronos_bolt/current_velocity/10T/long/run_0 source_launch=selena_fine_time_20260928T232415Z_26013 launch_id=selena_fine_time_20260929T092621Z_11326 slurm_job_id=3607388 launched_at=2026-09-29T10:53:27.331442+00:00
[76/90] skip completed current_velocity/10T/long
TIME run allocation action=skip run=/fslarge/scratch/users/h61084/codes/fine_time/outputs/task_finetuning/checkpoints/chronos_bolt/current_velocity/10T/medium/run_0 source_launch=selena_fine_time_20260928T232415Z_26013 launch_id=selena_fine_time_20260929T092621Z_11326 slurm_job_id=3607388 launched_at=2026-09-29T10:53:27.335162+00:00
[77/90] skip completed current_velocity/10T/medium
TIME run allocation action=skip run=/fslarge/scratch/users/h61084/codes/fine_time/outputs/task_finetuning/checkpoints/chronos_bolt/current_velocity/10T/short/run_0 source_launch=selena_fine_time_20260928T232415Z_26013 launch_id=selena_fine_time_20260929T092621Z_11326 slurm_job_id=3607388 launched_at=2026-09-29T10:53:27.338932+00:00
[78/90] skip completed current_velocity/10T/short
TIME run allocation action=skip run=/fslarge/scratch/users/h61084/codes/fine_time/outputs/task_finetuning/checkpoints/chronos_bolt/current_velocity/15T/long/run_0 source_launch=selena_fine_time_20260928T232415Z_26013 launch_id=selena_fine_time_20260929T092621Z_11326 slurm_job_id=3607388 launched_at=2026-09-29T10:53:27.342615+00:00
[79/90] skip completed current_velocity/15T/long
TIME run allocation action=skip run=/fslarge/scratch/users/h61084/codes/fine_time/outputs/task_finetuning/checkpoints/chronos_bolt/current_velocity/15T/medium/run_0 source_launch=selena_fine_time_20260928T232415Z_26013 launch_id=selena_fine_time_20260929T092621Z_11326 slurm_job_id=3607388 launched_at=2026-09-29T10:53:27.346359+00:00
[80/90] skip completed current_velocity/15T/medium
TIME run allocation action=skip run=/fslarge/scratch/users/h61084/codes/fine_time/outputs/task_finetuning/checkpoints/chronos_bolt/current_velocity/15T/short/run_0 source_launch=selena_fine_time_20260928T232415Z_26013 launch_id=selena_fine_time_20260929T092621Z_11326 slurm_job_id=3607388 launched_at=2026-09-29T10:53:27.350160+00:00
[81/90] skip completed current_velocity/15T/short
TIME run allocation action=skip run=/fslarge/scratch/users/h61084/codes/fine_time/outputs/task_finetuning/checkpoints/chronos_bolt/current_velocity/5T/long/run_0 source_launch=selena_fine_time_20260928T232415Z_26013 launch_id=selena_fine_time_20260929T092621Z_11326 slurm_job_id=3607388 launched_at=2026-09-29T10:53:27.354006+00:00
[82/90] skip completed current_velocity/5T/long
TIME run allocation action=skip run=/fslarge/scratch/users/h61084/codes/fine_time/outputs/task_finetuning/checkpoints/chronos_bolt/current_velocity/5T/medium/run_0 source_launch=selena_fine_time_20260928T232415Z_26013 launch_id=selena_fine_time_20260929T092621Z_11326 slurm_job_id=3607388 launched_at=2026-09-29T10:53:27.357612+00:00
[83/90] skip completed current_velocity/5T/medium
TIME run allocation action=skip run=/fslarge/scratch/users/h61084/codes/fine_time/outputs/task_finetuning/checkpoints/chronos_bolt/current_velocity/5T/short/run_0 source_launch=selena_fine_time_20260928T232415Z_26013 launch_id=selena_fine_time_20260929T092621Z_11326 slurm_job_id=3607388 launched_at=2026-09-29T10:53:27.361323+00:00
[84/90] skip completed current_velocity/5T/short
TIME run allocation action=skip run=/fslarge/scratch/users/h61084/codes/fine_time/outputs/task_finetuning/checkpoints/chronos_bolt/current_velocity/H/long/run_0 source_launch=selena_fine_time_20260928T232415Z_26013 launch_id=selena_fine_time_20260929T092621Z_11326 slurm_job_id=3607388 launched_at=2026-09-29T10:53:27.365059+00:00
[85/90] skip completed current_velocity/H/long
TIME run allocation action=skip run=/fslarge/scratch/users/h61084/codes/fine_time/outputs/task_finetuning/checkpoints/chronos_bolt/current_velocity/H/medium/run_0 source_launch=selena_fine_time_20260928T232415Z_26013 launch_id=selena_fine_time_20260929T092621Z_11326 slurm_job_id=3607388 launched_at=2026-09-29T10:53:27.368712+00:00
[86/90] skip completed current_velocity/H/medium
TIME run allocation action=skip run=/fslarge/scratch/users/h61084/codes/fine_time/outputs/task_finetuning/checkpoints/chronos_bolt/current_velocity/H/short/run_0 source_launch=selena_fine_time_20260928T232415Z_26013 launch_id=selena_fine_time_20260929T092621Z_11326 slurm_job_id=3607388 launched_at=2026-09-29T10:53:27.372952+00:00
[87/90] skip completed current_velocity/H/short
TIME run allocation action=skip run=/fslarge/scratch/users/h61084/codes/fine_time/outputs/task_finetuning/checkpoints/chronos_bolt/epf_electricity_price/H/long/run_0 source_launch=selena_fine_time_20260928T232415Z_26013 launch_id=selena_fine_time_20260929T092621Z_11326 slurm_job_id=3607388 launched_at=2026-09-29T10:53:27.376763+00:00
[88/90] skip completed epf_electricity_price/H/long
TIME run allocation action=skip run=/fslarge/scratch/users/h61084/codes/fine_time/outputs/task_finetuning/checkpoints/chronos_bolt/epf_electricity_price/H/medium/run_0 source_launch=selena_fine_time_20260928T232415Z_26013 launch_id=selena_fine_time_20260929T092621Z_11326 slurm_job_id=3607388 launched_at=2026-09-29T10:53:27.380494+00:00
[89/90] skip completed epf_electricity_price/H/medium
TIME run allocation action=skip run=/fslarge/scratch/users/h61084/codes/fine_time/outputs/task_finetuning/checkpoints/chronos_bolt/epf_electricity_price/H/short/run_0 source_launch=selena_fine_time_20260928T232415Z_26013 launch_id=selena_fine_time_20260929T092621Z_11326 slurm_job_id=3607388 launched_at=2026-09-29T10:53:27.384187+00:00
[90/90] skip completed epf_electricity_price/H/short
2026-09-29 12:53:28 | task model=chronos_bolt independent_per_task_fine_tuning=true profile=small completed status=success
2026-09-29 12:53:28 | stage train completed status=success
2026-09-29 12:53:28 | stage evaluate started
2026-09-29 12:53:28 | task model=chronos_bolt states=frozen,task_finetuned target_mode=univariate started
[1/90] evaluate chronos_bolt frozen on Australia_Solar/H/long
Loading configuration...

============================================================
Dataset: Australia_Solar/H
Model: amazon/chronos-bolt-base
Terms: ['long']
Instance normalization: none
============================================================
Loading Chronos-Bolt model: amazon/chronos-bolt-base from /fslarge/scratch/users/h61084/weights/chronos-bolt-base...
[2026-09-29 10:53:36 UTC] resources selected_device {"device": "cuda", "model": "chronos_bolt", "stage": "forecast"}

--- Term: long ---
  Config: prediction_length=168, test_length=2520, val_length=2520
  Dataset info:
    - Frequency: H
    - Num series: 1
    - Target dim: 3
    - Target mode: univariate
    - Series length: min=35064, max=35064, avg=35064.0
    - Test split: 2520 steps
    - Prediction length: 168
    - Windows: 15
TIME run allocation action=new run=/fslarge/scratch/users/h61084/codes/fine_time/outputs/task_finetuning/tasks/inference/chronos_bolt/univariate/Australia_Solar/H/long/run_0 launch_id=selena_fine_time_20260929T092621Z_11326 slurm_job_id=3607388 launched_at=2026-09-29T10:53:37.918330+00:00
  Preparing input batches from Test split data...
    Total instances to forecast: 45
  Running predictions (Batch size: 32)...
TIME run allocation action=new run=/fslarge/scratch/users/h61084/codes/fine_time/outputs/task_finetuning/tasks/frozen/chronos_bolt/univariate/Australia_Solar/H/long/run_0 launch_id=selena_fine_time_20260929T092621Z_11326 slurm_job_id=3607388 launched_at=2026-09-29T10:53:39.562528+00:00
    Total instances: 45, Series during experiment: 3, Windows: 15
    Collecting ground truth and context...
    Detected to_univariate case: 3 flat series -> 1 series x 3 variates
    Organizing data into arrays...
    ⚠️  Predictions max value (2030222.00) exceeds float16 safe range.
    ⚠️  Applying scale factor: 100 (values will be divided)
    Saved predictions (quantiles) to /fslarge/scratch/users/h61084/codes/fine_time/outputs/task_finetuning/tasks/frozen/chronos_bolt/univariate/Australia_Solar/H/long/run_0/predictions.npz
    Computing per-window metrics...
    Saved metrics to /fslarge/scratch/users/h61084/codes/fine_time/outputs/task_finetuning/tasks/frozen/chronos_bolt/univariate/Australia_Solar/H/long/run_0/metrics.npz
    Saved aggregate metrics to /fslarge/scratch/users/h61084/codes/fine_time/outputs/task_finetuning/tasks/frozen/chronos_bolt/univariate/Australia_Solar/H/long/run_0/metrics_summary.json
    Metrics summary (averaged over all series/windows/variates):
      MSE: 24593358585.4995
      MAE: 81252.4825
      RMSE: 125718.3038
      MAPE: 118.6877
      sMAPE: 0.5792
      MASE: 1.2014
      ND: 0.2758
      CRPS: 0.2228
  Output: /fslarge/scratch/users/h61084/codes/fine_time/outputs/task_finetuning/tasks/frozen/chronos_bolt/univariate/Australia_Solar/H/long/run_0

============================================================
All experiments completed!
Results saved to: /scratch/users/h61084/codes/fine_time/outputs/task_finetuning/tasks/frozen
============================================================
[1/90] evaluate chronos_bolt task_finetuned on Australia_Solar/H/long
Loading configuration...

============================================================
Dataset: Australia_Solar/H
Model: amazon/chronos-bolt-base
Terms: ['long']
Instance normalization: none
============================================================
Loading Chronos-Bolt model: amazon/chronos-bolt-base from /fslarge/scratch/users/h61084/codes/fine_time/outputs/task_finetuning/checkpoints/chronos_bolt/Australia_Solar/H/long/run_0/finetuned-ckpt...
[2026-09-29 10:53:39 UTC] resources selected_device {"device": "cuda", "model": "chronos_bolt", "stage": "forecast"}

--- Term: long ---
  Config: prediction_length=168, test_length=2520, val_length=2520
  Dataset info:
    - Frequency: H
    - Num series: 1
    - Target dim: 3
    - Target mode: univariate
    - Series length: min=35064, max=35064, avg=35064.0
    - Test split: 2520 steps
    - Prediction length: 168
    - Windows: 15
TIME run allocation action=new run=/fslarge/scratch/users/h61084/codes/fine_time/outputs/task_finetuning/tasks/inference/chronos_bolt/univariate/Australia_Solar/H/long/run_1 launch_id=selena_fine_time_20260929T092621Z_11326 slurm_job_id=3607388 launched_at=2026-09-29T10:53:41.573475+00:00
  Preparing input batches from Test split data...
    Total instances to forecast: 45
  Running predictions (Batch size: 32)...
TIME run allocation action=new run=/fslarge/scratch/users/h61084/codes/fine_time/outputs/task_finetuning/tasks/task_finetuned/chronos_bolt/univariate/Australia_Solar/H/long/run_0 launch_id=selena_fine_time_20260929T092621Z_11326 slurm_job_id=3607388 launched_at=2026-09-29T10:53:42.370068+00:00
    Total instances: 45, Series during experiment: 3, Windows: 15
    Collecting ground truth and context...
    Detected to_univariate case: 3 flat series -> 1 series x 3 variates
    Organizing data into arrays...
    ⚠️  Predictions max value (2191175.50) exceeds float16 safe range.
    ⚠️  Applying scale factor: 100 (values will be divided)
    Saved predictions (quantiles) to /fslarge/scratch/users/h61084/codes/fine_time/outputs/task_finetuning/tasks/task_finetuned/chronos_bolt/univariate/Australia_Solar/H/long/run_0/predictions.npz
    Computing per-window metrics...
    Saved metrics to /fslarge/scratch/users/h61084/codes/fine_time/outputs/task_finetuning/tasks/task_finetuned/chronos_bolt/univariate/Australia_Solar/H/long/run_0/metrics.npz
    Saved aggregate metrics to /fslarge/scratch/users/h61084/codes/fine_time/outputs/task_finetuning/tasks/task_finetuned/chronos_bolt/univariate/Australia_Solar/H/long/run_0/metrics_summary.json
    Metrics summary (averaged over all series/windows/variates):
      MSE: 23128310295.7191
      MAE: 76550.6629
      RMSE: 120349.7620
      MAPE: 108.2116
      sMAPE: 0.5680
      MASE: 1.1383
      ND: 0.2562
      CRPS: 0.1995
  Output: /fslarge/scratch/users/h61084/codes/fine_time/outputs/task_finetuning/tasks/task_finetuned/chronos_bolt/univariate/Australia_Solar/H/long/run_0

============================================================
All experiments completed!
Results saved to: /scratch/users/h61084/codes/fine_time/outputs/task_finetuning/tasks/task_finetuned
============================================================
[2/90] evaluate chronos_bolt frozen on Australia_Solar/H/medium
Loading configuration...

============================================================
Dataset: Australia_Solar/H
Model: amazon/chronos-bolt-base
Terms: ['medium']
Instance normalization: none
============================================================
Loading Chronos-Bolt model: amazon/chronos-bolt-base from /fslarge/scratch/users/h61084/weights/chronos-bolt-base...
[2026-09-29 10:53:42 UTC] resources selected_device {"device": "cuda", "model": "chronos_bolt", "stage": "forecast"}

--- Term: medium ---
  Config: prediction_length=72, test_length=2520, val_length=2520
  Dataset info:
    - Frequency: H
    - Num series: 1
    - Target dim: 3
    - Target mode: univariate
    - Series length: min=35064, max=35064, avg=35064.0
    - Test split: 2520 steps
    - Prediction length: 72
    - Windows: 35
TIME run allocation action=new run=/fslarge/scratch/users/h61084/codes/fine_time/outputs/task_finetuning/tasks/inference/chronos_bolt/univariate/Australia_Solar/H/medium/run_0 launch_id=selena_fine_time_20260929T092621Z_11326 slurm_job_id=3607388 launched_at=2026-09-29T10:53:42.808535+00:00
  Preparing input batches from Test split data...
    Total instances to forecast: 105
  Running predictions (Batch size: 32)...
TIME run allocation action=new run=/fslarge/scratch/users/h61084/codes/fine_time/outputs/task_finetuning/tasks/frozen/chronos_bolt/univariate/Australia_Solar/H/medium/run_0 launch_id=selena_fine_time_20260929T092621Z_11326 slurm_job_id=3607388 launched_at=2026-09-29T10:53:43.794307+00:00
    Total instances: 105, Series during experiment: 3, Windows: 35
    Collecting ground truth and context...
    Detected to_univariate case: 3 flat series -> 1 series x 3 variates
    Organizing data into arrays...
    ⚠️  Predictions max value (2082131.25) exceeds float16 safe range.
    ⚠️  Applying scale factor: 100 (values will be divided)
    Saved predictions (quantiles) to /fslarge/scratch/users/h61084/codes/fine_time/outputs/task_finetuning/tasks/frozen/chronos_bolt/univariate/Australia_Solar/H/medium/run_0/predictions.npz
    Computing per-window metrics...
    Saved metrics to /fslarge/scratch/users/h61084/codes/fine_time/outputs/task_finetuning/tasks/frozen/chronos_bolt/univariate/Australia_Solar/H/medium/run_0/metrics.npz
    Saved aggregate metrics to /fslarge/scratch/users/h61084/codes/fine_time/outputs/task_finetuning/tasks/frozen/chronos_bolt/univariate/Australia_Solar/H/medium/run_0/metrics_summary.json
    Metrics summary (averaged over all series/windows/variates):
      MSE: 25772971386.1128
      MAE: 82552.6867
      RMSE: 122263.7378
      MAPE: 84.2985
      sMAPE: 0.5705
      MASE: 1.1873
      ND: 0.3012
      CRPS: 0.2406
  Output: /fslarge/scratch/users/h61084/codes/fine_time/outputs/task_finetuning/tasks/frozen/chronos_bolt/univariate/Australia_Solar/H/medium/run_0

============================================================
All experiments completed!
Results saved to: /scratch/users/h61084/codes/fine_time/outputs/task_finetuning/tasks/frozen
============================================================
[2/90] evaluate chronos_bolt task_finetuned on Australia_Solar/H/medium
Loading configuration...

============================================================
Dataset: Australia_Solar/H
Model: amazon/chronos-bolt-base
Terms: ['medium']
Instance normalization: none
============================================================
Loading Chronos-Bolt model: amazon/chronos-bolt-base from /fslarge/scratch/users/h61084/codes/fine_time/outputs/task_finetuning/checkpoints/chronos_bolt/Australia_Solar/H/medium/run_0/finetuned-ckpt...
[2026-09-29 10:53:43 UTC] resources selected_device {"device": "cuda", "model": "chronos_bolt", "stage": "forecast"}

--- Term: medium ---
  Config: prediction_length=72, test_length=2520, val_length=2520
  Dataset info:
    - Frequency: H
    - Num series: 1
    - Target dim: 3
    - Target mode: univariate
    - Series length: min=35064, max=35064, avg=35064.0
    - Test split: 2520 steps
    - Prediction length: 72
    - Windows: 35
TIME run allocation action=new run=/fslarge/scratch/users/h61084/codes/fine_time/outputs/task_finetuning/tasks/inference/chronos_bolt/univariate/Australia_Solar/H/medium/run_1 launch_id=selena_fine_time_20260929T092621Z_11326 slurm_job_id=3607388 launched_at=2026-09-29T10:53:45.473017+00:00
  Preparing input batches from Test split data...
    Total instances to forecast: 105
  Running predictions (Batch size: 32)...
TIME run allocation action=new run=/fslarge/scratch/users/h61084/codes/fine_time/outputs/task_finetuning/tasks/task_finetuned/chronos_bolt/univariate/Australia_Solar/H/medium/run_0 launch_id=selena_fine_time_20260929T092621Z_11326 slurm_job_id=3607388 launched_at=2026-09-29T10:53:46.457953+00:00
    Total instances: 105, Series during experiment: 3, Windows: 35
    Collecting ground truth and context...
    Detected to_univariate case: 3 flat series -> 1 series x 3 variates
    Organizing data into arrays...
    ⚠️  Predictions max value (2134522.00) exceeds float16 safe range.
    ⚠️  Applying scale factor: 100 (values will be divided)
    Saved predictions (quantiles) to /fslarge/scratch/users/h61084/codes/fine_time/outputs/task_finetuning/tasks/task_finetuned/chronos_bolt/univariate/Australia_Solar/H/medium/run_0/predictions.npz
    Computing per-window metrics...
    Saved metrics to /fslarge/scratch/users/h61084/codes/fine_time/outputs/task_finetuning/tasks/task_finetuned/chronos_bolt/univariate/Australia_Solar/H/medium/run_0/metrics.npz
    Saved aggregate metrics to /fslarge/scratch/users/h61084/codes/fine_time/outputs/task_finetuning/tasks/task_finetuned/chronos_bolt/univariate/Australia_Solar/H/medium/run_0/metrics_summary.json
    Metrics summary (averaged over all series/windows/variates):
      MSE: 24131900854.4107
      MAE: 77634.8565
      RMSE: 116000.8303
      MAPE: 92.8091
      sMAPE: 0.5623
      MASE: 1.1103
      ND: 0.2751
      CRPS: 0.2112
  Output: /fslarge/scratch/users/h61084/codes/fine_time/outputs/task_finetuning/tasks/task_finetuned/chronos_bolt/univariate/Australia_Solar/H/medium/run_0

============================================================
All experiments completed!
Results saved to: /scratch/users/h61084/codes/fine_time/outputs/task_finetuning/tasks/task_finetuned
============================================================
[3/90] evaluate chronos_bolt frozen on Australia_Solar/H/short
Loading configuration...

============================================================
Dataset: Australia_Solar/H
Model: amazon/chronos-bolt-base
Terms: ['short']
Instance normalization: none
============================================================
Loading Chronos-Bolt model: amazon/chronos-bolt-base from /fslarge/scratch/users/h61084/weights/chronos-bolt-base...
[2026-09-29 10:53:46 UTC] resources selected_device {"device": "cuda", "model": "chronos_bolt", "stage": "forecast"}

--- Term: short ---
  Config: prediction_length=24, test_length=2520, val_length=2520
  Dataset info:
    - Frequency: H
    - Num series: 1
    - Target dim: 3
    - Target mode: univariate
    - Series length: min=35064, max=35064, avg=35064.0
    - Test split: 2520 steps
    - Prediction length: 24
    - Windows: 105
TIME run allocation action=new run=/fslarge/scratch/users/h61084/codes/fine_time/outputs/task_finetuning/tasks/inference/chronos_bolt/univariate/Australia_Solar/H/short/run_0 launch_id=selena_fine_time_20260929T092621Z_11326 slurm_job_id=3607388 launched_at=2026-09-29T10:53:46.918737+00:00
  Preparing input batches from Test split data...
    Total instances to forecast: 315
  Running predictions (Batch size: 32)...
    Processed 315/315...
TIME run allocation action=new run=/fslarge/scratch/users/h61084/codes/fine_time/outputs/task_finetuning/tasks/frozen/chronos_bolt/univariate/Australia_Solar/H/short/run_0 launch_id=selena_fine_time_20260929T092621Z_11326 slurm_job_id=3607388 launched_at=2026-09-29T10:53:47.299195+00:00
    Total instances: 315, Series during experiment: 3, Windows: 105
    Collecting ground truth and context...
    Detected to_univariate case: 3 flat series -> 1 series x 3 variates
    Organizing data into arrays...
    ⚠️  Predictions max value (2011714.75) exceeds float16 safe range.
    ⚠️  Applying scale factor: 100 (values will be divided)
    Saved predictions (quantiles) to /fslarge/scratch/users/h61084/codes/fine_time/outputs/task_finetuning/tasks/frozen/chronos_bolt/univariate/Australia_Solar/H/short/run_0/predictions.npz
    Computing per-window metrics...
    Saved metrics to /fslarge/scratch/users/h61084/codes/fine_time/outputs/task_finetuning/tasks/frozen/chronos_bolt/univariate/Australia_Solar/H/short/run_0/metrics.npz
    Saved aggregate metrics to /fslarge/scratch/users/h61084/codes/fine_time/outputs/task_finetuning/tasks/frozen/chronos_bolt/univariate/Australia_Solar/H/short/run_0/metrics_summary.json
    Metrics summary (averaged over all series/windows/variates):
      MSE: 24319664966.6561
      MAE: 79146.9306
      RMSE: 103897.6783
      MAPE: 84.3252
      sMAPE: 0.5580
      MASE: 1.1027
      ND: 0.3368
      CRPS: 0.2716
  Output: /fslarge/scratch/users/h61084/codes/fine_time/outputs/task_finetuning/tasks/frozen/chronos_bolt/univariate/Australia_Solar/H/short/run_0

============================================================
All experiments completed!
Results saved to: /scratch/users/h61084/codes/fine_time/outputs/task_finetuning/tasks/frozen
============================================================
[3/90] evaluate chronos_bolt task_finetuned on Australia_Solar/H/short
Loading configuration...

============================================================
Dataset: Australia_Solar/H
Model: amazon/chronos-bolt-base
Terms: ['short']
Instance normalization: none
============================================================
Loading Chronos-Bolt model: amazon/chronos-bolt-base from /fslarge/scratch/users/h61084/codes/fine_time/outputs/task_finetuning/checkpoints/chronos_bolt/Australia_Solar/H/short/run_0/finetuned-ckpt...
[2026-09-29 10:53:47 UTC] resources selected_device {"device": "cuda", "model": "chronos_bolt", "stage": "forecast"}

--- Term: short ---
  Config: prediction_length=24, test_length=2520, val_length=2520
  Dataset info:
    - Frequency: H
    - Num series: 1
    - Target dim: 3
    - Target mode: univariate
    - Series length: min=35064, max=35064, avg=35064.0
    - Test split: 2520 steps
    - Prediction length: 24
    - Windows: 105
TIME run allocation action=new run=/fslarge/scratch/users/h61084/codes/fine_time/outputs/task_finetuning/tasks/inference/chronos_bolt/univariate/Australia_Solar/H/short/run_1 launch_id=selena_fine_time_20260929T092621Z_11326 slurm_job_id=3607388 launched_at=2026-09-29T10:53:49.308741+00:00
  Preparing input batches from Test split data...
    Total instances to forecast: 315
  Running predictions (Batch size: 32)...
    Processed 315/315...
TIME run allocation action=new run=/fslarge/scratch/users/h61084/codes/fine_time/outputs/task_finetuning/tasks/task_finetuned/chronos_bolt/univariate/Australia_Solar/H/short/run_0 launch_id=selena_fine_time_20260929T092621Z_11326 slurm_job_id=3607388 launched_at=2026-09-29T10:53:49.689247+00:00
    Total instances: 315, Series during experiment: 3, Windows: 105
    Collecting ground truth and context...
    Detected to_univariate case: 3 flat series -> 1 series x 3 variates
    Organizing data into arrays...
    ⚠️  Predictions max value (2111960.25) exceeds float16 safe range.
    ⚠️  Applying scale factor: 100 (values will be divided)
    Saved predictions (quantiles) to /fslarge/scratch/users/h61084/codes/fine_time/outputs/task_finetuning/tasks/task_finetuned/chronos_bolt/univariate/Australia_Solar/H/short/run_0/predictions.npz
    Computing per-window metrics...
    Saved metrics to /fslarge/scratch/users/h61084/codes/fine_time/outputs/task_finetuning/tasks/task_finetuned/chronos_bolt/univariate/Australia_Solar/H/short/run_0/metrics.npz
    Saved aggregate metrics to /fslarge/scratch/users/h61084/codes/fine_time/outputs/task_finetuning/tasks/task_finetuned/chronos_bolt/univariate/Australia_Solar/H/short/run_0/metrics_summary.json
    Metrics summary (averaged over all series/windows/variates):
      MSE: 22400525124.9211
      MAE: 74088.7819
      RMSE: 98142.5201
      MAPE: 65.1672
      sMAPE: 0.5411
      MASE: 1.0101
      ND: 0.3123
      CRPS: 0.2410
  Output: /fslarge/scratch/users/h61084/codes/fine_time/outputs/task_finetuning/tasks/task_finetuned/chronos_bolt/univariate/Australia_Solar/H/short/run_0

============================================================
All experiments completed!
Results saved to: /scratch/users/h61084/codes/fine_time/outputs/task_finetuning/tasks/task_finetuned
============================================================
[4/90] evaluate chronos_bolt frozen on Auto_Production_SF/M/short
Loading configuration...

============================================================
Dataset: Auto_Production_SF/M
Model: amazon/chronos-bolt-base
Terms: ['short']
Instance normalization: none
============================================================
Loading Chronos-Bolt model: amazon/chronos-bolt-base from /fslarge/scratch/users/h61084/weights/chronos-bolt-base...
[2026-09-29 10:53:49 UTC] resources selected_device {"device": "cuda", "model": "chronos_bolt", "stage": "forecast"}

--- Term: short ---
  Config: prediction_length=12, test_length=60, val_length=12
  Dataset info:
    - Frequency: M
    - Num series: 1
    - Target dim: 1
    - Target mode: univariate
    - Series length: min=367, max=367, avg=367.0
    - Test split: 60 steps
    - Prediction length: 12
    - Windows: 5
TIME run allocation action=new run=/fslarge/scratch/users/h61084/codes/fine_time/outputs/task_finetuning/tasks/inference/chronos_bolt/univariate/Auto_Production_SF/M/short/run_0 launch_id=selena_fine_time_20260929T092621Z_11326 slurm_job_id=3607388 launched_at=2026-09-29T10:53:50.339615+00:00
  Preparing input batches from Test split data...
    Total instances to forecast: 5
  Running predictions (Batch size: 32)...
TIME run allocation action=new run=/fslarge/scratch/users/h61084/codes/fine_time/outputs/task_finetuning/tasks/frozen/chronos_bolt/univariate/Auto_Production_SF/M/short/run_0 launch_id=selena_fine_time_20260929T092621Z_11326 slurm_job_id=3607388 launched_at=2026-09-29T10:53:50.370327+00:00
    Total instances: 5, Series during experiment: 1, Windows: 5
    Collecting ground truth and context...
    Organizing data into arrays...
    Saved predictions (quantiles) to /fslarge/scratch/users/h61084/codes/fine_time/outputs/task_finetuning/tasks/frozen/chronos_bolt/univariate/Auto_Production_SF/M/short/run_0/predictions.npz
    Computing per-window metrics...
    Saved metrics to /fslarge/scratch/users/h61084/codes/fine_time/outputs/task_finetuning/tasks/frozen/chronos_bolt/univariate/Auto_Production_SF/M/short/run_0/metrics.npz
    Saved aggregate metrics to /fslarge/scratch/users/h61084/codes/fine_time/outputs/task_finetuning/tasks/frozen/chronos_bolt/univariate/Auto_Production_SF/M/short/run_0/metrics_summary.json
    Metrics summary (averaged over all series/windows/variates):
      MSE: 26.3340
      MAE: 4.0893
      RMSE: 5.0599
      MAPE: 0.0417
      sMAPE: 0.0414
      MASE: 1.0324
      ND: 0.0410
      CRPS: 0.0318
  Output: /fslarge/scratch/users/h61084/codes/fine_time/outputs/task_finetuning/tasks/frozen/chronos_bolt/univariate/Auto_Production_SF/M/short/run_0

============================================================
All experiments completed!
Results saved to: /scratch/users/h61084/codes/fine_time/outputs/task_finetuning/tasks/frozen
============================================================
[4/90] evaluate chronos_bolt task_finetuned on Auto_Production_SF/M/short
Loading configuration...

============================================================
Dataset: Auto_Production_SF/M
Model: amazon/chronos-bolt-base
Terms: ['short']
Instance normalization: none
============================================================
Loading Chronos-Bolt model: amazon/chronos-bolt-base from /fslarge/scratch/users/h61084/codes/fine_time/outputs/task_finetuning/checkpoints/chronos_bolt/Auto_Production_SF/M/short/run_0/finetuned-ckpt...
[2026-09-29 10:53:50 UTC] resources selected_device {"device": "cuda", "model": "chronos_bolt", "stage": "forecast"}

--- Term: short ---
  Config: prediction_length=12, test_length=60, val_length=12
  Dataset info:
    - Frequency: M
    - Num series: 1
    - Target dim: 1
    - Target mode: univariate
    - Series length: min=367, max=367, avg=367.0
    - Test split: 60 steps
    - Prediction length: 12
    - Windows: 5
TIME run allocation action=new run=/fslarge/scratch/users/h61084/codes/fine_time/outputs/task_finetuning/tasks/inference/chronos_bolt/univariate/Auto_Production_SF/M/short/run_1 launch_id=selena_fine_time_20260929T092621Z_11326 slurm_job_id=3607388 launched_at=2026-09-29T10:53:51.970960+00:00
  Preparing input batches from Test split data...
    Total instances to forecast: 5
  Running predictions (Batch size: 32)...
TIME run allocation action=new run=/fslarge/scratch/users/h61084/codes/fine_time/outputs/task_finetuning/tasks/task_finetuned/chronos_bolt/univariate/Auto_Production_SF/M/short/run_0 launch_id=selena_fine_time_20260929T092621Z_11326 slurm_job_id=3607388 launched_at=2026-09-29T10:53:51.999733+00:00
    Total instances: 5, Series during experiment: 1, Windows: 5
    Collecting ground truth and context...
    Organizing data into arrays...
    Saved predictions (quantiles) to /fslarge/scratch/users/h61084/codes/fine_time/outputs/task_finetuning/tasks/task_finetuned/chronos_bolt/univariate/Auto_Production_SF/M/short/run_0/predictions.npz
    Computing per-window metrics...
    Saved metrics to /fslarge/scratch/users/h61084/codes/fine_time/outputs/task_finetuning/tasks/task_finetuned/chronos_bolt/univariate/Auto_Production_SF/M/short/run_0/metrics.npz
    Saved aggregate metrics to /fslarge/scratch/users/h61084/codes/fine_time/outputs/task_finetuning/tasks/task_finetuned/chronos_bolt/univariate/Auto_Production_SF/M/short/run_0/metrics_summary.json
    Metrics summary (averaged over all series/windows/variates):
      MSE: 23.1851
      MAE: 3.7264
      RMSE: 4.7686
      MAPE: 0.0386
      sMAPE: 0.0379
      MASE: 0.9399
      ND: 0.0374
      CRPS: 0.0292
  Output: /fslarge/scratch/users/h61084/codes/fine_time/outputs/task_finetuning/tasks/task_finetuned/chronos_bolt/univariate/Auto_Production_SF/M/short/run_0

============================================================
All experiments completed!
Results saved to: /scratch/users/h61084/codes/fine_time/outputs/task_finetuning/tasks/task_finetuned
============================================================
[5/90] evaluate chronos_bolt frozen on CPHL/15T/long
Loading configuration...

============================================================
Dataset: CPHL/15T
Model: amazon/chronos-bolt-base
Terms: ['long']
Instance normalization: none
============================================================
Loading Chronos-Bolt model: amazon/chronos-bolt-base from /fslarge/scratch/users/h61084/weights/chronos-bolt-base...
[2026-09-29 10:53:52 UTC] resources selected_device {"device": "cuda", "model": "chronos_bolt", "stage": "forecast"}

--- Term: long ---
  Config: prediction_length=288, test_length=1440, val_length=1440
  Dataset info:
    - Frequency: 15T
    - Num series: 2
    - Target dim: 1
    - Target mode: univariate
    - Series length: min=9956, max=10831, avg=10393.5
    - Test split: 1440 steps
    - Prediction length: 288
    - Windows: 5
TIME run allocation action=new run=/fslarge/scratch/users/h61084/codes/fine_time/outputs/task_finetuning/tasks/inference/chronos_bolt/univariate/CPHL/15T/long/run_0 launch_id=selena_fine_time_20260929T092621Z_11326 slurm_job_id=3607388 launched_at=2026-09-29T10:53:52.398181+00:00
  Preparing input batches from Test split data...
    Total instances to forecast: 10
  Running predictions (Batch size: 32)...
TIME run allocation action=new run=/fslarge/scratch/users/h61084/codes/fine_time/outputs/task_finetuning/tasks/frozen/chronos_bolt/univariate/CPHL/15T/long/run_0 launch_id=selena_fine_time_20260929T092621Z_11326 slurm_job_id=3607388 launched_at=2026-09-29T10:53:52.802028+00:00
    Total instances: 10, Series during experiment: 2, Windows: 5
    Collecting ground truth and context...
    Organizing data into arrays...
    Saved predictions (quantiles) to /fslarge/scratch/users/h61084/codes/fine_time/outputs/task_finetuning/tasks/frozen/chronos_bolt/univariate/CPHL/15T/long/run_0/predictions.npz
    Computing per-window metrics...
    Saved metrics to /fslarge/scratch/users/h61084/codes/fine_time/outputs/task_finetuning/tasks/frozen/chronos_bolt/univariate/CPHL/15T/long/run_0/metrics.npz
    Saved aggregate metrics to /fslarge/scratch/users/h61084/codes/fine_time/outputs/task_finetuning/tasks/frozen/chronos_bolt/univariate/CPHL/15T/long/run_0/metrics_summary.json
    Metrics summary (averaged over all series/windows/variates):
      MSE: 0.1346
      MAE: 0.2401
      RMSE: 0.3164
      MAPE: 0.3809
      sMAPE: 0.3273
      MASE: 1.2028
      ND: 0.3301
      CRPS: 0.2688
  Output: /fslarge/scratch/users/h61084/codes/fine_time/outputs/task_finetuning/tasks/frozen/chronos_bolt/univariate/CPHL/15T/long/run_0

============================================================
All experiments completed!
Results saved to: /scratch/users/h61084/codes/fine_time/outputs/task_finetuning/tasks/frozen
============================================================
[5/90] evaluate chronos_bolt task_finetuned on CPHL/15T/long
Loading configuration...

============================================================
Dataset: CPHL/15T
Model: amazon/chronos-bolt-base
Terms: ['long']
Instance normalization: none
============================================================
Loading Chronos-Bolt model: amazon/chronos-bolt-base from /fslarge/scratch/users/h61084/codes/fine_time/outputs/task_finetuning/checkpoints/chronos_bolt/CPHL/15T/long/run_0/finetuned-ckpt...
[2026-09-29 10:53:52 UTC] resources selected_device {"device": "cuda", "model": "chronos_bolt", "stage": "forecast"}

--- Term: long ---
  Config: prediction_length=288, test_length=1440, val_length=1440
  Dataset info:
    - Frequency: 15T
    - Num series: 2
    - Target dim: 1
    - Target mode: univariate
    - Series length: min=9956, max=10831, avg=10393.5
    - Test split: 1440 steps
    - Prediction length: 288
    - Windows: 5
TIME run allocation action=new run=/fslarge/scratch/users/h61084/codes/fine_time/outputs/task_finetuning/tasks/inference/chronos_bolt/univariate/CPHL/15T/long/run_1 launch_id=selena_fine_time_20260929T092621Z_11326 slurm_job_id=3607388 launched_at=2026-09-29T10:53:54.409335+00:00
  Preparing input batches from Test split data...
    Total instances to forecast: 10
  Running predictions (Batch size: 32)...
TIME run allocation action=new run=/fslarge/scratch/users/h61084/codes/fine_time/outputs/task_finetuning/tasks/task_finetuned/chronos_bolt/univariate/CPHL/15T/long/run_0 launch_id=selena_fine_time_20260929T092621Z_11326 slurm_job_id=3607388 launched_at=2026-09-29T10:53:54.813035+00:00
    Total instances: 10, Series during experiment: 2, Windows: 5
    Collecting ground truth and context...
    Organizing data into arrays...
    Saved predictions (quantiles) to /fslarge/scratch/users/h61084/codes/fine_time/outputs/task_finetuning/tasks/task_finetuned/chronos_bolt/univariate/CPHL/15T/long/run_0/predictions.npz
    Computing per-window metrics...
    Saved metrics to /fslarge/scratch/users/h61084/codes/fine_time/outputs/task_finetuning/tasks/task_finetuned/chronos_bolt/univariate/CPHL/15T/long/run_0/metrics.npz
    Saved aggregate metrics to /fslarge/scratch/users/h61084/codes/fine_time/outputs/task_finetuning/tasks/task_finetuned/chronos_bolt/univariate/CPHL/15T/long/run_0/metrics_summary.json
    Metrics summary (averaged over all series/windows/variates):
      MSE: 0.1164
      MAE: 0.2282
      RMSE: 0.2991
      MAPE: 0.3977
      sMAPE: 0.3100
      MASE: 1.1302
      ND: 0.3136
      CRPS: 0.2521
  Output: /fslarge/scratch/users/h61084/codes/fine_time/outputs/task_finetuning/tasks/task_finetuned/chronos_bolt/univariate/CPHL/15T/long/run_0

============================================================
All experiments completed!
Results saved to: /scratch/users/h61084/codes/fine_time/outputs/task_finetuning/tasks/task_finetuned
============================================================
[6/90] evaluate chronos_bolt frozen on CPHL/15T/medium
Loading configuration...

============================================================
Dataset: CPHL/15T
Model: amazon/chronos-bolt-base
Terms: ['medium']
Instance normalization: none
============================================================
Loading Chronos-Bolt model: amazon/chronos-bolt-base from /fslarge/scratch/users/h61084/weights/chronos-bolt-base...
[2026-09-29 10:53:54 UTC] resources selected_device {"device": "cuda", "model": "chronos_bolt", "stage": "forecast"}

--- Term: medium ---
  Config: prediction_length=96, test_length=1440, val_length=1440
  Dataset info:
    - Frequency: 15T
    - Num series: 2
    - Target dim: 1
    - Target mode: univariate
    - Series length: min=9956, max=10831, avg=10393.5
    - Test split: 1440 steps
    - Prediction length: 96
    - Windows: 15
TIME run allocation action=new run=/fslarge/scratch/users/h61084/codes/fine_time/outputs/task_finetuning/tasks/inference/chronos_bolt/univariate/CPHL/15T/medium/run_0 launch_id=selena_fine_time_20260929T092621Z_11326 slurm_job_id=3607388 launched_at=2026-09-29T10:53:55.213962+00:00
  Preparing input batches from Test split data...
    Total instances to forecast: 30
  Running predictions (Batch size: 32)...
TIME run allocation action=new run=/fslarge/scratch/users/h61084/codes/fine_time/outputs/task_finetuning/tasks/frozen/chronos_bolt/univariate/CPHL/15T/medium/run_0 launch_id=selena_fine_time_20260929T092621Z_11326 slurm_job_id=3607388 launched_at=2026-09-29T10:53:55.500316+00:00
    Total instances: 30, Series during experiment: 2, Windows: 15
    Collecting ground truth and context...
    Organizing data into arrays...
    Saved predictions (quantiles) to /fslarge/scratch/users/h61084/codes/fine_time/outputs/task_finetuning/tasks/frozen/chronos_bolt/univariate/CPHL/15T/medium/run_0/predictions.npz
    Computing per-window metrics...
    Saved metrics to /fslarge/scratch/users/h61084/codes/fine_time/outputs/task_finetuning/tasks/frozen/chronos_bolt/univariate/CPHL/15T/medium/run_0/metrics.npz
    Saved aggregate metrics to /fslarge/scratch/users/h61084/codes/fine_time/outputs/task_finetuning/tasks/frozen/chronos_bolt/univariate/CPHL/15T/medium/run_0/metrics_summary.json
    Metrics summary (averaged over all series/windows/variates):
      MSE: 0.1237
      MAE: 0.2165
      RMSE: 0.2740
      MAPE: 0.3424
      sMAPE: 0.2924
      MASE: 1.0637
      ND: 0.2915
      CRPS: 0.2346
  Output: /fslarge/scratch/users/h61084/codes/fine_time/outputs/task_finetuning/tasks/frozen/chronos_bolt/univariate/CPHL/15T/medium/run_0

============================================================
All experiments completed!
Results saved to: /scratch/users/h61084/codes/fine_time/outputs/task_finetuning/tasks/frozen
============================================================
[6/90] evaluate chronos_bolt task_finetuned on CPHL/15T/medium
Loading configuration...

============================================================
Dataset: CPHL/15T
Model: amazon/chronos-bolt-base
Terms: ['medium']
Instance normalization: none
============================================================
Loading Chronos-Bolt model: amazon/chronos-bolt-base from /fslarge/scratch/users/h61084/codes/fine_time/outputs/task_finetuning/checkpoints/chronos_bolt/CPHL/15T/medium/run_0/finetuned-ckpt...
[2026-09-29 10:53:55 UTC] resources selected_device {"device": "cuda", "model": "chronos_bolt", "stage": "forecast"}

--- Term: medium ---
  Config: prediction_length=96, test_length=1440, val_length=1440
  Dataset info:
    - Frequency: 15T
    - Num series: 2
    - Target dim: 1
    - Target mode: univariate
    - Series length: min=9956, max=10831, avg=10393.5
    - Test split: 1440 steps
    - Prediction length: 96
    - Windows: 15
TIME run allocation action=new run=/fslarge/scratch/users/h61084/codes/fine_time/outputs/task_finetuning/tasks/inference/chronos_bolt/univariate/CPHL/15T/medium/run_1 launch_id=selena_fine_time_20260929T092621Z_11326 slurm_job_id=3607388 launched_at=2026-09-29T10:53:57.158457+00:00
  Preparing input batches from Test split data...
    Total instances to forecast: 30
  Running predictions (Batch size: 32)...
TIME run allocation action=new run=/fslarge/scratch/users/h61084/codes/fine_time/outputs/task_finetuning/tasks/task_finetuned/chronos_bolt/univariate/CPHL/15T/medium/run_0 launch_id=selena_fine_time_20260929T092621Z_11326 slurm_job_id=3607388 launched_at=2026-09-29T10:53:57.448083+00:00
    Total instances: 30, Series during experiment: 2, Windows: 15
    Collecting ground truth and context...
    Organizing data into arrays...
    Saved predictions (quantiles) to /fslarge/scratch/users/h61084/codes/fine_time/outputs/task_finetuning/tasks/task_finetuned/chronos_bolt/univariate/CPHL/15T/medium/run_0/predictions.npz
    Computing per-window metrics...
    Saved metrics to /fslarge/scratch/users/h61084/codes/fine_time/outputs/task_finetuning/tasks/task_finetuned/chronos_bolt/univariate/CPHL/15T/medium/run_0/metrics.npz
    Saved aggregate metrics to /fslarge/scratch/users/h61084/codes/fine_time/outputs/task_finetuning/tasks/task_finetuned/chronos_bolt/univariate/CPHL/15T/medium/run_0/metrics_summary.json
    Metrics summary (averaged over all series/windows/variates):
      MSE: 0.1190
      MAE: 0.2171
      RMSE: 0.2724
      MAPE: 0.3586
      sMAPE: 0.2934
      MASE: 1.0583
      ND: 0.2935
      CRPS: 0.2342
  Output: /fslarge/scratch/users/h61084/codes/fine_time/outputs/task_finetuning/tasks/task_finetuned/chronos_bolt/univariate/CPHL/15T/medium/run_0

============================================================
All experiments completed!
Results saved to: /scratch/users/h61084/codes/fine_time/outputs/task_finetuning/tasks/task_finetuned
============================================================
[7/90] evaluate chronos_bolt frozen on CPHL/15T/short
Loading configuration...

============================================================
Dataset: CPHL/15T
Model: amazon/chronos-bolt-base
Terms: ['short']
Instance normalization: none
============================================================
Loading Chronos-Bolt model: amazon/chronos-bolt-base from /fslarge/scratch/users/h61084/weights/chronos-bolt-base...
[2026-09-29 10:53:57 UTC] resources selected_device {"device": "cuda", "model": "chronos_bolt", "stage": "forecast"}

--- Term: short ---
  Config: prediction_length=12, test_length=1440, val_length=1440
  Dataset info:
    - Frequency: 15T
    - Num series: 2
    - Target dim: 1
    - Target mode: univariate
    - Series length: min=9956, max=10831, avg=10393.5
    - Test split: 1440 steps
    - Prediction length: 12
    - Windows: 120
TIME run allocation action=new run=/fslarge/scratch/users/h61084/codes/fine_time/outputs/task_finetuning/tasks/inference/chronos_bolt/univariate/CPHL/15T/short/run_0 launch_id=selena_fine_time_20260929T092621Z_11326 slurm_job_id=3607388 launched_at=2026-09-29T10:53:57.853634+00:00
  Preparing input batches from Test split data...
    Total instances to forecast: 240
  Running predictions (Batch size: 32)...
TIME run allocation action=new run=/fslarge/scratch/users/h61084/codes/fine_time/outputs/task_finetuning/tasks/frozen/chronos_bolt/univariate/CPHL/15T/short/run_0 launch_id=selena_fine_time_20260929T092621Z_11326 slurm_job_id=3607388 launched_at=2026-09-29T10:53:58.141799+00:00
    Total instances: 240, Series during experiment: 2, Windows: 120
    Collecting ground truth and context...
    Organizing data into arrays...
    Saved predictions (quantiles) to /fslarge/scratch/users/h61084/codes/fine_time/outputs/task_finetuning/tasks/frozen/chronos_bolt/univariate/CPHL/15T/short/run_0/predictions.npz
    Computing per-window metrics...
    Saved metrics to /fslarge/scratch/users/h61084/codes/fine_time/outputs/task_finetuning/tasks/frozen/chronos_bolt/univariate/CPHL/15T/short/run_0/metrics.npz
    Saved aggregate metrics to /fslarge/scratch/users/h61084/codes/fine_time/outputs/task_finetuning/tasks/frozen/chronos_bolt/univariate/CPHL/15T/short/run_0/metrics_summary.json
    Metrics summary (averaged over all series/windows/variates):
      MSE: 0.0652
      MAE: 0.1387
      RMSE: 0.1624
      MAPE: 0.1952
      sMAPE: 0.1801
      MASE: 0.6561
      ND: 0.1871
      CRPS: 0.1492
  Output: /fslarge/scratch/users/h61084/codes/fine_time/outputs/task_finetuning/tasks/frozen/chronos_bolt/univariate/CPHL/15T/short/run_0

============================================================
All experiments completed!
Results saved to: /scratch/users/h61084/codes/fine_time/outputs/task_finetuning/tasks/frozen
============================================================
[7/90] evaluate chronos_bolt task_finetuned on CPHL/15T/short
Loading configuration...

============================================================
Dataset: CPHL/15T
Model: amazon/chronos-bolt-base
Terms: ['short']
Instance normalization: none
============================================================
Loading Chronos-Bolt model: amazon/chronos-bolt-base from /fslarge/scratch/users/h61084/codes/fine_time/outputs/task_finetuning/checkpoints/chronos_bolt/CPHL/15T/short/run_0/finetuned-ckpt...
[2026-09-29 10:53:58 UTC] resources selected_device {"device": "cuda", "model": "chronos_bolt", "stage": "forecast"}

--- Term: short ---
  Config: prediction_length=12, test_length=1440, val_length=1440
  Dataset info:
    - Frequency: 15T
    - Num series: 2
    - Target dim: 1
    - Target mode: univariate
    - Series length: min=9956, max=10831, avg=10393.5
    - Test split: 1440 steps
    - Prediction length: 12
    - Windows: 120
TIME run allocation action=new run=/fslarge/scratch/users/h61084/codes/fine_time/outputs/task_finetuning/tasks/inference/chronos_bolt/univariate/CPHL/15T/short/run_1 launch_id=selena_fine_time_20260929T092621Z_11326 slurm_job_id=3607388 launched_at=2026-09-29T10:54:00.196217+00:00
  Preparing input batches from Test split data...
    Total instances to forecast: 240
  Running predictions (Batch size: 32)...
TIME run allocation action=new run=/fslarge/scratch/users/h61084/codes/fine_time/outputs/task_finetuning/tasks/task_finetuned/chronos_bolt/univariate/CPHL/15T/short/run_0 launch_id=selena_fine_time_20260929T092621Z_11326 slurm_job_id=3607388 launched_at=2026-09-29T10:54:00.484956+00:00
    Total instances: 240, Series during experiment: 2, Windows: 120
    Collecting ground truth and context...
    Organizing data into arrays...
    Saved predictions (quantiles) to /fslarge/scratch/users/h61084/codes/fine_time/outputs/task_finetuning/tasks/task_finetuned/chronos_bolt/univariate/CPHL/15T/short/run_0/predictions.npz
    Computing per-window metrics...
    Saved metrics to /fslarge/scratch/users/h61084/codes/fine_time/outputs/task_finetuning/tasks/task_finetuned/chronos_bolt/univariate/CPHL/15T/short/run_0/metrics.npz
    Saved aggregate metrics to /fslarge/scratch/users/h61084/codes/fine_time/outputs/task_finetuning/tasks/task_finetuned/chronos_bolt/univariate/CPHL/15T/short/run_0/metrics_summary.json
    Metrics summary (averaged over all series/windows/variates):
      MSE: 0.0638
      MAE: 0.1384
      RMSE: 0.1610
      MAPE: 0.1982
      sMAPE: 0.1781
      MASE: 0.6548
      ND: 0.1881
      CRPS: 0.1499
  Output: /fslarge/scratch/users/h61084/codes/fine_time/outputs/task_finetuning/tasks/task_finetuned/chronos_bolt/univariate/CPHL/15T/short/run_0

============================================================
All experiments completed!
Results saved to: /scratch/users/h61084/codes/fine_time/outputs/task_finetuning/tasks/task_finetuned
============================================================
[8/90] evaluate chronos_bolt frozen on CPHL/30T/long
Loading configuration...

============================================================
Dataset: CPHL/30T
Model: amazon/chronos-bolt-base
Terms: ['long']
Instance normalization: none
============================================================
Loading Chronos-Bolt model: amazon/chronos-bolt-base from /fslarge/scratch/users/h61084/weights/chronos-bolt-base...
[2026-09-29 10:54:00 UTC] resources selected_device {"device": "cuda", "model": "chronos_bolt", "stage": "forecast"}

--- Term: long ---
  Config: prediction_length=144, test_length=1440, val_length=1440
  Dataset info:
    - Frequency: 30T
    - Num series: 2
    - Target dim: 1
    - Target mode: univariate
    - Series length: min=11808, max=17566, avg=14687.0
    - Test split: 1440 steps
    - Prediction length: 144
    - Windows: 10
TIME run allocation action=new run=/fslarge/scratch/users/h61084/codes/fine_time/outputs/task_finetuning/tasks/inference/chronos_bolt/univariate/CPHL/30T/long/run_0 launch_id=selena_fine_time_20260929T092621Z_11326 slurm_job_id=3607388 launched_at=2026-09-29T10:54:00.947172+00:00
  Preparing input batches from Test split data...
    Total instances to forecast: 20
  Running predictions (Batch size: 32)...
TIME run allocation action=new run=/fslarge/scratch/users/h61084/codes/fine_time/outputs/task_finetuning/tasks/frozen/chronos_bolt/univariate/CPHL/30T/long/run_0 launch_id=selena_fine_time_20260929T092621Z_11326 slurm_job_id=3607388 launched_at=2026-09-29T10:54:01.320742+00:00
    Total instances: 20, Series during experiment: 2, Windows: 10
    Collecting ground truth and context...
    Organizing data into arrays...
    Saved predictions (quantiles) to /fslarge/scratch/users/h61084/codes/fine_time/outputs/task_finetuning/tasks/frozen/chronos_bolt/univariate/CPHL/30T/long/run_0/predictions.npz
    Computing per-window metrics...
    Saved metrics to /fslarge/scratch/users/h61084/codes/fine_time/outputs/task_finetuning/tasks/frozen/chronos_bolt/univariate/CPHL/30T/long/run_0/metrics.npz
    Saved aggregate metrics to /fslarge/scratch/users/h61084/codes/fine_time/outputs/task_finetuning/tasks/frozen/chronos_bolt/univariate/CPHL/30T/long/run_0/metrics_summary.json
    Metrics summary (averaged over all series/windows/variates):
      MSE: 1.0076
      MAE: 0.6106
      RMSE: 0.7453
      MAPE: 0.5646
      sMAPE: 0.4302
      MASE: 1.9159
      ND: 0.3980
      CRPS: 0.3165
  Output: /fslarge/scratch/users/h61084/codes/fine_time/outputs/task_finetuning/tasks/frozen/chronos_bolt/univariate/CPHL/30T/long/run_0

============================================================
All experiments completed!
Results saved to: /scratch/users/h61084/codes/fine_time/outputs/task_finetuning/tasks/frozen
============================================================
[8/90] evaluate chronos_bolt task_finetuned on CPHL/30T/long
Loading configuration...

============================================================
Dataset: CPHL/30T
Model: amazon/chronos-bolt-base
Terms: ['long']
Instance normalization: none
============================================================
Loading Chronos-Bolt model: amazon/chronos-bolt-base from /fslarge/scratch/users/h61084/codes/fine_time/outputs/task_finetuning/checkpoints/chronos_bolt/CPHL/30T/long/run_0/finetuned-ckpt...
[2026-09-29 10:54:01 UTC] resources selected_device {"device": "cuda", "model": "chronos_bolt", "stage": "forecast"}

--- Term: long ---
  Config: prediction_length=144, test_length=1440, val_length=1440
  Dataset info:
    - Frequency: 30T
    - Num series: 2
    - Target dim: 1
    - Target mode: univariate
    - Series length: min=11808, max=17566, avg=14687.0
    - Test split: 1440 steps
    - Prediction length: 144
    - Windows: 10
TIME run allocation action=new run=/fslarge/scratch/users/h61084/codes/fine_time/outputs/task_finetuning/tasks/inference/chronos_bolt/univariate/CPHL/30T/long/run_1 launch_id=selena_fine_time_20260929T092621Z_11326 slurm_job_id=3607388 launched_at=2026-09-29T10:54:02.905880+00:00
  Preparing input batches from Test split data...
    Total instances to forecast: 20
  Running predictions (Batch size: 32)...
TIME run allocation action=new run=/fslarge/scratch/users/h61084/codes/fine_time/outputs/task_finetuning/tasks/task_finetuned/chronos_bolt/univariate/CPHL/30T/long/run_0 launch_id=selena_fine_time_20260929T092621Z_11326 slurm_job_id=3607388 launched_at=2026-09-29T10:54:03.277601+00:00
    Total instances: 20, Series during experiment: 2, Windows: 10
    Collecting ground truth and context...
    Organizing data into arrays...
    Saved predictions (quantiles) to /fslarge/scratch/users/h61084/codes/fine_time/outputs/task_finetuning/tasks/task_finetuned/chronos_bolt/univariate/CPHL/30T/long/run_0/predictions.npz
    Computing per-window metrics...
    Saved metrics to /fslarge/scratch/users/h61084/codes/fine_time/outputs/task_finetuning/tasks/task_finetuned/chronos_bolt/univariate/CPHL/30T/long/run_0/metrics.npz
    Saved aggregate metrics to /fslarge/scratch/users/h61084/codes/fine_time/outputs/task_finetuning/tasks/task_finetuned/chronos_bolt/univariate/CPHL/30T/long/run_0/metrics_summary.json
    Metrics summary (averaged over all series/windows/variates):
      MSE: 0.9964
      MAE: 0.5962
      RMSE: 0.7317
      MAPE: 0.5466
      sMAPE: 0.4042
      MASE: 1.8299
      ND: 0.3742
      CRPS: 0.2923
  Output: /fslarge/scratch/users/h61084/codes/fine_time/outputs/task_finetuning/tasks/task_finetuned/chronos_bolt/univariate/CPHL/30T/long/run_0

============================================================
All experiments completed!
Results saved to: /scratch/users/h61084/codes/fine_time/outputs/task_finetuning/tasks/task_finetuned
============================================================
[9/90] evaluate chronos_bolt frozen on CPHL/30T/medium
Loading configuration...

============================================================
Dataset: CPHL/30T
Model: amazon/chronos-bolt-base
Terms: ['medium']
Instance normalization: none
============================================================
Loading Chronos-Bolt model: amazon/chronos-bolt-base from /fslarge/scratch/users/h61084/weights/chronos-bolt-base...
[2026-09-29 10:54:03 UTC] resources selected_device {"device": "cuda", "model": "chronos_bolt", "stage": "forecast"}

--- Term: medium ---
  Config: prediction_length=48, test_length=1440, val_length=1440
  Dataset info:
    - Frequency: 30T
    - Num series: 2
    - Target dim: 1
    - Target mode: univariate
    - Series length: min=11808, max=17566, avg=14687.0
    - Test split: 1440 steps
    - Prediction length: 48
    - Windows: 30
TIME run allocation action=new run=/fslarge/scratch/users/h61084/codes/fine_time/outputs/task_finetuning/tasks/inference/chronos_bolt/univariate/CPHL/30T/medium/run_0 launch_id=selena_fine_time_20260929T092621Z_11326 slurm_job_id=3607388 launched_at=2026-09-29T10:54:03.812875+00:00
  Preparing input batches from Test split data...
    Total instances to forecast: 60
  Running predictions (Batch size: 32)...
TIME run allocation action=new run=/fslarge/scratch/users/h61084/codes/fine_time/outputs/task_finetuning/tasks/frozen/chronos_bolt/univariate/CPHL/30T/medium/run_0 launch_id=selena_fine_time_20260929T092621Z_11326 slurm_job_id=3607388 launched_at=2026-09-29T10:54:03.897765+00:00
    Total instances: 60, Series during experiment: 2, Windows: 30
    Collecting ground truth and context...
    Organizing data into arrays...
    Saved predictions (quantiles) to /fslarge/scratch/users/h61084/codes/fine_time/outputs/task_finetuning/tasks/frozen/chronos_bolt/univariate/CPHL/30T/medium/run_0/predictions.npz
    Computing per-window metrics...
    Saved metrics to /fslarge/scratch/users/h61084/codes/fine_time/outputs/task_finetuning/tasks/frozen/chronos_bolt/univariate/CPHL/30T/medium/run_0/metrics.npz
    Saved aggregate metrics to /fslarge/scratch/users/h61084/codes/fine_time/outputs/task_finetuning/tasks/frozen/chronos_bolt/univariate/CPHL/30T/medium/run_0/metrics_summary.json
    Metrics summary (averaged over all series/windows/variates):
      MSE: 0.7536
      MAE: 0.5195
      RMSE: 0.6372
      MAPE: 0.4635
      sMAPE: 0.3432
      MASE: 1.5695
      ND: 0.3360
      CRPS: 0.2576
  Output: /fslarge/scratch/users/h61084/codes/fine_time/outputs/task_finetuning/tasks/frozen/chronos_bolt/univariate/CPHL/30T/medium/run_0

============================================================
All experiments completed!
Results saved to: /scratch/users/h61084/codes/fine_time/outputs/task_finetuning/tasks/frozen
============================================================
[9/90] evaluate chronos_bolt task_finetuned on CPHL/30T/medium
Loading configuration...

============================================================
Dataset: CPHL/30T
Model: amazon/chronos-bolt-base
Terms: ['medium']
Instance normalization: none
============================================================
Loading Chronos-Bolt model: amazon/chronos-bolt-base from /fslarge/scratch/users/h61084/codes/fine_time/outputs/task_finetuning/checkpoints/chronos_bolt/CPHL/30T/medium/run_0/finetuned-ckpt...
[2026-09-29 10:54:03 UTC] resources selected_device {"device": "cuda", "model": "chronos_bolt", "stage": "forecast"}

--- Term: medium ---
  Config: prediction_length=48, test_length=1440, val_length=1440
  Dataset info:
    - Frequency: 30T
    - Num series: 2
    - Target dim: 1
    - Target mode: univariate
    - Series length: min=11808, max=17566, avg=14687.0
    - Test split: 1440 steps
    - Prediction length: 48
    - Windows: 30
TIME run allocation action=new run=/fslarge/scratch/users/h61084/codes/fine_time/outputs/task_finetuning/tasks/inference/chronos_bolt/univariate/CPHL/30T/medium/run_1 launch_id=selena_fine_time_20260929T092621Z_11326 slurm_job_id=3607388 launched_at=2026-09-29T10:54:05.520914+00:00
  Preparing input batches from Test split data...
    Total instances to forecast: 60
  Running predictions (Batch size: 32)...
TIME run allocation action=new run=/fslarge/scratch/users/h61084/codes/fine_time/outputs/task_finetuning/tasks/task_finetuned/chronos_bolt/univariate/CPHL/30T/medium/run_0 launch_id=selena_fine_time_20260929T092621Z_11326 slurm_job_id=3607388 launched_at=2026-09-29T10:54:05.606331+00:00
    Total instances: 60, Series during experiment: 2, Windows: 30
    Collecting ground truth and context...
    Organizing data into arrays...
    Saved predictions (quantiles) to /fslarge/scratch/users/h61084/codes/fine_time/outputs/task_finetuning/tasks/task_finetuned/chronos_bolt/univariate/CPHL/30T/medium/run_0/predictions.npz
    Computing per-window metrics...
    Saved metrics to /fslarge/scratch/users/h61084/codes/fine_time/outputs/task_finetuning/tasks/task_finetuned/chronos_bolt/univariate/CPHL/30T/medium/run_0/metrics.npz
    Saved aggregate metrics to /fslarge/scratch/users/h61084/codes/fine_time/outputs/task_finetuning/tasks/task_finetuned/chronos_bolt/univariate/CPHL/30T/medium/run_0/metrics_summary.json
    Metrics summary (averaged over all series/windows/variates):
      MSE: 0.7089
      MAE: 0.4960
      RMSE: 0.6106
      MAPE: 0.4527
      sMAPE: 0.3177
      MASE: 1.4689
      ND: 0.3168
      CRPS: 0.2424
  Output: /fslarge/scratch/users/h61084/codes/fine_time/outputs/task_finetuning/tasks/task_finetuned/chronos_bolt/univariate/CPHL/30T/medium/run_0

============================================================
All experiments completed!
Results saved to: /scratch/users/h61084/codes/fine_time/outputs/task_finetuning/tasks/task_finetuned
============================================================
[10/90] evaluate chronos_bolt frozen on CPHL/30T/short
Loading configuration...

============================================================
Dataset: CPHL/30T
Model: amazon/chronos-bolt-base
Terms: ['short']
Instance normalization: none
============================================================
Loading Chronos-Bolt model: amazon/chronos-bolt-base from /fslarge/scratch/users/h61084/weights/chronos-bolt-base...
[2026-09-29 10:54:05 UTC] resources selected_device {"device": "cuda", "model": "chronos_bolt", "stage": "forecast"}

--- Term: short ---
  Config: prediction_length=12, test_length=1440, val_length=1440
  Dataset info:
    - Frequency: 30T
    - Num series: 2
    - Target dim: 1
    - Target mode: univariate
    - Series length: min=11808, max=17566, avg=14687.0
    - Test split: 1440 steps
    - Prediction length: 12
    - Windows: 120
TIME run allocation action=new run=/fslarge/scratch/users/h61084/codes/fine_time/outputs/task_finetuning/tasks/inference/chronos_bolt/univariate/CPHL/30T/short/run_0 launch_id=selena_fine_time_20260929T092621Z_11326 slurm_job_id=3607388 launched_at=2026-09-29T10:54:06.018214+00:00
  Preparing input batches from Test split data...
    Total instances to forecast: 240
  Running predictions (Batch size: 32)...
TIME run allocation action=new run=/fslarge/scratch/users/h61084/codes/fine_time/outputs/task_finetuning/tasks/frozen/chronos_bolt/univariate/CPHL/30T/short/run_0 launch_id=selena_fine_time_20260929T092621Z_11326 slurm_job_id=3607388 launched_at=2026-09-29T10:54:06.308317+00:00
    Total instances: 240, Series during experiment: 2, Windows: 120
    Collecting ground truth and context...
    Organizing data into arrays...
    Saved predictions (quantiles) to /fslarge/scratch/users/h61084/codes/fine_time/outputs/task_finetuning/tasks/frozen/chronos_bolt/univariate/CPHL/30T/short/run_0/predictions.npz
    Computing per-window metrics...
    Saved metrics to /fslarge/scratch/users/h61084/codes/fine_time/outputs/task_finetuning/tasks/frozen/chronos_bolt/univariate/CPHL/30T/short/run_0/metrics.npz
    Saved aggregate metrics to /fslarge/scratch/users/h61084/codes/fine_time/outputs/task_finetuning/tasks/frozen/chronos_bolt/univariate/CPHL/30T/short/run_0/metrics_summary.json
    Metrics summary (averaged over all series/windows/variates):
      MSE: 0.6439
      MAE: 0.4658
      RMSE: 0.5679
      MAPE: 0.3936
      sMAPE: 0.2999
      MASE: 1.4041
      ND: 0.2962
      CRPS: 0.2306
  Output: /fslarge/scratch/users/h61084/codes/fine_time/outputs/task_finetuning/tasks/frozen/chronos_bolt/univariate/CPHL/30T/short/run_0

============================================================
All experiments completed!
Results saved to: /scratch/users/h61084/codes/fine_time/outputs/task_finetuning/tasks/frozen
============================================================
[10/90] evaluate chronos_bolt task_finetuned on CPHL/30T/short
Loading configuration...

============================================================
Dataset: CPHL/30T
Model: amazon/chronos-bolt-base
Terms: ['short']
Instance normalization: none
============================================================
Loading Chronos-Bolt model: amazon/chronos-bolt-base from /fslarge/scratch/users/h61084/codes/fine_time/outputs/task_finetuning/checkpoints/chronos_bolt/CPHL/30T/short/run_0/finetuned-ckpt...
[2026-09-29 10:54:06 UTC] resources selected_device {"device": "cuda", "model": "chronos_bolt", "stage": "forecast"}

--- Term: short ---
  Config: prediction_length=12, test_length=1440, val_length=1440
  Dataset info:
    - Frequency: 30T
    - Num series: 2
    - Target dim: 1
    - Target mode: univariate
    - Series length: min=11808, max=17566, avg=14687.0
    - Test split: 1440 steps
    - Prediction length: 12
    - Windows: 120
TIME run allocation action=new run=/fslarge/scratch/users/h61084/codes/fine_time/outputs/task_finetuning/tasks/inference/chronos_bolt/univariate/CPHL/30T/short/run_1 launch_id=selena_fine_time_20260929T092621Z_11326 slurm_job_id=3607388 launched_at=2026-09-29T10:54:07.885360+00:00
  Preparing input batches from Test split data...
    Total instances to forecast: 240
  Running predictions (Batch size: 32)...
TIME run allocation action=new run=/fslarge/scratch/users/h61084/codes/fine_time/outputs/task_finetuning/tasks/task_finetuned/chronos_bolt/univariate/CPHL/30T/short/run_0 launch_id=selena_fine_time_20260929T092621Z_11326 slurm_job_id=3607388 launched_at=2026-09-29T10:54:08.175536+00:00
    Total instances: 240, Series during experiment: 2, Windows: 120
    Collecting ground truth and context...
    Organizing data into arrays...
    Saved predictions (quantiles) to /fslarge/scratch/users/h61084/codes/fine_time/outputs/task_finetuning/tasks/task_finetuned/chronos_bolt/univariate/CPHL/30T/short/run_0/predictions.npz
    Computing per-window metrics...
    Saved metrics to /fslarge/scratch/users/h61084/codes/fine_time/outputs/task_finetuning/tasks/task_finetuned/chronos_bolt/univariate/CPHL/30T/short/run_0/metrics.npz
    Saved aggregate metrics to /fslarge/scratch/users/h61084/codes/fine_time/outputs/task_finetuning/tasks/task_finetuned/chronos_bolt/univariate/CPHL/30T/short/run_0/metrics_summary.json
    Metrics summary (averaged over all series/windows/variates):
      MSE: 0.6177
      MAE: 0.4527
      RMSE: 0.5528
      MAPE: 0.3842
      sMAPE: 0.2880
      MASE: 1.3476
      ND: 0.2858
      CRPS: 0.2234
  Output: /fslarge/scratch/users/h61084/codes/fine_time/outputs/task_finetuning/tasks/task_finetuned/chronos_bolt/univariate/CPHL/30T/short/run_0

============================================================
All experiments completed!
Results saved to: /scratch/users/h61084/codes/fine_time/outputs/task_finetuning/tasks/task_finetuned
============================================================
[11/90] evaluate chronos_bolt frozen on CPHL/H/long
Loading configuration...

============================================================
Dataset: CPHL/H
Model: amazon/chronos-bolt-base
Terms: ['long']
Instance normalization: none
============================================================
Loading Chronos-Bolt model: amazon/chronos-bolt-base from /fslarge/scratch/users/h61084/weights/chronos-bolt-base...
[2026-09-29 10:54:08 UTC] resources selected_device {"device": "cuda", "model": "chronos_bolt", "stage": "forecast"}

--- Term: long ---
  Config: prediction_length=336, test_length=672, val_length=672
  Dataset info:
    - Frequency: H
    - Num series: 4
    - Target dim: 1
    - Target mode: univariate
    - Series length: min=2490, max=8783, avg=4971.2
    - Test split: 672 steps
    - Prediction length: 336
    - Windows: 2
TIME run allocation action=new run=/fslarge/scratch/users/h61084/codes/fine_time/outputs/task_finetuning/tasks/inference/chronos_bolt/univariate/CPHL/H/long/run_0 launch_id=selena_fine_time_20260929T092621Z_11326 slurm_job_id=3607388 launched_at=2026-09-29T10:54:08.643577+00:00
  Preparing input batches from Test split data...
    Total instances to forecast: 8
  Running predictions (Batch size: 32)...
TIME run allocation action=new run=/fslarge/scratch/users/h61084/codes/fine_time/outputs/task_finetuning/tasks/frozen/chronos_bolt/univariate/CPHL/H/long/run_0 launch_id=selena_fine_time_20260929T092621Z_11326 slurm_job_id=3607388 launched_at=2026-09-29T10:54:09.026537+00:00
    Total instances: 8, Series during experiment: 4, Windows: 2
    Collecting ground truth and context...
    Organizing data into arrays...
    Saved predictions (quantiles) to /fslarge/scratch/users/h61084/codes/fine_time/outputs/task_finetuning/tasks/frozen/chronos_bolt/univariate/CPHL/H/long/run_0/predictions.npz
    Computing per-window metrics...
    Saved metrics to /fslarge/scratch/users/h61084/codes/fine_time/outputs/task_finetuning/tasks/frozen/chronos_bolt/univariate/CPHL/H/long/run_0/metrics.npz
    Saved aggregate metrics to /fslarge/scratch/users/h61084/codes/fine_time/outputs/task_finetuning/tasks/frozen/chronos_bolt/univariate/CPHL/H/long/run_0/metrics_summary.json
    Metrics summary (averaged over all series/windows/variates):
      MSE: 0.5425
      MAE: 0.4768
      RMSE: 0.6004
      MAPE: 0.5200
      sMAPE: 0.4744
      MASE: 2.1538
      ND: 0.4488
      CRPS: 0.3751
  Output: /fslarge/scratch/users/h61084/codes/fine_time/outputs/task_finetuning/tasks/frozen/chronos_bolt/univariate/CPHL/H/long/run_0

============================================================
All experiments completed!
Results saved to: /scratch/users/h61084/codes/fine_time/outputs/task_finetuning/tasks/frozen
============================================================
[11/90] evaluate chronos_bolt task_finetuned on CPHL/H/long
Loading configuration...

============================================================
Dataset: CPHL/H
Model: amazon/chronos-bolt-base
Terms: ['long']
Instance normalization: none
============================================================
Loading Chronos-Bolt model: amazon/chronos-bolt-base from /fslarge/scratch/users/h61084/codes/fine_time/outputs/task_finetuning/checkpoints/chronos_bolt/CPHL/H/long/run_0/finetuned-ckpt...
[2026-09-29 10:54:09 UTC] resources selected_device {"device": "cuda", "model": "chronos_bolt", "stage": "forecast"}

--- Term: long ---
  Config: prediction_length=336, test_length=672, val_length=672
  Dataset info:
    - Frequency: H
    - Num series: 4
    - Target dim: 1
    - Target mode: univariate
    - Series length: min=2490, max=8783, avg=4971.2
    - Test split: 672 steps
    - Prediction length: 336
    - Windows: 2
TIME run allocation action=new run=/fslarge/scratch/users/h61084/codes/fine_time/outputs/task_finetuning/tasks/inference/chronos_bolt/univariate/CPHL/H/long/run_1 launch_id=selena_fine_time_20260929T092621Z_11326 slurm_job_id=3607388 launched_at=2026-09-29T10:54:10.813155+00:00
  Preparing input batches from Test split data...
    Total instances to forecast: 8
  Running predictions (Batch size: 32)...
TIME run allocation action=new run=/fslarge/scratch/users/h61084/codes/fine_time/outputs/task_finetuning/tasks/task_finetuned/chronos_bolt/univariate/CPHL/H/long/run_0 launch_id=selena_fine_time_20260929T092621Z_11326 slurm_job_id=3607388 launched_at=2026-09-29T10:54:11.196639+00:00
    Total instances: 8, Series during experiment: 4, Windows: 2
    Collecting ground truth and context...
    Organizing data into arrays...
    Saved predictions (quantiles) to /fslarge/scratch/users/h61084/codes/fine_time/outputs/task_finetuning/tasks/task_finetuned/chronos_bolt/univariate/CPHL/H/long/run_0/predictions.npz
    Computing per-window metrics...
    Saved metrics to /fslarge/scratch/users/h61084/codes/fine_time/outputs/task_finetuning/tasks/task_finetuned/chronos_bolt/univariate/CPHL/H/long/run_0/metrics.npz
    Saved aggregate metrics to /fslarge/scratch/users/h61084/codes/fine_time/outputs/task_finetuning/tasks/task_finetuned/chronos_bolt/univariate/CPHL/H/long/run_0/metrics_summary.json
    Metrics summary (averaged over all series/windows/variates):
      MSE: 0.5811
      MAE: 0.4904
      RMSE: 0.6197
      MAPE: 0.5207
      sMAPE: 0.4885
      MASE: 2.1962
      ND: 0.4643
      CRPS: 0.3929
  Output: /fslarge/scratch/users/h61084/codes/fine_time/outputs/task_finetuning/tasks/task_finetuned/chronos_bolt/univariate/CPHL/H/long/run_0

============================================================
All experiments completed!
Results saved to: /scratch/users/h61084/codes/fine_time/outputs/task_finetuning/tasks/task_finetuned
============================================================
[12/90] evaluate chronos_bolt frozen on CPHL/H/medium
Loading configuration...

============================================================
Dataset: CPHL/H
Model: amazon/chronos-bolt-base
Terms: ['medium']
Instance normalization: none
============================================================
Loading Chronos-Bolt model: amazon/chronos-bolt-base from /fslarge/scratch/users/h61084/weights/chronos-bolt-base...
[2026-09-29 10:54:11 UTC] resources selected_device {"device": "cuda", "model": "chronos_bolt", "stage": "forecast"}

--- Term: medium ---
  Config: prediction_length=168, test_length=672, val_length=672
  Dataset info:
    - Frequency: H
    - Num series: 4
    - Target dim: 1
    - Target mode: univariate
    - Series length: min=2490, max=8783, avg=4971.2
    - Test split: 672 steps
    - Prediction length: 168
    - Windows: 4
TIME run allocation action=new run=/fslarge/scratch/users/h61084/codes/fine_time/outputs/task_finetuning/tasks/inference/chronos_bolt/univariate/CPHL/H/medium/run_0 launch_id=selena_fine_time_20260929T092621Z_11326 slurm_job_id=3607388 launched_at=2026-09-29T10:54:11.595239+00:00
  Preparing input batches from Test split data...
    Total instances to forecast: 16
  Running predictions (Batch size: 32)...
TIME run allocation action=new run=/fslarge/scratch/users/h61084/codes/fine_time/outputs/task_finetuning/tasks/frozen/chronos_bolt/univariate/CPHL/H/medium/run_0 launch_id=selena_fine_time_20260929T092621Z_11326 slurm_job_id=3607388 launched_at=2026-09-29T10:54:11.908590+00:00
    Total instances: 16, Series during experiment: 4, Windows: 4
    Collecting ground truth and context...
    Organizing data into arrays...
    Saved predictions (quantiles) to /fslarge/scratch/users/h61084/codes/fine_time/outputs/task_finetuning/tasks/frozen/chronos_bolt/univariate/CPHL/H/medium/run_0/predictions.npz
    Computing per-window metrics...
    Saved metrics to /fslarge/scratch/users/h61084/codes/fine_time/outputs/task_finetuning/tasks/frozen/chronos_bolt/univariate/CPHL/H/medium/run_0/metrics.npz
    Saved aggregate metrics to /fslarge/scratch/users/h61084/codes/fine_time/outputs/task_finetuning/tasks/frozen/chronos_bolt/univariate/CPHL/H/medium/run_0/metrics_summary.json
    Metrics summary (averaged over all series/windows/variates):
      MSE: 0.5275
      MAE: 0.4578
      RMSE: 0.5686
      MAPE: 0.4883
      sMAPE: 0.4368
      MASE: 1.9465
      ND: 0.4288
      CRPS: 0.3469
  Output: /fslarge/scratch/users/h61084/codes/fine_time/outputs/task_finetuning/tasks/frozen/chronos_bolt/univariate/CPHL/H/medium/run_0

============================================================
All experiments completed!
Results saved to: /scratch/users/h61084/codes/fine_time/outputs/task_finetuning/tasks/frozen
============================================================
[12/90] evaluate chronos_bolt task_finetuned on CPHL/H/medium
Loading configuration...

============================================================
Dataset: CPHL/H
Model: amazon/chronos-bolt-base
Terms: ['medium']
Instance normalization: none
============================================================
Loading Chronos-Bolt model: amazon/chronos-bolt-base from /fslarge/scratch/users/h61084/codes/fine_time/outputs/task_finetuning/checkpoints/chronos_bolt/CPHL/H/medium/run_0/finetuned-ckpt...
[2026-09-29 10:54:11 UTC] resources selected_device {"device": "cuda", "model": "chronos_bolt", "stage": "forecast"}

--- Term: medium ---
  Config: prediction_length=168, test_length=672, val_length=672
  Dataset info:
    - Frequency: H
    - Num series: 4
    - Target dim: 1
    - Target mode: univariate
    - Series length: min=2490, max=8783, avg=4971.2
    - Test split: 672 steps
    - Prediction length: 168
    - Windows: 4
TIME run allocation action=new run=/fslarge/scratch/users/h61084/codes/fine_time/outputs/task_finetuning/tasks/inference/chronos_bolt/univariate/CPHL/H/medium/run_1 launch_id=selena_fine_time_20260929T092621Z_11326 slurm_job_id=3607388 launched_at=2026-09-29T10:54:13.567189+00:00
  Preparing input batches from Test split data...
    Total instances to forecast: 16
  Running predictions (Batch size: 32)...
TIME run allocation action=new run=/fslarge/scratch/users/h61084/codes/fine_time/outputs/task_finetuning/tasks/task_finetuned/chronos_bolt/univariate/CPHL/H/medium/run_0 launch_id=selena_fine_time_20260929T092621Z_11326 slurm_job_id=3607388 launched_at=2026-09-29T10:54:13.879473+00:00
    Total instances: 16, Series during experiment: 4, Windows: 4
    Collecting ground truth and context...
    Organizing data into arrays...
    Saved predictions (quantiles) to /fslarge/scratch/users/h61084/codes/fine_time/outputs/task_finetuning/tasks/task_finetuned/chronos_bolt/univariate/CPHL/H/medium/run_0/predictions.npz
    Computing per-window metrics...
    Saved metrics to /fslarge/scratch/users/h61084/codes/fine_time/outputs/task_finetuning/tasks/task_finetuned/chronos_bolt/univariate/CPHL/H/medium/run_0/metrics.npz
    Saved aggregate metrics to /fslarge/scratch/users/h61084/codes/fine_time/outputs/task_finetuning/tasks/task_finetuned/chronos_bolt/univariate/CPHL/H/medium/run_0/metrics_summary.json
    Metrics summary (averaged over all series/windows/variates):
      MSE: 0.5286
      MAE: 0.4565
      RMSE: 0.5667
      MAPE: 0.4726
      sMAPE: 0.4388
      MASE: 1.9401
      ND: 0.4169
      CRPS: 0.3415
  Output: /fslarge/scratch/users/h61084/codes/fine_time/outputs/task_finetuning/tasks/task_finetuned/chronos_bolt/univariate/CPHL/H/medium/run_0

============================================================
All experiments completed!
Results saved to: /scratch/users/h61084/codes/fine_time/outputs/task_finetuning/tasks/task_finetuned
============================================================
[13/90] evaluate chronos_bolt frozen on CPHL/H/short
Loading configuration...

============================================================
Dataset: CPHL/H
Model: amazon/chronos-bolt-base
Terms: ['short']
Instance normalization: none
============================================================
Loading Chronos-Bolt model: amazon/chronos-bolt-base from /fslarge/scratch/users/h61084/weights/chronos-bolt-base...
[2026-09-29 10:54:13 UTC] resources selected_device {"device": "cuda", "model": "chronos_bolt", "stage": "forecast"}

--- Term: short ---
  Config: prediction_length=24, test_length=672, val_length=672
  Dataset info:
    - Frequency: H
    - Num series: 4
    - Target dim: 1
    - Target mode: univariate
    - Series length: min=2490, max=8783, avg=4971.2
    - Test split: 672 steps
    - Prediction length: 24
    - Windows: 28
TIME run allocation action=new run=/fslarge/scratch/users/h61084/codes/fine_time/outputs/task_finetuning/tasks/inference/chronos_bolt/univariate/CPHL/H/short/run_0 launch_id=selena_fine_time_20260929T092621Z_11326 slurm_job_id=3607388 launched_at=2026-09-29T10:54:14.280184+00:00
  Preparing input batches from Test split data...
    Total instances to forecast: 112
  Running predictions (Batch size: 32)...
TIME run allocation action=new run=/fslarge/scratch/users/h61084/codes/fine_time/outputs/task_finetuning/tasks/frozen/chronos_bolt/univariate/CPHL/H/short/run_0 launch_id=selena_fine_time_20260929T092621Z_11326 slurm_job_id=3607388 launched_at=2026-09-29T10:54:14.427841+00:00
    Total instances: 112, Series during experiment: 4, Windows: 28
    Collecting ground truth and context...
    Organizing data into arrays...
    Saved predictions (quantiles) to /fslarge/scratch/users/h61084/codes/fine_time/outputs/task_finetuning/tasks/frozen/chronos_bolt/univariate/CPHL/H/short/run_0/predictions.npz
    Computing per-window metrics...
    Saved metrics to /fslarge/scratch/users/h61084/codes/fine_time/outputs/task_finetuning/tasks/frozen/chronos_bolt/univariate/CPHL/H/short/run_0/metrics.npz
    Saved aggregate metrics to /fslarge/scratch/users/h61084/codes/fine_time/outputs/task_finetuning/tasks/frozen/chronos_bolt/univariate/CPHL/H/short/run_0/metrics_summary.json
    Metrics summary (averaged over all series/windows/variates):
      MSE: 0.3898
      MAE: 0.3531
      RMSE: 0.4289
      MAPE: 0.3400
      sMAPE: 0.3042
      MASE: 1.3161
      ND: 0.2990
      CRPS: 0.2316
  Output: /fslarge/scratch/users/h61084/codes/fine_time/outputs/task_finetuning/tasks/frozen/chronos_bolt/univariate/CPHL/H/short/run_0

============================================================
All experiments completed!
Results saved to: /scratch/users/h61084/codes/fine_time/outputs/task_finetuning/tasks/frozen
============================================================
[13/90] evaluate chronos_bolt task_finetuned on CPHL/H/short
Loading configuration...

============================================================
Dataset: CPHL/H
Model: amazon/chronos-bolt-base
Terms: ['short']
Instance normalization: none
============================================================
Loading Chronos-Bolt model: amazon/chronos-bolt-base from /fslarge/scratch/users/h61084/codes/fine_time/outputs/task_finetuning/checkpoints/chronos_bolt/CPHL/H/short/run_0/finetuned-ckpt...
[2026-09-29 10:54:14 UTC] resources selected_device {"device": "cuda", "model": "chronos_bolt", "stage": "forecast"}

--- Term: short ---
  Config: prediction_length=24, test_length=672, val_length=672
  Dataset info:
    - Frequency: H
    - Num series: 4
    - Target dim: 1
    - Target mode: univariate
    - Series length: min=2490, max=8783, avg=4971.2
    - Test split: 672 steps
    - Prediction length: 24
    - Windows: 28
TIME run allocation action=new run=/fslarge/scratch/users/h61084/codes/fine_time/outputs/task_finetuning/tasks/inference/chronos_bolt/univariate/CPHL/H/short/run_1 launch_id=selena_fine_time_20260929T092621Z_11326 slurm_job_id=3607388 launched_at=2026-09-29T10:54:16.207646+00:00
  Preparing input batches from Test split data...
    Total instances to forecast: 112
  Running predictions (Batch size: 32)...
TIME run allocation action=new run=/fslarge/scratch/users/h61084/codes/fine_time/outputs/task_finetuning/tasks/task_finetuned/chronos_bolt/univariate/CPHL/H/short/run_0 launch_id=selena_fine_time_20260929T092621Z_11326 slurm_job_id=3607388 launched_at=2026-09-29T10:54:16.355577+00:00
    Total instances: 112, Series during experiment: 4, Windows: 28
    Collecting ground truth and context...
    Organizing data into arrays...
    Saved predictions (quantiles) to /fslarge/scratch/users/h61084/codes/fine_time/outputs/task_finetuning/tasks/task_finetuned/chronos_bolt/univariate/CPHL/H/short/run_0/predictions.npz
    Computing per-window metrics...
    Saved metrics to /fslarge/scratch/users/h61084/codes/fine_time/outputs/task_finetuning/tasks/task_finetuned/chronos_bolt/univariate/CPHL/H/short/run_0/metrics.npz
    Saved aggregate metrics to /fslarge/scratch/users/h61084/codes/fine_time/outputs/task_finetuning/tasks/task_finetuned/chronos_bolt/univariate/CPHL/H/short/run_0/metrics_summary.json
    Metrics summary (averaged over all series/windows/variates):
      MSE: 0.3856
      MAE: 0.3578
      RMSE: 0.4339
      MAPE: 0.3513
      sMAPE: 0.3097
      MASE: 1.3478
      ND: 0.3103
      CRPS: 0.2400
  Output: /fslarge/scratch/users/h61084/codes/fine_time/outputs/task_finetuning/tasks/task_finetuned/chronos_bolt/univariate/CPHL/H/short/run_0

============================================================
All experiments completed!
Results saved to: /scratch/users/h61084/codes/fine_time/outputs/task_finetuning/tasks/task_finetuned
============================================================
[14/90] evaluate chronos_bolt frozen on Coastal_T_S/15T/long
Loading configuration...

============================================================
Dataset: Coastal_T_S/15T
Model: amazon/chronos-bolt-base
Terms: ['long']
Instance normalization: none
============================================================
Loading Chronos-Bolt model: amazon/chronos-bolt-base from /fslarge/scratch/users/h61084/weights/chronos-bolt-base...
[2026-09-29 10:54:16 UTC] resources selected_device {"device": "cuda", "model": "chronos_bolt", "stage": "forecast"}

--- Term: long ---
  Config: prediction_length=288, test_length=1440, val_length=1440
  Dataset info:
    - Frequency: 15T
    - Num series: 5
    - Target dim: 3
    - Target mode: univariate
    - Series length: min=16686, max=23134, avg=20870.2
    - Test split: 1440 steps
    - Prediction length: 288
    - Windows: 5
TIME run allocation action=new run=/fslarge/scratch/users/h61084/codes/fine_time/outputs/task_finetuning/tasks/inference/chronos_bolt/univariate/Coastal_T_S/15T/long/run_0 launch_id=selena_fine_time_20260929T092621Z_11326 slurm_job_id=3607388 launched_at=2026-09-29T10:54:16.936580+00:00
  Preparing input batches from Test split data...
    Total instances to forecast: 75
  Running predictions (Batch size: 32)...
TIME run allocation action=new run=/fslarge/scratch/users/h61084/codes/fine_time/outputs/task_finetuning/tasks/frozen/chronos_bolt/univariate/Coastal_T_S/15T/long/run_0 launch_id=selena_fine_time_20260929T092621Z_11326 slurm_job_id=3607388 launched_at=2026-09-29T10:54:19.585007+00:00
    Total instances: 75, Series during experiment: 15, Windows: 5
    Collecting ground truth and context...
    Detected to_univariate case: 15 flat series -> 5 series x 3 variates
    Organizing data into arrays...
    Saved predictions (quantiles) to /fslarge/scratch/users/h61084/codes/fine_time/outputs/task_finetuning/tasks/frozen/chronos_bolt/univariate/Coastal_T_S/15T/long/run_0/predictions.npz
    Computing per-window metrics...
    Saved metrics to /fslarge/scratch/users/h61084/codes/fine_time/outputs/task_finetuning/tasks/frozen/chronos_bolt/univariate/Coastal_T_S/15T/long/run_0/metrics.npz
    Saved aggregate metrics to /fslarge/scratch/users/h61084/codes/fine_time/outputs/task_finetuning/tasks/frozen/chronos_bolt/univariate/Coastal_T_S/15T/long/run_0/metrics_summary.json
    Metrics summary (averaged over all series/windows/variates):
      MSE: 110.1648
      MAE: 4.7410
      RMSE: 4.8775
      MAPE: 0.1414
      sMAPE: 0.1223
      MASE: 1.3759
      ND: 0.1160
      CRPS: 0.0776
  Output: /fslarge/scratch/users/h61084/codes/fine_time/outputs/task_finetuning/tasks/frozen/chronos_bolt/univariate/Coastal_T_S/15T/long/run_0

============================================================
All experiments completed!
Results saved to: /scratch/users/h61084/codes/fine_time/outputs/task_finetuning/tasks/frozen
============================================================
[14/90] evaluate chronos_bolt task_finetuned on Coastal_T_S/15T/long
Loading configuration...

============================================================
Dataset: Coastal_T_S/15T
Model: amazon/chronos-bolt-base
Terms: ['long']
Instance normalization: none
============================================================
Loading Chronos-Bolt model: amazon/chronos-bolt-base from /fslarge/scratch/users/h61084/codes/fine_time/outputs/task_finetuning/checkpoints/chronos_bolt/Coastal_T_S/15T/long/run_0/finetuned-ckpt...
[2026-09-29 10:54:19 UTC] resources selected_device {"device": "cuda", "model": "chronos_bolt", "stage": "forecast"}

--- Term: long ---
  Config: prediction_length=288, test_length=1440, val_length=1440
  Dataset info:
    - Frequency: 15T
    - Num series: 5
    - Target dim: 3
    - Target mode: univariate
    - Series length: min=16686, max=23134, avg=20870.2
    - Test split: 1440 steps
    - Prediction length: 288
    - Windows: 5
TIME run allocation action=new run=/fslarge/scratch/users/h61084/codes/fine_time/outputs/task_finetuning/tasks/inference/chronos_bolt/univariate/Coastal_T_S/15T/long/run_1 launch_id=selena_fine_time_20260929T092621Z_11326 slurm_job_id=3607388 launched_at=2026-09-29T10:54:21.317969+00:00
  Preparing input batches from Test split data...
    Total instances to forecast: 75
  Running predictions (Batch size: 32)...
TIME run allocation action=new run=/fslarge/scratch/users/h61084/codes/fine_time/outputs/task_finetuning/tasks/task_finetuned/chronos_bolt/univariate/Coastal_T_S/15T/long/run_0 launch_id=selena_fine_time_20260929T092621Z_11326 slurm_job_id=3607388 launched_at=2026-09-29T10:54:23.968824+00:00
    Total instances: 75, Series during experiment: 15, Windows: 5
    Collecting ground truth and context...
    Detected to_univariate case: 15 flat series -> 5 series x 3 variates
    Organizing data into arrays...
    Saved predictions (quantiles) to /fslarge/scratch/users/h61084/codes/fine_time/outputs/task_finetuning/tasks/task_finetuned/chronos_bolt/univariate/Coastal_T_S/15T/long/run_0/predictions.npz
    Computing per-window metrics...
    Saved metrics to /fslarge/scratch/users/h61084/codes/fine_time/outputs/task_finetuning/tasks/task_finetuned/chronos_bolt/univariate/Coastal_T_S/15T/long/run_0/metrics.npz
    Saved aggregate metrics to /fslarge/scratch/users/h61084/codes/fine_time/outputs/task_finetuning/tasks/task_finetuned/chronos_bolt/univariate/Coastal_T_S/15T/long/run_0/metrics_summary.json
    Metrics summary (averaged over all series/windows/variates):
      MSE: 108.7345
      MAE: 4.7524
      RMSE: 4.8624
      MAPE: 0.1469
      sMAPE: 0.1226
      MASE: 1.4038
      ND: 0.1165
      CRPS: 0.0760
  Output: /fslarge/scratch/users/h61084/codes/fine_time/outputs/task_finetuning/tasks/task_finetuned/chronos_bolt/univariate/Coastal_T_S/15T/long/run_0

============================================================
All experiments completed!
Results saved to: /scratch/users/h61084/codes/fine_time/outputs/task_finetuning/tasks/task_finetuned
============================================================
[15/90] evaluate chronos_bolt frozen on Coastal_T_S/15T/medium
Loading configuration...

============================================================
Dataset: Coastal_T_S/15T
Model: amazon/chronos-bolt-base
Terms: ['medium']
Instance normalization: none
============================================================
Loading Chronos-Bolt model: amazon/chronos-bolt-base from /fslarge/scratch/users/h61084/weights/chronos-bolt-base...
[2026-09-29 10:54:24 UTC] resources selected_device {"device": "cuda", "model": "chronos_bolt", "stage": "forecast"}

--- Term: medium ---
  Config: prediction_length=96, test_length=1440, val_length=1440
  Dataset info:
    - Frequency: 15T
    - Num series: 5
    - Target dim: 3
    - Target mode: univariate
    - Series length: min=16686, max=23134, avg=20870.2
    - Test split: 1440 steps
    - Prediction length: 96
    - Windows: 15
TIME run allocation action=new run=/fslarge/scratch/users/h61084/codes/fine_time/outputs/task_finetuning/tasks/inference/chronos_bolt/univariate/Coastal_T_S/15T/medium/run_0 launch_id=selena_fine_time_20260929T092621Z_11326 slurm_job_id=3607388 launched_at=2026-09-29T10:54:24.423259+00:00
  Preparing input batches from Test split data...
    Total instances to forecast: 225
  Running predictions (Batch size: 32)...
TIME run allocation action=new run=/fslarge/scratch/users/h61084/codes/fine_time/outputs/task_finetuning/tasks/frozen/chronos_bolt/univariate/Coastal_T_S/15T/medium/run_0 launch_id=selena_fine_time_20260929T092621Z_11326 slurm_job_id=3607388 launched_at=2026-09-29T10:54:26.626142+00:00
    Total instances: 225, Series during experiment: 15, Windows: 15
    Collecting ground truth and context...
    Detected to_univariate case: 15 flat series -> 5 series x 3 variates
    Organizing data into arrays...
    Saved predictions (quantiles) to /fslarge/scratch/users/h61084/codes/fine_time/outputs/task_finetuning/tasks/frozen/chronos_bolt/univariate/Coastal_T_S/15T/medium/run_0/predictions.npz
    Computing per-window metrics...
    Saved metrics to /fslarge/scratch/users/h61084/codes/fine_time/outputs/task_finetuning/tasks/frozen/chronos_bolt/univariate/Coastal_T_S/15T/medium/run_0/metrics.npz
    Saved aggregate metrics to /fslarge/scratch/users/h61084/codes/fine_time/outputs/task_finetuning/tasks/frozen/chronos_bolt/univariate/Coastal_T_S/15T/medium/run_0/metrics_summary.json
    Metrics summary (averaged over all series/windows/variates):
      MSE: 111.3977
      MAE: 4.7236
      RMSE: 4.8761
      MAPE: 0.1385
      sMAPE: 0.1215
      MASE: 1.2547
      ND: 0.1153
      CRPS: 0.0735
  Output: /fslarge/scratch/users/h61084/codes/fine_time/outputs/task_finetuning/tasks/frozen/chronos_bolt/univariate/Coastal_T_S/15T/medium/run_0

============================================================
All experiments completed!
Results saved to: /scratch/users/h61084/codes/fine_time/outputs/task_finetuning/tasks/frozen
============================================================
[15/90] evaluate chronos_bolt task_finetuned on Coastal_T_S/15T/medium
Loading configuration...

============================================================
Dataset: Coastal_T_S/15T
Model: amazon/chronos-bolt-base
Terms: ['medium']
Instance normalization: none
============================================================
Loading Chronos-Bolt model: amazon/chronos-bolt-base from /fslarge/scratch/users/h61084/codes/fine_time/outputs/task_finetuning/checkpoints/chronos_bolt/Coastal_T_S/15T/medium/run_0/finetuned-ckpt...
[2026-09-29 10:54:26 UTC] resources selected_device {"device": "cuda", "model": "chronos_bolt", "stage": "forecast"}

--- Term: medium ---
  Config: prediction_length=96, test_length=1440, val_length=1440
  Dataset info:
    - Frequency: 15T
    - Num series: 5
    - Target dim: 3
    - Target mode: univariate
    - Series length: min=16686, max=23134, avg=20870.2
    - Test split: 1440 steps
    - Prediction length: 96
    - Windows: 15
TIME run allocation action=new run=/fslarge/scratch/users/h61084/codes/fine_time/outputs/task_finetuning/tasks/inference/chronos_bolt/univariate/Coastal_T_S/15T/medium/run_1 launch_id=selena_fine_time_20260929T092621Z_11326 slurm_job_id=3607388 launched_at=2026-09-29T10:54:28.414357+00:00
  Preparing input batches from Test split data...
    Total instances to forecast: 225
  Running predictions (Batch size: 32)...
TIME run allocation action=new run=/fslarge/scratch/users/h61084/codes/fine_time/outputs/task_finetuning/tasks/task_finetuned/chronos_bolt/univariate/Coastal_T_S/15T/medium/run_0 launch_id=selena_fine_time_20260929T092621Z_11326 slurm_job_id=3607388 launched_at=2026-09-29T10:54:30.596211+00:00
    Total instances: 225, Series during experiment: 15, Windows: 15
    Collecting ground truth and context...
    Detected to_univariate case: 15 flat series -> 5 series x 3 variates
    Organizing data into arrays...
    Saved predictions (quantiles) to /fslarge/scratch/users/h61084/codes/fine_time/outputs/task_finetuning/tasks/task_finetuned/chronos_bolt/univariate/Coastal_T_S/15T/medium/run_0/predictions.npz
    Computing per-window metrics...
    Saved metrics to /fslarge/scratch/users/h61084/codes/fine_time/outputs/task_finetuning/tasks/task_finetuned/chronos_bolt/univariate/Coastal_T_S/15T/medium/run_0/metrics.npz
    Saved aggregate metrics to /fslarge/scratch/users/h61084/codes/fine_time/outputs/task_finetuning/tasks/task_finetuned/chronos_bolt/univariate/Coastal_T_S/15T/medium/run_0/metrics_summary.json
    Metrics summary (averaged over all series/windows/variates):
      MSE: 107.9386
      MAE: 4.7404
      RMSE: 4.8164
      MAPE: 0.1511
      sMAPE: 0.1215
      MASE: 1.2608
      ND: 0.1159
      CRPS: 0.0707
  Output: /fslarge/scratch/users/h61084/codes/fine_time/outputs/task_finetuning/tasks/task_finetuned/chronos_bolt/univariate/Coastal_T_S/15T/medium/run_0

============================================================
All experiments completed!
Results saved to: /scratch/users/h61084/codes/fine_time/outputs/task_finetuning/tasks/task_finetuned
============================================================
[16/90] evaluate chronos_bolt frozen on Coastal_T_S/15T/short
Loading configuration...

============================================================
Dataset: Coastal_T_S/15T
Model: amazon/chronos-bolt-base
Terms: ['short']
Instance normalization: none
============================================================
Loading Chronos-Bolt model: amazon/chronos-bolt-base from /fslarge/scratch/users/h61084/weights/chronos-bolt-base...
[2026-09-29 10:54:30 UTC] resources selected_device {"device": "cuda", "model": "chronos_bolt", "stage": "forecast"}

--- Term: short ---
  Config: prediction_length=12, test_length=1440, val_length=1440
  Dataset info:
    - Frequency: 15T
    - Num series: 5
    - Target dim: 3
    - Target mode: univariate
    - Series length: min=16686, max=23134, avg=20870.2
    - Test split: 1440 steps
    - Prediction length: 12
    - Windows: 120
TIME run allocation action=new run=/fslarge/scratch/users/h61084/codes/fine_time/outputs/task_finetuning/tasks/inference/chronos_bolt/univariate/Coastal_T_S/15T/short/run_0 launch_id=selena_fine_time_20260929T092621Z_11326 slurm_job_id=3607388 launched_at=2026-09-29T10:54:31.098149+00:00
  Preparing input batches from Test split data...
    Total instances to forecast: 1800
  Running predictions (Batch size: 32)...
    Processed 320/1800...
    Processed 640/1800...
    Processed 960/1800...
    Processed 1280/1800...
    Processed 1600/1800...
TIME run allocation action=new run=/fslarge/scratch/users/h61084/codes/fine_time/outputs/task_finetuning/tasks/frozen/chronos_bolt/univariate/Coastal_T_S/15T/short/run_0 launch_id=selena_fine_time_20260929T092621Z_11326 slurm_job_id=3607388 launched_at=2026-09-29T10:54:33.176231+00:00
    Total instances: 1800, Series during experiment: 15, Windows: 120
    Collecting ground truth and context...
    Detected to_univariate case: 15 flat series -> 5 series x 3 variates
    Organizing data into arrays...
    Saved predictions (quantiles) to /fslarge/scratch/users/h61084/codes/fine_time/outputs/task_finetuning/tasks/frozen/chronos_bolt/univariate/Coastal_T_S/15T/short/run_0/predictions.npz
    Computing per-window metrics...
    Saved metrics to /fslarge/scratch/users/h61084/codes/fine_time/outputs/task_finetuning/tasks/frozen/chronos_bolt/univariate/Coastal_T_S/15T/short/run_0/metrics.npz
    Saved aggregate metrics to /fslarge/scratch/users/h61084/codes/fine_time/outputs/task_finetuning/tasks/frozen/chronos_bolt/univariate/Coastal_T_S/15T/short/run_0/metrics_summary.json
    Metrics summary (averaged over all series/windows/variates):
      MSE: 113.6218
      MAE: 4.6778
      RMSE: 4.8684
      MAPE: 0.1344
      sMAPE: 0.1200
      MASE: 1.1376
      ND: 0.1154
      CRPS: 0.0738
  Output: /fslarge/scratch/users/h61084/codes/fine_time/outputs/task_finetuning/tasks/frozen/chronos_bolt/univariate/Coastal_T_S/15T/short/run_0

============================================================
All experiments completed!
Results saved to: /scratch/users/h61084/codes/fine_time/outputs/task_finetuning/tasks/frozen
============================================================
[16/90] evaluate chronos_bolt task_finetuned on Coastal_T_S/15T/short
Loading configuration...

============================================================
Dataset: Coastal_T_S/15T
Model: amazon/chronos-bolt-base
Terms: ['short']
Instance normalization: none
============================================================
Loading Chronos-Bolt model: amazon/chronos-bolt-base from /fslarge/scratch/users/h61084/codes/fine_time/outputs/task_finetuning/checkpoints/chronos_bolt/Coastal_T_S/15T/short/run_0/finetuned-ckpt...
[2026-09-29 10:54:33 UTC] resources selected_device {"device": "cuda", "model": "chronos_bolt", "stage": "forecast"}

--- Term: short ---
  Config: prediction_length=12, test_length=1440, val_length=1440
  Dataset info:
    - Frequency: 15T
    - Num series: 5
    - Target dim: 3
    - Target mode: univariate
    - Series length: min=16686, max=23134, avg=20870.2
    - Test split: 1440 steps
    - Prediction length: 12
    - Windows: 120
TIME run allocation action=new run=/fslarge/scratch/users/h61084/codes/fine_time/outputs/task_finetuning/tasks/inference/chronos_bolt/univariate/Coastal_T_S/15T/short/run_1 launch_id=selena_fine_time_20260929T092621Z_11326 slurm_job_id=3607388 launched_at=2026-09-29T10:54:35.526499+00:00
  Preparing input batches from Test split data...
    Total instances to forecast: 1800
  Running predictions (Batch size: 32)...
    Processed 320/1800...
    Processed 640/1800...
    Processed 960/1800...
    Processed 1280/1800...
    Processed 1600/1800...
TIME run allocation action=new run=/fslarge/scratch/users/h61084/codes/fine_time/outputs/task_finetuning/tasks/task_finetuned/chronos_bolt/univariate/Coastal_T_S/15T/short/run_0 launch_id=selena_fine_time_20260929T092621Z_11326 slurm_job_id=3607388 launched_at=2026-09-29T10:54:37.604416+00:00
    Total instances: 1800, Series during experiment: 15, Windows: 120
    Collecting ground truth and context...
    Detected to_univariate case: 15 flat series -> 5 series x 3 variates
    Organizing data into arrays...
    Saved predictions (quantiles) to /fslarge/scratch/users/h61084/codes/fine_time/outputs/task_finetuning/tasks/task_finetuned/chronos_bolt/univariate/Coastal_T_S/15T/short/run_0/predictions.npz
    Computing per-window metrics...
    Saved metrics to /fslarge/scratch/users/h61084/codes/fine_time/outputs/task_finetuning/tasks/task_finetuned/chronos_bolt/univariate/Coastal_T_S/15T/short/run_0/metrics.npz
    Saved aggregate metrics to /fslarge/scratch/users/h61084/codes/fine_time/outputs/task_finetuning/tasks/task_finetuned/chronos_bolt/univariate/Coastal_T_S/15T/short/run_0/metrics_summary.json
    Metrics summary (averaged over all series/windows/variates):
      MSE: 110.2541
      MAE: 4.6849
      RMSE: 4.8121
      MAPE: 0.1373
      sMAPE: 0.1203
      MASE: 1.1381
      ND: 0.1158
      CRPS: 0.0715
  Output: /fslarge/scratch/users/h61084/codes/fine_time/outputs/task_finetuning/tasks/task_finetuned/chronos_bolt/univariate/Coastal_T_S/15T/short/run_0

============================================================
All experiments completed!
Results saved to: /scratch/users/h61084/codes/fine_time/outputs/task_finetuning/tasks/task_finetuned
============================================================
[17/90] evaluate chronos_bolt frozen on Coastal_T_S/20T/long
Loading configuration...

============================================================
Dataset: Coastal_T_S/20T
Model: amazon/chronos-bolt-base
Terms: ['long']
Instance normalization: none
============================================================
Loading Chronos-Bolt model: amazon/chronos-bolt-base from /fslarge/scratch/users/h61084/weights/chronos-bolt-base...
[2026-09-29 10:54:38 UTC] resources selected_device {"device": "cuda", "model": "chronos_bolt", "stage": "forecast"}

--- Term: long ---
  Config: prediction_length=216, test_length=1080, val_length=1080
  Dataset info:
    - Frequency: 20T
    - Num series: 1
    - Target dim: 3
    - Target mode: univariate
    - Series length: min=8198, max=8198, avg=8198.0
    - Test split: 1080 steps
    - Prediction length: 216
    - Windows: 5
TIME run allocation action=new run=/fslarge/scratch/users/h61084/codes/fine_time/outputs/task_finetuning/tasks/inference/chronos_bolt/univariate/Coastal_T_S/20T/long/run_0 launch_id=selena_fine_time_20260929T092621Z_11326 slurm_job_id=3607388 launched_at=2026-09-29T10:54:38.594322+00:00
  Preparing input batches from Test split data...
    Total instances to forecast: 15
  Running predictions (Batch size: 32)...
TIME run allocation action=new run=/fslarge/scratch/users/h61084/codes/fine_time/outputs/task_finetuning/tasks/frozen/chronos_bolt/univariate/Coastal_T_S/20T/long/run_0 launch_id=selena_fine_time_20260929T092621Z_11326 slurm_job_id=3607388 launched_at=2026-09-29T10:54:39.033774+00:00
    Total instances: 15, Series during experiment: 3, Windows: 5
    Collecting ground truth and context...
    Detected to_univariate case: 3 flat series -> 1 series x 3 variates
    Organizing data into arrays...
    Saved predictions (quantiles) to /fslarge/scratch/users/h61084/codes/fine_time/outputs/task_finetuning/tasks/frozen/chronos_bolt/univariate/Coastal_T_S/20T/long/run_0/predictions.npz
    Computing per-window metrics...
    Saved metrics to /fslarge/scratch/users/h61084/codes/fine_time/outputs/task_finetuning/tasks/frozen/chronos_bolt/univariate/Coastal_T_S/20T/long/run_0/metrics.npz
    Saved aggregate metrics to /fslarge/scratch/users/h61084/codes/fine_time/outputs/task_finetuning/tasks/frozen/chronos_bolt/univariate/Coastal_T_S/20T/long/run_0/metrics_summary.json
    Metrics summary (averaged over all series/windows/variates):
      MSE: 0.2062
      MAE: 0.3311
      RMSE: 0.4023
      MAPE: 0.0147
      sMAPE: 0.0147
      MASE: 2.3705
      ND: 0.0147
      CRPS: 0.0119
  Output: /fslarge/scratch/users/h61084/codes/fine_time/outputs/task_finetuning/tasks/frozen/chronos_bolt/univariate/Coastal_T_S/20T/long/run_0

============================================================
All experiments completed!
Results saved to: /scratch/users/h61084/codes/fine_time/outputs/task_finetuning/tasks/frozen
============================================================
[17/90] evaluate chronos_bolt task_finetuned on Coastal_T_S/20T/long
Loading configuration...

============================================================
Dataset: Coastal_T_S/20T
Model: amazon/chronos-bolt-base
Terms: ['long']
Instance normalization: none
============================================================
Loading Chronos-Bolt model: amazon/chronos-bolt-base from /fslarge/scratch/users/h61084/codes/fine_time/outputs/task_finetuning/checkpoints/chronos_bolt/Coastal_T_S/20T/long/run_0/finetuned-ckpt...
[2026-09-29 10:54:39 UTC] resources selected_device {"device": "cuda", "model": "chronos_bolt", "stage": "forecast"}

--- Term: long ---
  Config: prediction_length=216, test_length=1080, val_length=1080
  Dataset info:
    - Frequency: 20T
    - Num series: 1
    - Target dim: 3
    - Target mode: univariate
    - Series length: min=8198, max=8198, avg=8198.0
    - Test split: 1080 steps
    - Prediction length: 216
    - Windows: 5
TIME run allocation action=new run=/fslarge/scratch/users/h61084/codes/fine_time/outputs/task_finetuning/tasks/inference/chronos_bolt/univariate/Coastal_T_S/20T/long/run_1 launch_id=selena_fine_time_20260929T092621Z_11326 slurm_job_id=3607388 launched_at=2026-09-29T10:54:40.611191+00:00
  Preparing input batches from Test split data...
    Total instances to forecast: 15
  Running predictions (Batch size: 32)...
TIME run allocation action=new run=/fslarge/scratch/users/h61084/codes/fine_time/outputs/task_finetuning/tasks/task_finetuned/chronos_bolt/univariate/Coastal_T_S/20T/long/run_0 launch_id=selena_fine_time_20260929T092621Z_11326 slurm_job_id=3607388 launched_at=2026-09-29T10:54:41.049987+00:00
    Total instances: 15, Series during experiment: 3, Windows: 5
    Collecting ground truth and context...
    Detected to_univariate case: 3 flat series -> 1 series x 3 variates
    Organizing data into arrays...
    Saved predictions (quantiles) to /fslarge/scratch/users/h61084/codes/fine_time/outputs/task_finetuning/tasks/task_finetuned/chronos_bolt/univariate/Coastal_T_S/20T/long/run_0/predictions.npz
    Computing per-window metrics...
    Saved metrics to /fslarge/scratch/users/h61084/codes/fine_time/outputs/task_finetuning/tasks/task_finetuned/chronos_bolt/univariate/Coastal_T_S/20T/long/run_0/metrics.npz
    Saved aggregate metrics to /fslarge/scratch/users/h61084/codes/fine_time/outputs/task_finetuning/tasks/task_finetuned/chronos_bolt/univariate/Coastal_T_S/20T/long/run_0/metrics_summary.json
    Metrics summary (averaged over all series/windows/variates):
      MSE: 0.1015
      MAE: 0.2164
      RMSE: 0.2702
      MAPE: 0.0090
      sMAPE: 0.0090
      MASE: 1.6636
      ND: 0.0090
      CRPS: 0.0074
  Output: /fslarge/scratch/users/h61084/codes/fine_time/outputs/task_finetuning/tasks/task_finetuned/chronos_bolt/univariate/Coastal_T_S/20T/long/run_0

============================================================
All experiments completed!
Results saved to: /scratch/users/h61084/codes/fine_time/outputs/task_finetuning/tasks/task_finetuned
============================================================
[18/90] evaluate chronos_bolt frozen on Coastal_T_S/20T/medium
Loading configuration...

============================================================
Dataset: Coastal_T_S/20T
Model: amazon/chronos-bolt-base
Terms: ['medium']
Instance normalization: none
============================================================
Loading Chronos-Bolt model: amazon/chronos-bolt-base from /fslarge/scratch/users/h61084/weights/chronos-bolt-base...
[2026-09-29 10:54:41 UTC] resources selected_device {"device": "cuda", "model": "chronos_bolt", "stage": "forecast"}

--- Term: medium ---
  Config: prediction_length=72, test_length=1080, val_length=1080
  Dataset info:
    - Frequency: 20T
    - Num series: 1
    - Target dim: 3
    - Target mode: univariate
    - Series length: min=8198, max=8198, avg=8198.0
    - Test split: 1080 steps
    - Prediction length: 72
    - Windows: 15
TIME run allocation action=new run=/fslarge/scratch/users/h61084/codes/fine_time/outputs/task_finetuning/tasks/inference/chronos_bolt/univariate/Coastal_T_S/20T/medium/run_0 launch_id=selena_fine_time_20260929T092621Z_11326 slurm_job_id=3607388 launched_at=2026-09-29T10:54:41.456215+00:00
  Preparing input batches from Test split data...
    Total instances to forecast: 45
  Running predictions (Batch size: 32)...
TIME run allocation action=new run=/fslarge/scratch/users/h61084/codes/fine_time/outputs/task_finetuning/tasks/frozen/chronos_bolt/univariate/Coastal_T_S/20T/medium/run_0 launch_id=selena_fine_time_20260929T092621Z_11326 slurm_job_id=3607388 launched_at=2026-09-29T10:54:41.886173+00:00
    Total instances: 45, Series during experiment: 3, Windows: 15
    Collecting ground truth and context...
    Detected to_univariate case: 3 flat series -> 1 series x 3 variates
    Organizing data into arrays...
    Saved predictions (quantiles) to /fslarge/scratch/users/h61084/codes/fine_time/outputs/task_finetuning/tasks/frozen/chronos_bolt/univariate/Coastal_T_S/20T/medium/run_0/predictions.npz
    Computing per-window metrics...
    Saved metrics to /fslarge/scratch/users/h61084/codes/fine_time/outputs/task_finetuning/tasks/frozen/chronos_bolt/univariate/Coastal_T_S/20T/medium/run_0/metrics.npz
    Saved aggregate metrics to /fslarge/scratch/users/h61084/codes/fine_time/outputs/task_finetuning/tasks/frozen/chronos_bolt/univariate/Coastal_T_S/20T/medium/run_0/metrics_summary.json
    Metrics summary (averaged over all series/windows/variates):
      MSE: 0.1288
      MAE: 0.2530
      RMSE: 0.3104
      MAPE: 0.0115
      sMAPE: 0.0114
      MASE: 1.7548
      ND: 0.0114
      CRPS: 0.0090
  Output: /fslarge/scratch/users/h61084/codes/fine_time/outputs/task_finetuning/tasks/frozen/chronos_bolt/univariate/Coastal_T_S/20T/medium/run_0

============================================================
All experiments completed!
Results saved to: /scratch/users/h61084/codes/fine_time/outputs/task_finetuning/tasks/frozen
============================================================
[18/90] evaluate chronos_bolt task_finetuned on Coastal_T_S/20T/medium
Loading configuration...

============================================================
Dataset: Coastal_T_S/20T
Model: amazon/chronos-bolt-base
Terms: ['medium']
Instance normalization: none
============================================================
Loading Chronos-Bolt model: amazon/chronos-bolt-base from /fslarge/scratch/users/h61084/codes/fine_time/outputs/task_finetuning/checkpoints/chronos_bolt/Coastal_T_S/20T/medium/run_0/finetuned-ckpt...
[2026-09-29 10:54:41 UTC] resources selected_device {"device": "cuda", "model": "chronos_bolt", "stage": "forecast"}

--- Term: medium ---
  Config: prediction_length=72, test_length=1080, val_length=1080
  Dataset info:
    - Frequency: 20T
    - Num series: 1
    - Target dim: 3
    - Target mode: univariate
    - Series length: min=8198, max=8198, avg=8198.0
    - Test split: 1080 steps
    - Prediction length: 72
    - Windows: 15
TIME run allocation action=new run=/fslarge/scratch/users/h61084/codes/fine_time/outputs/task_finetuning/tasks/inference/chronos_bolt/univariate/Coastal_T_S/20T/medium/run_1 launch_id=selena_fine_time_20260929T092621Z_11326 slurm_job_id=3607388 launched_at=2026-09-29T10:54:43.477027+00:00
  Preparing input batches from Test split data...
    Total instances to forecast: 45
  Running predictions (Batch size: 32)...
TIME run allocation action=new run=/fslarge/scratch/users/h61084/codes/fine_time/outputs/task_finetuning/tasks/task_finetuned/chronos_bolt/univariate/Coastal_T_S/20T/medium/run_0 launch_id=selena_fine_time_20260929T092621Z_11326 slurm_job_id=3607388 launched_at=2026-09-29T10:54:43.904048+00:00
    Total instances: 45, Series during experiment: 3, Windows: 15
    Collecting ground truth and context...
    Detected to_univariate case: 3 flat series -> 1 series x 3 variates
    Organizing data into arrays...
    Saved predictions (quantiles) to /fslarge/scratch/users/h61084/codes/fine_time/outputs/task_finetuning/tasks/task_finetuned/chronos_bolt/univariate/Coastal_T_S/20T/medium/run_0/predictions.npz
    Computing per-window metrics...
    Saved metrics to /fslarge/scratch/users/h61084/codes/fine_time/outputs/task_finetuning/tasks/task_finetuned/chronos_bolt/univariate/Coastal_T_S/20T/medium/run_0/metrics.npz
    Saved aggregate metrics to /fslarge/scratch/users/h61084/codes/fine_time/outputs/task_finetuning/tasks/task_finetuned/chronos_bolt/univariate/Coastal_T_S/20T/medium/run_0/metrics_summary.json
    Metrics summary (averaged over all series/windows/variates):
      MSE: 0.0373
      MAE: 0.1438
      RMSE: 0.1749
      MAPE: 0.0062
      sMAPE: 0.0062
      MASE: 1.0974
      ND: 0.0062
      CRPS: 0.0050
  Output: /fslarge/scratch/users/h61084/codes/fine_time/outputs/task_finetuning/tasks/task_finetuned/chronos_bolt/univariate/Coastal_T_S/20T/medium/run_0

============================================================
All experiments completed!
Results saved to: /scratch/users/h61084/codes/fine_time/outputs/task_finetuning/tasks/task_finetuned
============================================================
[19/90] evaluate chronos_bolt frozen on Coastal_T_S/20T/short
Loading configuration...

============================================================
Dataset: Coastal_T_S/20T
Model: amazon/chronos-bolt-base
Terms: ['short']
Instance normalization: none
============================================================
Loading Chronos-Bolt model: amazon/chronos-bolt-base from /fslarge/scratch/users/h61084/weights/chronos-bolt-base...
[2026-09-29 10:54:43 UTC] resources selected_device {"device": "cuda", "model": "chronos_bolt", "stage": "forecast"}

--- Term: short ---
  Config: prediction_length=9, test_length=1080, val_length=1080
  Dataset info:
    - Frequency: 20T
    - Num series: 1
    - Target dim: 3
    - Target mode: univariate
    - Series length: min=8198, max=8198, avg=8198.0
    - Test split: 1080 steps
    - Prediction length: 9
    - Windows: 120
TIME run allocation action=new run=/fslarge/scratch/users/h61084/codes/fine_time/outputs/task_finetuning/tasks/inference/chronos_bolt/univariate/Coastal_T_S/20T/short/run_0 launch_id=selena_fine_time_20260929T092621Z_11326 slurm_job_id=3607388 launched_at=2026-09-29T10:54:44.317216+00:00
  Preparing input batches from Test split data...
    Total instances to forecast: 360
  Running predictions (Batch size: 32)...
    Processed 320/360...
TIME run allocation action=new run=/fslarge/scratch/users/h61084/codes/fine_time/outputs/task_finetuning/tasks/frozen/chronos_bolt/univariate/Coastal_T_S/20T/short/run_0 launch_id=selena_fine_time_20260929T092621Z_11326 slurm_job_id=3607388 launched_at=2026-09-29T10:54:44.743255+00:00
    Total instances: 360, Series during experiment: 3, Windows: 120
    Collecting ground truth and context...
    Detected to_univariate case: 3 flat series -> 1 series x 3 variates
    Organizing data into arrays...
    Saved predictions (quantiles) to /fslarge/scratch/users/h61084/codes/fine_time/outputs/task_finetuning/tasks/frozen/chronos_bolt/univariate/Coastal_T_S/20T/short/run_0/predictions.npz
    Computing per-window metrics...
    Saved metrics to /fslarge/scratch/users/h61084/codes/fine_time/outputs/task_finetuning/tasks/frozen/chronos_bolt/univariate/Coastal_T_S/20T/short/run_0/metrics.npz
    Saved aggregate metrics to /fslarge/scratch/users/h61084/codes/fine_time/outputs/task_finetuning/tasks/frozen/chronos_bolt/univariate/Coastal_T_S/20T/short/run_0/metrics_summary.json
    Metrics summary (averaged over all series/windows/variates):
      MSE: 0.0147
      MAE: 0.0821
      RMSE: 0.0951
      MAPE: 0.0035
      sMAPE: 0.0035
      MASE: 0.6112
      ND: 0.0035
      CRPS: 0.0028
  Output: /fslarge/scratch/users/h61084/codes/fine_time/outputs/task_finetuning/tasks/frozen/chronos_bolt/univariate/Coastal_T_S/20T/short/run_0

============================================================
All experiments completed!
Results saved to: /scratch/users/h61084/codes/fine_time/outputs/task_finetuning/tasks/frozen
============================================================
[19/90] evaluate chronos_bolt task_finetuned on Coastal_T_S/20T/short
Loading configuration...

============================================================
Dataset: Coastal_T_S/20T
Model: amazon/chronos-bolt-base
Terms: ['short']
Instance normalization: none
============================================================
Loading Chronos-Bolt model: amazon/chronos-bolt-base from /fslarge/scratch/users/h61084/codes/fine_time/outputs/task_finetuning/checkpoints/chronos_bolt/Coastal_T_S/20T/short/run_0/finetuned-ckpt...
[2026-09-29 10:54:44 UTC] resources selected_device {"device": "cuda", "model": "chronos_bolt", "stage": "forecast"}

--- Term: short ---
  Config: prediction_length=9, test_length=1080, val_length=1080
  Dataset info:
    - Frequency: 20T
    - Num series: 1
    - Target dim: 3
    - Target mode: univariate
    - Series length: min=8198, max=8198, avg=8198.0
    - Test split: 1080 steps
    - Prediction length: 9
    - Windows: 120
TIME run allocation action=new run=/fslarge/scratch/users/h61084/codes/fine_time/outputs/task_finetuning/tasks/inference/chronos_bolt/univariate/Coastal_T_S/20T/short/run_1 launch_id=selena_fine_time_20260929T092621Z_11326 slurm_job_id=3607388 launched_at=2026-09-29T10:54:46.399624+00:00
  Preparing input batches from Test split data...
    Total instances to forecast: 360
  Running predictions (Batch size: 32)...
    Processed 320/360...
TIME run allocation action=new run=/fslarge/scratch/users/h61084/codes/fine_time/outputs/task_finetuning/tasks/task_finetuned/chronos_bolt/univariate/Coastal_T_S/20T/short/run_0 launch_id=selena_fine_time_20260929T092621Z_11326 slurm_job_id=3607388 launched_at=2026-09-29T10:54:46.825751+00:00
    Total instances: 360, Series during experiment: 3, Windows: 120
    Collecting ground truth and context...
    Detected to_univariate case: 3 flat series -> 1 series x 3 variates
    Organizing data into arrays...
    Saved predictions (quantiles) to /fslarge/scratch/users/h61084/codes/fine_time/outputs/task_finetuning/tasks/task_finetuned/chronos_bolt/univariate/Coastal_T_S/20T/short/run_0/predictions.npz
    Computing per-window metrics...
    Saved metrics to /fslarge/scratch/users/h61084/codes/fine_time/outputs/task_finetuning/tasks/task_finetuned/chronos_bolt/univariate/Coastal_T_S/20T/short/run_0/metrics.npz
    Saved aggregate metrics to /fslarge/scratch/users/h61084/codes/fine_time/outputs/task_finetuning/tasks/task_finetuned/chronos_bolt/univariate/Coastal_T_S/20T/short/run_0/metrics_summary.json
    Metrics summary (averaged over all series/windows/variates):
      MSE: 0.0094
      MAE: 0.0664
      RMSE: 0.0761
      MAPE: 0.0027
      sMAPE: 0.0027
      MASE: 0.5281
      ND: 0.0027
      CRPS: 0.0021
  Output: /fslarge/scratch/users/h61084/codes/fine_time/outputs/task_finetuning/tasks/task_finetuned/chronos_bolt/univariate/Coastal_T_S/20T/short/run_0

============================================================
All experiments completed!
Results saved to: /scratch/users/h61084/codes/fine_time/outputs/task_finetuning/tasks/task_finetuned
============================================================
[20/90] evaluate chronos_bolt frozen on Coastal_T_S/H/long
Loading configuration...

============================================================
Dataset: Coastal_T_S/H
Model: amazon/chronos-bolt-base
Terms: ['long']
Instance normalization: none
============================================================
Loading Chronos-Bolt model: amazon/chronos-bolt-base from /fslarge/scratch/users/h61084/weights/chronos-bolt-base...
[2026-09-29 10:54:46 UTC] resources selected_device {"device": "cuda", "model": "chronos_bolt", "stage": "forecast"}

--- Term: long ---
  Config: prediction_length=336, test_length=672, val_length=672
  Dataset info:
    - Frequency: H
    - Num series: 24
    - Target dim: 3
    - Target mode: univariate
    - Series length: min=2733, max=8784, avg=5488.8
    - Test split: 672 steps
    - Prediction length: 336
    - Windows: 2
TIME run allocation action=new run=/fslarge/scratch/users/h61084/codes/fine_time/outputs/task_finetuning/tasks/inference/chronos_bolt/univariate/Coastal_T_S/H/long/run_0 launch_id=selena_fine_time_20260929T092621Z_11326 slurm_job_id=3607388 launched_at=2026-09-29T10:54:47.330943+00:00
  Preparing input batches from Test split data...
    Total instances to forecast: 144
  Running predictions (Batch size: 32)...
TIME run allocation action=new run=/fslarge/scratch/users/h61084/codes/fine_time/outputs/task_finetuning/tasks/frozen/chronos_bolt/univariate/Coastal_T_S/H/long/run_0 launch_id=selena_fine_time_20260929T092621Z_11326 slurm_job_id=3607388 launched_at=2026-09-29T10:54:53.630913+00:00
    Total instances: 144, Series during experiment: 72, Windows: 2
    Collecting ground truth and context...
    Detected to_univariate case: 72 flat series -> 24 series x 3 variates
    Organizing data into arrays...
    Saved predictions (quantiles) to /fslarge/scratch/users/h61084/codes/fine_time/outputs/task_finetuning/tasks/frozen/chronos_bolt/univariate/Coastal_T_S/H/long/run_0/predictions.npz
    Computing per-window metrics...
    Saved metrics to /fslarge/scratch/users/h61084/codes/fine_time/outputs/task_finetuning/tasks/frozen/chronos_bolt/univariate/Coastal_T_S/H/long/run_0/metrics.npz
    Saved aggregate metrics to /fslarge/scratch/users/h61084/codes/fine_time/outputs/task_finetuning/tasks/frozen/chronos_bolt/univariate/Coastal_T_S/H/long/run_0/metrics_summary.json
    Metrics summary (averaged over all series/windows/variates):
      MSE: 22.8227
      MAE: 1.5095
      RMSE: 1.9304
      MAPE: 0.0476
      sMAPE: 0.0428
      MASE: 2.4030
      ND: 0.0428
      CRPS: 0.0362
  Output: /fslarge/scratch/users/h61084/codes/fine_time/outputs/task_finetuning/tasks/frozen/chronos_bolt/univariate/Coastal_T_S/H/long/run_0

============================================================
All experiments completed!
Results saved to: /scratch/users/h61084/codes/fine_time/outputs/task_finetuning/tasks/frozen
============================================================
[20/90] evaluate chronos_bolt task_finetuned on Coastal_T_S/H/long
Loading configuration...

============================================================
Dataset: Coastal_T_S/H
Model: amazon/chronos-bolt-base
Terms: ['long']
Instance normalization: none
============================================================
Loading Chronos-Bolt model: amazon/chronos-bolt-base from /fslarge/scratch/users/h61084/codes/fine_time/outputs/task_finetuning/checkpoints/chronos_bolt/Coastal_T_S/H/long/run_0/finetuned-ckpt...
[2026-09-29 10:54:53 UTC] resources selected_device {"device": "cuda", "model": "chronos_bolt", "stage": "forecast"}

--- Term: long ---
  Config: prediction_length=336, test_length=672, val_length=672
  Dataset info:
    - Frequency: H
    - Num series: 24
    - Target dim: 3
    - Target mode: univariate
    - Series length: min=2733, max=8784, avg=5488.8
    - Test split: 672 steps
    - Prediction length: 336
    - Windows: 2
TIME run allocation action=new run=/fslarge/scratch/users/h61084/codes/fine_time/outputs/task_finetuning/tasks/inference/chronos_bolt/univariate/Coastal_T_S/H/long/run_1 launch_id=selena_fine_time_20260929T092621Z_11326 slurm_job_id=3607388 launched_at=2026-09-29T10:54:55.400331+00:00
  Preparing input batches from Test split data...
    Total instances to forecast: 144
  Running predictions (Batch size: 32)...
TIME run allocation action=new run=/fslarge/scratch/users/h61084/codes/fine_time/outputs/task_finetuning/tasks/task_finetuned/chronos_bolt/univariate/Coastal_T_S/H/long/run_0 launch_id=selena_fine_time_20260929T092621Z_11326 slurm_job_id=3607388 launched_at=2026-09-29T10:55:01.719793+00:00
    Total instances: 144, Series during experiment: 72, Windows: 2
    Collecting ground truth and context...
    Detected to_univariate case: 72 flat series -> 24 series x 3 variates
    Organizing data into arrays...
    Saved predictions (quantiles) to /fslarge/scratch/users/h61084/codes/fine_time/outputs/task_finetuning/tasks/task_finetuned/chronos_bolt/univariate/Coastal_T_S/H/long/run_0/predictions.npz
    Computing per-window metrics...
    Saved metrics to /fslarge/scratch/users/h61084/codes/fine_time/outputs/task_finetuning/tasks/task_finetuned/chronos_bolt/univariate/Coastal_T_S/H/long/run_0/metrics.npz
    Saved aggregate metrics to /fslarge/scratch/users/h61084/codes/fine_time/outputs/task_finetuning/tasks/task_finetuned/chronos_bolt/univariate/Coastal_T_S/H/long/run_0/metrics_summary.json
    Metrics summary (averaged over all series/windows/variates):
      MSE: 25.0486
      MAE: 1.5572
      RMSE: 1.9543
      MAPE: 0.0485
      sMAPE: 0.0429
      MASE: 2.3661
      ND: 0.0433
      CRPS: 0.0362
  Output: /fslarge/scratch/users/h61084/codes/fine_time/outputs/task_finetuning/tasks/task_finetuned/chronos_bolt/univariate/Coastal_T_S/H/long/run_0

============================================================
All experiments completed!
Results saved to: /scratch/users/h61084/codes/fine_time/outputs/task_finetuning/tasks/task_finetuned
============================================================
[21/90] evaluate chronos_bolt frozen on Coastal_T_S/H/medium
Loading configuration...

============================================================
Dataset: Coastal_T_S/H
Model: amazon/chronos-bolt-base
Terms: ['medium']
Instance normalization: none
============================================================
Loading Chronos-Bolt model: amazon/chronos-bolt-base from /fslarge/scratch/users/h61084/weights/chronos-bolt-base...
[2026-09-29 10:55:01 UTC] resources selected_device {"device": "cuda", "model": "chronos_bolt", "stage": "forecast"}

--- Term: medium ---
  Config: prediction_length=168, test_length=672, val_length=672
  Dataset info:
    - Frequency: H
    - Num series: 24
    - Target dim: 3
    - Target mode: univariate
    - Series length: min=2733, max=8784, avg=5488.8
    - Test split: 672 steps
    - Prediction length: 168
    - Windows: 4
TIME run allocation action=new run=/fslarge/scratch/users/h61084/codes/fine_time/outputs/task_finetuning/tasks/inference/chronos_bolt/univariate/Coastal_T_S/H/medium/run_0 launch_id=selena_fine_time_20260929T092621Z_11326 slurm_job_id=3607388 launched_at=2026-09-29T10:55:02.202849+00:00
  Preparing input batches from Test split data...
    Total instances to forecast: 288
  Running predictions (Batch size: 32)...
TIME run allocation action=new run=/fslarge/scratch/users/h61084/codes/fine_time/outputs/task_finetuning/tasks/frozen/chronos_bolt/univariate/Coastal_T_S/H/medium/run_0 launch_id=selena_fine_time_20260929T092621Z_11326 slurm_job_id=3607388 launched_at=2026-09-29T10:55:07.423787+00:00
    Total instances: 288, Series during experiment: 72, Windows: 4
    Collecting ground truth and context...
    Detected to_univariate case: 72 flat series -> 24 series x 3 variates
    Organizing data into arrays...
    Saved predictions (quantiles) to /fslarge/scratch/users/h61084/codes/fine_time/outputs/task_finetuning/tasks/frozen/chronos_bolt/univariate/Coastal_T_S/H/medium/run_0/predictions.npz
    Computing per-window metrics...
    Saved metrics to /fslarge/scratch/users/h61084/codes/fine_time/outputs/task_finetuning/tasks/frozen/chronos_bolt/univariate/Coastal_T_S/H/medium/run_0/metrics.npz
    Saved aggregate metrics to /fslarge/scratch/users/h61084/codes/fine_time/outputs/task_finetuning/tasks/frozen/chronos_bolt/univariate/Coastal_T_S/H/medium/run_0/metrics_summary.json
    Metrics summary (averaged over all series/windows/variates):
      MSE: 21.9113
      MAE: 1.4095
      RMSE: 1.7617
      MAPE: 0.0429
      sMAPE: 0.0380
      MASE: 1.7441
      ND: 0.0406
      CRPS: 0.0335
  Output: /fslarge/scratch/users/h61084/codes/fine_time/outputs/task_finetuning/tasks/frozen/chronos_bolt/univariate/Coastal_T_S/H/medium/run_0

============================================================
All experiments completed!
Results saved to: /scratch/users/h61084/codes/fine_time/outputs/task_finetuning/tasks/frozen
============================================================
[21/90] evaluate chronos_bolt task_finetuned on Coastal_T_S/H/medium
Loading configuration...

============================================================
Dataset: Coastal_T_S/H
Model: amazon/chronos-bolt-base
Terms: ['medium']
Instance normalization: none
============================================================
Loading Chronos-Bolt model: amazon/chronos-bolt-base from /fslarge/scratch/users/h61084/codes/fine_time/outputs/task_finetuning/checkpoints/chronos_bolt/Coastal_T_S/H/medium/run_0/finetuned-ckpt...
[2026-09-29 10:55:07 UTC] resources selected_device {"device": "cuda", "model": "chronos_bolt", "stage": "forecast"}

--- Term: medium ---
  Config: prediction_length=168, test_length=672, val_length=672
  Dataset info:
    - Frequency: H
    - Num series: 24
    - Target dim: 3
    - Target mode: univariate
    - Series length: min=2733, max=8784, avg=5488.8
    - Test split: 672 steps
    - Prediction length: 168
    - Windows: 4
TIME run allocation action=new run=/fslarge/scratch/users/h61084/codes/fine_time/outputs/task_finetuning/tasks/inference/chronos_bolt/univariate/Coastal_T_S/H/medium/run_1 launch_id=selena_fine_time_20260929T092621Z_11326 slurm_job_id=3607388 launched_at=2026-09-29T10:55:09.349971+00:00
  Preparing input batches from Test split data...
    Total instances to forecast: 288
  Running predictions (Batch size: 32)...
TIME run allocation action=new run=/fslarge/scratch/users/h61084/codes/fine_time/outputs/task_finetuning/tasks/task_finetuned/chronos_bolt/univariate/Coastal_T_S/H/medium/run_0 launch_id=selena_fine_time_20260929T092621Z_11326 slurm_job_id=3607388 launched_at=2026-09-29T10:55:14.564676+00:00
    Total instances: 288, Series during experiment: 72, Windows: 4
    Collecting ground truth and context...
    Detected to_univariate case: 72 flat series -> 24 series x 3 variates
    Organizing data into arrays...
    Saved predictions (quantiles) to /fslarge/scratch/users/h61084/codes/fine_time/outputs/task_finetuning/tasks/task_finetuned/chronos_bolt/univariate/Coastal_T_S/H/medium/run_0/predictions.npz
    Computing per-window metrics...
    Saved metrics to /fslarge/scratch/users/h61084/codes/fine_time/outputs/task_finetuning/tasks/task_finetuned/chronos_bolt/univariate/Coastal_T_S/H/medium/run_0/metrics.npz
    Saved aggregate metrics to /fslarge/scratch/users/h61084/codes/fine_time/outputs/task_finetuning/tasks/task_finetuned/chronos_bolt/univariate/Coastal_T_S/H/medium/run_0/metrics_summary.json
    Metrics summary (averaged over all series/windows/variates):
      MSE: 23.3073
      MAE: 1.4164
      RMSE: 1.7589
      MAPE: 0.0428
      sMAPE: 0.0374
      MASE: 1.6748
      ND: 0.0404
      CRPS: 0.0330
  Output: /fslarge/scratch/users/h61084/codes/fine_time/outputs/task_finetuning/tasks/task_finetuned/chronos_bolt/univariate/Coastal_T_S/H/medium/run_0

============================================================
All experiments completed!
Results saved to: /scratch/users/h61084/codes/fine_time/outputs/task_finetuning/tasks/task_finetuned
============================================================
[22/90] evaluate chronos_bolt frozen on Coastal_T_S/H/short
Loading configuration...

============================================================
Dataset: Coastal_T_S/H
Model: amazon/chronos-bolt-base
Terms: ['short']
Instance normalization: none
============================================================
Loading Chronos-Bolt model: amazon/chronos-bolt-base from /fslarge/scratch/users/h61084/weights/chronos-bolt-base...
[2026-09-29 10:55:14 UTC] resources selected_device {"device": "cuda", "model": "chronos_bolt", "stage": "forecast"}

--- Term: short ---
  Config: prediction_length=24, test_length=672, val_length=672
  Dataset info:
    - Frequency: H
    - Num series: 24
    - Target dim: 3
    - Target mode: univariate
    - Series length: min=2733, max=8784, avg=5488.8
    - Test split: 672 steps
    - Prediction length: 24
    - Windows: 28
TIME run allocation action=new run=/fslarge/scratch/users/h61084/codes/fine_time/outputs/task_finetuning/tasks/inference/chronos_bolt/univariate/Coastal_T_S/H/short/run_0 launch_id=selena_fine_time_20260929T092621Z_11326 slurm_job_id=3607388 launched_at=2026-09-29T10:55:15.087911+00:00
  Preparing input batches from Test split data...
    Total instances to forecast: 2016
  Running predictions (Batch size: 32)...
    Processed 320/2016...
    Processed 640/2016...
    Processed 960/2016...
    Processed 1280/2016...
    Processed 1600/2016...
    Processed 1920/2016...
TIME run allocation action=new run=/fslarge/scratch/users/h61084/codes/fine_time/outputs/task_finetuning/tasks/frozen/chronos_bolt/univariate/Coastal_T_S/H/short/run_0 launch_id=selena_fine_time_20260929T092621Z_11326 slurm_job_id=3607388 launched_at=2026-09-29T10:55:17.433741+00:00
    Total instances: 2016, Series during experiment: 72, Windows: 28
    Collecting ground truth and context...
    Detected to_univariate case: 72 flat series -> 24 series x 3 variates
    Organizing data into arrays...
    Saved predictions (quantiles) to /fslarge/scratch/users/h61084/codes/fine_time/outputs/task_finetuning/tasks/frozen/chronos_bolt/univariate/Coastal_T_S/H/short/run_0/predictions.npz
    Computing per-window metrics...
    Saved metrics to /fslarge/scratch/users/h61084/codes/fine_time/outputs/task_finetuning/tasks/frozen/chronos_bolt/univariate/Coastal_T_S/H/short/run_0/metrics.npz
    Saved aggregate metrics to /fslarge/scratch/users/h61084/codes/fine_time/outputs/task_finetuning/tasks/frozen/chronos_bolt/univariate/Coastal_T_S/H/short/run_0/metrics_summary.json
    Metrics summary (averaged over all series/windows/variates):
      MSE: 15.3482
      MAE: 1.1244
      RMSE: 1.3869
      MAPE: 0.0307
      sMAPE: 0.0289
      MASE: 0.9819
      ND: 0.0285
      CRPS: 0.0226
  Output: /fslarge/scratch/users/h61084/codes/fine_time/outputs/task_finetuning/tasks/frozen/chronos_bolt/univariate/Coastal_T_S/H/short/run_0

============================================================
All experiments completed!
Results saved to: /scratch/users/h61084/codes/fine_time/outputs/task_finetuning/tasks/frozen
============================================================
[22/90] evaluate chronos_bolt task_finetuned on Coastal_T_S/H/short
Loading configuration...

============================================================
Dataset: Coastal_T_S/H
Model: amazon/chronos-bolt-base
Terms: ['short']
Instance normalization: none
============================================================
Loading Chronos-Bolt model: amazon/chronos-bolt-base from /fslarge/scratch/users/h61084/codes/fine_time/outputs/task_finetuning/checkpoints/chronos_bolt/Coastal_T_S/H/short/run_0/finetuned-ckpt...
[2026-09-29 10:55:18 UTC] resources selected_device {"device": "cuda", "model": "chronos_bolt", "stage": "forecast"}

--- Term: short ---
  Config: prediction_length=24, test_length=672, val_length=672
  Dataset info:
    - Frequency: H
    - Num series: 24
    - Target dim: 3
    - Target mode: univariate
    - Series length: min=2733, max=8784, avg=5488.8
    - Test split: 672 steps
    - Prediction length: 24
    - Windows: 28
TIME run allocation action=new run=/fslarge/scratch/users/h61084/codes/fine_time/outputs/task_finetuning/tasks/inference/chronos_bolt/univariate/Coastal_T_S/H/short/run_1 launch_id=selena_fine_time_20260929T092621Z_11326 slurm_job_id=3607388 launched_at=2026-09-29T10:55:19.559166+00:00
  Preparing input batches from Test split data...
    Total instances to forecast: 2016
  Running predictions (Batch size: 32)...
    Processed 320/2016...
    Processed 640/2016...
    Processed 960/2016...
    Processed 1280/2016...
    Processed 1600/2016...
    Processed 1920/2016...
TIME run allocation action=new run=/fslarge/scratch/users/h61084/codes/fine_time/outputs/task_finetuning/tasks/task_finetuned/chronos_bolt/univariate/Coastal_T_S/H/short/run_0 launch_id=selena_fine_time_20260929T092621Z_11326 slurm_job_id=3607388 launched_at=2026-09-29T10:55:21.907311+00:00
    Total instances: 2016, Series during experiment: 72, Windows: 28
    Collecting ground truth and context...
    Detected to_univariate case: 72 flat series -> 24 series x 3 variates
    Organizing data into arrays...
    Saved predictions (quantiles) to /fslarge/scratch/users/h61084/codes/fine_time/outputs/task_finetuning/tasks/task_finetuned/chronos_bolt/univariate/Coastal_T_S/H/short/run_0/predictions.npz
    Computing per-window metrics...
    Saved metrics to /fslarge/scratch/users/h61084/codes/fine_time/outputs/task_finetuning/tasks/task_finetuned/chronos_bolt/univariate/Coastal_T_S/H/short/run_0/metrics.npz
    Saved aggregate metrics to /fslarge/scratch/users/h61084/codes/fine_time/outputs/task_finetuning/tasks/task_finetuned/chronos_bolt/univariate/Coastal_T_S/H/short/run_0/metrics_summary.json
    Metrics summary (averaged over all series/windows/variates):
      MSE: 15.4402
      MAE: 1.1147
      RMSE: 1.3722
      MAPE: 0.0301
      sMAPE: 0.0283
      MASE: 0.9511
      ND: 0.0280
      CRPS: 0.0221
  Output: /fslarge/scratch/users/h61084/codes/fine_time/outputs/task_finetuning/tasks/task_finetuned/chronos_bolt/univariate/Coastal_T_S/H/short/run_0

============================================================
All experiments completed!
Results saved to: /scratch/users/h61084/codes/fine_time/outputs/task_finetuning/tasks/task_finetuned
============================================================
[23/90] evaluate chronos_bolt frozen on Commodity_Import/M/short
Loading configuration...

============================================================
Dataset: Commodity_Import/M
Model: amazon/chronos-bolt-base
Terms: ['short']
Instance normalization: none
============================================================
Loading Chronos-Bolt model: amazon/chronos-bolt-base from /fslarge/scratch/users/h61084/weights/chronos-bolt-base...
[2026-09-29 10:55:22 UTC] resources selected_device {"device": "cuda", "model": "chronos_bolt", "stage": "forecast"}

--- Term: short ---
  Config: prediction_length=12, test_length=60, val_length=12
  Dataset info:
    - Frequency: M
    - Num series: 8
    - Target dim: 1
    - Target mode: univariate
    - Series length: min=254, max=1240, avg=697.2
    - Test split: 60 steps
    - Prediction length: 12
    - Windows: 5
TIME run allocation action=new run=/fslarge/scratch/users/h61084/codes/fine_time/outputs/task_finetuning/tasks/inference/chronos_bolt/univariate/Commodity_Import/M/short/run_0 launch_id=selena_fine_time_20260929T092621Z_11326 slurm_job_id=3607388 launched_at=2026-09-29T10:55:22.874304+00:00
  Preparing input batches from Test split data...
    Total instances to forecast: 40
  Running predictions (Batch size: 32)...
TIME run allocation action=new run=/fslarge/scratch/users/h61084/codes/fine_time/outputs/task_finetuning/tasks/frozen/chronos_bolt/univariate/Commodity_Import/M/short/run_0 launch_id=selena_fine_time_20260929T092621Z_11326 slurm_job_id=3607388 launched_at=2026-09-29T10:55:22.929755+00:00
    Total instances: 40, Series during experiment: 8, Windows: 5
    Collecting ground truth and context...
    Organizing data into arrays...
    Saved predictions (quantiles) to /fslarge/scratch/users/h61084/codes/fine_time/outputs/task_finetuning/tasks/frozen/chronos_bolt/univariate/Commodity_Import/M/short/run_0/predictions.npz
    Computing per-window metrics...
    Saved metrics to /fslarge/scratch/users/h61084/codes/fine_time/outputs/task_finetuning/tasks/frozen/chronos_bolt/univariate/Commodity_Import/M/short/run_0/metrics.npz
    Saved aggregate metrics to /fslarge/scratch/users/h61084/codes/fine_time/outputs/task_finetuning/tasks/frozen/chronos_bolt/univariate/Commodity_Import/M/short/run_0/metrics_summary.json
    Metrics summary (averaged over all series/windows/variates):
      MSE: 1702244.8150
      MAE: 527.9195
      RMSE: 630.6833
      MAPE: 0.3501
      sMAPE: 0.2394
      MASE: 1.5321
      ND: 0.2731
      CRPS: 0.2144
  Output: /fslarge/scratch/users/h61084/codes/fine_time/outputs/task_finetuning/tasks/frozen/chronos_bolt/univariate/Commodity_Import/M/short/run_0

============================================================
All experiments completed!
Results saved to: /scratch/users/h61084/codes/fine_time/outputs/task_finetuning/tasks/frozen
============================================================
[23/90] evaluate chronos_bolt task_finetuned on Commodity_Import/M/short
Loading configuration...

============================================================
Dataset: Commodity_Import/M
Model: amazon/chronos-bolt-base
Terms: ['short']
Instance normalization: none
============================================================
Loading Chronos-Bolt model: amazon/chronos-bolt-base from /fslarge/scratch/users/h61084/codes/fine_time/outputs/task_finetuning/checkpoints/chronos_bolt/Commodity_Import/M/short/run_0/finetuned-ckpt...
[2026-09-29 10:55:22 UTC] resources selected_device {"device": "cuda", "model": "chronos_bolt", "stage": "forecast"}

--- Term: short ---
  Config: prediction_length=12, test_length=60, val_length=12
  Dataset info:
    - Frequency: M
    - Num series: 8
    - Target dim: 1
    - Target mode: univariate
    - Series length: min=254, max=1240, avg=697.2
    - Test split: 60 steps
    - Prediction length: 12
    - Windows: 5
TIME run allocation action=new run=/fslarge/scratch/users/h61084/codes/fine_time/outputs/task_finetuning/tasks/inference/chronos_bolt/univariate/Commodity_Import/M/short/run_1 launch_id=selena_fine_time_20260929T092621Z_11326 slurm_job_id=3607388 launched_at=2026-09-29T10:55:24.617370+00:00
  Preparing input batches from Test split data...
    Total instances to forecast: 40
  Running predictions (Batch size: 32)...
TIME run allocation action=new run=/fslarge/scratch/users/h61084/codes/fine_time/outputs/task_finetuning/tasks/task_finetuned/chronos_bolt/univariate/Commodity_Import/M/short/run_0 launch_id=selena_fine_time_20260929T092621Z_11326 slurm_job_id=3607388 launched_at=2026-09-29T10:55:24.672723+00:00
    Total instances: 40, Series during experiment: 8, Windows: 5
    Collecting ground truth and context...
    Organizing data into arrays...
    Saved predictions (quantiles) to /fslarge/scratch/users/h61084/codes/fine_time/outputs/task_finetuning/tasks/task_finetuned/chronos_bolt/univariate/Commodity_Import/M/short/run_0/predictions.npz
    Computing per-window metrics...
    Saved metrics to /fslarge/scratch/users/h61084/codes/fine_time/outputs/task_finetuning/tasks/task_finetuned/chronos_bolt/univariate/Commodity_Import/M/short/run_0/metrics.npz
    Saved aggregate metrics to /fslarge/scratch/users/h61084/codes/fine_time/outputs/task_finetuning/tasks/task_finetuned/chronos_bolt/univariate/Commodity_Import/M/short/run_0/metrics_summary.json
    Metrics summary (averaged over all series/windows/variates):
      MSE: 1624000.1878
      MAE: 516.2072
      RMSE: 616.6025
      MAPE: 0.4244
      sMAPE: 0.2454
      MASE: 1.6275
      ND: 0.3204
      CRPS: 0.2513
  Output: /fslarge/scratch/users/h61084/codes/fine_time/outputs/task_finetuning/tasks/task_finetuned/chronos_bolt/univariate/Commodity_Import/M/short/run_0

============================================================
All experiments completed!
Results saved to: /scratch/users/h61084/codes/fine_time/outputs/task_finetuning/tasks/task_finetuned
============================================================
[24/90] evaluate chronos_bolt frozen on Commodity_Production/M/short
Loading configuration...

============================================================
Dataset: Commodity_Production/M
Model: amazon/chronos-bolt-base
Terms: ['short']
Instance normalization: none
============================================================
Loading Chronos-Bolt model: amazon/chronos-bolt-base from /fslarge/scratch/users/h61084/weights/chronos-bolt-base...
[2026-09-29 10:55:24 UTC] resources selected_device {"device": "cuda", "model": "chronos_bolt", "stage": "forecast"}

--- Term: short ---
  Config: prediction_length=12, test_length=60, val_length=12
  Dataset info:
    - Frequency: M
    - Num series: 32
    - Target dim: 1
    - Target mode: univariate
    - Series length: min=120, max=648, avg=325.1
    - Test split: 60 steps
    - Prediction length: 12
    - Windows: 5
TIME run allocation action=new run=/fslarge/scratch/users/h61084/codes/fine_time/outputs/task_finetuning/tasks/inference/chronos_bolt/univariate/Commodity_Production/M/short/run_0 launch_id=selena_fine_time_20260929T092621Z_11326 slurm_job_id=3607388 launched_at=2026-09-29T10:55:25.079665+00:00
  Preparing input batches from Test split data...
    Total instances to forecast: 160
  Running predictions (Batch size: 32)...
TIME run allocation action=new run=/fslarge/scratch/users/h61084/codes/fine_time/outputs/task_finetuning/tasks/frozen/chronos_bolt/univariate/Commodity_Production/M/short/run_0 launch_id=selena_fine_time_20260929T092621Z_11326 slurm_job_id=3607388 launched_at=2026-09-29T10:55:25.192910+00:00
    Total instances: 160, Series during experiment: 32, Windows: 5
    Collecting ground truth and context...
    Organizing data into arrays...
    Saved predictions (quantiles) to /fslarge/scratch/users/h61084/codes/fine_time/outputs/task_finetuning/tasks/frozen/chronos_bolt/univariate/Commodity_Production/M/short/run_0/predictions.npz
    Computing per-window metrics...
    Saved metrics to /fslarge/scratch/users/h61084/codes/fine_time/outputs/task_finetuning/tasks/frozen/chronos_bolt/univariate/Commodity_Production/M/short/run_0/metrics.npz
    Saved aggregate metrics to /fslarge/scratch/users/h61084/codes/fine_time/outputs/task_finetuning/tasks/frozen/chronos_bolt/univariate/Commodity_Production/M/short/run_0/metrics_summary.json
    Metrics summary (averaged over all series/windows/variates):
      MSE: 61141.7066
      MAE: 67.7134
      RMSE: 78.4478
      MAPE: 0.2140
      sMAPE: 0.1661
      MASE: 0.9386
      ND: 0.1597
      CRPS: 0.1242
  Output: /fslarge/scratch/users/h61084/codes/fine_time/outputs/task_finetuning/tasks/frozen/chronos_bolt/univariate/Commodity_Production/M/short/run_0

============================================================
All experiments completed!
Results saved to: /scratch/users/h61084/codes/fine_time/outputs/task_finetuning/tasks/frozen
============================================================
[24/90] evaluate chronos_bolt task_finetuned on Commodity_Production/M/short
Loading configuration...

============================================================
Dataset: Commodity_Production/M
Model: amazon/chronos-bolt-base
Terms: ['short']
Instance normalization: none
============================================================
Loading Chronos-Bolt model: amazon/chronos-bolt-base from /fslarge/scratch/users/h61084/codes/fine_time/outputs/task_finetuning/checkpoints/chronos_bolt/Commodity_Production/M/short/run_0/finetuned-ckpt...
[2026-09-29 10:55:25 UTC] resources selected_device {"device": "cuda", "model": "chronos_bolt", "stage": "forecast"}

--- Term: short ---
  Config: prediction_length=12, test_length=60, val_length=12
  Dataset info:
    - Frequency: M
    - Num series: 32
    - Target dim: 1
    - Target mode: univariate
    - Series length: min=120, max=648, avg=325.1
    - Test split: 60 steps
    - Prediction length: 12
    - Windows: 5
TIME run allocation action=new run=/fslarge/scratch/users/h61084/codes/fine_time/outputs/task_finetuning/tasks/inference/chronos_bolt/univariate/Commodity_Production/M/short/run_1 launch_id=selena_fine_time_20260929T092621Z_11326 slurm_job_id=3607388 launched_at=2026-09-29T10:55:26.898916+00:00
  Preparing input batches from Test split data...
    Total instances to forecast: 160
  Running predictions (Batch size: 32)...
TIME run allocation action=new run=/fslarge/scratch/users/h61084/codes/fine_time/outputs/task_finetuning/tasks/task_finetuned/chronos_bolt/univariate/Commodity_Production/M/short/run_0 launch_id=selena_fine_time_20260929T092621Z_11326 slurm_job_id=3607388 launched_at=2026-09-29T10:55:27.010488+00:00
    Total instances: 160, Series during experiment: 32, Windows: 5
    Collecting ground truth and context...
    Organizing data into arrays...
    Saved predictions (quantiles) to /fslarge/scratch/users/h61084/codes/fine_time/outputs/task_finetuning/tasks/task_finetuned/chronos_bolt/univariate/Commodity_Production/M/short/run_0/predictions.npz
    Computing per-window metrics...
    Saved metrics to /fslarge/scratch/users/h61084/codes/fine_time/outputs/task_finetuning/tasks/task_finetuned/chronos_bolt/univariate/Commodity_Production/M/short/run_0/metrics.npz
    Saved aggregate metrics to /fslarge/scratch/users/h61084/codes/fine_time/outputs/task_finetuning/tasks/task_finetuned/chronos_bolt/univariate/Commodity_Production/M/short/run_0/metrics_summary.json
    Metrics summary (averaged over all series/windows/variates):
      MSE: 56858.0227
      MAE: 67.8964
      RMSE: 79.0500
      MAPE: 0.2256
      sMAPE: 0.1647
      MASE: 0.9274
      ND: 0.1635
      CRPS: 0.1282
  Output: /fslarge/scratch/users/h61084/codes/fine_time/outputs/task_finetuning/tasks/task_finetuned/chronos_bolt/univariate/Commodity_Production/M/short/run_0

============================================================
All experiments completed!
Results saved to: /scratch/users/h61084/codes/fine_time/outputs/task_finetuning/tasks/task_finetuned
============================================================
[25/90] evaluate chronos_bolt frozen on Crypto/D/short
Loading configuration...

============================================================
Dataset: Crypto/D
Model: amazon/chronos-bolt-base
Terms: ['short']
Instance normalization: none
============================================================
Loading Chronos-Bolt model: amazon/chronos-bolt-base from /fslarge/scratch/users/h61084/weights/chronos-bolt-base...
[2026-09-29 10:55:27 UTC] resources selected_device {"device": "cuda", "model": "chronos_bolt", "stage": "forecast"}

--- Term: short ---
  Config: prediction_length=30, test_length=273, val_length=92
  Dataset info:
    - Frequency: D
    - Num series: 1
    - Target dim: 4
    - Target mode: univariate
    - Series length: min=2842, max=2842, avg=2842.0
    - Test split: 273 steps
    - Prediction length: 30
    - Windows: 9
TIME run allocation action=new run=/fslarge/scratch/users/h61084/codes/fine_time/outputs/task_finetuning/tasks/inference/chronos_bolt/univariate/Crypto/D/short/run_0 launch_id=selena_fine_time_20260929T092621Z_11326 slurm_job_id=3607388 launched_at=2026-09-29T10:55:27.452570+00:00
  Preparing input batches from Test split data...
    Total instances to forecast: 36
  Running predictions (Batch size: 32)...
TIME run allocation action=new run=/fslarge/scratch/users/h61084/codes/fine_time/outputs/task_finetuning/tasks/frozen/chronos_bolt/univariate/Crypto/D/short/run_0 launch_id=selena_fine_time_20260929T092621Z_11326 slurm_job_id=3607388 launched_at=2026-09-29T10:55:27.517436+00:00
    Total instances: 36, Series during experiment: 4, Windows: 9
    Collecting ground truth and context...
    Detected to_univariate case: 4 flat series -> 1 series x 4 variates
    Organizing data into arrays...
    ⚠️  Predictions max value (130683.25) exceeds float16 safe range.
    ⚠️  Applying scale factor: 10 (values will be divided)
    Saved predictions (quantiles) to /fslarge/scratch/users/h61084/codes/fine_time/outputs/task_finetuning/tasks/frozen/chronos_bolt/univariate/Crypto/D/short/run_0/predictions.npz
    Computing per-window metrics...
    Saved metrics to /fslarge/scratch/users/h61084/codes/fine_time/outputs/task_finetuning/tasks/frozen/chronos_bolt/univariate/Crypto/D/short/run_0/metrics.npz
    Saved aggregate metrics to /fslarge/scratch/users/h61084/codes/fine_time/outputs/task_finetuning/tasks/frozen/chronos_bolt/univariate/Crypto/D/short/run_0/metrics_summary.json
    Metrics summary (averaged over all series/windows/variates):
      MSE: 11710806.9858
      MAE: 1443.1455
      RMSE: 1686.3647
      MAPE: 0.0998
      sMAPE: 0.1008
      MASE: 6.6506
      ND: 0.1011
      CRPS: 0.0811
  Output: /fslarge/scratch/users/h61084/codes/fine_time/outputs/task_finetuning/tasks/frozen/chronos_bolt/univariate/Crypto/D/short/run_0

============================================================
All experiments completed!
Results saved to: /scratch/users/h61084/codes/fine_time/outputs/task_finetuning/tasks/frozen
============================================================
[25/90] evaluate chronos_bolt task_finetuned on Crypto/D/short
Loading configuration...

============================================================
Dataset: Crypto/D
Model: amazon/chronos-bolt-base
Terms: ['short']
Instance normalization: none
============================================================
Loading Chronos-Bolt model: amazon/chronos-bolt-base from /fslarge/scratch/users/h61084/codes/fine_time/outputs/task_finetuning/checkpoints/chronos_bolt/Crypto/D/short/run_0/finetuned-ckpt...
[2026-09-29 10:55:27 UTC] resources selected_device {"device": "cuda", "model": "chronos_bolt", "stage": "forecast"}

--- Term: short ---
  Config: prediction_length=30, test_length=273, val_length=92
  Dataset info:
    - Frequency: D
    - Num series: 1
    - Target dim: 4
    - Target mode: univariate
    - Series length: min=2842, max=2842, avg=2842.0
    - Test split: 273 steps
    - Prediction length: 30
    - Windows: 9
TIME run allocation action=new run=/fslarge/scratch/users/h61084/codes/fine_time/outputs/task_finetuning/tasks/inference/chronos_bolt/univariate/Crypto/D/short/run_1 launch_id=selena_fine_time_20260929T092621Z_11326 slurm_job_id=3607388 launched_at=2026-09-29T10:55:29.282607+00:00
  Preparing input batches from Test split data...
    Total instances to forecast: 36
  Running predictions (Batch size: 32)...
TIME run allocation action=new run=/fslarge/scratch/users/h61084/codes/fine_time/outputs/task_finetuning/tasks/task_finetuned/chronos_bolt/univariate/Crypto/D/short/run_0 launch_id=selena_fine_time_20260929T092621Z_11326 slurm_job_id=3607388 launched_at=2026-09-29T10:55:29.347747+00:00
    Total instances: 36, Series during experiment: 4, Windows: 9
    Collecting ground truth and context...
    Detected to_univariate case: 4 flat series -> 1 series x 4 variates
    Organizing data into arrays...
    ⚠️  Predictions max value (132343.84) exceeds float16 safe range.
    ⚠️  Applying scale factor: 10 (values will be divided)
    Saved predictions (quantiles) to /fslarge/scratch/users/h61084/codes/fine_time/outputs/task_finetuning/tasks/task_finetuned/chronos_bolt/univariate/Crypto/D/short/run_0/predictions.npz
    Computing per-window metrics...
    Saved metrics to /fslarge/scratch/users/h61084/codes/fine_time/outputs/task_finetuning/tasks/task_finetuned/chronos_bolt/univariate/Crypto/D/short/run_0/metrics.npz
    Saved aggregate metrics to /fslarge/scratch/users/h61084/codes/fine_time/outputs/task_finetuning/tasks/task_finetuned/chronos_bolt/univariate/Crypto/D/short/run_0/metrics_summary.json
    Metrics summary (averaged over all series/windows/variates):
      MSE: 16854442.6988
      MAE: 1730.5082
      RMSE: 2012.3567
      MAPE: 0.1162
      sMAPE: 0.1219
      MASE: 7.7271
      ND: 0.1182
      CRPS: 0.0940
  Output: /fslarge/scratch/users/h61084/codes/fine_time/outputs/task_finetuning/tasks/task_finetuned/chronos_bolt/univariate/Crypto/D/short/run_0

============================================================
All experiments completed!
Results saved to: /scratch/users/h61084/codes/fine_time/outputs/task_finetuning/tasks/task_finetuned
============================================================
[26/90] evaluate chronos_bolt frozen on ECDC_COVID/D/short
Loading configuration...

============================================================
Dataset: ECDC_COVID/D
Model: amazon/chronos-bolt-base
Terms: ['short']
Instance normalization: none
============================================================
Loading Chronos-Bolt model: amazon/chronos-bolt-base from /fslarge/scratch/users/h61084/weights/chronos-bolt-base...
[2026-09-29 10:55:29 UTC] resources selected_device {"device": "cuda", "model": "chronos_bolt", "stage": "forecast"}

--- Term: short ---
  Config: prediction_length=30, test_length=150, val_length=30
  Dataset info:
    - Frequency: D
    - Num series: 9
    - Target dim: 1
    - Target mode: univariate
    - Series length: min=794, max=1229, avg=1116.6
    - Test split: 150 steps
    - Prediction length: 30
    - Windows: 5
TIME run allocation action=new run=/fslarge/scratch/users/h61084/codes/fine_time/outputs/task_finetuning/tasks/inference/chronos_bolt/univariate/ECDC_COVID/D/short/run_0 launch_id=selena_fine_time_20260929T092621Z_11326 slurm_job_id=3607388 launched_at=2026-09-29T10:55:29.753012+00:00
  Preparing input batches from Test split data...
    Total instances to forecast: 45
  Running predictions (Batch size: 32)...
TIME run allocation action=new run=/fslarge/scratch/users/h61084/codes/fine_time/outputs/task_finetuning/tasks/frozen/chronos_bolt/univariate/ECDC_COVID/D/short/run_0 launch_id=selena_fine_time_20260929T092621Z_11326 slurm_job_id=3607388 launched_at=2026-09-29T10:55:29.813229+00:00
    Total instances: 45, Series during experiment: 9, Windows: 5
    Collecting ground truth and context...
    Organizing data into arrays...
    Saved predictions (quantiles) to /fslarge/scratch/users/h61084/codes/fine_time/outputs/task_finetuning/tasks/frozen/chronos_bolt/univariate/ECDC_COVID/D/short/run_0/predictions.npz
    Computing per-window metrics...
    Saved metrics to /fslarge/scratch/users/h61084/codes/fine_time/outputs/task_finetuning/tasks/frozen/chronos_bolt/univariate/ECDC_COVID/D/short/run_0/metrics.npz
    Saved aggregate metrics to /fslarge/scratch/users/h61084/codes/fine_time/outputs/task_finetuning/tasks/frozen/chronos_bolt/univariate/ECDC_COVID/D/short/run_0/metrics_summary.json
    Metrics summary (averaged over all series/windows/variates):
      MSE: 60312.6301
      MAE: 134.3565
      RMSE: 156.9351
      MAPE: 0.5013
      sMAPE: 0.3378
      MASE: 3.5291
      ND: 0.3757
      CRPS: 0.3105
  Output: /fslarge/scratch/users/h61084/codes/fine_time/outputs/task_finetuning/tasks/frozen/chronos_bolt/univariate/ECDC_COVID/D/short/run_0

============================================================
All experiments completed!
Results saved to: /scratch/users/h61084/codes/fine_time/outputs/task_finetuning/tasks/frozen
============================================================
[26/90] evaluate chronos_bolt task_finetuned on ECDC_COVID/D/short
Loading configuration...

============================================================
Dataset: ECDC_COVID/D
Model: amazon/chronos-bolt-base
Terms: ['short']
Instance normalization: none
============================================================
Loading Chronos-Bolt model: amazon/chronos-bolt-base from /fslarge/scratch/users/h61084/codes/fine_time/outputs/task_finetuning/checkpoints/chronos_bolt/ECDC_COVID/D/short/run_0/finetuned-ckpt...
[2026-09-29 10:55:29 UTC] resources selected_device {"device": "cuda", "model": "chronos_bolt", "stage": "forecast"}

--- Term: short ---
  Config: prediction_length=30, test_length=150, val_length=30
  Dataset info:
    - Frequency: D
    - Num series: 9
    - Target dim: 1
    - Target mode: univariate
    - Series length: min=794, max=1229, avg=1116.6
    - Test split: 150 steps
    - Prediction length: 30
    - Windows: 5
TIME run allocation action=new run=/fslarge/scratch/users/h61084/codes/fine_time/outputs/task_finetuning/tasks/inference/chronos_bolt/univariate/ECDC_COVID/D/short/run_1 launch_id=selena_fine_time_20260929T092621Z_11326 slurm_job_id=3607388 launched_at=2026-09-29T10:55:31.373939+00:00
  Preparing input batches from Test split data...
    Total instances to forecast: 45
  Running predictions (Batch size: 32)...
TIME run allocation action=new run=/fslarge/scratch/users/h61084/codes/fine_time/outputs/task_finetuning/tasks/task_finetuned/chronos_bolt/univariate/ECDC_COVID/D/short/run_0 launch_id=selena_fine_time_20260929T092621Z_11326 slurm_job_id=3607388 launched_at=2026-09-29T10:55:31.435920+00:00
    Total instances: 45, Series during experiment: 9, Windows: 5
    Collecting ground truth and context...
    Organizing data into arrays...
    Saved predictions (quantiles) to /fslarge/scratch/users/h61084/codes/fine_time/outputs/task_finetuning/tasks/task_finetuned/chronos_bolt/univariate/ECDC_COVID/D/short/run_0/predictions.npz
    Computing per-window metrics...
    Saved metrics to /fslarge/scratch/users/h61084/codes/fine_time/outputs/task_finetuning/tasks/task_finetuned/chronos_bolt/univariate/ECDC_COVID/D/short/run_0/metrics.npz
    Saved aggregate metrics to /fslarge/scratch/users/h61084/codes/fine_time/outputs/task_finetuning/tasks/task_finetuned/chronos_bolt/univariate/ECDC_COVID/D/short/run_0/metrics_summary.json
    Metrics summary (averaged over all series/windows/variates):
      MSE: 36914.3805
      MAE: 108.2175
      RMSE: 127.4145
      MAPE: 0.8061
      sMAPE: 0.3124
      MASE: 2.8480
      ND: 0.5744
      CRPS: 0.4542
  Output: /fslarge/scratch/users/h61084/codes/fine_time/outputs/task_finetuning/tasks/task_finetuned/chronos_bolt/univariate/ECDC_COVID/D/short/run_0

============================================================
All experiments completed!
Results saved to: /scratch/users/h61084/codes/fine_time/outputs/task_finetuning/tasks/task_finetuned
============================================================
[27/90] evaluate chronos_bolt frozen on ECDC_COVID/W/short
Loading configuration...

============================================================
Dataset: ECDC_COVID/W
Model: amazon/chronos-bolt-base
Terms: ['short']
Instance normalization: none
============================================================
Loading Chronos-Bolt model: amazon/chronos-bolt-base from /fslarge/scratch/users/h61084/weights/chronos-bolt-base...
[2026-09-29 10:55:31 UTC] resources selected_device {"device": "cuda", "model": "chronos_bolt", "stage": "forecast"}

--- Term: short ---
  Config: prediction_length=13, test_length=52, val_length=13
  Dataset info:
    - Frequency: W
    - Num series: 16
    - Target dim: 1
    - Target mode: univariate
    - Series length: min=114, max=196, avg=165.4
    - Test split: 52 steps
    - Prediction length: 13
    - Windows: 4
TIME run allocation action=new run=/fslarge/scratch/users/h61084/codes/fine_time/outputs/task_finetuning/tasks/inference/chronos_bolt/univariate/ECDC_COVID/W/short/run_0 launch_id=selena_fine_time_20260929T092621Z_11326 slurm_job_id=3607388 launched_at=2026-09-29T10:55:31.846345+00:00
  Preparing input batches from Test split data...
    Total instances to forecast: 64
  Running predictions (Batch size: 32)...
TIME run allocation action=new run=/fslarge/scratch/users/h61084/codes/fine_time/outputs/task_finetuning/tasks/frozen/chronos_bolt/univariate/ECDC_COVID/W/short/run_0 launch_id=selena_fine_time_20260929T092621Z_11326 slurm_job_id=3607388 launched_at=2026-09-29T10:55:31.899052+00:00
    Total instances: 64, Series during experiment: 16, Windows: 4
    Collecting ground truth and context...
    Organizing data into arrays...
    Saved predictions (quantiles) to /fslarge/scratch/users/h61084/codes/fine_time/outputs/task_finetuning/tasks/frozen/chronos_bolt/univariate/ECDC_COVID/W/short/run_0/predictions.npz
    Computing per-window metrics...
    Saved metrics to /fslarge/scratch/users/h61084/codes/fine_time/outputs/task_finetuning/tasks/frozen/chronos_bolt/univariate/ECDC_COVID/W/short/run_0/metrics.npz
    Saved aggregate metrics to /fslarge/scratch/users/h61084/codes/fine_time/outputs/task_finetuning/tasks/frozen/chronos_bolt/univariate/ECDC_COVID/W/short/run_0/metrics_summary.json
    Metrics summary (averaged over all series/windows/variates):
      MSE: 3144297.4611
      MAE: 570.0966
      RMSE: 646.4050
      MAPE: 0.9024
      sMAPE: 0.5312
      MASE: 1.3582
      ND: 0.5989
      CRPS: 0.4930
  Output: /fslarge/scratch/users/h61084/codes/fine_time/outputs/task_finetuning/tasks/frozen/chronos_bolt/univariate/ECDC_COVID/W/short/run_0

============================================================
All experiments completed!
Results saved to: /scratch/users/h61084/codes/fine_time/outputs/task_finetuning/tasks/frozen
============================================================
[27/90] evaluate chronos_bolt task_finetuned on ECDC_COVID/W/short
Loading configuration...

============================================================
Dataset: ECDC_COVID/W
Model: amazon/chronos-bolt-base
Terms: ['short']
Instance normalization: none
============================================================
Loading Chronos-Bolt model: amazon/chronos-bolt-base from /fslarge/scratch/users/h61084/codes/fine_time/outputs/task_finetuning/checkpoints/chronos_bolt/ECDC_COVID/W/short/run_0/finetuned-ckpt...
[2026-09-29 10:55:31 UTC] resources selected_device {"device": "cuda", "model": "chronos_bolt", "stage": "forecast"}

--- Term: short ---
  Config: prediction_length=13, test_length=52, val_length=13
  Dataset info:
    - Frequency: W
    - Num series: 16
    - Target dim: 1
    - Target mode: univariate
    - Series length: min=114, max=196, avg=165.4
    - Test split: 52 steps
    - Prediction length: 13
    - Windows: 4
TIME run allocation action=new run=/fslarge/scratch/users/h61084/codes/fine_time/outputs/task_finetuning/tasks/inference/chronos_bolt/univariate/ECDC_COVID/W/short/run_1 launch_id=selena_fine_time_20260929T092621Z_11326 slurm_job_id=3607388 launched_at=2026-09-29T10:55:33.552339+00:00
  Preparing input batches from Test split data...
    Total instances to forecast: 64
  Running predictions (Batch size: 32)...
TIME run allocation action=new run=/fslarge/scratch/users/h61084/codes/fine_time/outputs/task_finetuning/tasks/task_finetuned/chronos_bolt/univariate/ECDC_COVID/W/short/run_0 launch_id=selena_fine_time_20260929T092621Z_11326 slurm_job_id=3607388 launched_at=2026-09-29T10:55:33.601713+00:00
    Total instances: 64, Series during experiment: 16, Windows: 4
    Collecting ground truth and context...
    Organizing data into arrays...
    Saved predictions (quantiles) to /fslarge/scratch/users/h61084/codes/fine_time/outputs/task_finetuning/tasks/task_finetuned/chronos_bolt/univariate/ECDC_COVID/W/short/run_0/predictions.npz
    Computing per-window metrics...
    Saved metrics to /fslarge/scratch/users/h61084/codes/fine_time/outputs/task_finetuning/tasks/task_finetuned/chronos_bolt/univariate/ECDC_COVID/W/short/run_0/metrics.npz
    Saved aggregate metrics to /fslarge/scratch/users/h61084/codes/fine_time/outputs/task_finetuning/tasks/task_finetuned/chronos_bolt/univariate/ECDC_COVID/W/short/run_0/metrics_summary.json
    Metrics summary (averaged over all series/windows/variates):
      MSE: 5442866.9364
      MAE: 867.5137
      RMSE: 960.6091
      MAPE: 2.0721
      sMAPE: 0.6363
      MASE: 2.0083
      ND: 1.1625
      CRPS: 0.9746
  Output: /fslarge/scratch/users/h61084/codes/fine_time/outputs/task_finetuning/tasks/task_finetuned/chronos_bolt/univariate/ECDC_COVID/W/short/run_0

============================================================
All experiments completed!
Results saved to: /scratch/users/h61084/codes/fine_time/outputs/task_finetuning/tasks/task_finetuned
============================================================
[28/90] evaluate chronos_bolt frozen on EWELD_Load/15T/long
Loading configuration...

============================================================
Dataset: EWELD_Load/15T
Model: amazon/chronos-bolt-base
Terms: ['long']
Instance normalization: none
============================================================
Loading Chronos-Bolt model: amazon/chronos-bolt-base from /fslarge/scratch/users/h61084/weights/chronos-bolt-base...
[2026-09-29 10:55:33 UTC] resources selected_device {"device": "cuda", "model": "chronos_bolt", "stage": "forecast"}

--- Term: long ---
  Config: prediction_length=672, test_length=1344, val_length=1344
  Dataset info:
    - Frequency: 15T
    - Num series: 1
    - Target dim: 10
    - Target mode: univariate
    - Series length: min=20544, max=20544, avg=20544.0
    - Test split: 1344 steps
    - Prediction length: 672
    - Windows: 2
TIME run allocation action=new run=/fslarge/scratch/users/h61084/codes/fine_time/outputs/task_finetuning/tasks/inference/chronos_bolt/univariate/EWELD_Load/15T/long/run_0 launch_id=selena_fine_time_20260929T092621Z_11326 slurm_job_id=3607388 launched_at=2026-09-29T10:55:34.195512+00:00
  Preparing input batches from Test split data...
    Total instances to forecast: 20
  Running predictions (Batch size: 32)...
TIME run allocation action=new run=/fslarge/scratch/users/h61084/codes/fine_time/outputs/task_finetuning/tasks/frozen/chronos_bolt/univariate/EWELD_Load/15T/long/run_0 launch_id=selena_fine_time_20260929T092621Z_11326 slurm_job_id=3607388 launched_at=2026-09-29T10:55:35.939447+00:00
    Total instances: 20, Series during experiment: 10, Windows: 2
    Collecting ground truth and context...
    Detected to_univariate case: 10 flat series -> 1 series x 10 variates
    Organizing data into arrays...
    Saved predictions (quantiles) to /fslarge/scratch/users/h61084/codes/fine_time/outputs/task_finetuning/tasks/frozen/chronos_bolt/univariate/EWELD_Load/15T/long/run_0/predictions.npz
    Computing per-window metrics...
    Saved metrics to /fslarge/scratch/users/h61084/codes/fine_time/outputs/task_finetuning/tasks/frozen/chronos_bolt/univariate/EWELD_Load/15T/long/run_0/metrics.npz
    Saved aggregate metrics to /fslarge/scratch/users/h61084/codes/fine_time/outputs/task_finetuning/tasks/frozen/chronos_bolt/univariate/EWELD_Load/15T/long/run_0/metrics_summary.json
    Metrics summary (averaged over all series/windows/variates):
      MSE: 1397.1483
      MAE: 15.8503
      RMSE: 21.1440
      MAPE: 0.4748
      sMAPE: 0.3647
      MASE: 0.7765
      ND: 0.2426
      CRPS: 0.1999
  Output: /fslarge/scratch/users/h61084/codes/fine_time/outputs/task_finetuning/tasks/frozen/chronos_bolt/univariate/EWELD_Load/15T/long/run_0

============================================================
All experiments completed!
Results saved to: /scratch/users/h61084/codes/fine_time/outputs/task_finetuning/tasks/frozen
============================================================
[28/90] evaluate chronos_bolt task_finetuned on EWELD_Load/15T/long
Loading configuration...

============================================================
Dataset: EWELD_Load/15T
Model: amazon/chronos-bolt-base
Terms: ['long']
Instance normalization: none
============================================================
Loading Chronos-Bolt model: amazon/chronos-bolt-base from /fslarge/scratch/users/h61084/codes/fine_time/outputs/task_finetuning/checkpoints/chronos_bolt/EWELD_Load/15T/long/run_0/finetuned-ckpt...
[2026-09-29 10:55:35 UTC] resources selected_device {"device": "cuda", "model": "chronos_bolt", "stage": "forecast"}

--- Term: long ---
  Config: prediction_length=672, test_length=1344, val_length=1344
  Dataset info:
    - Frequency: 15T
    - Num series: 1
    - Target dim: 10
    - Target mode: univariate
    - Series length: min=20544, max=20544, avg=20544.0
    - Test split: 1344 steps
    - Prediction length: 672
    - Windows: 2
TIME run allocation action=new run=/fslarge/scratch/users/h61084/codes/fine_time/outputs/task_finetuning/tasks/inference/chronos_bolt/univariate/EWELD_Load/15T/long/run_1 launch_id=selena_fine_time_20260929T092621Z_11326 slurm_job_id=3607388 launched_at=2026-09-29T10:55:37.740428+00:00
  Preparing input batches from Test split data...
    Total instances to forecast: 20
  Running predictions (Batch size: 32)...
TIME run allocation action=new run=/fslarge/scratch/users/h61084/codes/fine_time/outputs/task_finetuning/tasks/task_finetuned/chronos_bolt/univariate/EWELD_Load/15T/long/run_0 launch_id=selena_fine_time_20260929T092621Z_11326 slurm_job_id=3607388 launched_at=2026-09-29T10:55:39.488495+00:00
    Total instances: 20, Series during experiment: 10, Windows: 2
    Collecting ground truth and context...
    Detected to_univariate case: 10 flat series -> 1 series x 10 variates
    Organizing data into arrays...
    Saved predictions (quantiles) to /fslarge/scratch/users/h61084/codes/fine_time/outputs/task_finetuning/tasks/task_finetuned/chronos_bolt/univariate/EWELD_Load/15T/long/run_0/predictions.npz
    Computing per-window metrics...
    Saved metrics to /fslarge/scratch/users/h61084/codes/fine_time/outputs/task_finetuning/tasks/task_finetuned/chronos_bolt/univariate/EWELD_Load/15T/long/run_0/metrics.npz
    Saved aggregate metrics to /fslarge/scratch/users/h61084/codes/fine_time/outputs/task_finetuning/tasks/task_finetuned/chronos_bolt/univariate/EWELD_Load/15T/long/run_0/metrics_summary.json
    Metrics summary (averaged over all series/windows/variates):
      MSE: 1356.7860
      MAE: 15.4555
      RMSE: 20.5049
      MAPE: 0.5193
      sMAPE: 0.3513
      MASE: 0.7152
      ND: 0.2276
      CRPS: 0.1865
  Output: /fslarge/scratch/users/h61084/codes/fine_time/outputs/task_finetuning/tasks/task_finetuned/chronos_bolt/univariate/EWELD_Load/15T/long/run_0

============================================================
All experiments completed!
Results saved to: /scratch/users/h61084/codes/fine_time/outputs/task_finetuning/tasks/task_finetuned
============================================================
[29/90] evaluate chronos_bolt frozen on EWELD_Load/15T/medium
Loading configuration...

============================================================
Dataset: EWELD_Load/15T
Model: amazon/chronos-bolt-base
Terms: ['medium']
Instance normalization: none
============================================================
Loading Chronos-Bolt model: amazon/chronos-bolt-base from /fslarge/scratch/users/h61084/weights/chronos-bolt-base...
[2026-09-29 10:55:39 UTC] resources selected_device {"device": "cuda", "model": "chronos_bolt", "stage": "forecast"}

--- Term: medium ---
  Config: prediction_length=96, test_length=1344, val_length=1344
  Dataset info:
    - Frequency: 15T
    - Num series: 1
    - Target dim: 10
    - Target mode: univariate
    - Series length: min=20544, max=20544, avg=20544.0
    - Test split: 1344 steps
    - Prediction length: 96
    - Windows: 14
TIME run allocation action=new run=/fslarge/scratch/users/h61084/codes/fine_time/outputs/task_finetuning/tasks/inference/chronos_bolt/univariate/EWELD_Load/15T/medium/run_0 launch_id=selena_fine_time_20260929T092621Z_11326 slurm_job_id=3607388 launched_at=2026-09-29T10:55:39.946680+00:00
  Preparing input batches from Test split data...
    Total instances to forecast: 140
  Running predictions (Batch size: 32)...
TIME run allocation action=new run=/fslarge/scratch/users/h61084/codes/fine_time/outputs/task_finetuning/tasks/frozen/chronos_bolt/univariate/EWELD_Load/15T/medium/run_0 launch_id=selena_fine_time_20260929T092621Z_11326 slurm_job_id=3607388 launched_at=2026-09-29T10:55:41.298102+00:00
    Total instances: 140, Series during experiment: 10, Windows: 14
    Collecting ground truth and context...
    Detected to_univariate case: 10 flat series -> 1 series x 10 variates
    Organizing data into arrays...
    Saved predictions (quantiles) to /fslarge/scratch/users/h61084/codes/fine_time/outputs/task_finetuning/tasks/frozen/chronos_bolt/univariate/EWELD_Load/15T/medium/run_0/predictions.npz
    Computing per-window metrics...
    Saved metrics to /fslarge/scratch/users/h61084/codes/fine_time/outputs/task_finetuning/tasks/frozen/chronos_bolt/univariate/EWELD_Load/15T/medium/run_0/metrics.npz
    Saved aggregate metrics to /fslarge/scratch/users/h61084/codes/fine_time/outputs/task_finetuning/tasks/frozen/chronos_bolt/univariate/EWELD_Load/15T/medium/run_0/metrics_summary.json
    Metrics summary (averaged over all series/windows/variates):
      MSE: 1284.3565
      MAE: 14.8336
      RMSE: 19.5553
      MAPE: 0.3850
      sMAPE: 0.3212
      MASE: 0.6762
      ND: 0.2255
      CRPS: 0.1811
  Output: /fslarge/scratch/users/h61084/codes/fine_time/outputs/task_finetuning/tasks/frozen/chronos_bolt/univariate/EWELD_Load/15T/medium/run_0

============================================================
All experiments completed!
Results saved to: /scratch/users/h61084/codes/fine_time/outputs/task_finetuning/tasks/frozen
============================================================
[29/90] evaluate chronos_bolt task_finetuned on EWELD_Load/15T/medium
Loading configuration...

============================================================
Dataset: EWELD_Load/15T
Model: amazon/chronos-bolt-base
Terms: ['medium']
Instance normalization: none
============================================================
Loading Chronos-Bolt model: amazon/chronos-bolt-base from /fslarge/scratch/users/h61084/codes/fine_time/outputs/task_finetuning/checkpoints/chronos_bolt/EWELD_Load/15T/medium/run_0/finetuned-ckpt...
[2026-09-29 10:55:41 UTC] resources selected_device {"device": "cuda", "model": "chronos_bolt", "stage": "forecast"}

--- Term: medium ---
  Config: prediction_length=96, test_length=1344, val_length=1344
  Dataset info:
    - Frequency: 15T
    - Num series: 1
    - Target dim: 10
    - Target mode: univariate
    - Series length: min=20544, max=20544, avg=20544.0
    - Test split: 1344 steps
    - Prediction length: 96
    - Windows: 14
TIME run allocation action=new run=/fslarge/scratch/users/h61084/codes/fine_time/outputs/task_finetuning/tasks/inference/chronos_bolt/univariate/EWELD_Load/15T/medium/run_1 launch_id=selena_fine_time_20260929T092621Z_11326 slurm_job_id=3607388 launched_at=2026-09-29T10:55:43.238170+00:00
  Preparing input batches from Test split data...
    Total instances to forecast: 140
  Running predictions (Batch size: 32)...
TIME run allocation action=new run=/fslarge/scratch/users/h61084/codes/fine_time/outputs/task_finetuning/tasks/task_finetuned/chronos_bolt/univariate/EWELD_Load/15T/medium/run_0 launch_id=selena_fine_time_20260929T092621Z_11326 slurm_job_id=3607388 launched_at=2026-09-29T10:55:44.593470+00:00
    Total instances: 140, Series during experiment: 10, Windows: 14
    Collecting ground truth and context...
    Detected to_univariate case: 10 flat series -> 1 series x 10 variates
    Organizing data into arrays...
    Saved predictions (quantiles) to /fslarge/scratch/users/h61084/codes/fine_time/outputs/task_finetuning/tasks/task_finetuned/chronos_bolt/univariate/EWELD_Load/15T/medium/run_0/predictions.npz
    Computing per-window metrics...
    Saved metrics to /fslarge/scratch/users/h61084/codes/fine_time/outputs/task_finetuning/tasks/task_finetuned/chronos_bolt/univariate/EWELD_Load/15T/medium/run_0/metrics.npz
    Saved aggregate metrics to /fslarge/scratch/users/h61084/codes/fine_time/outputs/task_finetuning/tasks/task_finetuned/chronos_bolt/univariate/EWELD_Load/15T/medium/run_0/metrics_summary.json
    Metrics summary (averaged over all series/windows/variates):
      MSE: 1274.4447
      MAE: 14.9293
      RMSE: 19.4490
      MAPE: 0.4164
      sMAPE: 0.3160
      MASE: 0.6666
      ND: 0.2234
      CRPS: 0.1785
  Output: /fslarge/scratch/users/h61084/codes/fine_time/outputs/task_finetuning/tasks/task_finetuned/chronos_bolt/univariate/EWELD_Load/15T/medium/run_0

============================================================
All experiments completed!
Results saved to: /scratch/users/h61084/codes/fine_time/outputs/task_finetuning/tasks/task_finetuned
============================================================
[30/90] evaluate chronos_bolt frozen on EWELD_Load/15T/short
Loading configuration...

============================================================
Dataset: EWELD_Load/15T
Model: amazon/chronos-bolt-base
Terms: ['short']
Instance normalization: none
============================================================
Loading Chronos-Bolt model: amazon/chronos-bolt-base from /fslarge/scratch/users/h61084/weights/chronos-bolt-base...
[2026-09-29 10:55:44 UTC] resources selected_device {"device": "cuda", "model": "chronos_bolt", "stage": "forecast"}

--- Term: short ---
  Config: prediction_length=24, test_length=1344, val_length=1344
  Dataset info:
    - Frequency: 15T
    - Num series: 1
    - Target dim: 10
    - Target mode: univariate
    - Series length: min=20544, max=20544, avg=20544.0
    - Test split: 1344 steps
    - Prediction length: 24
    - Windows: 56
TIME run allocation action=new run=/fslarge/scratch/users/h61084/codes/fine_time/outputs/task_finetuning/tasks/inference/chronos_bolt/univariate/EWELD_Load/15T/short/run_0 launch_id=selena_fine_time_20260929T092621Z_11326 slurm_job_id=3607388 launched_at=2026-09-29T10:55:45.084262+00:00
  Preparing input batches from Test split data...
    Total instances to forecast: 560
  Running predictions (Batch size: 32)...
    Processed 320/560...
TIME run allocation action=new run=/fslarge/scratch/users/h61084/codes/fine_time/outputs/task_finetuning/tasks/frozen/chronos_bolt/univariate/EWELD_Load/15T/short/run_0 launch_id=selena_fine_time_20260929T092621Z_11326 slurm_job_id=3607388 launched_at=2026-09-29T10:55:45.749706+00:00
    Total instances: 560, Series during experiment: 10, Windows: 56
    Collecting ground truth and context...
    Detected to_univariate case: 10 flat series -> 1 series x 10 variates
    Organizing data into arrays...
    Saved predictions (quantiles) to /fslarge/scratch/users/h61084/codes/fine_time/outputs/task_finetuning/tasks/frozen/chronos_bolt/univariate/EWELD_Load/15T/short/run_0/predictions.npz
    Computing per-window metrics...
    Saved metrics to /fslarge/scratch/users/h61084/codes/fine_time/outputs/task_finetuning/tasks/frozen/chronos_bolt/univariate/EWELD_Load/15T/short/run_0/metrics.npz
    Saved aggregate metrics to /fslarge/scratch/users/h61084/codes/fine_time/outputs/task_finetuning/tasks/frozen/chronos_bolt/univariate/EWELD_Load/15T/short/run_0/metrics_summary.json
    Metrics summary (averaged over all series/windows/variates):
      MSE: 1147.2520
      MAE: 13.1730
      RMSE: 16.5028
      MAPE: 0.3457
      sMAPE: 0.2953
      MASE: 0.5702
      ND: 0.3824
      CRPS: 0.3532
  Output: /fslarge/scratch/users/h61084/codes/fine_time/outputs/task_finetuning/tasks/frozen/chronos_bolt/univariate/EWELD_Load/15T/short/run_0

============================================================
All experiments completed!
Results saved to: /scratch/users/h61084/codes/fine_time/outputs/task_finetuning/tasks/frozen
============================================================
[30/90] evaluate chronos_bolt task_finetuned on EWELD_Load/15T/short
Loading configuration...

============================================================
Dataset: EWELD_Load/15T
Model: amazon/chronos-bolt-base
Terms: ['short']
Instance normalization: none
============================================================
Loading Chronos-Bolt model: amazon/chronos-bolt-base from /fslarge/scratch/users/h61084/codes/fine_time/outputs/task_finetuning/checkpoints/chronos_bolt/EWELD_Load/15T/short/run_0/finetuned-ckpt...
[2026-09-29 10:55:45 UTC] resources selected_device {"device": "cuda", "model": "chronos_bolt", "stage": "forecast"}

--- Term: short ---
  Config: prediction_length=24, test_length=1344, val_length=1344
  Dataset info:
    - Frequency: 15T
    - Num series: 1
    - Target dim: 10
    - Target mode: univariate
    - Series length: min=20544, max=20544, avg=20544.0
    - Test split: 1344 steps
    - Prediction length: 24
    - Windows: 56
TIME run allocation action=new run=/fslarge/scratch/users/h61084/codes/fine_time/outputs/task_finetuning/tasks/inference/chronos_bolt/univariate/EWELD_Load/15T/short/run_1 launch_id=selena_fine_time_20260929T092621Z_11326 slurm_job_id=3607388 launched_at=2026-09-29T10:55:47.967648+00:00
  Preparing input batches from Test split data...
    Total instances to forecast: 560
  Running predictions (Batch size: 32)...
    Processed 320/560...
TIME run allocation action=new run=/fslarge/scratch/users/h61084/codes/fine_time/outputs/task_finetuning/tasks/task_finetuned/chronos_bolt/univariate/EWELD_Load/15T/short/run_0 launch_id=selena_fine_time_20260929T092621Z_11326 slurm_job_id=3607388 launched_at=2026-09-29T10:55:48.634770+00:00
    Total instances: 560, Series during experiment: 10, Windows: 56
    Collecting ground truth and context...
    Detected to_univariate case: 10 flat series -> 1 series x 10 variates
    Organizing data into arrays...
    Saved predictions (quantiles) to /fslarge/scratch/users/h61084/codes/fine_time/outputs/task_finetuning/tasks/task_finetuned/chronos_bolt/univariate/EWELD_Load/15T/short/run_0/predictions.npz
    Computing per-window metrics...
    Saved metrics to /fslarge/scratch/users/h61084/codes/fine_time/outputs/task_finetuning/tasks/task_finetuned/chronos_bolt/univariate/EWELD_Load/15T/short/run_0/metrics.npz
    Saved aggregate metrics to /fslarge/scratch/users/h61084/codes/fine_time/outputs/task_finetuning/tasks/task_finetuned/chronos_bolt/univariate/EWELD_Load/15T/short/run_0/metrics_summary.json
    Metrics summary (averaged over all series/windows/variates):
      MSE: 1129.5496
      MAE: 13.1616
      RMSE: 16.3582
      MAPE: 0.3513
      sMAPE: 0.2948
      MASE: 0.5576
      ND: 0.3941
      CRPS: 0.3562
  Output: /fslarge/scratch/users/h61084/codes/fine_time/outputs/task_finetuning/tasks/task_finetuned/chronos_bolt/univariate/EWELD_Load/15T/short/run_0

============================================================
All experiments completed!
Results saved to: /scratch/users/h61084/codes/fine_time/outputs/task_finetuning/tasks/task_finetuned
============================================================
[31/90] evaluate chronos_bolt frozen on Finland_Traffic/15T/long
Loading configuration...

============================================================
Dataset: Finland_Traffic/15T
Model: amazon/chronos-bolt-base
Terms: ['long']
Instance normalization: none
============================================================
Loading Chronos-Bolt model: amazon/chronos-bolt-base from /fslarge/scratch/users/h61084/weights/chronos-bolt-base...
[2026-09-29 10:55:48 UTC] resources selected_device {"device": "cuda", "model": "chronos_bolt", "stage": "forecast"}

--- Term: long ---
  Config: prediction_length=672, test_length=2976, val_length=2880
  Dataset info:
    - Frequency: 15T
    - Num series: 1
    - Target dim: 1
    - Target mode: univariate
    - Series length: min=35136, max=35136, avg=35136.0
    - Test split: 2976 steps
    - Prediction length: 672
    - Windows: 4
TIME run allocation action=new run=/fslarge/scratch/users/h61084/codes/fine_time/outputs/task_finetuning/tasks/inference/chronos_bolt/univariate/Finland_Traffic/15T/long/run_0 launch_id=selena_fine_time_20260929T092621Z_11326 slurm_job_id=3607388 launched_at=2026-09-29T10:55:49.226724+00:00
  Preparing input batches from Test split data...
    Total instances to forecast: 4
  Running predictions (Batch size: 32)...
TIME run allocation action=new run=/fslarge/scratch/users/h61084/codes/fine_time/outputs/task_finetuning/tasks/frozen/chronos_bolt/univariate/Finland_Traffic/15T/long/run_0 launch_id=selena_fine_time_20260929T092621Z_11326 slurm_job_id=3607388 launched_at=2026-09-29T10:55:49.639946+00:00
    Total instances: 4, Series during experiment: 1, Windows: 4
    Collecting ground truth and context...
    Organizing data into arrays...
    Saved predictions (quantiles) to /fslarge/scratch/users/h61084/codes/fine_time/outputs/task_finetuning/tasks/frozen/chronos_bolt/univariate/Finland_Traffic/15T/long/run_0/predictions.npz
    Computing per-window metrics...
    Saved metrics to /fslarge/scratch/users/h61084/codes/fine_time/outputs/task_finetuning/tasks/frozen/chronos_bolt/univariate/Finland_Traffic/15T/long/run_0/metrics.npz
    Saved aggregate metrics to /fslarge/scratch/users/h61084/codes/fine_time/outputs/task_finetuning/tasks/frozen/chronos_bolt/univariate/Finland_Traffic/15T/long/run_0/metrics_summary.json
    Metrics summary (averaged over all series/windows/variates):
      MSE: 1905.4599
      MAE: 26.2331
      RMSE: 41.0546
      MAPE: 0.3631
      sMAPE: 0.2460
      MASE: 0.6364
      ND: 0.2025
      CRPS: 0.1682
  Output: /fslarge/scratch/users/h61084/codes/fine_time/outputs/task_finetuning/tasks/frozen/chronos_bolt/univariate/Finland_Traffic/15T/long/run_0

============================================================
All experiments completed!
Results saved to: /scratch/users/h61084/codes/fine_time/outputs/task_finetuning/tasks/frozen
============================================================
[31/90] evaluate chronos_bolt task_finetuned on Finland_Traffic/15T/long
Loading configuration...

============================================================
Dataset: Finland_Traffic/15T
Model: amazon/chronos-bolt-base
Terms: ['long']
Instance normalization: none
============================================================
Loading Chronos-Bolt model: amazon/chronos-bolt-base from /fslarge/scratch/users/h61084/codes/fine_time/outputs/task_finetuning/checkpoints/chronos_bolt/Finland_Traffic/15T/long/run_0/finetuned-ckpt...
[2026-09-29 10:55:49 UTC] resources selected_device {"device": "cuda", "model": "chronos_bolt", "stage": "forecast"}

--- Term: long ---
  Config: prediction_length=672, test_length=2976, val_length=2880
  Dataset info:
    - Frequency: 15T
    - Num series: 1
    - Target dim: 1
    - Target mode: univariate
    - Series length: min=35136, max=35136, avg=35136.0
    - Test split: 2976 steps
    - Prediction length: 672
    - Windows: 4
TIME run allocation action=new run=/fslarge/scratch/users/h61084/codes/fine_time/outputs/task_finetuning/tasks/inference/chronos_bolt/univariate/Finland_Traffic/15T/long/run_1 launch_id=selena_fine_time_20260929T092621Z_11326 slurm_job_id=3607388 launched_at=2026-09-29T10:55:51.454209+00:00
  Preparing input batches from Test split data...
    Total instances to forecast: 4
  Running predictions (Batch size: 32)...
TIME run allocation action=new run=/fslarge/scratch/users/h61084/codes/fine_time/outputs/task_finetuning/tasks/task_finetuned/chronos_bolt/univariate/Finland_Traffic/15T/long/run_0 launch_id=selena_fine_time_20260929T092621Z_11326 slurm_job_id=3607388 launched_at=2026-09-29T10:55:51.867575+00:00
    Total instances: 4, Series during experiment: 1, Windows: 4
    Collecting ground truth and context...
    Organizing data into arrays...
    Saved predictions (quantiles) to /fslarge/scratch/users/h61084/codes/fine_time/outputs/task_finetuning/tasks/task_finetuned/chronos_bolt/univariate/Finland_Traffic/15T/long/run_0/predictions.npz
    Computing per-window metrics...
    Saved metrics to /fslarge/scratch/users/h61084/codes/fine_time/outputs/task_finetuning/tasks/task_finetuned/chronos_bolt/univariate/Finland_Traffic/15T/long/run_0/metrics.npz
    Saved aggregate metrics to /fslarge/scratch/users/h61084/codes/fine_time/outputs/task_finetuning/tasks/task_finetuned/chronos_bolt/univariate/Finland_Traffic/15T/long/run_0/metrics_summary.json
    Metrics summary (averaged over all series/windows/variates):
      MSE: 1948.0162
      MAE: 25.8990
      RMSE: 40.9330
      MAPE: 0.3420
      sMAPE: 0.2387
      MASE: 0.6284
      ND: 0.2003
      CRPS: 0.1719
  Output: /fslarge/scratch/users/h61084/codes/fine_time/outputs/task_finetuning/tasks/task_finetuned/chronos_bolt/univariate/Finland_Traffic/15T/long/run_0

============================================================
All experiments completed!
Results saved to: /scratch/users/h61084/codes/fine_time/outputs/task_finetuning/tasks/task_finetuned
============================================================
[32/90] evaluate chronos_bolt frozen on Finland_Traffic/15T/medium
Loading configuration...

============================================================
Dataset: Finland_Traffic/15T
Model: amazon/chronos-bolt-base
Terms: ['medium']
Instance normalization: none
============================================================
Loading Chronos-Bolt model: amazon/chronos-bolt-base from /fslarge/scratch/users/h61084/weights/chronos-bolt-base...
[2026-09-29 10:55:51 UTC] resources selected_device {"device": "cuda", "model": "chronos_bolt", "stage": "forecast"}

--- Term: medium ---
  Config: prediction_length=96, test_length=2976, val_length=2880
  Dataset info:
    - Frequency: 15T
    - Num series: 1
    - Target dim: 1
    - Target mode: univariate
    - Series length: min=35136, max=35136, avg=35136.0
    - Test split: 2976 steps
    - Prediction length: 96
    - Windows: 31
TIME run allocation action=new run=/fslarge/scratch/users/h61084/codes/fine_time/outputs/task_finetuning/tasks/inference/chronos_bolt/univariate/Finland_Traffic/15T/medium/run_0 launch_id=selena_fine_time_20260929T092621Z_11326 slurm_job_id=3607388 launched_at=2026-09-29T10:55:52.270477+00:00
  Preparing input batches from Test split data...
    Total instances to forecast: 31
  Running predictions (Batch size: 32)...
TIME run allocation action=new run=/fslarge/scratch/users/h61084/codes/fine_time/outputs/task_finetuning/tasks/frozen/chronos_bolt/univariate/Finland_Traffic/15T/medium/run_0 launch_id=selena_fine_time_20260929T092621Z_11326 slurm_job_id=3607388 launched_at=2026-09-29T10:55:52.566525+00:00
    Total instances: 31, Series during experiment: 1, Windows: 31
    Collecting ground truth and context...
    Organizing data into arrays...
    Saved predictions (quantiles) to /fslarge/scratch/users/h61084/codes/fine_time/outputs/task_finetuning/tasks/frozen/chronos_bolt/univariate/Finland_Traffic/15T/medium/run_0/predictions.npz
    Computing per-window metrics...
    Saved metrics to /fslarge/scratch/users/h61084/codes/fine_time/outputs/task_finetuning/tasks/frozen/chronos_bolt/univariate/Finland_Traffic/15T/medium/run_0/metrics.npz
    Saved aggregate metrics to /fslarge/scratch/users/h61084/codes/fine_time/outputs/task_finetuning/tasks/frozen/chronos_bolt/univariate/Finland_Traffic/15T/medium/run_0/metrics_summary.json
    Metrics summary (averaged over all series/windows/variates):
      MSE: 1548.3612
      MAE: 24.5482
      RMSE: 34.5191
      MAPE: 0.2860
      sMAPE: 0.2410
      MASE: 0.5967
      ND: 0.1971
      CRPS: 0.1578
  Output: /fslarge/scratch/users/h61084/codes/fine_time/outputs/task_finetuning/tasks/frozen/chronos_bolt/univariate/Finland_Traffic/15T/medium/run_0

============================================================
All experiments completed!
Results saved to: /scratch/users/h61084/codes/fine_time/outputs/task_finetuning/tasks/frozen
============================================================
[32/90] evaluate chronos_bolt task_finetuned on Finland_Traffic/15T/medium
Loading configuration...

============================================================
Dataset: Finland_Traffic/15T
Model: amazon/chronos-bolt-base
Terms: ['medium']
Instance normalization: none
============================================================
Loading Chronos-Bolt model: amazon/chronos-bolt-base from /fslarge/scratch/users/h61084/codes/fine_time/outputs/task_finetuning/checkpoints/chronos_bolt/Finland_Traffic/15T/medium/run_0/finetuned-ckpt...
[2026-09-29 10:55:52 UTC] resources selected_device {"device": "cuda", "model": "chronos_bolt", "stage": "forecast"}

--- Term: medium ---
  Config: prediction_length=96, test_length=2976, val_length=2880
  Dataset info:
    - Frequency: 15T
    - Num series: 1
    - Target dim: 1
    - Target mode: univariate
    - Series length: min=35136, max=35136, avg=35136.0
    - Test split: 2976 steps
    - Prediction length: 96
    - Windows: 31
TIME run allocation action=new run=/fslarge/scratch/users/h61084/codes/fine_time/outputs/task_finetuning/tasks/inference/chronos_bolt/univariate/Finland_Traffic/15T/medium/run_1 launch_id=selena_fine_time_20260929T092621Z_11326 slurm_job_id=3607388 launched_at=2026-09-29T10:55:54.161221+00:00
  Preparing input batches from Test split data...
    Total instances to forecast: 31
  Running predictions (Batch size: 32)...
TIME run allocation action=new run=/fslarge/scratch/users/h61084/codes/fine_time/outputs/task_finetuning/tasks/task_finetuned/chronos_bolt/univariate/Finland_Traffic/15T/medium/run_0 launch_id=selena_fine_time_20260929T092621Z_11326 slurm_job_id=3607388 launched_at=2026-09-29T10:55:54.458756+00:00
    Total instances: 31, Series during experiment: 1, Windows: 31
    Collecting ground truth and context...
    Organizing data into arrays...
    Saved predictions (quantiles) to /fslarge/scratch/users/h61084/codes/fine_time/outputs/task_finetuning/tasks/task_finetuned/chronos_bolt/univariate/Finland_Traffic/15T/medium/run_0/predictions.npz
    Computing per-window metrics...
    Saved metrics to /fslarge/scratch/users/h61084/codes/fine_time/outputs/task_finetuning/tasks/task_finetuned/chronos_bolt/univariate/Finland_Traffic/15T/medium/run_0/metrics.npz
    Saved aggregate metrics to /fslarge/scratch/users/h61084/codes/fine_time/outputs/task_finetuning/tasks/task_finetuned/chronos_bolt/univariate/Finland_Traffic/15T/medium/run_0/metrics_summary.json
    Metrics summary (averaged over all series/windows/variates):
      MSE: 1498.2392
      MAE: 23.6211
      RMSE: 33.0945
      MAPE: 0.2886
      sMAPE: 0.2302
      MASE: 0.5744
      ND: 0.1905
      CRPS: 0.1588
  Output: /fslarge/scratch/users/h61084/codes/fine_time/outputs/task_finetuning/tasks/task_finetuned/chronos_bolt/univariate/Finland_Traffic/15T/medium/run_0

============================================================
All experiments completed!
Results saved to: /scratch/users/h61084/codes/fine_time/outputs/task_finetuning/tasks/task_finetuned
============================================================
[33/90] evaluate chronos_bolt frozen on Finland_Traffic/15T/short
Loading configuration...

============================================================
Dataset: Finland_Traffic/15T
Model: amazon/chronos-bolt-base
Terms: ['short']
Instance normalization: none
============================================================
Loading Chronos-Bolt model: amazon/chronos-bolt-base from /fslarge/scratch/users/h61084/weights/chronos-bolt-base...
[2026-09-29 10:55:54 UTC] resources selected_device {"device": "cuda", "model": "chronos_bolt", "stage": "forecast"}

--- Term: short ---
  Config: prediction_length=16, test_length=2976, val_length=2880
  Dataset info:
    - Frequency: 15T
    - Num series: 1
    - Target dim: 1
    - Target mode: univariate
    - Series length: min=35136, max=35136, avg=35136.0
    - Test split: 2976 steps
    - Prediction length: 16
    - Windows: 186
TIME run allocation action=new run=/fslarge/scratch/users/h61084/codes/fine_time/outputs/task_finetuning/tasks/inference/chronos_bolt/univariate/Finland_Traffic/15T/short/run_0 launch_id=selena_fine_time_20260929T092621Z_11326 slurm_job_id=3607388 launched_at=2026-09-29T10:55:54.998680+00:00
  Preparing input batches from Test split data...
    Total instances to forecast: 186
  Running predictions (Batch size: 32)...
TIME run allocation action=new run=/fslarge/scratch/users/h61084/codes/fine_time/outputs/task_finetuning/tasks/frozen/chronos_bolt/univariate/Finland_Traffic/15T/short/run_0 launch_id=selena_fine_time_20260929T092621Z_11326 slurm_job_id=3607388 launched_at=2026-09-29T10:55:55.223714+00:00
    Total instances: 186, Series during experiment: 1, Windows: 186
    Collecting ground truth and context...
    Organizing data into arrays...
    Saved predictions (quantiles) to /fslarge/scratch/users/h61084/codes/fine_time/outputs/task_finetuning/tasks/frozen/chronos_bolt/univariate/Finland_Traffic/15T/short/run_0/predictions.npz
    Computing per-window metrics...
    Saved metrics to /fslarge/scratch/users/h61084/codes/fine_time/outputs/task_finetuning/tasks/frozen/chronos_bolt/univariate/Finland_Traffic/15T/short/run_0/metrics.npz
    Saved aggregate metrics to /fslarge/scratch/users/h61084/codes/fine_time/outputs/task_finetuning/tasks/frozen/chronos_bolt/univariate/Finland_Traffic/15T/short/run_0/metrics_summary.json
    Metrics summary (averaged over all series/windows/variates):
      MSE: 886.2001
      MAE: 18.3162
      RMSE: 22.2846
      MAPE: 0.2285
      sMAPE: 0.2034
      MASE: 0.4453
      ND: 0.2109
      CRPS: 0.1714
  Output: /fslarge/scratch/users/h61084/codes/fine_time/outputs/task_finetuning/tasks/frozen/chronos_bolt/univariate/Finland_Traffic/15T/short/run_0

============================================================
All experiments completed!
Results saved to: /scratch/users/h61084/codes/fine_time/outputs/task_finetuning/tasks/frozen
============================================================
[33/90] evaluate chronos_bolt task_finetuned on Finland_Traffic/15T/short
Loading configuration...

============================================================
Dataset: Finland_Traffic/15T
Model: amazon/chronos-bolt-base
Terms: ['short']
Instance normalization: none
============================================================
Loading Chronos-Bolt model: amazon/chronos-bolt-base from /fslarge/scratch/users/h61084/codes/fine_time/outputs/task_finetuning/checkpoints/chronos_bolt/Finland_Traffic/15T/short/run_0/finetuned-ckpt...
[2026-09-29 10:55:55 UTC] resources selected_device {"device": "cuda", "model": "chronos_bolt", "stage": "forecast"}

--- Term: short ---
  Config: prediction_length=16, test_length=2976, val_length=2880
  Dataset info:
    - Frequency: 15T
    - Num series: 1
    - Target dim: 1
    - Target mode: univariate
    - Series length: min=35136, max=35136, avg=35136.0
    - Test split: 2976 steps
    - Prediction length: 16
    - Windows: 186
TIME run allocation action=new run=/fslarge/scratch/users/h61084/codes/fine_time/outputs/task_finetuning/tasks/inference/chronos_bolt/univariate/Finland_Traffic/15T/short/run_1 launch_id=selena_fine_time_20260929T092621Z_11326 slurm_job_id=3607388 launched_at=2026-09-29T10:55:57.128280+00:00
  Preparing input batches from Test split data...
    Total instances to forecast: 186
  Running predictions (Batch size: 32)...
TIME run allocation action=new run=/fslarge/scratch/users/h61084/codes/fine_time/outputs/task_finetuning/tasks/task_finetuned/chronos_bolt/univariate/Finland_Traffic/15T/short/run_0 launch_id=selena_fine_time_20260929T092621Z_11326 slurm_job_id=3607388 launched_at=2026-09-29T10:55:57.359851+00:00
    Total instances: 186, Series during experiment: 1, Windows: 186
    Collecting ground truth and context...
    Organizing data into arrays...
    Saved predictions (quantiles) to /fslarge/scratch/users/h61084/codes/fine_time/outputs/task_finetuning/tasks/task_finetuned/chronos_bolt/univariate/Finland_Traffic/15T/short/run_0/predictions.npz
    Computing per-window metrics...
    Saved metrics to /fslarge/scratch/users/h61084/codes/fine_time/outputs/task_finetuning/tasks/task_finetuned/chronos_bolt/univariate/Finland_Traffic/15T/short/run_0/metrics.npz
    Saved aggregate metrics to /fslarge/scratch/users/h61084/codes/fine_time/outputs/task_finetuning/tasks/task_finetuned/chronos_bolt/univariate/Finland_Traffic/15T/short/run_0/metrics_summary.json
    Metrics summary (averaged over all series/windows/variates):
      MSE: 834.8145
      MAE: 17.6104
      RMSE: 21.4748
      MAPE: 0.2466
      sMAPE: 0.1916
      MASE: 0.4284
      ND: 0.2256
      CRPS: 0.1850
  Output: /fslarge/scratch/users/h61084/codes/fine_time/outputs/task_finetuning/tasks/task_finetuned/chronos_bolt/univariate/Finland_Traffic/15T/short/run_0

============================================================
All experiments completed!
Results saved to: /scratch/users/h61084/codes/fine_time/outputs/task_finetuning/tasks/task_finetuned
============================================================
[34/90] evaluate chronos_bolt frozen on Global_Influenza/W/short
Loading configuration...

============================================================
Dataset: Global_Influenza/W
Model: amazon/chronos-bolt-base
Terms: ['short']
Instance normalization: none
============================================================
Loading Chronos-Bolt model: amazon/chronos-bolt-base from /fslarge/scratch/users/h61084/weights/chronos-bolt-base...
[2026-09-29 10:55:57 UTC] resources selected_device {"device": "cuda", "model": "chronos_bolt", "stage": "forecast"}

--- Term: short ---
  Config: prediction_length=13, test_length=52, val_length=13
  Dataset info:
    - Frequency: W
    - Num series: 15
    - Target dim: 4
    - Target mode: univariate
    - Series length: min=154, max=210, avg=205.6
    - Test split: 52 steps
    - Prediction length: 13
    - Windows: 4
TIME run allocation action=new run=/fslarge/scratch/users/h61084/codes/fine_time/outputs/task_finetuning/tasks/inference/chronos_bolt/univariate/Global_Influenza/W/short/run_0 launch_id=selena_fine_time_20260929T092621Z_11326 slurm_job_id=3607388 launched_at=2026-09-29T10:55:57.830938+00:00
  Preparing input batches from Test split data...
    Total instances to forecast: 240
  Running predictions (Batch size: 32)...
TIME run allocation action=new run=/fslarge/scratch/users/h61084/codes/fine_time/outputs/task_finetuning/tasks/frozen/chronos_bolt/univariate/Global_Influenza/W/short/run_0 launch_id=selena_fine_time_20260929T092621Z_11326 slurm_job_id=3607388 launched_at=2026-09-29T10:55:57.991454+00:00
    Total instances: 240, Series during experiment: 60, Windows: 4
    Collecting ground truth and context...
    Detected to_univariate case: 60 flat series -> 15 series x 4 variates
    Organizing data into arrays...
    ⚠️  Predictions max value (100229.82) exceeds float16 safe range.
    ⚠️  Applying scale factor: 10 (values will be divided)
    Saved predictions (quantiles) to /fslarge/scratch/users/h61084/codes/fine_time/outputs/task_finetuning/tasks/frozen/chronos_bolt/univariate/Global_Influenza/W/short/run_0/predictions.npz
    Computing per-window metrics...
    Saved metrics to /fslarge/scratch/users/h61084/codes/fine_time/outputs/task_finetuning/tasks/frozen/chronos_bolt/univariate/Global_Influenza/W/short/run_0/metrics.npz
    Saved aggregate metrics to /fslarge/scratch/users/h61084/codes/fine_time/outputs/task_finetuning/tasks/frozen/chronos_bolt/univariate/Global_Influenza/W/short/run_0/metrics_summary.json
    Metrics summary (averaged over all series/windows/variates):
      MSE: 4573334.8691
      MAE: 530.6044
      RMSE: 658.5585
      MAPE: 0.7362
      sMAPE: 0.5172
      MASE: 2.8884
      ND: 0.5298
      CRPS: 0.4508
  Output: /fslarge/scratch/users/h61084/codes/fine_time/outputs/task_finetuning/tasks/frozen/chronos_bolt/univariate/Global_Influenza/W/short/run_0

============================================================
All experiments completed!
Results saved to: /scratch/users/h61084/codes/fine_time/outputs/task_finetuning/tasks/frozen
============================================================
[34/90] evaluate chronos_bolt task_finetuned on Global_Influenza/W/short
Loading configuration...

============================================================
Dataset: Global_Influenza/W
Model: amazon/chronos-bolt-base
Terms: ['short']
Instance normalization: none
============================================================
Loading Chronos-Bolt model: amazon/chronos-bolt-base from /fslarge/scratch/users/h61084/codes/fine_time/outputs/task_finetuning/checkpoints/chronos_bolt/Global_Influenza/W/short/run_0/finetuned-ckpt...
[2026-09-29 10:55:58 UTC] resources selected_device {"device": "cuda", "model": "chronos_bolt", "stage": "forecast"}

--- Term: short ---
  Config: prediction_length=13, test_length=52, val_length=13
  Dataset info:
    - Frequency: W
    - Num series: 15
    - Target dim: 4
    - Target mode: univariate
    - Series length: min=154, max=210, avg=205.6
    - Test split: 52 steps
    - Prediction length: 13
    - Windows: 4
TIME run allocation action=new run=/fslarge/scratch/users/h61084/codes/fine_time/outputs/task_finetuning/tasks/inference/chronos_bolt/univariate/Global_Influenza/W/short/run_1 launch_id=selena_fine_time_20260929T092621Z_11326 slurm_job_id=3607388 launched_at=2026-09-29T10:55:59.865932+00:00
  Preparing input batches from Test split data...
    Total instances to forecast: 240
  Running predictions (Batch size: 32)...
TIME run allocation action=new run=/fslarge/scratch/users/h61084/codes/fine_time/outputs/task_finetuning/tasks/task_finetuned/chronos_bolt/univariate/Global_Influenza/W/short/run_0 launch_id=selena_fine_time_20260929T092621Z_11326 slurm_job_id=3607388 launched_at=2026-09-29T10:56:00.025998+00:00
    Total instances: 240, Series during experiment: 60, Windows: 4
    Collecting ground truth and context...
    Detected to_univariate case: 60 flat series -> 15 series x 4 variates
    Organizing data into arrays...
    ⚠️  Predictions max value (106582.06) exceeds float16 safe range.
    ⚠️  Applying scale factor: 10 (values will be divided)
    Saved predictions (quantiles) to /fslarge/scratch/users/h61084/codes/fine_time/outputs/task_finetuning/tasks/task_finetuned/chronos_bolt/univariate/Global_Influenza/W/short/run_0/predictions.npz
    Computing per-window metrics...
    Saved metrics to /fslarge/scratch/users/h61084/codes/fine_time/outputs/task_finetuning/tasks/task_finetuned/chronos_bolt/univariate/Global_Influenza/W/short/run_0/metrics.npz
    Saved aggregate metrics to /fslarge/scratch/users/h61084/codes/fine_time/outputs/task_finetuning/tasks/task_finetuned/chronos_bolt/univariate/Global_Influenza/W/short/run_0/metrics_summary.json
    Metrics summary (averaged over all series/windows/variates):
      MSE: 5393057.1007
      MAE: 513.3505
      RMSE: 635.0839
      MAPE: 0.5694
      sMAPE: 0.4666
      MASE: 2.4851
      ND: 0.4551
      CRPS: 0.3751
  Output: /fslarge/scratch/users/h61084/codes/fine_time/outputs/task_finetuning/tasks/task_finetuned/chronos_bolt/univariate/Global_Influenza/W/short/run_0

============================================================
All experiments completed!
Results saved to: /scratch/users/h61084/codes/fine_time/outputs/task_finetuning/tasks/task_finetuned
============================================================
[35/90] evaluate chronos_bolt frozen on Global_Price/Q/short
Loading configuration...

============================================================
Dataset: Global_Price/Q
Model: amazon/chronos-bolt-base
Terms: ['short']
Instance normalization: none
============================================================
Loading Chronos-Bolt model: amazon/chronos-bolt-base from /fslarge/scratch/users/h61084/weights/chronos-bolt-base...
[2026-09-29 10:56:00 UTC] resources selected_device {"device": "cuda", "model": "chronos_bolt", "stage": "forecast"}

--- Term: short ---
  Config: prediction_length=4, test_length=20, val_length=8
  Dataset info:
    - Frequency: Q
    - Num series: 1
    - Target dim: 60
    - Target mode: univariate
    - Series length: min=142, max=142, avg=142.0
    - Test split: 20 steps
    - Prediction length: 4
    - Windows: 5
TIME run allocation action=new run=/fslarge/scratch/users/h61084/codes/fine_time/outputs/task_finetuning/tasks/inference/chronos_bolt/univariate/Global_Price/Q/short/run_0 launch_id=selena_fine_time_20260929T092621Z_11326 slurm_job_id=3607388 launched_at=2026-09-29T10:56:00.486075+00:00
  Preparing input batches from Test split data...
    Total instances to forecast: 300
  Running predictions (Batch size: 32)...
    Processed 300/300...
TIME run allocation action=new run=/fslarge/scratch/users/h61084/codes/fine_time/outputs/task_finetuning/tasks/frozen/chronos_bolt/univariate/Global_Price/Q/short/run_0 launch_id=selena_fine_time_20260929T092621Z_11326 slurm_job_id=3607388 launched_at=2026-09-29T10:56:00.679071+00:00
    Total instances: 300, Series during experiment: 60, Windows: 5
    Collecting ground truth and context...
    Detected to_univariate case: 60 flat series -> 1 series x 60 variates
    Organizing data into arrays...
    Saved predictions (quantiles) to /fslarge/scratch/users/h61084/codes/fine_time/outputs/task_finetuning/tasks/frozen/chronos_bolt/univariate/Global_Price/Q/short/run_0/predictions.npz
    Computing per-window metrics...
    Saved metrics to /fslarge/scratch/users/h61084/codes/fine_time/outputs/task_finetuning/tasks/frozen/chronos_bolt/univariate/Global_Price/Q/short/run_0/metrics.npz
    Saved aggregate metrics to /fslarge/scratch/users/h61084/codes/fine_time/outputs/task_finetuning/tasks/frozen/chronos_bolt/univariate/Global_Price/Q/short/run_0/metrics_summary.json
    Metrics summary (averaged over all series/windows/variates):
      MSE: 1713971.9929
      MAE: 304.0817
      RMSE: 341.7313
      MAPE: 0.1793
      sMAPE: 0.1905
      MASE: 1.5685
      ND: 0.1799
      CRPS: 0.1462
  Output: /fslarge/scratch/users/h61084/codes/fine_time/outputs/task_finetuning/tasks/frozen/chronos_bolt/univariate/Global_Price/Q/short/run_0

============================================================
All experiments completed!
Results saved to: /scratch/users/h61084/codes/fine_time/outputs/task_finetuning/tasks/frozen
============================================================
[35/90] evaluate chronos_bolt task_finetuned on Global_Price/Q/short
Loading configuration...

============================================================
Dataset: Global_Price/Q
Model: amazon/chronos-bolt-base
Terms: ['short']
Instance normalization: none
============================================================
Loading Chronos-Bolt model: amazon/chronos-bolt-base from /fslarge/scratch/users/h61084/codes/fine_time/outputs/task_finetuning/checkpoints/chronos_bolt/Global_Price/Q/short/run_0/finetuned-ckpt...
[2026-09-29 10:56:00 UTC] resources selected_device {"device": "cuda", "model": "chronos_bolt", "stage": "forecast"}

--- Term: short ---
  Config: prediction_length=4, test_length=20, val_length=8
  Dataset info:
    - Frequency: Q
    - Num series: 1
    - Target dim: 60
    - Target mode: univariate
    - Series length: min=142, max=142, avg=142.0
    - Test split: 20 steps
    - Prediction length: 4
    - Windows: 5
TIME run allocation action=new run=/fslarge/scratch/users/h61084/codes/fine_time/outputs/task_finetuning/tasks/inference/chronos_bolt/univariate/Global_Price/Q/short/run_1 launch_id=selena_fine_time_20260929T092621Z_11326 slurm_job_id=3607388 launched_at=2026-09-29T10:56:02.408964+00:00
  Preparing input batches from Test split data...
    Total instances to forecast: 300
  Running predictions (Batch size: 32)...
    Processed 300/300...
TIME run allocation action=new run=/fslarge/scratch/users/h61084/codes/fine_time/outputs/task_finetuning/tasks/task_finetuned/chronos_bolt/univariate/Global_Price/Q/short/run_0 launch_id=selena_fine_time_20260929T092621Z_11326 slurm_job_id=3607388 launched_at=2026-09-29T10:56:02.602054+00:00
    Total instances: 300, Series during experiment: 60, Windows: 5
    Collecting ground truth and context...
    Detected to_univariate case: 60 flat series -> 1 series x 60 variates
    Organizing data into arrays...
    Saved predictions (quantiles) to /fslarge/scratch/users/h61084/codes/fine_time/outputs/task_finetuning/tasks/task_finetuned/chronos_bolt/univariate/Global_Price/Q/short/run_0/predictions.npz
    Computing per-window metrics...
    Saved metrics to /fslarge/scratch/users/h61084/codes/fine_time/outputs/task_finetuning/tasks/task_finetuned/chronos_bolt/univariate/Global_Price/Q/short/run_0/metrics.npz
    Saved aggregate metrics to /fslarge/scratch/users/h61084/codes/fine_time/outputs/task_finetuning/tasks/task_finetuned/chronos_bolt/univariate/Global_Price/Q/short/run_0/metrics_summary.json
    Metrics summary (averaged over all series/windows/variates):
      MSE: 1552254.0729
      MAE: 312.8472
      RMSE: 344.0199
      MAPE: 0.1822
      sMAPE: 0.1811
      MASE: 1.5613
      ND: 0.1810
      CRPS: 0.1437
  Output: /fslarge/scratch/users/h61084/codes/fine_time/outputs/task_finetuning/tasks/task_finetuned/chronos_bolt/univariate/Global_Price/Q/short/run_0

============================================================
All experiments completed!
Results saved to: /scratch/users/h61084/codes/fine_time/outputs/task_finetuning/tasks/task_finetuned
============================================================
[36/90] evaluate chronos_bolt frozen on Housing_Inventory/M/short
Loading configuration...

============================================================
Dataset: Housing_Inventory/M
Model: amazon/chronos-bolt-base
Terms: ['short']
Instance normalization: none
============================================================
Loading Chronos-Bolt model: amazon/chronos-bolt-base from /fslarge/scratch/users/h61084/weights/chronos-bolt-base...
[2026-09-29 10:56:02 UTC] resources selected_device {"device": "cuda", "model": "chronos_bolt", "stage": "forecast"}

--- Term: short ---
  Config: prediction_length=12, test_length=36, val_length=12
  Dataset info:
    - Frequency: M
    - Num series: 1
    - Target dim: 4
    - Target mode: univariate
    - Series length: min=114, max=114, avg=114.0
    - Test split: 36 steps
    - Prediction length: 12
    - Windows: 3
TIME run allocation action=new run=/fslarge/scratch/users/h61084/codes/fine_time/outputs/task_finetuning/tasks/inference/chronos_bolt/univariate/Housing_Inventory/M/short/run_0 launch_id=selena_fine_time_20260929T092621Z_11326 slurm_job_id=3607388 launched_at=2026-09-29T10:56:03.070637+00:00
  Preparing input batches from Test split data...
    Total instances to forecast: 12
  Running predictions (Batch size: 32)...
TIME run allocation action=new run=/fslarge/scratch/users/h61084/codes/fine_time/outputs/task_finetuning/tasks/frozen/chronos_bolt/univariate/Housing_Inventory/M/short/run_0 launch_id=selena_fine_time_20260929T092621Z_11326 slurm_job_id=3607388 launched_at=2026-09-29T10:56:03.101319+00:00
    Total instances: 12, Series during experiment: 4, Windows: 3
    Collecting ground truth and context...
    Detected to_univariate case: 4 flat series -> 1 series x 4 variates
    Organizing data into arrays...
    ⚠️  Predictions max value (1219171.00) exceeds float16 safe range.
    ⚠️  Applying scale factor: 100 (values will be divided)
    Saved predictions (quantiles) to /fslarge/scratch/users/h61084/codes/fine_time/outputs/task_finetuning/tasks/frozen/chronos_bolt/univariate/Housing_Inventory/M/short/run_0/predictions.npz
    Computing per-window metrics...
    Saved metrics to /fslarge/scratch/users/h61084/codes/fine_time/outputs/task_finetuning/tasks/frozen/chronos_bolt/univariate/Housing_Inventory/M/short/run_0/metrics.npz
    Saved aggregate metrics to /fslarge/scratch/users/h61084/codes/fine_time/outputs/task_finetuning/tasks/frozen/chronos_bolt/univariate/Housing_Inventory/M/short/run_0/metrics_summary.json
    Metrics summary (averaged over all series/windows/variates):
      MSE: 5481882559.1403
      MAE: 30275.8777
      RMSE: 33075.9156
      MAPE: 0.0694
      sMAPE: 0.0658
      MASE: 0.5280
      ND: 0.0694
      CRPS: 0.0537
  Output: /fslarge/scratch/users/h61084/codes/fine_time/outputs/task_finetuning/tasks/frozen/chronos_bolt/univariate/Housing_Inventory/M/short/run_0

============================================================
All experiments completed!
Results saved to: /scratch/users/h61084/codes/fine_time/outputs/task_finetuning/tasks/frozen
============================================================
[36/90] evaluate chronos_bolt task_finetuned on Housing_Inventory/M/short
Loading configuration...

============================================================
Dataset: Housing_Inventory/M
Model: amazon/chronos-bolt-base
Terms: ['short']
Instance normalization: none
============================================================
Loading Chronos-Bolt model: amazon/chronos-bolt-base from /fslarge/scratch/users/h61084/codes/fine_time/outputs/task_finetuning/checkpoints/chronos_bolt/Housing_Inventory/M/short/run_0/finetuned-ckpt...
[2026-09-29 10:56:03 UTC] resources selected_device {"device": "cuda", "model": "chronos_bolt", "stage": "forecast"}

--- Term: short ---
  Config: prediction_length=12, test_length=36, val_length=12
  Dataset info:
    - Frequency: M
    - Num series: 1
    - Target dim: 4
    - Target mode: univariate
    - Series length: min=114, max=114, avg=114.0
    - Test split: 36 steps
    - Prediction length: 12
    - Windows: 3
TIME run allocation action=new run=/fslarge/scratch/users/h61084/codes/fine_time/outputs/task_finetuning/tasks/inference/chronos_bolt/univariate/Housing_Inventory/M/short/run_1 launch_id=selena_fine_time_20260929T092621Z_11326 slurm_job_id=3607388 launched_at=2026-09-29T10:56:04.793342+00:00
  Preparing input batches from Test split data...
    Total instances to forecast: 12
  Running predictions (Batch size: 32)...
TIME run allocation action=new run=/fslarge/scratch/users/h61084/codes/fine_time/outputs/task_finetuning/tasks/task_finetuned/chronos_bolt/univariate/Housing_Inventory/M/short/run_0 launch_id=selena_fine_time_20260929T092621Z_11326 slurm_job_id=3607388 launched_at=2026-09-29T10:56:04.823202+00:00
    Total instances: 12, Series during experiment: 4, Windows: 3
    Collecting ground truth and context...
    Detected to_univariate case: 4 flat series -> 1 series x 4 variates
    Organizing data into arrays...
    ⚠️  Predictions max value (1000888.25) exceeds float16 safe range.
    ⚠️  Applying scale factor: 100 (values will be divided)
    Saved predictions (quantiles) to /fslarge/scratch/users/h61084/codes/fine_time/outputs/task_finetuning/tasks/task_finetuned/chronos_bolt/univariate/Housing_Inventory/M/short/run_0/predictions.npz
    Computing per-window metrics...
    Saved metrics to /fslarge/scratch/users/h61084/codes/fine_time/outputs/task_finetuning/tasks/task_finetuned/chronos_bolt/univariate/Housing_Inventory/M/short/run_0/metrics.npz
    Saved aggregate metrics to /fslarge/scratch/users/h61084/codes/fine_time/outputs/task_finetuning/tasks/task_finetuned/chronos_bolt/univariate/Housing_Inventory/M/short/run_0/metrics_summary.json
    Metrics summary (averaged over all series/windows/variates):
      MSE: 6377827036.6483
      MAE: 42253.2166
      RMSE: 44583.9384
      MAPE: 0.1121
      sMAPE: 0.1245
      MASE: 1.0381
      ND: 0.1118
      CRPS: 0.0968
  Output: /fslarge/scratch/users/h61084/codes/fine_time/outputs/task_finetuning/tasks/task_finetuned/chronos_bolt/univariate/Housing_Inventory/M/short/run_0

============================================================
All experiments completed!
Results saved to: /scratch/users/h61084/codes/fine_time/outputs/task_finetuning/tasks/task_finetuned
============================================================
[37/90] evaluate chronos_bolt frozen on JOLTS/M/short
Loading configuration...

============================================================
Dataset: JOLTS/M
Model: amazon/chronos-bolt-base
Terms: ['short']
Instance normalization: none
============================================================
Loading Chronos-Bolt model: amazon/chronos-bolt-base from /fslarge/scratch/users/h61084/weights/chronos-bolt-base...
[2026-09-29 10:56:04 UTC] resources selected_device {"device": "cuda", "model": "chronos_bolt", "stage": "forecast"}

--- Term: short ---
  Config: prediction_length=12, test_length=60, val_length=12
  Dataset info:
    - Frequency: M
    - Num series: 1
    - Target dim: 6
    - Target mode: univariate
    - Series length: min=297, max=297, avg=297.0
    - Test split: 60 steps
    - Prediction length: 12
    - Windows: 5
TIME run allocation action=new run=/fslarge/scratch/users/h61084/codes/fine_time/outputs/task_finetuning/tasks/inference/chronos_bolt/univariate/JOLTS/M/short/run_0 launch_id=selena_fine_time_20260929T092621Z_11326 slurm_job_id=3607388 launched_at=2026-09-29T10:56:05.224522+00:00
  Preparing input batches from Test split data...
    Total instances to forecast: 30
  Running predictions (Batch size: 32)...
TIME run allocation action=new run=/fslarge/scratch/users/h61084/codes/fine_time/outputs/task_finetuning/tasks/frozen/chronos_bolt/univariate/JOLTS/M/short/run_0 launch_id=selena_fine_time_20260929T092621Z_11326 slurm_job_id=3607388 launched_at=2026-09-29T10:56:05.256473+00:00
    Total instances: 30, Series during experiment: 6, Windows: 5
    Collecting ground truth and context...
    Detected to_univariate case: 6 flat series -> 1 series x 6 variates
    Organizing data into arrays...
    Saved predictions (quantiles) to /fslarge/scratch/users/h61084/codes/fine_time/outputs/task_finetuning/tasks/frozen/chronos_bolt/univariate/JOLTS/M/short/run_0/predictions.npz
    Computing per-window metrics...
    Saved metrics to /fslarge/scratch/users/h61084/codes/fine_time/outputs/task_finetuning/tasks/frozen/chronos_bolt/univariate/JOLTS/M/short/run_0/metrics.npz
    Saved aggregate metrics to /fslarge/scratch/users/h61084/codes/fine_time/outputs/task_finetuning/tasks/frozen/chronos_bolt/univariate/JOLTS/M/short/run_0/metrics_summary.json
    Metrics summary (averaged over all series/windows/variates):
      MSE: 420672.3918
      MAE: 347.0063
      RMSE: 419.1784
      MAPE: 0.0820
      sMAPE: 0.0809
      MASE: 1.0554
      ND: 0.0816
      CRPS: 0.0649
  Output: /fslarge/scratch/users/h61084/codes/fine_time/outputs/task_finetuning/tasks/frozen/chronos_bolt/univariate/JOLTS/M/short/run_0

============================================================
All experiments completed!
Results saved to: /scratch/users/h61084/codes/fine_time/outputs/task_finetuning/tasks/frozen
============================================================
[37/90] evaluate chronos_bolt task_finetuned on JOLTS/M/short
Loading configuration...

============================================================
Dataset: JOLTS/M
Model: amazon/chronos-bolt-base
Terms: ['short']
Instance normalization: none
============================================================
Loading Chronos-Bolt model: amazon/chronos-bolt-base from /fslarge/scratch/users/h61084/codes/fine_time/outputs/task_finetuning/checkpoints/chronos_bolt/JOLTS/M/short/run_0/finetuned-ckpt...
[2026-09-29 10:56:05 UTC] resources selected_device {"device": "cuda", "model": "chronos_bolt", "stage": "forecast"}

--- Term: short ---
  Config: prediction_length=12, test_length=60, val_length=12
  Dataset info:
    - Frequency: M
    - Num series: 1
    - Target dim: 6
    - Target mode: univariate
    - Series length: min=297, max=297, avg=297.0
    - Test split: 60 steps
    - Prediction length: 12
    - Windows: 5
TIME run allocation action=new run=/fslarge/scratch/users/h61084/codes/fine_time/outputs/task_finetuning/tasks/inference/chronos_bolt/univariate/JOLTS/M/short/run_1 launch_id=selena_fine_time_20260929T092621Z_11326 slurm_job_id=3607388 launched_at=2026-09-29T10:56:07.329388+00:00
  Preparing input batches from Test split data...
    Total instances to forecast: 30
  Running predictions (Batch size: 32)...
TIME run allocation action=new run=/fslarge/scratch/users/h61084/codes/fine_time/outputs/task_finetuning/tasks/task_finetuned/chronos_bolt/univariate/JOLTS/M/short/run_0 launch_id=selena_fine_time_20260929T092621Z_11326 slurm_job_id=3607388 launched_at=2026-09-29T10:56:07.360057+00:00
    Total instances: 30, Series during experiment: 6, Windows: 5
    Collecting ground truth and context...
    Detected to_univariate case: 6 flat series -> 1 series x 6 variates
    Organizing data into arrays...
    Saved predictions (quantiles) to /fslarge/scratch/users/h61084/codes/fine_time/outputs/task_finetuning/tasks/task_finetuned/chronos_bolt/univariate/JOLTS/M/short/run_0/predictions.npz
    Computing per-window metrics...
    Saved metrics to /fslarge/scratch/users/h61084/codes/fine_time/outputs/task_finetuning/tasks/task_finetuned/chronos_bolt/univariate/JOLTS/M/short/run_0/metrics.npz
    Saved aggregate metrics to /fslarge/scratch/users/h61084/codes/fine_time/outputs/task_finetuning/tasks/task_finetuned/chronos_bolt/univariate/JOLTS/M/short/run_0/metrics_summary.json
    Metrics summary (averaged over all series/windows/variates):
      MSE: 431711.9695
      MAE: 342.6704
      RMSE: 417.0661
      MAPE: 0.0803
      sMAPE: 0.0825
      MASE: 1.0598
      ND: 0.0811
      CRPS: 0.0665
  Output: /fslarge/scratch/users/h61084/codes/fine_time/outputs/task_finetuning/tasks/task_finetuned/chronos_bolt/univariate/JOLTS/M/short/run_0

============================================================
All experiments completed!
Results saved to: /scratch/users/h61084/codes/fine_time/outputs/task_finetuning/tasks/task_finetuned
============================================================
[38/90] evaluate chronos_bolt frozen on Job_Claims/W/short
Loading configuration...

============================================================
Dataset: Job_Claims/W
Model: amazon/chronos-bolt-base
Terms: ['short']
Instance normalization: none
============================================================
Loading Chronos-Bolt model: amazon/chronos-bolt-base from /fslarge/scratch/users/h61084/weights/chronos-bolt-base...
[2026-09-29 10:56:07 UTC] resources selected_device {"device": "cuda", "model": "chronos_bolt", "stage": "forecast"}

--- Term: short ---
  Config: prediction_length=13, test_length=52, val_length=13
  Dataset info:
    - Frequency: W
    - Num series: 1
    - Target dim: 2
    - Target mode: univariate
    - Series length: min=196, max=196, avg=196.0
    - Test split: 52 steps
    - Prediction length: 13
    - Windows: 4
TIME run allocation action=new run=/fslarge/scratch/users/h61084/codes/fine_time/outputs/task_finetuning/tasks/inference/chronos_bolt/univariate/Job_Claims/W/short/run_0 launch_id=selena_fine_time_20260929T092621Z_11326 slurm_job_id=3607388 launched_at=2026-09-29T10:56:07.765588+00:00
  Preparing input batches from Test split data...
    Total instances to forecast: 8
  Running predictions (Batch size: 32)...
TIME run allocation action=new run=/fslarge/scratch/users/h61084/codes/fine_time/outputs/task_finetuning/tasks/frozen/chronos_bolt/univariate/Job_Claims/W/short/run_0 launch_id=selena_fine_time_20260929T092621Z_11326 slurm_job_id=3607388 launched_at=2026-09-29T10:56:07.795403+00:00
    Total instances: 8, Series during experiment: 2, Windows: 4
    Collecting ground truth and context...
    Detected to_univariate case: 2 flat series -> 1 series x 2 variates
    Organizing data into arrays...
    ⚠️  Predictions max value (2102637.50) exceeds float16 safe range.
    ⚠️  Applying scale factor: 100 (values will be divided)
    Saved predictions (quantiles) to /fslarge/scratch/users/h61084/codes/fine_time/outputs/task_finetuning/tasks/frozen/chronos_bolt/univariate/Job_Claims/W/short/run_0/predictions.npz
    Computing per-window metrics...
    Saved metrics to /fslarge/scratch/users/h61084/codes/fine_time/outputs/task_finetuning/tasks/frozen/chronos_bolt/univariate/Job_Claims/W/short/run_0/metrics.npz
    Saved aggregate metrics to /fslarge/scratch/users/h61084/codes/fine_time/outputs/task_finetuning/tasks/frozen/chronos_bolt/univariate/Job_Claims/W/short/run_0/metrics_summary.json
    Metrics summary (averaged over all series/windows/variates):
      MSE: 1472408115.2955
      MAE: 25819.6809
      RMSE: 29300.8809
      MAPE: 0.0290
      sMAPE: 0.0290
      MASE: 4.1468
      ND: 0.0290
      CRPS: 0.0223
  Output: /fslarge/scratch/users/h61084/codes/fine_time/outputs/task_finetuning/tasks/frozen/chronos_bolt/univariate/Job_Claims/W/short/run_0

============================================================
All experiments completed!
Results saved to: /scratch/users/h61084/codes/fine_time/outputs/task_finetuning/tasks/frozen
============================================================
[38/90] evaluate chronos_bolt task_finetuned on Job_Claims/W/short
Loading configuration...

============================================================
Dataset: Job_Claims/W
Model: amazon/chronos-bolt-base
Terms: ['short']
Instance normalization: none
============================================================
Loading Chronos-Bolt model: amazon/chronos-bolt-base from /fslarge/scratch/users/h61084/codes/fine_time/outputs/task_finetuning/checkpoints/chronos_bolt/Job_Claims/W/short/run_0/finetuned-ckpt...
[2026-09-29 10:56:07 UTC] resources selected_device {"device": "cuda", "model": "chronos_bolt", "stage": "forecast"}

--- Term: short ---
  Config: prediction_length=13, test_length=52, val_length=13
  Dataset info:
    - Frequency: W
    - Num series: 1
    - Target dim: 2
    - Target mode: univariate
    - Series length: min=196, max=196, avg=196.0
    - Test split: 52 steps
    - Prediction length: 13
    - Windows: 4
TIME run allocation action=new run=/fslarge/scratch/users/h61084/codes/fine_time/outputs/task_finetuning/tasks/inference/chronos_bolt/univariate/Job_Claims/W/short/run_1 launch_id=selena_fine_time_20260929T092621Z_11326 slurm_job_id=3607388 launched_at=2026-09-29T10:56:09.388529+00:00
  Preparing input batches from Test split data...
    Total instances to forecast: 8
  Running predictions (Batch size: 32)...
TIME run allocation action=new run=/fslarge/scratch/users/h61084/codes/fine_time/outputs/task_finetuning/tasks/task_finetuned/chronos_bolt/univariate/Job_Claims/W/short/run_0 launch_id=selena_fine_time_20260929T092621Z_11326 slurm_job_id=3607388 launched_at=2026-09-29T10:56:09.418539+00:00
    Total instances: 8, Series during experiment: 2, Windows: 4
    Collecting ground truth and context...
    Detected to_univariate case: 2 flat series -> 1 series x 2 variates
    Organizing data into arrays...
    ⚠️  Predictions max value (2029670.75) exceeds float16 safe range.
    ⚠️  Applying scale factor: 100 (values will be divided)
    Saved predictions (quantiles) to /fslarge/scratch/users/h61084/codes/fine_time/outputs/task_finetuning/tasks/task_finetuned/chronos_bolt/univariate/Job_Claims/W/short/run_0/predictions.npz
    Computing per-window metrics...
    Saved metrics to /fslarge/scratch/users/h61084/codes/fine_time/outputs/task_finetuning/tasks/task_finetuned/chronos_bolt/univariate/Job_Claims/W/short/run_0/metrics.npz
    Saved aggregate metrics to /fslarge/scratch/users/h61084/codes/fine_time/outputs/task_finetuning/tasks/task_finetuned/chronos_bolt/univariate/Job_Claims/W/short/run_0/metrics_summary.json
    Metrics summary (averaged over all series/windows/variates):
      MSE: 525102121.8605
      MAE: 17606.7960
      RMSE: 20570.4768
      MAPE: 0.0295
      sMAPE: 0.0296
      MASE: 3.4114
      ND: 0.0296
      CRPS: 0.0239
  Output: /fslarge/scratch/users/h61084/codes/fine_time/outputs/task_finetuning/tasks/task_finetuned/chronos_bolt/univariate/Job_Claims/W/short/run_0

============================================================
All experiments completed!
Results saved to: /scratch/users/h61084/codes/fine_time/outputs/task_finetuning/tasks/task_finetuned
============================================================
[39/90] evaluate chronos_bolt frozen on MetroPT-3/5T/long
Loading configuration...

============================================================
Dataset: MetroPT-3/5T
Model: amazon/chronos-bolt-base
Terms: ['long']
Instance normalization: none
============================================================
Loading Chronos-Bolt model: amazon/chronos-bolt-base from /fslarge/scratch/users/h61084/weights/chronos-bolt-base...
[2026-09-29 10:56:09 UTC] resources selected_device {"device": "cuda", "model": "chronos_bolt", "stage": "forecast"}

--- Term: long ---
  Config: prediction_length=576, test_length=1728, val_length=1728
  Dataset info:
    - Frequency: 5T
    - Num series: 1
    - Target dim: 6
    - Target mode: univariate
    - Series length: min=17809, max=17809, avg=17809.0
    - Test split: 1728 steps
    - Prediction length: 576
    - Windows: 3
TIME run allocation action=new run=/fslarge/scratch/users/h61084/codes/fine_time/outputs/task_finetuning/tasks/inference/chronos_bolt/univariate/MetroPT-3/5T/long/run_0 launch_id=selena_fine_time_20260929T092621Z_11326 slurm_job_id=3607388 launched_at=2026-09-29T10:56:09.843436+00:00
  Preparing input batches from Test split data...
    Total instances to forecast: 18
  Running predictions (Batch size: 32)...
TIME run allocation action=new run=/fslarge/scratch/users/h61084/codes/fine_time/outputs/task_finetuning/tasks/frozen/chronos_bolt/univariate/MetroPT-3/5T/long/run_0 launch_id=selena_fine_time_20260929T092621Z_11326 slurm_job_id=3607388 launched_at=2026-09-29T10:56:11.085016+00:00
    Total instances: 18, Series during experiment: 6, Windows: 3
    Collecting ground truth and context...
    Detected to_univariate case: 6 flat series -> 1 series x 6 variates
    Organizing data into arrays...
    Saved predictions (quantiles) to /fslarge/scratch/users/h61084/codes/fine_time/outputs/task_finetuning/tasks/frozen/chronos_bolt/univariate/MetroPT-3/5T/long/run_0/predictions.npz
    Computing per-window metrics...
    Saved metrics to /fslarge/scratch/users/h61084/codes/fine_time/outputs/task_finetuning/tasks/frozen/chronos_bolt/univariate/MetroPT-3/5T/long/run_0/metrics.npz
    Saved aggregate metrics to /fslarge/scratch/users/h61084/codes/fine_time/outputs/task_finetuning/tasks/frozen/chronos_bolt/univariate/MetroPT-3/5T/long/run_0/metrics_summary.json
    Metrics summary (averaged over all series/windows/variates):
      MSE: 3.3339
      MAE: 1.2067
      RMSE: 1.5065
      MAPE: 6.7195
      sMAPE: 0.4852
      MASE: 0.6948
      ND: 0.3485
      CRPS: 0.2770
  Output: /fslarge/scratch/users/h61084/codes/fine_time/outputs/task_finetuning/tasks/frozen/chronos_bolt/univariate/MetroPT-3/5T/long/run_0

============================================================
All experiments completed!
Results saved to: /scratch/users/h61084/codes/fine_time/outputs/task_finetuning/tasks/frozen
============================================================
[39/90] evaluate chronos_bolt task_finetuned on MetroPT-3/5T/long
Loading configuration...

============================================================
Dataset: MetroPT-3/5T
Model: amazon/chronos-bolt-base
Terms: ['long']
Instance normalization: none
============================================================
Loading Chronos-Bolt model: amazon/chronos-bolt-base from /fslarge/scratch/users/h61084/codes/fine_time/outputs/task_finetuning/checkpoints/chronos_bolt/MetroPT-3/5T/long/run_0/finetuned-ckpt...
[2026-09-29 10:56:11 UTC] resources selected_device {"device": "cuda", "model": "chronos_bolt", "stage": "forecast"}

--- Term: long ---
  Config: prediction_length=576, test_length=1728, val_length=1728
  Dataset info:
    - Frequency: 5T
    - Num series: 1
    - Target dim: 6
    - Target mode: univariate
    - Series length: min=17809, max=17809, avg=17809.0
    - Test split: 1728 steps
    - Prediction length: 576
    - Windows: 3
TIME run allocation action=new run=/fslarge/scratch/users/h61084/codes/fine_time/outputs/task_finetuning/tasks/inference/chronos_bolt/univariate/MetroPT-3/5T/long/run_1 launch_id=selena_fine_time_20260929T092621Z_11326 slurm_job_id=3607388 launched_at=2026-09-29T10:56:12.573847+00:00
  Preparing input batches from Test split data...
    Total instances to forecast: 18
  Running predictions (Batch size: 32)...
TIME run allocation action=new run=/fslarge/scratch/users/h61084/codes/fine_time/outputs/task_finetuning/tasks/task_finetuned/chronos_bolt/univariate/MetroPT-3/5T/long/run_0 launch_id=selena_fine_time_20260929T092621Z_11326 slurm_job_id=3607388 launched_at=2026-09-29T10:56:13.819215+00:00
    Total instances: 18, Series during experiment: 6, Windows: 3
    Collecting ground truth and context...
    Detected to_univariate case: 6 flat series -> 1 series x 6 variates
    Organizing data into arrays...
    Saved predictions (quantiles) to /fslarge/scratch/users/h61084/codes/fine_time/outputs/task_finetuning/tasks/task_finetuned/chronos_bolt/univariate/MetroPT-3/5T/long/run_0/predictions.npz
    Computing per-window metrics...
    Saved metrics to /fslarge/scratch/users/h61084/codes/fine_time/outputs/task_finetuning/tasks/task_finetuned/chronos_bolt/univariate/MetroPT-3/5T/long/run_0/metrics.npz
    Saved aggregate metrics to /fslarge/scratch/users/h61084/codes/fine_time/outputs/task_finetuning/tasks/task_finetuned/chronos_bolt/univariate/MetroPT-3/5T/long/run_0/metrics_summary.json
    Metrics summary (averaged over all series/windows/variates):
      MSE: 3.4627
      MAE: 1.2088
      RMSE: 1.5227
      MAPE: 5.0664
      sMAPE: 0.5025
      MASE: 0.6945
      ND: 0.3426
      CRPS: 0.2796
  Output: /fslarge/scratch/users/h61084/codes/fine_time/outputs/task_finetuning/tasks/task_finetuned/chronos_bolt/univariate/MetroPT-3/5T/long/run_0

============================================================
All experiments completed!
Results saved to: /scratch/users/h61084/codes/fine_time/outputs/task_finetuning/tasks/task_finetuned
============================================================
[40/90] evaluate chronos_bolt frozen on MetroPT-3/5T/medium
Loading configuration...

============================================================
Dataset: MetroPT-3/5T
Model: amazon/chronos-bolt-base
Terms: ['medium']
Instance normalization: none
============================================================
Loading Chronos-Bolt model: amazon/chronos-bolt-base from /fslarge/scratch/users/h61084/weights/chronos-bolt-base...
[2026-09-29 10:56:13 UTC] resources selected_device {"device": "cuda", "model": "chronos_bolt", "stage": "forecast"}

--- Term: medium ---
  Config: prediction_length=288, test_length=1728, val_length=1728
  Dataset info:
    - Frequency: 5T
    - Num series: 1
    - Target dim: 6
    - Target mode: univariate
    - Series length: min=17809, max=17809, avg=17809.0
    - Test split: 1728 steps
    - Prediction length: 288
    - Windows: 6
TIME run allocation action=new run=/fslarge/scratch/users/h61084/codes/fine_time/outputs/task_finetuning/tasks/inference/chronos_bolt/univariate/MetroPT-3/5T/medium/run_0 launch_id=selena_fine_time_20260929T092621Z_11326 slurm_job_id=3607388 launched_at=2026-09-29T10:56:14.248640+00:00
  Preparing input batches from Test split data...
    Total instances to forecast: 36
  Running predictions (Batch size: 32)...
TIME run allocation action=new run=/fslarge/scratch/users/h61084/codes/fine_time/outputs/task_finetuning/tasks/frozen/chronos_bolt/univariate/MetroPT-3/5T/medium/run_0 launch_id=selena_fine_time_20260929T092621Z_11326 slurm_job_id=3607388 launched_at=2026-09-29T10:56:15.531930+00:00
    Total instances: 36, Series during experiment: 6, Windows: 6
    Collecting ground truth and context...
    Detected to_univariate case: 6 flat series -> 1 series x 6 variates
    Organizing data into arrays...
    Saved predictions (quantiles) to /fslarge/scratch/users/h61084/codes/fine_time/outputs/task_finetuning/tasks/frozen/chronos_bolt/univariate/MetroPT-3/5T/medium/run_0/predictions.npz
    Computing per-window metrics...
    Saved metrics to /fslarge/scratch/users/h61084/codes/fine_time/outputs/task_finetuning/tasks/frozen/chronos_bolt/univariate/MetroPT-3/5T/medium/run_0/metrics.npz
    Saved aggregate metrics to /fslarge/scratch/users/h61084/codes/fine_time/outputs/task_finetuning/tasks/frozen/chronos_bolt/univariate/MetroPT-3/5T/medium/run_0/metrics_summary.json
    Metrics summary (averaged over all series/windows/variates):
      MSE: 3.4239
      MAE: 1.2081
      RMSE: 1.5178
      MAPE: 7.1321
      sMAPE: 0.4817
      MASE: 0.6856
      ND: 0.3474
      CRPS: 0.2611
  Output: /fslarge/scratch/users/h61084/codes/fine_time/outputs/task_finetuning/tasks/frozen/chronos_bolt/univariate/MetroPT-3/5T/medium/run_0

============================================================
All experiments completed!
Results saved to: /scratch/users/h61084/codes/fine_time/outputs/task_finetuning/tasks/frozen
============================================================
[40/90] evaluate chronos_bolt task_finetuned on MetroPT-3/5T/medium
Loading configuration...

============================================================
Dataset: MetroPT-3/5T
Model: amazon/chronos-bolt-base
Terms: ['medium']
Instance normalization: none
============================================================
Loading Chronos-Bolt model: amazon/chronos-bolt-base from /fslarge/scratch/users/h61084/codes/fine_time/outputs/task_finetuning/checkpoints/chronos_bolt/MetroPT-3/5T/medium/run_0/finetuned-ckpt...
[2026-09-29 10:56:15 UTC] resources selected_device {"device": "cuda", "model": "chronos_bolt", "stage": "forecast"}

--- Term: medium ---
  Config: prediction_length=288, test_length=1728, val_length=1728
  Dataset info:
    - Frequency: 5T
    - Num series: 1
    - Target dim: 6
    - Target mode: univariate
    - Series length: min=17809, max=17809, avg=17809.0
    - Test split: 1728 steps
    - Prediction length: 288
    - Windows: 6
TIME run allocation action=new run=/fslarge/scratch/users/h61084/codes/fine_time/outputs/task_finetuning/tasks/inference/chronos_bolt/univariate/MetroPT-3/5T/medium/run_1 launch_id=selena_fine_time_20260929T092621Z_11326 slurm_job_id=3607388 launched_at=2026-09-29T10:56:17.159468+00:00
  Preparing input batches from Test split data...
    Total instances to forecast: 36
  Running predictions (Batch size: 32)...
TIME run allocation action=new run=/fslarge/scratch/users/h61084/codes/fine_time/outputs/task_finetuning/tasks/task_finetuned/chronos_bolt/univariate/MetroPT-3/5T/medium/run_0 launch_id=selena_fine_time_20260929T092621Z_11326 slurm_job_id=3607388 launched_at=2026-09-29T10:56:18.454101+00:00
    Total instances: 36, Series during experiment: 6, Windows: 6
    Collecting ground truth and context...
    Detected to_univariate case: 6 flat series -> 1 series x 6 variates
    Organizing data into arrays...
    Saved predictions (quantiles) to /fslarge/scratch/users/h61084/codes/fine_time/outputs/task_finetuning/tasks/task_finetuned/chronos_bolt/univariate/MetroPT-3/5T/medium/run_0/predictions.npz
    Computing per-window metrics...
    Saved metrics to /fslarge/scratch/users/h61084/codes/fine_time/outputs/task_finetuning/tasks/task_finetuned/chronos_bolt/univariate/MetroPT-3/5T/medium/run_0/metrics.npz
    Saved aggregate metrics to /fslarge/scratch/users/h61084/codes/fine_time/outputs/task_finetuning/tasks/task_finetuned/chronos_bolt/univariate/MetroPT-3/5T/medium/run_0/metrics_summary.json
    Metrics summary (averaged over all series/windows/variates):
      MSE: 3.3436
      MAE: 1.1926
      RMSE: 1.5026
      MAPE: 5.7487
      sMAPE: 0.4949
      MASE: 0.6798
      ND: 0.3426
      CRPS: 0.2631
  Output: /fslarge/scratch/users/h61084/codes/fine_time/outputs/task_finetuning/tasks/task_finetuned/chronos_bolt/univariate/MetroPT-3/5T/medium/run_0

============================================================
All experiments completed!
Results saved to: /scratch/users/h61084/codes/fine_time/outputs/task_finetuning/tasks/task_finetuned
============================================================
[41/90] evaluate chronos_bolt frozen on MetroPT-3/5T/short
Loading configuration...

============================================================
Dataset: MetroPT-3/5T
Model: amazon/chronos-bolt-base
Terms: ['short']
Instance normalization: none
============================================================
Loading Chronos-Bolt model: amazon/chronos-bolt-base from /fslarge/scratch/users/h61084/weights/chronos-bolt-base...
[2026-09-29 10:56:18 UTC] resources selected_device {"device": "cuda", "model": "chronos_bolt", "stage": "forecast"}

--- Term: short ---
  Config: prediction_length=48, test_length=1728, val_length=1728
  Dataset info:
    - Frequency: 5T
    - Num series: 1
    - Target dim: 6
    - Target mode: univariate
    - Series length: min=17809, max=17809, avg=17809.0
    - Test split: 1728 steps
    - Prediction length: 48
    - Windows: 36
TIME run allocation action=new run=/fslarge/scratch/users/h61084/codes/fine_time/outputs/task_finetuning/tasks/inference/chronos_bolt/univariate/MetroPT-3/5T/short/run_0 launch_id=selena_fine_time_20260929T092621Z_11326 slurm_job_id=3607388 launched_at=2026-09-29T10:56:18.890643+00:00
  Preparing input batches from Test split data...
    Total instances to forecast: 216
  Running predictions (Batch size: 32)...
TIME run allocation action=new run=/fslarge/scratch/users/h61084/codes/fine_time/outputs/task_finetuning/tasks/frozen/chronos_bolt/univariate/MetroPT-3/5T/short/run_0 launch_id=selena_fine_time_20260929T092621Z_11326 slurm_job_id=3607388 launched_at=2026-09-29T10:56:19.170978+00:00
    Total instances: 216, Series during experiment: 6, Windows: 36
    Collecting ground truth and context...
    Detected to_univariate case: 6 flat series -> 1 series x 6 variates
    Organizing data into arrays...
    Saved predictions (quantiles) to /fslarge/scratch/users/h61084/codes/fine_time/outputs/task_finetuning/tasks/frozen/chronos_bolt/univariate/MetroPT-3/5T/short/run_0/predictions.npz
    Computing per-window metrics...
    Saved metrics to /fslarge/scratch/users/h61084/codes/fine_time/outputs/task_finetuning/tasks/frozen/chronos_bolt/univariate/MetroPT-3/5T/short/run_0/metrics.npz
    Saved aggregate metrics to /fslarge/scratch/users/h61084/codes/fine_time/outputs/task_finetuning/tasks/frozen/chronos_bolt/univariate/MetroPT-3/5T/short/run_0/metrics_summary.json
    Metrics summary (averaged over all series/windows/variates):
      MSE: 3.5402
      MAE: 1.1859
      RMSE: 1.5190
      MAPE: 5.0638
      sMAPE: 0.4972
      MASE: 0.6495
      ND: 0.3394
      CRPS: 0.2533
  Output: /fslarge/scratch/users/h61084/codes/fine_time/outputs/task_finetuning/tasks/frozen/chronos_bolt/univariate/MetroPT-3/5T/short/run_0

============================================================
All experiments completed!
Results saved to: /scratch/users/h61084/codes/fine_time/outputs/task_finetuning/tasks/frozen
============================================================
[41/90] evaluate chronos_bolt task_finetuned on MetroPT-3/5T/short
Loading configuration...

============================================================
Dataset: MetroPT-3/5T
Model: amazon/chronos-bolt-base
Terms: ['short']
Instance normalization: none
============================================================
Loading Chronos-Bolt model: amazon/chronos-bolt-base from /fslarge/scratch/users/h61084/codes/fine_time/outputs/task_finetuning/checkpoints/chronos_bolt/MetroPT-3/5T/short/run_0/finetuned-ckpt...
[2026-09-29 10:56:19 UTC] resources selected_device {"device": "cuda", "model": "chronos_bolt", "stage": "forecast"}

--- Term: short ---
  Config: prediction_length=48, test_length=1728, val_length=1728
  Dataset info:
    - Frequency: 5T
    - Num series: 1
    - Target dim: 6
    - Target mode: univariate
    - Series length: min=17809, max=17809, avg=17809.0
    - Test split: 1728 steps
    - Prediction length: 48
    - Windows: 36
TIME run allocation action=new run=/fslarge/scratch/users/h61084/codes/fine_time/outputs/task_finetuning/tasks/inference/chronos_bolt/univariate/MetroPT-3/5T/short/run_1 launch_id=selena_fine_time_20260929T092621Z_11326 slurm_job_id=3607388 launched_at=2026-09-29T10:56:21.024739+00:00
  Preparing input batches from Test split data...
    Total instances to forecast: 216
  Running predictions (Batch size: 32)...
TIME run allocation action=new run=/fslarge/scratch/users/h61084/codes/fine_time/outputs/task_finetuning/tasks/task_finetuned/chronos_bolt/univariate/MetroPT-3/5T/short/run_0 launch_id=selena_fine_time_20260929T092621Z_11326 slurm_job_id=3607388 launched_at=2026-09-29T10:56:21.305541+00:00
    Total instances: 216, Series during experiment: 6, Windows: 36
    Collecting ground truth and context...
    Detected to_univariate case: 6 flat series -> 1 series x 6 variates
    Organizing data into arrays...
    Saved predictions (quantiles) to /fslarge/scratch/users/h61084/codes/fine_time/outputs/task_finetuning/tasks/task_finetuned/chronos_bolt/univariate/MetroPT-3/5T/short/run_0/predictions.npz
    Computing per-window metrics...
    Saved metrics to /fslarge/scratch/users/h61084/codes/fine_time/outputs/task_finetuning/tasks/task_finetuned/chronos_bolt/univariate/MetroPT-3/5T/short/run_0/metrics.npz
    Saved aggregate metrics to /fslarge/scratch/users/h61084/codes/fine_time/outputs/task_finetuning/tasks/task_finetuned/chronos_bolt/univariate/MetroPT-3/5T/short/run_0/metrics_summary.json
    Metrics summary (averaged over all series/windows/variates):
      MSE: 3.4913
      MAE: 1.1706
      RMSE: 1.5168
      MAPE: 3.4366
      sMAPE: 0.5117
      MASE: 0.6445
      ND: 0.3329
      CRPS: 0.2517
  Output: /fslarge/scratch/users/h61084/codes/fine_time/outputs/task_finetuning/tasks/task_finetuned/chronos_bolt/univariate/MetroPT-3/5T/short/run_0

============================================================
All experiments completed!
Results saved to: /scratch/users/h61084/codes/fine_time/outputs/task_finetuning/tasks/task_finetuned
============================================================
[42/90] evaluate chronos_bolt frozen on NE_China_Wind/H/long
Loading configuration...

============================================================
Dataset: NE_China_Wind/H
Model: amazon/chronos-bolt-base
Terms: ['long']
Instance normalization: none
============================================================
Loading Chronos-Bolt model: amazon/chronos-bolt-base from /fslarge/scratch/users/h61084/weights/chronos-bolt-base...
[2026-09-29 10:56:21 UTC] resources selected_device {"device": "cuda", "model": "chronos_bolt", "stage": "forecast"}

--- Term: long ---
  Config: prediction_length=168, test_length=720, val_length=720
  Dataset info:
    - Frequency: H
    - Num series: 1
    - Target dim: 4
    - Target mode: univariate
    - Series length: min=8764, max=8764, avg=8764.0
    - Test split: 720 steps
    - Prediction length: 168
    - Windows: 4
TIME run allocation action=new run=/fslarge/scratch/users/h61084/codes/fine_time/outputs/task_finetuning/tasks/inference/chronos_bolt/univariate/NE_China_Wind/H/long/run_0 launch_id=selena_fine_time_20260929T092621Z_11326 slurm_job_id=3607388 launched_at=2026-09-29T10:56:22.593740+00:00
  Preparing input batches from Test split data...
    Total instances to forecast: 16
  Running predictions (Batch size: 32)...
TIME run allocation action=new run=/fslarge/scratch/users/h61084/codes/fine_time/outputs/task_finetuning/tasks/frozen/chronos_bolt/univariate/NE_China_Wind/H/long/run_0 launch_id=selena_fine_time_20260929T092621Z_11326 slurm_job_id=3607388 launched_at=2026-09-29T10:56:22.902429+00:00
    Total instances: 16, Series during experiment: 4, Windows: 4
    Collecting ground truth and context...
    Detected to_univariate case: 4 flat series -> 1 series x 4 variates
    Organizing data into arrays...
    Saved predictions (quantiles) to /fslarge/scratch/users/h61084/codes/fine_time/outputs/task_finetuning/tasks/frozen/chronos_bolt/univariate/NE_China_Wind/H/long/run_0/predictions.npz
    Computing per-window metrics...
    Saved metrics to /fslarge/scratch/users/h61084/codes/fine_time/outputs/task_finetuning/tasks/frozen/chronos_bolt/univariate/NE_China_Wind/H/long/run_0/metrics.npz
    Saved aggregate metrics to /fslarge/scratch/users/h61084/codes/fine_time/outputs/task_finetuning/tasks/frozen/chronos_bolt/univariate/NE_China_Wind/H/long/run_0/metrics_summary.json
    Metrics summary (averaged over all series/windows/variates):
      MSE: 0.3511
      MAE: 0.4531
      RMSE: 0.5548
      MAPE: 1.0509
      sMAPE: 0.8280
      MASE: 1.2606
      ND: 0.6125
      CRPS: 0.4906
  Output: /fslarge/scratch/users/h61084/codes/fine_time/outputs/task_finetuning/tasks/frozen/chronos_bolt/univariate/NE_China_Wind/H/long/run_0

============================================================
All experiments completed!
Results saved to: /scratch/users/h61084/codes/fine_time/outputs/task_finetuning/tasks/frozen
============================================================
[42/90] evaluate chronos_bolt task_finetuned on NE_China_Wind/H/long
Loading configuration...

============================================================
Dataset: NE_China_Wind/H
Model: amazon/chronos-bolt-base
Terms: ['long']
Instance normalization: none
============================================================
Loading Chronos-Bolt model: amazon/chronos-bolt-base from /fslarge/scratch/users/h61084/codes/fine_time/outputs/task_finetuning/checkpoints/chronos_bolt/NE_China_Wind/H/long/run_0/finetuned-ckpt...
[2026-09-29 10:56:22 UTC] resources selected_device {"device": "cuda", "model": "chronos_bolt", "stage": "forecast"}

--- Term: long ---
  Config: prediction_length=168, test_length=720, val_length=720
  Dataset info:
    - Frequency: H
    - Num series: 1
    - Target dim: 4
    - Target mode: univariate
    - Series length: min=8764, max=8764, avg=8764.0
    - Test split: 720 steps
    - Prediction length: 168
    - Windows: 4
TIME run allocation action=new run=/fslarge/scratch/users/h61084/codes/fine_time/outputs/task_finetuning/tasks/inference/chronos_bolt/univariate/NE_China_Wind/H/long/run_1 launch_id=selena_fine_time_20260929T092621Z_11326 slurm_job_id=3607388 launched_at=2026-09-29T10:56:24.790950+00:00
  Preparing input batches from Test split data...
    Total instances to forecast: 16
  Running predictions (Batch size: 32)...
TIME run allocation action=new run=/fslarge/scratch/users/h61084/codes/fine_time/outputs/task_finetuning/tasks/task_finetuned/chronos_bolt/univariate/NE_China_Wind/H/long/run_0 launch_id=selena_fine_time_20260929T092621Z_11326 slurm_job_id=3607388 launched_at=2026-09-29T10:56:25.101822+00:00
    Total instances: 16, Series during experiment: 4, Windows: 4
    Collecting ground truth and context...
    Detected to_univariate case: 4 flat series -> 1 series x 4 variates
    Organizing data into arrays...
    Saved predictions (quantiles) to /fslarge/scratch/users/h61084/codes/fine_time/outputs/task_finetuning/tasks/task_finetuned/chronos_bolt/univariate/NE_China_Wind/H/long/run_0/predictions.npz
    Computing per-window metrics...
    Saved metrics to /fslarge/scratch/users/h61084/codes/fine_time/outputs/task_finetuning/tasks/task_finetuned/chronos_bolt/univariate/NE_China_Wind/H/long/run_0/metrics.npz
    Saved aggregate metrics to /fslarge/scratch/users/h61084/codes/fine_time/outputs/task_finetuning/tasks/task_finetuned/chronos_bolt/univariate/NE_China_Wind/H/long/run_0/metrics_summary.json
    Metrics summary (averaged over all series/windows/variates):
      MSE: 0.3513
      MAE: 0.4583
      RMSE: 0.5565
      MAPE: 1.0994
      sMAPE: 0.8269
      MASE: 1.2952
      ND: 0.6239
      CRPS: 0.5041
  Output: /fslarge/scratch/users/h61084/codes/fine_time/outputs/task_finetuning/tasks/task_finetuned/chronos_bolt/univariate/NE_China_Wind/H/long/run_0

============================================================
All experiments completed!
Results saved to: /scratch/users/h61084/codes/fine_time/outputs/task_finetuning/tasks/task_finetuned
============================================================
[43/90] evaluate chronos_bolt frozen on NE_China_Wind/H/medium
Loading configuration...

============================================================
Dataset: NE_China_Wind/H
Model: amazon/chronos-bolt-base
Terms: ['medium']
Instance normalization: none
============================================================
Loading Chronos-Bolt model: amazon/chronos-bolt-base from /fslarge/scratch/users/h61084/weights/chronos-bolt-base...
[2026-09-29 10:56:25 UTC] resources selected_device {"device": "cuda", "model": "chronos_bolt", "stage": "forecast"}

--- Term: medium ---
  Config: prediction_length=72, test_length=720, val_length=720
  Dataset info:
    - Frequency: H
    - Num series: 1
    - Target dim: 4
    - Target mode: univariate
    - Series length: min=8764, max=8764, avg=8764.0
    - Test split: 720 steps
    - Prediction length: 72
    - Windows: 10
TIME run allocation action=new run=/fslarge/scratch/users/h61084/codes/fine_time/outputs/task_finetuning/tasks/inference/chronos_bolt/univariate/NE_China_Wind/H/medium/run_0 launch_id=selena_fine_time_20260929T092621Z_11326 slurm_job_id=3607388 launched_at=2026-09-29T10:56:25.511311+00:00
  Preparing input batches from Test split data...
    Total instances to forecast: 40
  Running predictions (Batch size: 32)...
TIME run allocation action=new run=/fslarge/scratch/users/h61084/codes/fine_time/outputs/task_finetuning/tasks/frozen/chronos_bolt/univariate/NE_China_Wind/H/medium/run_0 launch_id=selena_fine_time_20260929T092621Z_11326 slurm_job_id=3607388 launched_at=2026-09-29T10:56:25.902894+00:00
    Total instances: 40, Series during experiment: 4, Windows: 10
    Collecting ground truth and context...
    Detected to_univariate case: 4 flat series -> 1 series x 4 variates
    Organizing data into arrays...
    Saved predictions (quantiles) to /fslarge/scratch/users/h61084/codes/fine_time/outputs/task_finetuning/tasks/frozen/chronos_bolt/univariate/NE_China_Wind/H/medium/run_0/predictions.npz
    Computing per-window metrics...
    Saved metrics to /fslarge/scratch/users/h61084/codes/fine_time/outputs/task_finetuning/tasks/frozen/chronos_bolt/univariate/NE_China_Wind/H/medium/run_0/metrics.npz
    Saved aggregate metrics to /fslarge/scratch/users/h61084/codes/fine_time/outputs/task_finetuning/tasks/frozen/chronos_bolt/univariate/NE_China_Wind/H/medium/run_0/metrics_summary.json
    Metrics summary (averaged over all series/windows/variates):
      MSE: 0.2650
      MAE: 0.3702
      RMSE: 0.4323
      MAPE: 0.8880
      sMAPE: 0.7226
      MASE: 0.9417
      ND: 0.5539
      CRPS: 0.4487
  Output: /fslarge/scratch/users/h61084/codes/fine_time/outputs/task_finetuning/tasks/frozen/chronos_bolt/univariate/NE_China_Wind/H/medium/run_0

============================================================
All experiments completed!
Results saved to: /scratch/users/h61084/codes/fine_time/outputs/task_finetuning/tasks/frozen
============================================================
[43/90] evaluate chronos_bolt task_finetuned on NE_China_Wind/H/medium
Loading configuration...

============================================================
Dataset: NE_China_Wind/H
Model: amazon/chronos-bolt-base
Terms: ['medium']
Instance normalization: none
============================================================
Loading Chronos-Bolt model: amazon/chronos-bolt-base from /fslarge/scratch/users/h61084/codes/fine_time/outputs/task_finetuning/checkpoints/chronos_bolt/NE_China_Wind/H/medium/run_0/finetuned-ckpt...
[2026-09-29 10:56:25 UTC] resources selected_device {"device": "cuda", "model": "chronos_bolt", "stage": "forecast"}

--- Term: medium ---
  Config: prediction_length=72, test_length=720, val_length=720
  Dataset info:
    - Frequency: H
    - Num series: 1
    - Target dim: 4
    - Target mode: univariate
    - Series length: min=8764, max=8764, avg=8764.0
    - Test split: 720 steps
    - Prediction length: 72
    - Windows: 10
TIME run allocation action=new run=/fslarge/scratch/users/h61084/codes/fine_time/outputs/task_finetuning/tasks/inference/chronos_bolt/univariate/NE_China_Wind/H/medium/run_1 launch_id=selena_fine_time_20260929T092621Z_11326 slurm_job_id=3607388 launched_at=2026-09-29T10:56:27.880578+00:00
  Preparing input batches from Test split data...
    Total instances to forecast: 40
  Running predictions (Batch size: 32)...
TIME run allocation action=new run=/fslarge/scratch/users/h61084/codes/fine_time/outputs/task_finetuning/tasks/task_finetuned/chronos_bolt/univariate/NE_China_Wind/H/medium/run_0 launch_id=selena_fine_time_20260929T092621Z_11326 slurm_job_id=3607388 launched_at=2026-09-29T10:56:28.272627+00:00
    Total instances: 40, Series during experiment: 4, Windows: 10
    Collecting ground truth and context...
    Detected to_univariate case: 4 flat series -> 1 series x 4 variates
    Organizing data into arrays...
    Saved predictions (quantiles) to /fslarge/scratch/users/h61084/codes/fine_time/outputs/task_finetuning/tasks/task_finetuned/chronos_bolt/univariate/NE_China_Wind/H/medium/run_0/predictions.npz
    Computing per-window metrics...
    Saved metrics to /fslarge/scratch/users/h61084/codes/fine_time/outputs/task_finetuning/tasks/task_finetuned/chronos_bolt/univariate/NE_China_Wind/H/medium/run_0/metrics.npz
    Saved aggregate metrics to /fslarge/scratch/users/h61084/codes/fine_time/outputs/task_finetuning/tasks/task_finetuned/chronos_bolt/univariate/NE_China_Wind/H/medium/run_0/metrics_summary.json
    Metrics summary (averaged over all series/windows/variates):
      MSE: 0.2657
      MAE: 0.3767
      RMSE: 0.4394
      MAPE: 0.9559
      sMAPE: 0.7408
      MASE: 0.9735
      ND: 0.5706
      CRPS: 0.4549
  Output: /fslarge/scratch/users/h61084/codes/fine_time/outputs/task_finetuning/tasks/task_finetuned/chronos_bolt/univariate/NE_China_Wind/H/medium/run_0

============================================================
All experiments completed!
Results saved to: /scratch/users/h61084/codes/fine_time/outputs/task_finetuning/tasks/task_finetuned
============================================================
[44/90] evaluate chronos_bolt frozen on NE_China_Wind/H/short
Loading configuration...

============================================================
Dataset: NE_China_Wind/H
Model: amazon/chronos-bolt-base
Terms: ['short']
Instance normalization: none
============================================================
Loading Chronos-Bolt model: amazon/chronos-bolt-base from /fslarge/scratch/users/h61084/weights/chronos-bolt-base...
[2026-09-29 10:56:28 UTC] resources selected_device {"device": "cuda", "model": "chronos_bolt", "stage": "forecast"}

--- Term: short ---
  Config: prediction_length=24, test_length=720, val_length=720
  Dataset info:
    - Frequency: H
    - Num series: 1
    - Target dim: 4
    - Target mode: univariate
    - Series length: min=8764, max=8764, avg=8764.0
    - Test split: 720 steps
    - Prediction length: 24
    - Windows: 30
TIME run allocation action=new run=/fslarge/scratch/users/h61084/codes/fine_time/outputs/task_finetuning/tasks/inference/chronos_bolt/univariate/NE_China_Wind/H/short/run_0 launch_id=selena_fine_time_20260929T092621Z_11326 slurm_job_id=3607388 launched_at=2026-09-29T10:56:28.687626+00:00
  Preparing input batches from Test split data...
    Total instances to forecast: 120
  Running predictions (Batch size: 32)...
TIME run allocation action=new run=/fslarge/scratch/users/h61084/codes/fine_time/outputs/task_finetuning/tasks/frozen/chronos_bolt/univariate/NE_China_Wind/H/short/run_0 launch_id=selena_fine_time_20260929T092621Z_11326 slurm_job_id=3607388 launched_at=2026-09-29T10:56:28.840922+00:00
    Total instances: 120, Series during experiment: 4, Windows: 30
    Collecting ground truth and context...
    Detected to_univariate case: 4 flat series -> 1 series x 4 variates
    Organizing data into arrays...
    Saved predictions (quantiles) to /fslarge/scratch/users/h61084/codes/fine_time/outputs/task_finetuning/tasks/frozen/chronos_bolt/univariate/NE_China_Wind/H/short/run_0/predictions.npz
    Computing per-window metrics...
    Saved metrics to /fslarge/scratch/users/h61084/codes/fine_time/outputs/task_finetuning/tasks/frozen/chronos_bolt/univariate/NE_China_Wind/H/short/run_0/metrics.npz
    Saved aggregate metrics to /fslarge/scratch/users/h61084/codes/fine_time/outputs/task_finetuning/tasks/frozen/chronos_bolt/univariate/NE_China_Wind/H/short/run_0/metrics_summary.json
    Metrics summary (averaged over all series/windows/variates):
      MSE: 0.1024
      MAE: 0.2177
      RMSE: 0.2547
      MAPE: 0.8341
      sMAPE: 0.4933
      MASE: 0.5333
      ND: 0.4345
      CRPS: 0.3381
  Output: /fslarge/scratch/users/h61084/codes/fine_time/outputs/task_finetuning/tasks/frozen/chronos_bolt/univariate/NE_China_Wind/H/short/run_0

============================================================
All experiments completed!
Results saved to: /scratch/users/h61084/codes/fine_time/outputs/task_finetuning/tasks/frozen
============================================================
[44/90] evaluate chronos_bolt task_finetuned on NE_China_Wind/H/short
Loading configuration...

============================================================
Dataset: NE_China_Wind/H
Model: amazon/chronos-bolt-base
Terms: ['short']
Instance normalization: none
============================================================
Loading Chronos-Bolt model: amazon/chronos-bolt-base from /fslarge/scratch/users/h61084/codes/fine_time/outputs/task_finetuning/checkpoints/chronos_bolt/NE_China_Wind/H/short/run_0/finetuned-ckpt...
[2026-09-29 10:56:28 UTC] resources selected_device {"device": "cuda", "model": "chronos_bolt", "stage": "forecast"}

--- Term: short ---
  Config: prediction_length=24, test_length=720, val_length=720
  Dataset info:
    - Frequency: H
    - Num series: 1
    - Target dim: 4
    - Target mode: univariate
    - Series length: min=8764, max=8764, avg=8764.0
    - Test split: 720 steps
    - Prediction length: 24
    - Windows: 30
TIME run allocation action=new run=/fslarge/scratch/users/h61084/codes/fine_time/outputs/task_finetuning/tasks/inference/chronos_bolt/univariate/NE_China_Wind/H/short/run_1 launch_id=selena_fine_time_20260929T092621Z_11326 slurm_job_id=3607388 launched_at=2026-09-29T10:56:30.569479+00:00
  Preparing input batches from Test split data...
    Total instances to forecast: 120
  Running predictions (Batch size: 32)...
TIME run allocation action=new run=/fslarge/scratch/users/h61084/codes/fine_time/outputs/task_finetuning/tasks/task_finetuned/chronos_bolt/univariate/NE_China_Wind/H/short/run_0 launch_id=selena_fine_time_20260929T092621Z_11326 slurm_job_id=3607388 launched_at=2026-09-29T10:56:30.723350+00:00
    Total instances: 120, Series during experiment: 4, Windows: 30
    Collecting ground truth and context...
    Detected to_univariate case: 4 flat series -> 1 series x 4 variates
    Organizing data into arrays...
    Saved predictions (quantiles) to /fslarge/scratch/users/h61084/codes/fine_time/outputs/task_finetuning/tasks/task_finetuned/chronos_bolt/univariate/NE_China_Wind/H/short/run_0/predictions.npz
    Computing per-window metrics...
    Saved metrics to /fslarge/scratch/users/h61084/codes/fine_time/outputs/task_finetuning/tasks/task_finetuned/chronos_bolt/univariate/NE_China_Wind/H/short/run_0/metrics.npz
    Saved aggregate metrics to /fslarge/scratch/users/h61084/codes/fine_time/outputs/task_finetuning/tasks/task_finetuned/chronos_bolt/univariate/NE_China_Wind/H/short/run_0/metrics_summary.json
    Metrics summary (averaged over all series/windows/variates):
      MSE: 0.1019
      MAE: 0.2158
      RMSE: 0.2529
      MAPE: 0.8000
      sMAPE: 0.5090
      MASE: 0.5197
      ND: 0.4340
      CRPS: 0.3370
  Output: /fslarge/scratch/users/h61084/codes/fine_time/outputs/task_finetuning/tasks/task_finetuned/chronos_bolt/univariate/NE_China_Wind/H/short/run_0

============================================================
All experiments completed!
Results saved to: /scratch/users/h61084/codes/fine_time/outputs/task_finetuning/tasks/task_finetuned
============================================================
[45/90] evaluate chronos_bolt frozen on Oil_Price/B/short
Loading configuration...

============================================================
Dataset: Oil_Price/B
Model: amazon/chronos-bolt-base
Terms: ['short']
Instance normalization: none
============================================================
Loading Chronos-Bolt model: amazon/chronos-bolt-base from /fslarge/scratch/users/h61084/weights/chronos-bolt-base...
[2026-09-29 10:56:30 UTC] resources selected_device {"device": "cuda", "model": "chronos_bolt", "stage": "forecast"}

--- Term: short ---
  Config: prediction_length=20, test_length=717, val_length=100
  Dataset info:
    - Frequency: B
    - Num series: 1
    - Target dim: 12
    - Target mode: univariate
    - Series length: min=5035, max=5035, avg=5035.0
    - Test split: 717 steps
    - Prediction length: 20
    - Windows: 35
TIME run allocation action=new run=/fslarge/scratch/users/h61084/codes/fine_time/outputs/task_finetuning/tasks/inference/chronos_bolt/univariate/Oil_Price/B/short/run_0 launch_id=selena_fine_time_20260929T092621Z_11326 slurm_job_id=3607388 launched_at=2026-09-29T10:56:31.169776+00:00
  Preparing input batches from Test split data...
    Total instances to forecast: 420
  Running predictions (Batch size: 32)...
    Processed 320/420...
TIME run allocation action=new run=/fslarge/scratch/users/h61084/codes/fine_time/outputs/task_finetuning/tasks/frozen/chronos_bolt/univariate/Oil_Price/B/short/run_0 launch_id=selena_fine_time_20260929T092621Z_11326 slurm_job_id=3607388 launched_at=2026-09-29T10:56:31.675922+00:00
    Total instances: 420, Series during experiment: 12, Windows: 35
    Collecting ground truth and context...
    Detected to_univariate case: 12 flat series -> 1 series x 12 variates
    Organizing data into arrays...
    Saved predictions (quantiles) to /fslarge/scratch/users/h61084/codes/fine_time/outputs/task_finetuning/tasks/frozen/chronos_bolt/univariate/Oil_Price/B/short/run_0/predictions.npz
    Computing per-window metrics...
    Saved metrics to /fslarge/scratch/users/h61084/codes/fine_time/outputs/task_finetuning/tasks/frozen/chronos_bolt/univariate/Oil_Price/B/short/run_0/metrics.npz
    Saved aggregate metrics to /fslarge/scratch/users/h61084/codes/fine_time/outputs/task_finetuning/tasks/frozen/chronos_bolt/univariate/Oil_Price/B/short/run_0/metrics_summary.json
    Metrics summary (averaged over all series/windows/variates):
      MSE: 3.1659
      MAE: 0.6828
      RMSE: 0.7864
      MAPE: 0.0590
      sMAPE: 0.0586
      MASE: 1.4220
      ND: 0.0588
      CRPS: 0.0461
  Output: /fslarge/scratch/users/h61084/codes/fine_time/outputs/task_finetuning/tasks/frozen/chronos_bolt/univariate/Oil_Price/B/short/run_0

============================================================
All experiments completed!
Results saved to: /scratch/users/h61084/codes/fine_time/outputs/task_finetuning/tasks/frozen
============================================================
[45/90] evaluate chronos_bolt task_finetuned on Oil_Price/B/short
Loading configuration...

============================================================
Dataset: Oil_Price/B
Model: amazon/chronos-bolt-base
Terms: ['short']
Instance normalization: none
============================================================
Loading Chronos-Bolt model: amazon/chronos-bolt-base from /fslarge/scratch/users/h61084/codes/fine_time/outputs/task_finetuning/checkpoints/chronos_bolt/Oil_Price/B/short/run_0/finetuned-ckpt...
[2026-09-29 10:56:31 UTC] resources selected_device {"device": "cuda", "model": "chronos_bolt", "stage": "forecast"}

--- Term: short ---
  Config: prediction_length=20, test_length=717, val_length=100
  Dataset info:
    - Frequency: B
    - Num series: 1
    - Target dim: 12
    - Target mode: univariate
    - Series length: min=5035, max=5035, avg=5035.0
    - Test split: 717 steps
    - Prediction length: 20
    - Windows: 35
TIME run allocation action=new run=/fslarge/scratch/users/h61084/codes/fine_time/outputs/task_finetuning/tasks/inference/chronos_bolt/univariate/Oil_Price/B/short/run_1 launch_id=selena_fine_time_20260929T092621Z_11326 slurm_job_id=3607388 launched_at=2026-09-29T10:56:33.422071+00:00
  Preparing input batches from Test split data...
    Total instances to forecast: 420
  Running predictions (Batch size: 32)...
    Processed 320/420...
TIME run allocation action=new run=/fslarge/scratch/users/h61084/codes/fine_time/outputs/task_finetuning/tasks/task_finetuned/chronos_bolt/univariate/Oil_Price/B/short/run_0 launch_id=selena_fine_time_20260929T092621Z_11326 slurm_job_id=3607388 launched_at=2026-09-29T10:56:33.927014+00:00
    Total instances: 420, Series during experiment: 12, Windows: 35
    Collecting ground truth and context...
    Detected to_univariate case: 12 flat series -> 1 series x 12 variates
    Organizing data into arrays...
    Saved predictions (quantiles) to /fslarge/scratch/users/h61084/codes/fine_time/outputs/task_finetuning/tasks/task_finetuned/chronos_bolt/univariate/Oil_Price/B/short/run_0/predictions.npz
    Computing per-window metrics...
    Saved metrics to /fslarge/scratch/users/h61084/codes/fine_time/outputs/task_finetuning/tasks/task_finetuned/chronos_bolt/univariate/Oil_Price/B/short/run_0/metrics.npz
    Saved aggregate metrics to /fslarge/scratch/users/h61084/codes/fine_time/outputs/task_finetuning/tasks/task_finetuned/chronos_bolt/univariate/Oil_Price/B/short/run_0/metrics_summary.json
    Metrics summary (averaged over all series/windows/variates):
      MSE: 3.3463
      MAE: 0.7009
      RMSE: 0.8043
      MAPE: 0.0601
      sMAPE: 0.0596
      MASE: 1.4554
      ND: 0.0599
      CRPS: 0.0473
  Output: /fslarge/scratch/users/h61084/codes/fine_time/outputs/task_finetuning/tasks/task_finetuned/chronos_bolt/univariate/Oil_Price/B/short/run_0

============================================================
All experiments completed!
Results saved to: /scratch/users/h61084/codes/fine_time/outputs/task_finetuning/tasks/task_finetuned
============================================================
[46/90] evaluate chronos_bolt frozen on Online_Retail_2_UCI/D/short
Loading configuration...

============================================================
Dataset: Online_Retail_2_UCI/D
Model: amazon/chronos-bolt-base
Terms: ['short']
Instance normalization: none
============================================================
Loading Chronos-Bolt model: amazon/chronos-bolt-base from /fslarge/scratch/users/h61084/weights/chronos-bolt-base...
[2026-09-29 10:56:34 UTC] resources selected_device {"device": "cuda", "model": "chronos_bolt", "stage": "forecast"}

--- Term: short ---
  Config: prediction_length=30, test_length=180, val_length=90
  Dataset info:
    - Frequency: D
    - Num series: 1
    - Target dim: 1
    - Target mode: univariate
    - Series length: min=739, max=739, avg=739.0
    - Test split: 180 steps
    - Prediction length: 30
    - Windows: 6
TIME run allocation action=new run=/fslarge/scratch/users/h61084/codes/fine_time/outputs/task_finetuning/tasks/inference/chronos_bolt/univariate/Online_Retail_2_UCI/D/short/run_0 launch_id=selena_fine_time_20260929T092621Z_11326 slurm_job_id=3607388 launched_at=2026-09-29T10:56:34.435654+00:00
  Preparing input batches from Test split data...
    Total instances to forecast: 6
  Running predictions (Batch size: 32)...
TIME run allocation action=new run=/fslarge/scratch/users/h61084/codes/fine_time/outputs/task_finetuning/tasks/frozen/chronos_bolt/univariate/Online_Retail_2_UCI/D/short/run_0 launch_id=selena_fine_time_20260929T092621Z_11326 slurm_job_id=3607388 launched_at=2026-09-29T10:56:34.465020+00:00
    Total instances: 6, Series during experiment: 1, Windows: 6
    Collecting ground truth and context...
    Organizing data into arrays...
    ⚠️  Predictions max value (117518.18) exceeds float16 safe range.
    ⚠️  Applying scale factor: 10 (values will be divided)
    Saved predictions (quantiles) to /fslarge/scratch/users/h61084/codes/fine_time/outputs/task_finetuning/tasks/frozen/chronos_bolt/univariate/Online_Retail_2_UCI/D/short/run_0/predictions.npz
    Computing per-window metrics...
    Saved metrics to /fslarge/scratch/users/h61084/codes/fine_time/outputs/task_finetuning/tasks/frozen/chronos_bolt/univariate/Online_Retail_2_UCI/D/short/run_0/metrics.npz
    Saved aggregate metrics to /fslarge/scratch/users/h61084/codes/fine_time/outputs/task_finetuning/tasks/frozen/chronos_bolt/univariate/Online_Retail_2_UCI/D/short/run_0/metrics_summary.json
    Metrics summary (averaged over all series/windows/variates):
      MSE: 314035391.6255
      MAE: 10246.2875
      RMSE: 16013.3716
      MAPE: 0.2655
      sMAPE: 0.5281
      MASE: 0.6195
      ND: 0.2986
      CRPS: 0.2480
  Output: /fslarge/scratch/users/h61084/codes/fine_time/outputs/task_finetuning/tasks/frozen/chronos_bolt/univariate/Online_Retail_2_UCI/D/short/run_0

============================================================
All experiments completed!
Results saved to: /scratch/users/h61084/codes/fine_time/outputs/task_finetuning/tasks/frozen
============================================================
[46/90] evaluate chronos_bolt task_finetuned on Online_Retail_2_UCI/D/short
Loading configuration...

============================================================
Dataset: Online_Retail_2_UCI/D
Model: amazon/chronos-bolt-base
Terms: ['short']
Instance normalization: none
============================================================
Loading Chronos-Bolt model: amazon/chronos-bolt-base from /fslarge/scratch/users/h61084/codes/fine_time/outputs/task_finetuning/checkpoints/chronos_bolt/Online_Retail_2_UCI/D/short/run_0/finetuned-ckpt...
[2026-09-29 10:56:34 UTC] resources selected_device {"device": "cuda", "model": "chronos_bolt", "stage": "forecast"}

--- Term: short ---
  Config: prediction_length=30, test_length=180, val_length=90
  Dataset info:
    - Frequency: D
    - Num series: 1
    - Target dim: 1
    - Target mode: univariate
    - Series length: min=739, max=739, avg=739.0
    - Test split: 180 steps
    - Prediction length: 30
    - Windows: 6
TIME run allocation action=new run=/fslarge/scratch/users/h61084/codes/fine_time/outputs/task_finetuning/tasks/inference/chronos_bolt/univariate/Online_Retail_2_UCI/D/short/run_1 launch_id=selena_fine_time_20260929T092621Z_11326 slurm_job_id=3607388 launched_at=2026-09-29T10:56:36.550083+00:00
  Preparing input batches from Test split data...
    Total instances to forecast: 6
  Running predictions (Batch size: 32)...
TIME run allocation action=new run=/fslarge/scratch/users/h61084/codes/fine_time/outputs/task_finetuning/tasks/task_finetuned/chronos_bolt/univariate/Online_Retail_2_UCI/D/short/run_0 launch_id=selena_fine_time_20260929T092621Z_11326 slurm_job_id=3607388 launched_at=2026-09-29T10:56:36.579545+00:00
    Total instances: 6, Series during experiment: 1, Windows: 6
    Collecting ground truth and context...
    Organizing data into arrays...
    ⚠️  Predictions max value (194436.06) exceeds float16 safe range.
    ⚠️  Applying scale factor: 10 (values will be divided)
    Saved predictions (quantiles) to /fslarge/scratch/users/h61084/codes/fine_time/outputs/task_finetuning/tasks/task_finetuned/chronos_bolt/univariate/Online_Retail_2_UCI/D/short/run_0/predictions.npz
    Computing per-window metrics...
    Saved metrics to /fslarge/scratch/users/h61084/codes/fine_time/outputs/task_finetuning/tasks/task_finetuned/chronos_bolt/univariate/Online_Retail_2_UCI/D/short/run_0/metrics.npz
    Saved aggregate metrics to /fslarge/scratch/users/h61084/codes/fine_time/outputs/task_finetuning/tasks/task_finetuned/chronos_bolt/univariate/Online_Retail_2_UCI/D/short/run_0/metrics_summary.json
    Metrics summary (averaged over all series/windows/variates):
      MSE: 323812359.3671
      MAE: 11123.2217
      RMSE: 16033.0487
      MAPE: 0.2991
      sMAPE: 0.5420
      MASE: 0.6704
      ND: 0.3125
      CRPS: 0.2508
  Output: /fslarge/scratch/users/h61084/codes/fine_time/outputs/task_finetuning/tasks/task_finetuned/chronos_bolt/univariate/Online_Retail_2_UCI/D/short/run_0

============================================================
All experiments completed!
Results saved to: /scratch/users/h61084/codes/fine_time/outputs/task_finetuning/tasks/task_finetuned
============================================================
[47/90] evaluate chronos_bolt frozen on OpenElectricity_NEM/5T/long
Loading configuration...

============================================================
Dataset: OpenElectricity_NEM/5T
Model: amazon/chronos-bolt-base
Terms: ['long']
Instance normalization: none
============================================================
Loading Chronos-Bolt model: amazon/chronos-bolt-base from /fslarge/scratch/users/h61084/weights/chronos-bolt-base...
[2026-09-29 10:56:36 UTC] resources selected_device {"device": "cuda", "model": "chronos_bolt", "stage": "forecast"}

--- Term: long ---
  Config: prediction_length=288, test_length=4032, val_length=4032
  Dataset info:
    - Frequency: 5T
    - Num series: 1
    - Target dim: 10
    - Target mode: univariate
    - Series length: min=43488, max=43488, avg=43488.0
    - Test split: 4032 steps
    - Prediction length: 288
    - Windows: 14
TIME run allocation action=new run=/fslarge/scratch/users/h61084/codes/fine_time/outputs/task_finetuning/tasks/inference/chronos_bolt/univariate/OpenElectricity_NEM/5T/long/run_0 launch_id=selena_fine_time_20260929T092621Z_11326 slurm_job_id=3607388 launched_at=2026-09-29T10:56:37.205533+00:00
  Preparing input batches from Test split data...
    Total instances to forecast: 140
  Running predictions (Batch size: 32)...
TIME run allocation action=new run=/fslarge/scratch/users/h61084/codes/fine_time/outputs/task_finetuning/tasks/frozen/chronos_bolt/univariate/OpenElectricity_NEM/5T/long/run_0 launch_id=selena_fine_time_20260929T092621Z_11326 slurm_job_id=3607388 launched_at=2026-09-29T10:56:42.131403+00:00
    Total instances: 140, Series during experiment: 10, Windows: 14
    Collecting ground truth and context...
    Detected to_univariate case: 10 flat series -> 1 series x 10 variates
    Organizing data into arrays...
    Saved predictions (quantiles) to /fslarge/scratch/users/h61084/codes/fine_time/outputs/task_finetuning/tasks/frozen/chronos_bolt/univariate/OpenElectricity_NEM/5T/long/run_0/predictions.npz
    Computing per-window metrics...
    Saved metrics to /fslarge/scratch/users/h61084/codes/fine_time/outputs/task_finetuning/tasks/frozen/chronos_bolt/univariate/OpenElectricity_NEM/5T/long/run_0/metrics.npz
    Saved aggregate metrics to /fslarge/scratch/users/h61084/codes/fine_time/outputs/task_finetuning/tasks/frozen/chronos_bolt/univariate/OpenElectricity_NEM/5T/long/run_0/metrics_summary.json
    Metrics summary (averaged over all series/windows/variates):
      MSE: 83413.2226
      MAE: 147.8150
      RMSE: 189.0113
      MAPE: 5.1860
      sMAPE: 0.3021
      MASE: 0.8973
      ND: 0.2679
      CRPS: 0.2163
  Output: /fslarge/scratch/users/h61084/codes/fine_time/outputs/task_finetuning/tasks/frozen/chronos_bolt/univariate/OpenElectricity_NEM/5T/long/run_0

============================================================
All experiments completed!
Results saved to: /scratch/users/h61084/codes/fine_time/outputs/task_finetuning/tasks/frozen
============================================================
[47/90] evaluate chronos_bolt task_finetuned on OpenElectricity_NEM/5T/long
Loading configuration...

============================================================
Dataset: OpenElectricity_NEM/5T
Model: amazon/chronos-bolt-base
Terms: ['long']
Instance normalization: none
============================================================
Loading Chronos-Bolt model: amazon/chronos-bolt-base from /fslarge/scratch/users/h61084/codes/fine_time/outputs/task_finetuning/checkpoints/chronos_bolt/OpenElectricity_NEM/5T/long/run_0/finetuned-ckpt...
[2026-09-29 10:56:42 UTC] resources selected_device {"device": "cuda", "model": "chronos_bolt", "stage": "forecast"}

--- Term: long ---
  Config: prediction_length=288, test_length=4032, val_length=4032
  Dataset info:
    - Frequency: 5T
    - Num series: 1
    - Target dim: 10
    - Target mode: univariate
    - Series length: min=43488, max=43488, avg=43488.0
    - Test split: 4032 steps
    - Prediction length: 288
    - Windows: 14
TIME run allocation action=new run=/fslarge/scratch/users/h61084/codes/fine_time/outputs/task_finetuning/tasks/inference/chronos_bolt/univariate/OpenElectricity_NEM/5T/long/run_1 launch_id=selena_fine_time_20260929T092621Z_11326 slurm_job_id=3607388 launched_at=2026-09-29T10:56:44.533218+00:00
  Preparing input batches from Test split data...
    Total instances to forecast: 140
  Running predictions (Batch size: 32)...
TIME run allocation action=new run=/fslarge/scratch/users/h61084/codes/fine_time/outputs/task_finetuning/tasks/task_finetuned/chronos_bolt/univariate/OpenElectricity_NEM/5T/long/run_0 launch_id=selena_fine_time_20260929T092621Z_11326 slurm_job_id=3607388 launched_at=2026-09-29T10:56:49.461352+00:00
    Total instances: 140, Series during experiment: 10, Windows: 14
    Collecting ground truth and context...
    Detected to_univariate case: 10 flat series -> 1 series x 10 variates
    Organizing data into arrays...
    Saved predictions (quantiles) to /fslarge/scratch/users/h61084/codes/fine_time/outputs/task_finetuning/tasks/task_finetuned/chronos_bolt/univariate/OpenElectricity_NEM/5T/long/run_0/predictions.npz
    Computing per-window metrics...
    Saved metrics to /fslarge/scratch/users/h61084/codes/fine_time/outputs/task_finetuning/tasks/task_finetuned/chronos_bolt/univariate/OpenElectricity_NEM/5T/long/run_0/metrics.npz
    Saved aggregate metrics to /fslarge/scratch/users/h61084/codes/fine_time/outputs/task_finetuning/tasks/task_finetuned/chronos_bolt/univariate/OpenElectricity_NEM/5T/long/run_0/metrics_summary.json
    Metrics summary (averaged over all series/windows/variates):
      MSE: 57468.2231
      MAE: 122.9069
      RMSE: 158.3362
      MAPE: 7.4649
      sMAPE: 0.2731
      MASE: 0.7964
      ND: 0.2766
      CRPS: 0.2232
  Output: /fslarge/scratch/users/h61084/codes/fine_time/outputs/task_finetuning/tasks/task_finetuned/chronos_bolt/univariate/OpenElectricity_NEM/5T/long/run_0

============================================================
All experiments completed!
Results saved to: /scratch/users/h61084/codes/fine_time/outputs/task_finetuning/tasks/task_finetuned
============================================================
[48/90] evaluate chronos_bolt frozen on OpenElectricity_NEM/5T/medium
Loading configuration...

============================================================
Dataset: OpenElectricity_NEM/5T
Model: amazon/chronos-bolt-base
Terms: ['medium']
Instance normalization: none
============================================================
Loading Chronos-Bolt model: amazon/chronos-bolt-base from /fslarge/scratch/users/h61084/weights/chronos-bolt-base...
[2026-09-29 10:56:49 UTC] resources selected_device {"device": "cuda", "model": "chronos_bolt", "stage": "forecast"}

--- Term: medium ---
  Config: prediction_length=96, test_length=4032, val_length=4032
  Dataset info:
    - Frequency: 5T
    - Num series: 1
    - Target dim: 10
    - Target mode: univariate
    - Series length: min=43488, max=43488, avg=43488.0
    - Test split: 4032 steps
    - Prediction length: 96
    - Windows: 42
TIME run allocation action=new run=/fslarge/scratch/users/h61084/codes/fine_time/outputs/task_finetuning/tasks/inference/chronos_bolt/univariate/OpenElectricity_NEM/5T/medium/run_0 launch_id=selena_fine_time_20260929T092621Z_11326 slurm_job_id=3607388 launched_at=2026-09-29T10:56:50.040282+00:00
  Preparing input batches from Test split data...
    Total instances to forecast: 420
  Running predictions (Batch size: 32)...
    Processed 320/420...
TIME run allocation action=new run=/fslarge/scratch/users/h61084/codes/fine_time/outputs/task_finetuning/tasks/frozen/chronos_bolt/univariate/OpenElectricity_NEM/5T/medium/run_0 launch_id=selena_fine_time_20260929T092621Z_11326 slurm_job_id=3607388 launched_at=2026-09-29T10:56:54.097362+00:00
    Total instances: 420, Series during experiment: 10, Windows: 42
    Collecting ground truth and context...
    Detected to_univariate case: 10 flat series -> 1 series x 10 variates
    Organizing data into arrays...
    Saved predictions (quantiles) to /fslarge/scratch/users/h61084/codes/fine_time/outputs/task_finetuning/tasks/frozen/chronos_bolt/univariate/OpenElectricity_NEM/5T/medium/run_0/predictions.npz
    Computing per-window metrics...
    Saved metrics to /fslarge/scratch/users/h61084/codes/fine_time/outputs/task_finetuning/tasks/frozen/chronos_bolt/univariate/OpenElectricity_NEM/5T/medium/run_0/metrics.npz
    Saved aggregate metrics to /fslarge/scratch/users/h61084/codes/fine_time/outputs/task_finetuning/tasks/frozen/chronos_bolt/univariate/OpenElectricity_NEM/5T/medium/run_0/metrics_summary.json
    Metrics summary (averaged over all series/windows/variates):
      MSE: 64592.1821
      MAE: 121.2493
      RMSE: 148.6895
      MAPE: 6.1688
      sMAPE: 0.2385
      MASE: 0.7173
      ND: 0.2411
      CRPS: 0.1958
  Output: /fslarge/scratch/users/h61084/codes/fine_time/outputs/task_finetuning/tasks/frozen/chronos_bolt/univariate/OpenElectricity_NEM/5T/medium/run_0

============================================================
All experiments completed!
Results saved to: /scratch/users/h61084/codes/fine_time/outputs/task_finetuning/tasks/frozen
============================================================
[48/90] evaluate chronos_bolt task_finetuned on OpenElectricity_NEM/5T/medium
Loading configuration...

============================================================
Dataset: OpenElectricity_NEM/5T
Model: amazon/chronos-bolt-base
Terms: ['medium']
Instance normalization: none
============================================================
Loading Chronos-Bolt model: amazon/chronos-bolt-base from /fslarge/scratch/users/h61084/codes/fine_time/outputs/task_finetuning/checkpoints/chronos_bolt/OpenElectricity_NEM/5T/medium/run_0/finetuned-ckpt...
[2026-09-29 10:56:54 UTC] resources selected_device {"device": "cuda", "model": "chronos_bolt", "stage": "forecast"}

--- Term: medium ---
  Config: prediction_length=96, test_length=4032, val_length=4032
  Dataset info:
    - Frequency: 5T
    - Num series: 1
    - Target dim: 10
    - Target mode: univariate
    - Series length: min=43488, max=43488, avg=43488.0
    - Test split: 4032 steps
    - Prediction length: 96
    - Windows: 42
TIME run allocation action=new run=/fslarge/scratch/users/h61084/codes/fine_time/outputs/task_finetuning/tasks/inference/chronos_bolt/univariate/OpenElectricity_NEM/5T/medium/run_1 launch_id=selena_fine_time_20260929T092621Z_11326 slurm_job_id=3607388 launched_at=2026-09-29T10:56:56.156201+00:00
  Preparing input batches from Test split data...
    Total instances to forecast: 420
  Running predictions (Batch size: 32)...
    Processed 320/420...
TIME run allocation action=new run=/fslarge/scratch/users/h61084/codes/fine_time/outputs/task_finetuning/tasks/task_finetuned/chronos_bolt/univariate/OpenElectricity_NEM/5T/medium/run_0 launch_id=selena_fine_time_20260929T092621Z_11326 slurm_job_id=3607388 launched_at=2026-09-29T10:57:00.199132+00:00
    Total instances: 420, Series during experiment: 10, Windows: 42
    Collecting ground truth and context...
    Detected to_univariate case: 10 flat series -> 1 series x 10 variates
    Organizing data into arrays...
    Saved predictions (quantiles) to /fslarge/scratch/users/h61084/codes/fine_time/outputs/task_finetuning/tasks/task_finetuned/chronos_bolt/univariate/OpenElectricity_NEM/5T/medium/run_0/predictions.npz
    Computing per-window metrics...
    Saved metrics to /fslarge/scratch/users/h61084/codes/fine_time/outputs/task_finetuning/tasks/task_finetuned/chronos_bolt/univariate/OpenElectricity_NEM/5T/medium/run_0/metrics.npz
    Saved aggregate metrics to /fslarge/scratch/users/h61084/codes/fine_time/outputs/task_finetuning/tasks/task_finetuned/chronos_bolt/univariate/OpenElectricity_NEM/5T/medium/run_0/metrics_summary.json
    Metrics summary (averaged over all series/windows/variates):
      MSE: 48349.8035
      MAE: 103.9585
      RMSE: 128.2530
      MAPE: 6.4915
      sMAPE: 0.2344
      MASE: 0.6509
      ND: 0.2411
      CRPS: 0.1915
  Output: /fslarge/scratch/users/h61084/codes/fine_time/outputs/task_finetuning/tasks/task_finetuned/chronos_bolt/univariate/OpenElectricity_NEM/5T/medium/run_0

============================================================
All experiments completed!
Results saved to: /scratch/users/h61084/codes/fine_time/outputs/task_finetuning/tasks/task_finetuned
============================================================
[49/90] evaluate chronos_bolt frozen on OpenElectricity_NEM/5T/short
Loading configuration...

============================================================
Dataset: OpenElectricity_NEM/5T
Model: amazon/chronos-bolt-base
Terms: ['short']
Instance normalization: none
============================================================
Loading Chronos-Bolt model: amazon/chronos-bolt-base from /fslarge/scratch/users/h61084/weights/chronos-bolt-base...
[2026-09-29 10:57:00 UTC] resources selected_device {"device": "cuda", "model": "chronos_bolt", "stage": "forecast"}

--- Term: short ---
  Config: prediction_length=24, test_length=4032, val_length=4032
  Dataset info:
    - Frequency: 5T
    - Num series: 1
    - Target dim: 10
    - Target mode: univariate
    - Series length: min=43488, max=43488, avg=43488.0
    - Test split: 4032 steps
    - Prediction length: 24
    - Windows: 168
TIME run allocation action=new run=/fslarge/scratch/users/h61084/codes/fine_time/outputs/task_finetuning/tasks/inference/chronos_bolt/univariate/OpenElectricity_NEM/5T/short/run_0 launch_id=selena_fine_time_20260929T092621Z_11326 slurm_job_id=3607388 launched_at=2026-09-29T10:57:00.878005+00:00
  Preparing input batches from Test split data...
    Total instances to forecast: 1680
  Running predictions (Batch size: 32)...
    Processed 320/1680...
    Processed 640/1680...
    Processed 960/1680...
    Processed 1280/1680...
    Processed 1600/1680...
TIME run allocation action=new run=/fslarge/scratch/users/h61084/codes/fine_time/outputs/task_finetuning/tasks/frozen/chronos_bolt/univariate/OpenElectricity_NEM/5T/short/run_0 launch_id=selena_fine_time_20260929T092621Z_11326 slurm_job_id=3607388 launched_at=2026-09-29T10:57:02.840605+00:00
    Total instances: 1680, Series during experiment: 10, Windows: 168
    Collecting ground truth and context...
    Detected to_univariate case: 10 flat series -> 1 series x 10 variates
    Organizing data into arrays...
    Saved predictions (quantiles) to /fslarge/scratch/users/h61084/codes/fine_time/outputs/task_finetuning/tasks/frozen/chronos_bolt/univariate/OpenElectricity_NEM/5T/short/run_0/predictions.npz
    Computing per-window metrics...
    Saved metrics to /fslarge/scratch/users/h61084/codes/fine_time/outputs/task_finetuning/tasks/frozen/chronos_bolt/univariate/OpenElectricity_NEM/5T/short/run_0/metrics.npz
    Saved aggregate metrics to /fslarge/scratch/users/h61084/codes/fine_time/outputs/task_finetuning/tasks/frozen/chronos_bolt/univariate/OpenElectricity_NEM/5T/short/run_0/metrics_summary.json
    Metrics summary (averaged over all series/windows/variates):
      MSE: 14827.2295
      MAE: 64.8012
      RMSE: 75.2163
      MAPE: 3.8644
      sMAPE: 0.1772
      MASE: 0.4593
      ND: 0.1687
      CRPS: 0.1372
  Output: /fslarge/scratch/users/h61084/codes/fine_time/outputs/task_finetuning/tasks/frozen/chronos_bolt/univariate/OpenElectricity_NEM/5T/short/run_0

============================================================
All experiments completed!
Results saved to: /scratch/users/h61084/codes/fine_time/outputs/task_finetuning/tasks/frozen
============================================================
[49/90] evaluate chronos_bolt task_finetuned on OpenElectricity_NEM/5T/short
Loading configuration...

============================================================
Dataset: OpenElectricity_NEM/5T
Model: amazon/chronos-bolt-base
Terms: ['short']
Instance normalization: none
============================================================
Loading Chronos-Bolt model: amazon/chronos-bolt-base from /fslarge/scratch/users/h61084/codes/fine_time/outputs/task_finetuning/checkpoints/chronos_bolt/OpenElectricity_NEM/5T/short/run_0/finetuned-ckpt...
[2026-09-29 10:57:03 UTC] resources selected_device {"device": "cuda", "model": "chronos_bolt", "stage": "forecast"}

--- Term: short ---
  Config: prediction_length=24, test_length=4032, val_length=4032
  Dataset info:
    - Frequency: 5T
    - Num series: 1
    - Target dim: 10
    - Target mode: univariate
    - Series length: min=43488, max=43488, avg=43488.0
    - Test split: 4032 steps
    - Prediction length: 24
    - Windows: 168
TIME run allocation action=new run=/fslarge/scratch/users/h61084/codes/fine_time/outputs/task_finetuning/tasks/inference/chronos_bolt/univariate/OpenElectricity_NEM/5T/short/run_1 launch_id=selena_fine_time_20260929T092621Z_11326 slurm_job_id=3607388 launched_at=2026-09-29T10:57:05.297287+00:00
  Preparing input batches from Test split data...
    Total instances to forecast: 1680
  Running predictions (Batch size: 32)...
    Processed 320/1680...
    Processed 640/1680...
    Processed 960/1680...
    Processed 1280/1680...
    Processed 1600/1680...
TIME run allocation action=new run=/fslarge/scratch/users/h61084/codes/fine_time/outputs/task_finetuning/tasks/task_finetuned/chronos_bolt/univariate/OpenElectricity_NEM/5T/short/run_0 launch_id=selena_fine_time_20260929T092621Z_11326 slurm_job_id=3607388 launched_at=2026-09-29T10:57:07.253918+00:00
    Total instances: 1680, Series during experiment: 10, Windows: 168
    Collecting ground truth and context...
    Detected to_univariate case: 10 flat series -> 1 series x 10 variates
    Organizing data into arrays...
    Saved predictions (quantiles) to /fslarge/scratch/users/h61084/codes/fine_time/outputs/task_finetuning/tasks/task_finetuned/chronos_bolt/univariate/OpenElectricity_NEM/5T/short/run_0/predictions.npz
    Computing per-window metrics...
    Saved metrics to /fslarge/scratch/users/h61084/codes/fine_time/outputs/task_finetuning/tasks/task_finetuned/chronos_bolt/univariate/OpenElectricity_NEM/5T/short/run_0/metrics.npz
    Saved aggregate metrics to /fslarge/scratch/users/h61084/codes/fine_time/outputs/task_finetuning/tasks/task_finetuned/chronos_bolt/univariate/OpenElectricity_NEM/5T/short/run_0/metrics_summary.json
    Metrics summary (averaged over all series/windows/variates):
      MSE: 11874.0189
      MAE: 57.7620
      RMSE: 67.3851
      MAPE: 3.4282
      sMAPE: 0.1758
      MASE: 0.4240
      ND: 0.1647
      CRPS: 0.1325
  Output: /fslarge/scratch/users/h61084/codes/fine_time/outputs/task_finetuning/tasks/task_finetuned/chronos_bolt/univariate/OpenElectricity_NEM/5T/short/run_0

============================================================
All experiments completed!
Results saved to: /scratch/users/h61084/codes/fine_time/outputs/task_finetuning/tasks/task_finetuned
============================================================
[50/90] evaluate chronos_bolt frozen on Port_Activity/D/short
Loading configuration...

============================================================
Dataset: Port_Activity/D
Model: amazon/chronos-bolt-base
Terms: ['short']
Instance normalization: none
============================================================
Loading Chronos-Bolt model: amazon/chronos-bolt-base from /fslarge/scratch/users/h61084/weights/chronos-bolt-base...
[2026-09-29 10:57:07 UTC] resources selected_device {"device": "cuda", "model": "chronos_bolt", "stage": "forecast"}

--- Term: short ---
  Config: prediction_length=30, test_length=365, val_length=90
  Dataset info:
    - Frequency: D
    - Num series: 99
    - Target dim: 2
    - Target mode: univariate
    - Series length: min=2127, max=2127, avg=2127.0
    - Test split: 365 steps
    - Prediction length: 30
    - Windows: 12
TIME run allocation action=new run=/fslarge/scratch/users/h61084/codes/fine_time/outputs/task_finetuning/tasks/inference/chronos_bolt/univariate/Port_Activity/D/short/run_0 launch_id=selena_fine_time_20260929T092621Z_11326 slurm_job_id=3607388 launched_at=2026-09-29T10:57:08.352392+00:00
  Preparing input batches from Test split data...
    Total instances to forecast: 2376
  Running predictions (Batch size: 32)...
    Processed 320/2376...
    Processed 640/2376...
    Processed 960/2376...
    Processed 1280/2376...
    Processed 1600/2376...
    Processed 1920/2376...
    Processed 2240/2376...
TIME run allocation action=new run=/fslarge/scratch/users/h61084/codes/fine_time/outputs/task_finetuning/tasks/frozen/chronos_bolt/univariate/Port_Activity/D/short/run_0 launch_id=selena_fine_time_20260929T092621Z_11326 slurm_job_id=3607388 launched_at=2026-09-29T10:57:11.186936+00:00
    Total instances: 2376, Series during experiment: 198, Windows: 12
    Collecting ground truth and context...
    Detected to_univariate case: 198 flat series -> 99 series x 2 variates
    Organizing data into arrays...
    ⚠️  Predictions max value (541586.44) exceeds float16 safe range.
    ⚠️  Applying scale factor: 10 (values will be divided)
    Saved predictions (quantiles) to /fslarge/scratch/users/h61084/codes/fine_time/outputs/task_finetuning/tasks/frozen/chronos_bolt/univariate/Port_Activity/D/short/run_0/predictions.npz
    Computing per-window metrics...
    Saved metrics to /fslarge/scratch/users/h61084/codes/fine_time/outputs/task_finetuning/tasks/frozen/chronos_bolt/univariate/Port_Activity/D/short/run_0/metrics.npz
    Saved aggregate metrics to /fslarge/scratch/users/h61084/codes/fine_time/outputs/task_finetuning/tasks/frozen/chronos_bolt/univariate/Port_Activity/D/short/run_0/metrics_summary.json
    Metrics summary (averaged over all series/windows/variates):
      MSE: 957024307.0050
      MAE: 15456.3284
      RMSE: 21287.8250
      MAPE: 2.6430
      sMAPE: 0.9476
      MASE: 0.6620
      ND: 0.7475
      CRPS: 0.5995
  Output: /fslarge/scratch/users/h61084/codes/fine_time/outputs/task_finetuning/tasks/frozen/chronos_bolt/univariate/Port_Activity/D/short/run_0

============================================================
All experiments completed!
Results saved to: /scratch/users/h61084/codes/fine_time/outputs/task_finetuning/tasks/frozen
============================================================
[50/90] evaluate chronos_bolt task_finetuned on Port_Activity/D/short
Loading configuration...

============================================================
Dataset: Port_Activity/D
Model: amazon/chronos-bolt-base
Terms: ['short']
Instance normalization: none
============================================================
Loading Chronos-Bolt model: amazon/chronos-bolt-base from /fslarge/scratch/users/h61084/codes/fine_time/outputs/task_finetuning/checkpoints/chronos_bolt/Port_Activity/D/short/run_0/finetuned-ckpt...
[2026-09-29 10:57:11 UTC] resources selected_device {"device": "cuda", "model": "chronos_bolt", "stage": "forecast"}

--- Term: short ---
  Config: prediction_length=30, test_length=365, val_length=90
  Dataset info:
    - Frequency: D
    - Num series: 99
    - Target dim: 2
    - Target mode: univariate
    - Series length: min=2127, max=2127, avg=2127.0
    - Test split: 365 steps
    - Prediction length: 30
    - Windows: 12
TIME run allocation action=new run=/fslarge/scratch/users/h61084/codes/fine_time/outputs/task_finetuning/tasks/inference/chronos_bolt/univariate/Port_Activity/D/short/run_1 launch_id=selena_fine_time_20260929T092621Z_11326 slurm_job_id=3607388 launched_at=2026-09-29T10:57:13.682410+00:00
  Preparing input batches from Test split data...
    Total instances to forecast: 2376
  Running predictions (Batch size: 32)...
    Processed 320/2376...
    Processed 640/2376...
    Processed 960/2376...
    Processed 1280/2376...
    Processed 1600/2376...
    Processed 1920/2376...
    Processed 2240/2376...
TIME run allocation action=new run=/fslarge/scratch/users/h61084/codes/fine_time/outputs/task_finetuning/tasks/task_finetuned/chronos_bolt/univariate/Port_Activity/D/short/run_0 launch_id=selena_fine_time_20260929T092621Z_11326 slurm_job_id=3607388 launched_at=2026-09-29T10:57:16.520428+00:00
    Total instances: 2376, Series during experiment: 198, Windows: 12
    Collecting ground truth and context...
    Detected to_univariate case: 198 flat series -> 99 series x 2 variates
    Organizing data into arrays...
    ⚠️  Predictions max value (545299.75) exceeds float16 safe range.
    ⚠️  Applying scale factor: 10 (values will be divided)
    Saved predictions (quantiles) to /fslarge/scratch/users/h61084/codes/fine_time/outputs/task_finetuning/tasks/task_finetuned/chronos_bolt/univariate/Port_Activity/D/short/run_0/predictions.npz
    Computing per-window metrics...
    Saved metrics to /fslarge/scratch/users/h61084/codes/fine_time/outputs/task_finetuning/tasks/task_finetuned/chronos_bolt/univariate/Port_Activity/D/short/run_0/metrics.npz
    Saved aggregate metrics to /fslarge/scratch/users/h61084/codes/fine_time/outputs/task_finetuning/tasks/task_finetuned/chronos_bolt/univariate/Port_Activity/D/short/run_0/metrics_summary.json
    Metrics summary (averaged over all series/windows/variates):
      MSE: 941315858.1695
      MAE: 15442.4448
      RMSE: 21060.6432
      MAPE: 2.9647
      sMAPE: 0.9285
      MASE: 0.6608
      ND: 0.7486
      CRPS: 0.5984
  Output: /fslarge/scratch/users/h61084/codes/fine_time/outputs/task_finetuning/tasks/task_finetuned/chronos_bolt/univariate/Port_Activity/D/short/run_0

============================================================
All experiments completed!
Results saved to: /scratch/users/h61084/codes/fine_time/outputs/task_finetuning/tasks/task_finetuned
============================================================
[51/90] evaluate chronos_bolt frozen on Port_Activity/W/short
Loading configuration...

============================================================
Dataset: Port_Activity/W
Model: amazon/chronos-bolt-base
Terms: ['short']
Instance normalization: none
============================================================
Loading Chronos-Bolt model: amazon/chronos-bolt-base from /fslarge/scratch/users/h61084/weights/chronos-bolt-base...
[2026-09-29 10:57:17 UTC] resources selected_device {"device": "cuda", "model": "chronos_bolt", "stage": "forecast"}

--- Term: short ---
  Config: prediction_length=13, test_length=52, val_length=13
  Dataset info:
    - Frequency: W
    - Num series: 99
    - Target dim: 2
    - Target mode: univariate
    - Series length: min=304, max=304, avg=304.0
    - Test split: 52 steps
    - Prediction length: 13
    - Windows: 4
TIME run allocation action=new run=/fslarge/scratch/users/h61084/codes/fine_time/outputs/task_finetuning/tasks/inference/chronos_bolt/univariate/Port_Activity/W/short/run_0 launch_id=selena_fine_time_20260929T092621Z_11326 slurm_job_id=3607388 launched_at=2026-09-29T10:57:17.790963+00:00
  Preparing input batches from Test split data...
    Total instances to forecast: 792
  Running predictions (Batch size: 32)...
    Processed 320/792...
    Processed 640/792...
TIME run allocation action=new run=/fslarge/scratch/users/h61084/codes/fine_time/outputs/task_finetuning/tasks/frozen/chronos_bolt/univariate/Port_Activity/W/short/run_0 launch_id=selena_fine_time_20260929T092621Z_11326 slurm_job_id=3607388 launched_at=2026-09-29T10:57:18.267910+00:00
    Total instances: 792, Series during experiment: 198, Windows: 4
    Collecting ground truth and context...
    Detected to_univariate case: 198 flat series -> 99 series x 2 variates
    Organizing data into arrays...
    ⚠️  Predictions max value (3002587.50) exceeds float16 safe range.
    ⚠️  Applying scale factor: 100 (values will be divided)
    Saved predictions (quantiles) to /fslarge/scratch/users/h61084/codes/fine_time/outputs/task_finetuning/tasks/frozen/chronos_bolt/univariate/Port_Activity/W/short/run_0/predictions.npz
    Computing per-window metrics...
    Saved metrics to /fslarge/scratch/users/h61084/codes/fine_time/outputs/task_finetuning/tasks/frozen/chronos_bolt/univariate/Port_Activity/W/short/run_0/metrics.npz
    Saved aggregate metrics to /fslarge/scratch/users/h61084/codes/fine_time/outputs/task_finetuning/tasks/frozen/chronos_bolt/univariate/Port_Activity/W/short/run_0/metrics_summary.json
    Metrics summary (averaged over all series/windows/variates):
      MSE: 5952594008.4286
      MAE: 43928.4211
      RMSE: 53759.6599
      MAPE: 0.6903
      sMAPE: 0.3411
      MASE: 0.7834
      ND: 0.3434
      CRPS: 0.2671
  Output: /fslarge/scratch/users/h61084/codes/fine_time/outputs/task_finetuning/tasks/frozen/chronos_bolt/univariate/Port_Activity/W/short/run_0

============================================================
All experiments completed!
Results saved to: /scratch/users/h61084/codes/fine_time/outputs/task_finetuning/tasks/frozen
============================================================
[51/90] evaluate chronos_bolt task_finetuned on Port_Activity/W/short
Loading configuration...

============================================================
Dataset: Port_Activity/W
Model: amazon/chronos-bolt-base
Terms: ['short']
Instance normalization: none
============================================================
Loading Chronos-Bolt model: amazon/chronos-bolt-base from /fslarge/scratch/users/h61084/codes/fine_time/outputs/task_finetuning/checkpoints/chronos_bolt/Port_Activity/W/short/run_0/finetuned-ckpt...
[2026-09-29 10:57:18 UTC] resources selected_device {"device": "cuda", "model": "chronos_bolt", "stage": "forecast"}

--- Term: short ---
  Config: prediction_length=13, test_length=52, val_length=13
  Dataset info:
    - Frequency: W
    - Num series: 99
    - Target dim: 2
    - Target mode: univariate
    - Series length: min=304, max=304, avg=304.0
    - Test split: 52 steps
    - Prediction length: 13
    - Windows: 4
TIME run allocation action=new run=/fslarge/scratch/users/h61084/codes/fine_time/outputs/task_finetuning/tasks/inference/chronos_bolt/univariate/Port_Activity/W/short/run_1 launch_id=selena_fine_time_20260929T092621Z_11326 slurm_job_id=3607388 launched_at=2026-09-29T10:57:20.956699+00:00
  Preparing input batches from Test split data...
    Total instances to forecast: 792
  Running predictions (Batch size: 32)...
    Processed 320/792...
    Processed 640/792...
TIME run allocation action=new run=/fslarge/scratch/users/h61084/codes/fine_time/outputs/task_finetuning/tasks/task_finetuned/chronos_bolt/univariate/Port_Activity/W/short/run_0 launch_id=selena_fine_time_20260929T092621Z_11326 slurm_job_id=3607388 launched_at=2026-09-29T10:57:21.434094+00:00
    Total instances: 792, Series during experiment: 198, Windows: 4
    Collecting ground truth and context...
    Detected to_univariate case: 198 flat series -> 99 series x 2 variates
    Organizing data into arrays...
    ⚠️  Predictions max value (2920049.00) exceeds float16 safe range.
    ⚠️  Applying scale factor: 100 (values will be divided)
    Saved predictions (quantiles) to /fslarge/scratch/users/h61084/codes/fine_time/outputs/task_finetuning/tasks/task_finetuned/chronos_bolt/univariate/Port_Activity/W/short/run_0/predictions.npz
    Computing per-window metrics...
    Saved metrics to /fslarge/scratch/users/h61084/codes/fine_time/outputs/task_finetuning/tasks/task_finetuned/chronos_bolt/univariate/Port_Activity/W/short/run_0/metrics.npz
    Saved aggregate metrics to /fslarge/scratch/users/h61084/codes/fine_time/outputs/task_finetuning/tasks/task_finetuned/chronos_bolt/univariate/Port_Activity/W/short/run_0/metrics_summary.json
    Metrics summary (averaged over all series/windows/variates):
      MSE: 5722105646.0115
      MAE: 42954.5258
      RMSE: 52747.7100
      MAPE: 0.6317
      sMAPE: 0.3354
      MASE: 0.7645
      ND: 0.3318
      CRPS: 0.2572
  Output: /fslarge/scratch/users/h61084/codes/fine_time/outputs/task_finetuning/tasks/task_finetuned/chronos_bolt/univariate/Port_Activity/W/short/run_0

============================================================
All experiments completed!
Results saved to: /scratch/users/h61084/codes/fine_time/outputs/task_finetuning/tasks/task_finetuned
============================================================
[52/90] evaluate chronos_bolt frozen on SG_Carpark/15T/long
Loading configuration...

============================================================
Dataset: SG_Carpark/15T
Model: amazon/chronos-bolt-base
Terms: ['long']
Instance normalization: none
============================================================
Loading Chronos-Bolt model: amazon/chronos-bolt-base from /fslarge/scratch/users/h61084/weights/chronos-bolt-base...
[2026-09-29 10:57:21 UTC] resources selected_device {"device": "cuda", "model": "chronos_bolt", "stage": "forecast"}

--- Term: long ---
  Config: prediction_length=672, test_length=672, val_length=672
  Dataset info:
    - Frequency: 15T
    - Num series: 354
    - Target dim: 1
    - Target mode: univariate
    - Series length: min=14495, max=14495, avg=14495.0
    - Test split: 672 steps
    - Prediction length: 672
    - Windows: 1
TIME run allocation action=new run=/fslarge/scratch/users/h61084/codes/fine_time/outputs/task_finetuning/tasks/inference/chronos_bolt/univariate/SG_Carpark/15T/long/run_0 launch_id=selena_fine_time_20260929T092621Z_11326 slurm_job_id=3607388 launched_at=2026-09-29T10:57:22.024548+00:00
  Preparing input batches from Test split data...
    Total instances to forecast: 354
  Running predictions (Batch size: 32)...
    Processed 320/354...
TIME run allocation action=new run=/fslarge/scratch/users/h61084/codes/fine_time/outputs/task_finetuning/tasks/frozen/chronos_bolt/univariate/SG_Carpark/15T/long/run_0 launch_id=selena_fine_time_20260929T092621Z_11326 slurm_job_id=3607388 launched_at=2026-09-29T10:57:52.994805+00:00
    Total instances: 354, Series during experiment: 354, Windows: 1
    Collecting ground truth and context...
    Organizing data into arrays...
    Saved predictions (quantiles) to /fslarge/scratch/users/h61084/codes/fine_time/outputs/task_finetuning/tasks/frozen/chronos_bolt/univariate/SG_Carpark/15T/long/run_0/predictions.npz
    Computing per-window metrics...
    Saved metrics to /fslarge/scratch/users/h61084/codes/fine_time/outputs/task_finetuning/tasks/frozen/chronos_bolt/univariate/SG_Carpark/15T/long/run_0/metrics.npz
    Saved aggregate metrics to /fslarge/scratch/users/h61084/codes/fine_time/outputs/task_finetuning/tasks/frozen/chronos_bolt/univariate/SG_Carpark/15T/long/run_0/metrics_summary.json
    Metrics summary (averaged over all series/windows/variates):
      MSE: 999.9016
      MAE: 15.0763
      RMSE: 20.4363
      MAPE: 0.0832
      sMAPE: 0.0864
      MASE: 0.9706
      ND: 0.0794
      CRPS: 0.0665
  Output: /fslarge/scratch/users/h61084/codes/fine_time/outputs/task_finetuning/tasks/frozen/chronos_bolt/univariate/SG_Carpark/15T/long/run_0

============================================================
All experiments completed!
Results saved to: /scratch/users/h61084/codes/fine_time/outputs/task_finetuning/tasks/frozen
============================================================
[52/90] evaluate chronos_bolt task_finetuned on SG_Carpark/15T/long
Loading configuration...

============================================================
Dataset: SG_Carpark/15T
Model: amazon/chronos-bolt-base
Terms: ['long']
Instance normalization: none
============================================================
Loading Chronos-Bolt model: amazon/chronos-bolt-base from /fslarge/scratch/users/h61084/codes/fine_time/outputs/task_finetuning/checkpoints/chronos_bolt/SG_Carpark/15T/long/run_0/finetuned-ckpt...
[2026-09-29 10:57:53 UTC] resources selected_device {"device": "cuda", "model": "chronos_bolt", "stage": "forecast"}

--- Term: long ---
  Config: prediction_length=672, test_length=672, val_length=672
  Dataset info:
    - Frequency: 15T
    - Num series: 354
    - Target dim: 1
    - Target mode: univariate
    - Series length: min=14495, max=14495, avg=14495.0
    - Test split: 672 steps
    - Prediction length: 672
    - Windows: 1
TIME run allocation action=new run=/fslarge/scratch/users/h61084/codes/fine_time/outputs/task_finetuning/tasks/inference/chronos_bolt/univariate/SG_Carpark/15T/long/run_1 launch_id=selena_fine_time_20260929T092621Z_11326 slurm_job_id=3607388 launched_at=2026-09-29T10:57:55.187760+00:00
  Preparing input batches from Test split data...
    Total instances to forecast: 354
  Running predictions (Batch size: 32)...
    Processed 320/354...
TIME run allocation action=new run=/fslarge/scratch/users/h61084/codes/fine_time/outputs/task_finetuning/tasks/task_finetuned/chronos_bolt/univariate/SG_Carpark/15T/long/run_0 launch_id=selena_fine_time_20260929T092621Z_11326 slurm_job_id=3607388 launched_at=2026-09-29T10:58:26.197879+00:00
    Total instances: 354, Series during experiment: 354, Windows: 1
    Collecting ground truth and context...
    Organizing data into arrays...
    Saved predictions (quantiles) to /fslarge/scratch/users/h61084/codes/fine_time/outputs/task_finetuning/tasks/task_finetuned/chronos_bolt/univariate/SG_Carpark/15T/long/run_0/predictions.npz
    Computing per-window metrics...
    Saved metrics to /fslarge/scratch/users/h61084/codes/fine_time/outputs/task_finetuning/tasks/task_finetuned/chronos_bolt/univariate/SG_Carpark/15T/long/run_0/metrics.npz
    Saved aggregate metrics to /fslarge/scratch/users/h61084/codes/fine_time/outputs/task_finetuning/tasks/task_finetuned/chronos_bolt/univariate/SG_Carpark/15T/long/run_0/metrics_summary.json
    Metrics summary (averaged over all series/windows/variates):
      MSE: 887.3072
      MAE: 13.1114
      RMSE: 18.2201
      MAPE: 0.0760
      sMAPE: 0.0769
      MASE: 0.8508
      ND: 0.0727
      CRPS: 0.0613
  Output: /fslarge/scratch/users/h61084/codes/fine_time/outputs/task_finetuning/tasks/task_finetuned/chronos_bolt/univariate/SG_Carpark/15T/long/run_0

============================================================
All experiments completed!
Results saved to: /scratch/users/h61084/codes/fine_time/outputs/task_finetuning/tasks/task_finetuned
============================================================
[53/90] evaluate chronos_bolt frozen on SG_Carpark/15T/medium
Loading configuration...

============================================================
Dataset: SG_Carpark/15T
Model: amazon/chronos-bolt-base
Terms: ['medium']
Instance normalization: none
============================================================
Loading Chronos-Bolt model: amazon/chronos-bolt-base from /fslarge/scratch/users/h61084/weights/chronos-bolt-base...
[2026-09-29 10:58:26 UTC] resources selected_device {"device": "cuda", "model": "chronos_bolt", "stage": "forecast"}

--- Term: medium ---
  Config: prediction_length=96, test_length=672, val_length=672
  Dataset info:
    - Frequency: 15T
    - Num series: 354
    - Target dim: 1
    - Target mode: univariate
    - Series length: min=14495, max=14495, avg=14495.0
    - Test split: 672 steps
    - Prediction length: 96
    - Windows: 7
TIME run allocation action=new run=/fslarge/scratch/users/h61084/codes/fine_time/outputs/task_finetuning/tasks/inference/chronos_bolt/univariate/SG_Carpark/15T/medium/run_0 launch_id=selena_fine_time_20260929T092621Z_11326 slurm_job_id=3607388 launched_at=2026-09-29T10:58:27.104164+00:00
  Preparing input batches from Test split data...
    Total instances to forecast: 2478
  Running predictions (Batch size: 32)...
    Processed 320/2478...
    Processed 640/2478...
    Processed 960/2478...
    Processed 1280/2478...
    Processed 1600/2478...
    Processed 1920/2478...
    Processed 2240/2478...
TIME run allocation action=new run=/fslarge/scratch/users/h61084/codes/fine_time/outputs/task_finetuning/tasks/frozen/chronos_bolt/univariate/SG_Carpark/15T/medium/run_0 launch_id=selena_fine_time_20260929T092621Z_11326 slurm_job_id=3607388 launched_at=2026-09-29T10:58:51.280404+00:00
    Total instances: 2478, Series during experiment: 354, Windows: 7
    Collecting ground truth and context...
    Organizing data into arrays...
    Saved predictions (quantiles) to /fslarge/scratch/users/h61084/codes/fine_time/outputs/task_finetuning/tasks/frozen/chronos_bolt/univariate/SG_Carpark/15T/medium/run_0/predictions.npz
    Computing per-window metrics...
    Saved metrics to /fslarge/scratch/users/h61084/codes/fine_time/outputs/task_finetuning/tasks/frozen/chronos_bolt/univariate/SG_Carpark/15T/medium/run_0/metrics.npz
    Saved aggregate metrics to /fslarge/scratch/users/h61084/codes/fine_time/outputs/task_finetuning/tasks/frozen/chronos_bolt/univariate/SG_Carpark/15T/medium/run_0/metrics_summary.json
    Metrics summary (averaged over all series/windows/variates):
      MSE: 468.2439
      MAE: 9.2279
      RMSE: 12.4567
      MAPE: 0.0534
      sMAPE: 0.0614
      MASE: 0.6111
      ND: 0.0495
      CRPS: 0.0393
  Output: /fslarge/scratch/users/h61084/codes/fine_time/outputs/task_finetuning/tasks/frozen/chronos_bolt/univariate/SG_Carpark/15T/medium/run_0

============================================================
All experiments completed!
Results saved to: /scratch/users/h61084/codes/fine_time/outputs/task_finetuning/tasks/frozen
============================================================
[53/90] evaluate chronos_bolt task_finetuned on SG_Carpark/15T/medium
Loading configuration...

============================================================
Dataset: SG_Carpark/15T
Model: amazon/chronos-bolt-base
Terms: ['medium']
Instance normalization: none
============================================================
Loading Chronos-Bolt model: amazon/chronos-bolt-base from /fslarge/scratch/users/h61084/codes/fine_time/outputs/task_finetuning/checkpoints/chronos_bolt/SG_Carpark/15T/medium/run_0/finetuned-ckpt...
[2026-09-29 10:58:52 UTC] resources selected_device {"device": "cuda", "model": "chronos_bolt", "stage": "forecast"}

--- Term: medium ---
  Config: prediction_length=96, test_length=672, val_length=672
  Dataset info:
    - Frequency: 15T
    - Num series: 354
    - Target dim: 1
    - Target mode: univariate
    - Series length: min=14495, max=14495, avg=14495.0
    - Test split: 672 steps
    - Prediction length: 96
    - Windows: 7
TIME run allocation action=new run=/fslarge/scratch/users/h61084/codes/fine_time/outputs/task_finetuning/tasks/inference/chronos_bolt/univariate/SG_Carpark/15T/medium/run_1 launch_id=selena_fine_time_20260929T092621Z_11326 slurm_job_id=3607388 launched_at=2026-09-29T10:58:53.985680+00:00
  Preparing input batches from Test split data...
    Total instances to forecast: 2478
  Running predictions (Batch size: 32)...
    Processed 320/2478...
    Processed 640/2478...
    Processed 960/2478...
    Processed 1280/2478...
    Processed 1600/2478...
    Processed 1920/2478...
    Processed 2240/2478...
TIME run allocation action=new run=/fslarge/scratch/users/h61084/codes/fine_time/outputs/task_finetuning/tasks/task_finetuned/chronos_bolt/univariate/SG_Carpark/15T/medium/run_0 launch_id=selena_fine_time_20260929T092621Z_11326 slurm_job_id=3607388 launched_at=2026-09-29T10:59:18.150867+00:00
    Total instances: 2478, Series during experiment: 354, Windows: 7
    Collecting ground truth and context...
    Organizing data into arrays...
    Saved predictions (quantiles) to /fslarge/scratch/users/h61084/codes/fine_time/outputs/task_finetuning/tasks/task_finetuned/chronos_bolt/univariate/SG_Carpark/15T/medium/run_0/predictions.npz
    Computing per-window metrics...
    Saved metrics to /fslarge/scratch/users/h61084/codes/fine_time/outputs/task_finetuning/tasks/task_finetuned/chronos_bolt/univariate/SG_Carpark/15T/medium/run_0/metrics.npz
    Saved aggregate metrics to /fslarge/scratch/users/h61084/codes/fine_time/outputs/task_finetuning/tasks/task_finetuned/chronos_bolt/univariate/SG_Carpark/15T/medium/run_0/metrics_summary.json
    Metrics summary (averaged over all series/windows/variates):
      MSE: 438.3658
      MAE: 8.5652
      RMSE: 11.6302
      MAPE: 0.0521
      sMAPE: 0.0582
      MASE: 0.5689
      ND: 0.0468
      CRPS: 0.0372
  Output: /fslarge/scratch/users/h61084/codes/fine_time/outputs/task_finetuning/tasks/task_finetuned/chronos_bolt/univariate/SG_Carpark/15T/medium/run_0

============================================================
All experiments completed!
Results saved to: /scratch/users/h61084/codes/fine_time/outputs/task_finetuning/tasks/task_finetuned
============================================================
[54/90] evaluate chronos_bolt frozen on SG_Carpark/15T/short
Loading configuration...

============================================================
Dataset: SG_Carpark/15T
Model: amazon/chronos-bolt-base
Terms: ['short']
Instance normalization: none
============================================================
Loading Chronos-Bolt model: amazon/chronos-bolt-base from /fslarge/scratch/users/h61084/weights/chronos-bolt-base...
[2026-09-29 10:59:19 UTC] resources selected_device {"device": "cuda", "model": "chronos_bolt", "stage": "forecast"}

--- Term: short ---
  Config: prediction_length=16, test_length=672, val_length=672
  Dataset info:
    - Frequency: 15T
    - Num series: 354
    - Target dim: 1
    - Target mode: univariate
    - Series length: min=14495, max=14495, avg=14495.0
    - Test split: 672 steps
    - Prediction length: 16
    - Windows: 42
TIME run allocation action=new run=/fslarge/scratch/users/h61084/codes/fine_time/outputs/task_finetuning/tasks/inference/chronos_bolt/univariate/SG_Carpark/15T/short/run_0 launch_id=selena_fine_time_20260929T092621Z_11326 slurm_job_id=3607388 launched_at=2026-09-29T10:59:19.650097+00:00
  Preparing input batches from Test split data...
    Total instances to forecast: 14868
  Running predictions (Batch size: 32)...
    Processed 320/14868...
    Processed 640/14868...
    Processed 960/14868...
    Processed 1280/14868...
    Processed 1600/14868...
    Processed 1920/14868...
    Processed 2240/14868...
    Processed 2560/14868...
    Processed 2880/14868...
    Processed 3200/14868...
    Processed 3520/14868...
    Processed 3840/14868...
    Processed 4160/14868...
    Processed 4480/14868...
    Processed 4800/14868...
    Processed 5120/14868...
    Processed 5440/14868...
    Processed 5760/14868...
    Processed 6080/14868...
    Processed 6400/14868...
    Processed 6720/14868...
    Processed 7040/14868...
    Processed 7360/14868...
    Processed 7680/14868...
    Processed 8000/14868...
    Processed 8320/14868...
    Processed 8640/14868...
    Processed 8960/14868...
    Processed 9280/14868...
    Processed 9600/14868...
    Processed 9920/14868...
    Processed 10240/14868...
    Processed 10560/14868...
    Processed 10880/14868...
    Processed 11200/14868...
    Processed 11520/14868...
    Processed 11840/14868...
    Processed 12160/14868...
    Processed 12480/14868...
    Processed 12800/14868...
    Processed 13120/14868...
    Processed 13440/14868...
    Processed 13760/14868...
    Processed 14080/14868...
    Processed 14400/14868...
    Processed 14720/14868...
TIME run allocation action=new run=/fslarge/scratch/users/h61084/codes/fine_time/outputs/task_finetuning/tasks/frozen/chronos_bolt/univariate/SG_Carpark/15T/short/run_0 launch_id=selena_fine_time_20260929T092621Z_11326 slurm_job_id=3607388 launched_at=2026-09-29T10:59:36.843032+00:00
    Total instances: 14868, Series during experiment: 354, Windows: 42
    Collecting ground truth and context...
    Organizing data into arrays...
    Saved predictions (quantiles) to /fslarge/scratch/users/h61084/codes/fine_time/outputs/task_finetuning/tasks/frozen/chronos_bolt/univariate/SG_Carpark/15T/short/run_0/predictions.npz
    Computing per-window metrics...
    Saved metrics to /fslarge/scratch/users/h61084/codes/fine_time/outputs/task_finetuning/tasks/frozen/chronos_bolt/univariate/SG_Carpark/15T/short/run_0/metrics.npz
    Saved aggregate metrics to /fslarge/scratch/users/h61084/codes/fine_time/outputs/task_finetuning/tasks/frozen/chronos_bolt/univariate/SG_Carpark/15T/short/run_0/metrics_summary.json
    Metrics summary (averaged over all series/windows/variates):
      MSE: 220.1618
      MAE: 5.9515
      RMSE: 7.4339
      MAPE: 0.0375
      sMAPE: 0.0474
      MASE: 0.4072
      ND: 0.0370
      CRPS: 0.0293
  Output: /fslarge/scratch/users/h61084/codes/fine_time/outputs/task_finetuning/tasks/frozen/chronos_bolt/univariate/SG_Carpark/15T/short/run_0

============================================================
All experiments completed!
Results saved to: /scratch/users/h61084/codes/fine_time/outputs/task_finetuning/tasks/frozen
============================================================
[54/90] evaluate chronos_bolt task_finetuned on SG_Carpark/15T/short
Loading configuration...

============================================================
Dataset: SG_Carpark/15T
Model: amazon/chronos-bolt-base
Terms: ['short']
Instance normalization: none
============================================================
Loading Chronos-Bolt model: amazon/chronos-bolt-base from /fslarge/scratch/users/h61084/codes/fine_time/outputs/task_finetuning/checkpoints/chronos_bolt/SG_Carpark/15T/short/run_0/finetuned-ckpt...
[2026-09-29 10:59:41 UTC] resources selected_device {"device": "cuda", "model": "chronos_bolt", "stage": "forecast"}

--- Term: short ---
  Config: prediction_length=16, test_length=672, val_length=672
  Dataset info:
    - Frequency: 15T
    - Num series: 354
    - Target dim: 1
    - Target mode: univariate
    - Series length: min=14495, max=14495, avg=14495.0
    - Test split: 672 steps
    - Prediction length: 16
    - Windows: 42
TIME run allocation action=new run=/fslarge/scratch/users/h61084/codes/fine_time/outputs/task_finetuning/tasks/inference/chronos_bolt/univariate/SG_Carpark/15T/short/run_1 launch_id=selena_fine_time_20260929T092621Z_11326 slurm_job_id=3607388 launched_at=2026-09-29T10:59:43.357277+00:00
  Preparing input batches from Test split data...
    Total instances to forecast: 14868
  Running predictions (Batch size: 32)...
    Processed 320/14868...
    Processed 640/14868...
    Processed 960/14868...
    Processed 1280/14868...
    Processed 1600/14868...
    Processed 1920/14868...
    Processed 2240/14868...
    Processed 2560/14868...
    Processed 2880/14868...
    Processed 3200/14868...
    Processed 3520/14868...
    Processed 3840/14868...
    Processed 4160/14868...
    Processed 4480/14868...
    Processed 4800/14868...
    Processed 5120/14868...
    Processed 5440/14868...
    Processed 5760/14868...
    Processed 6080/14868...
    Processed 6400/14868...
    Processed 6720/14868...
    Processed 7040/14868...
    Processed 7360/14868...
    Processed 7680/14868...
    Processed 8000/14868...
    Processed 8320/14868...
    Processed 8640/14868...
    Processed 8960/14868...
    Processed 9280/14868...
    Processed 9600/14868...
    Processed 9920/14868...
    Processed 10240/14868...
    Processed 10560/14868...
    Processed 10880/14868...
    Processed 11200/14868...
    Processed 11520/14868...
    Processed 11840/14868...
    Processed 12160/14868...
    Processed 12480/14868...
    Processed 12800/14868...
    Processed 13120/14868...
    Processed 13440/14868...
    Processed 13760/14868...
    Processed 14080/14868...
    Processed 14400/14868...
    Processed 14720/14868...
TIME run allocation action=new run=/fslarge/scratch/users/h61084/codes/fine_time/outputs/task_finetuning/tasks/task_finetuned/chronos_bolt/univariate/SG_Carpark/15T/short/run_0 launch_id=selena_fine_time_20260929T092621Z_11326 slurm_job_id=3607388 launched_at=2026-09-29T11:00:00.691595+00:00
    Total instances: 14868, Series during experiment: 354, Windows: 42
    Collecting ground truth and context...
    Organizing data into arrays...
    Saved predictions (quantiles) to /fslarge/scratch/users/h61084/codes/fine_time/outputs/task_finetuning/tasks/task_finetuned/chronos_bolt/univariate/SG_Carpark/15T/short/run_0/predictions.npz
    Computing per-window metrics...
    Saved metrics to /fslarge/scratch/users/h61084/codes/fine_time/outputs/task_finetuning/tasks/task_finetuned/chronos_bolt/univariate/SG_Carpark/15T/short/run_0/metrics.npz
    Saved aggregate metrics to /fslarge/scratch/users/h61084/codes/fine_time/outputs/task_finetuning/tasks/task_finetuned/chronos_bolt/univariate/SG_Carpark/15T/short/run_0/metrics_summary.json
    Metrics summary (averaged over all series/windows/variates):
      MSE: 220.2363
      MAE: 5.8936
      RMSE: 7.3492
      MAPE: 0.0369
      sMAPE: 0.0470
      MASE: 0.4031
      ND: 0.0361
      CRPS: 0.0287
  Output: /fslarge/scratch/users/h61084/codes/fine_time/outputs/task_finetuning/tasks/task_finetuned/chronos_bolt/univariate/SG_Carpark/15T/short/run_0

============================================================
All experiments completed!
Results saved to: /scratch/users/h61084/codes/fine_time/outputs/task_finetuning/tasks/task_finetuned
============================================================
[55/90] evaluate chronos_bolt frozen on SG_PM25/H/long
Loading configuration...

============================================================
Dataset: SG_PM25/H
Model: amazon/chronos-bolt-base
Terms: ['long']
Instance normalization: none
============================================================
Loading Chronos-Bolt model: amazon/chronos-bolt-base from /fslarge/scratch/users/h61084/weights/chronos-bolt-base...
[2026-09-29 11:00:05 UTC] resources selected_device {"device": "cuda", "model": "chronos_bolt", "stage": "forecast"}

--- Term: long ---
  Config: prediction_length=168, test_length=2208, val_length=2160
  Dataset info:
    - Frequency: H
    - Num series: 1
    - Target dim: 5
    - Target mode: univariate
    - Series length: min=38688, max=38688, avg=38688.0
    - Test split: 2208 steps
    - Prediction length: 168
    - Windows: 13
TIME run allocation action=new run=/fslarge/scratch/users/h61084/codes/fine_time/outputs/task_finetuning/tasks/inference/chronos_bolt/univariate/SG_PM25/H/long/run_0 launch_id=selena_fine_time_20260929T092621Z_11326 slurm_job_id=3607388 launched_at=2026-09-29T11:00:06.455325+00:00
  Preparing input batches from Test split data...
    Total instances to forecast: 65
  Running predictions (Batch size: 32)...
TIME run allocation action=new run=/fslarge/scratch/users/h61084/codes/fine_time/outputs/task_finetuning/tasks/frozen/chronos_bolt/univariate/SG_PM25/H/long/run_0 launch_id=selena_fine_time_20260929T092621Z_11326 slurm_job_id=3607388 launched_at=2026-09-29T11:00:07.662706+00:00
    Total instances: 65, Series during experiment: 5, Windows: 13
    Collecting ground truth and context...
    Detected to_univariate case: 5 flat series -> 1 series x 5 variates
    Organizing data into arrays...
    Saved predictions (quantiles) to /fslarge/scratch/users/h61084/codes/fine_time/outputs/task_finetuning/tasks/frozen/chronos_bolt/univariate/SG_PM25/H/long/run_0/predictions.npz
    Computing per-window metrics...
    Saved metrics to /fslarge/scratch/users/h61084/codes/fine_time/outputs/task_finetuning/tasks/frozen/chronos_bolt/univariate/SG_PM25/H/long/run_0/metrics.npz
    Saved aggregate metrics to /fslarge/scratch/users/h61084/codes/fine_time/outputs/task_finetuning/tasks/frozen/chronos_bolt/univariate/SG_PM25/H/long/run_0/metrics_summary.json
    Metrics summary (averaged over all series/windows/variates):
      MSE: 51.6894
      MAE: 5.1893
      RMSE: 6.8288
      MAPE: 0.5216
      sMAPE: 0.4365
      MASE: 0.9863
      ND: 0.4244
      CRPS: 0.3364
  Output: /fslarge/scratch/users/h61084/codes/fine_time/outputs/task_finetuning/tasks/frozen/chronos_bolt/univariate/SG_PM25/H/long/run_0

============================================================
All experiments completed!
Results saved to: /scratch/users/h61084/codes/fine_time/outputs/task_finetuning/tasks/frozen
============================================================
[55/90] evaluate chronos_bolt task_finetuned on SG_PM25/H/long
Loading configuration...

============================================================
Dataset: SG_PM25/H
Model: amazon/chronos-bolt-base
Terms: ['long']
Instance normalization: none
============================================================
Loading Chronos-Bolt model: amazon/chronos-bolt-base from /fslarge/scratch/users/h61084/codes/fine_time/outputs/task_finetuning/checkpoints/chronos_bolt/SG_PM25/H/long/run_0/finetuned-ckpt...
[2026-09-29 11:00:07 UTC] resources selected_device {"device": "cuda", "model": "chronos_bolt", "stage": "forecast"}

--- Term: long ---
  Config: prediction_length=168, test_length=2208, val_length=2160
  Dataset info:
    - Frequency: H
    - Num series: 1
    - Target dim: 5
    - Target mode: univariate
    - Series length: min=38688, max=38688, avg=38688.0
    - Test split: 2208 steps
    - Prediction length: 168
    - Windows: 13
TIME run allocation action=new run=/fslarge/scratch/users/h61084/codes/fine_time/outputs/task_finetuning/tasks/inference/chronos_bolt/univariate/SG_PM25/H/long/run_1 launch_id=selena_fine_time_20260929T092621Z_11326 slurm_job_id=3607388 launched_at=2026-09-29T11:00:09.777576+00:00
  Preparing input batches from Test split data...
    Total instances to forecast: 65
  Running predictions (Batch size: 32)...
TIME run allocation action=new run=/fslarge/scratch/users/h61084/codes/fine_time/outputs/task_finetuning/tasks/task_finetuned/chronos_bolt/univariate/SG_PM25/H/long/run_0 launch_id=selena_fine_time_20260929T092621Z_11326 slurm_job_id=3607388 launched_at=2026-09-29T11:00:10.982400+00:00
    Total instances: 65, Series during experiment: 5, Windows: 13
    Collecting ground truth and context...
    Detected to_univariate case: 5 flat series -> 1 series x 5 variates
    Organizing data into arrays...
    Saved predictions (quantiles) to /fslarge/scratch/users/h61084/codes/fine_time/outputs/task_finetuning/tasks/task_finetuned/chronos_bolt/univariate/SG_PM25/H/long/run_0/predictions.npz
    Computing per-window metrics...
    Saved metrics to /fslarge/scratch/users/h61084/codes/fine_time/outputs/task_finetuning/tasks/task_finetuned/chronos_bolt/univariate/SG_PM25/H/long/run_0/metrics.npz
    Saved aggregate metrics to /fslarge/scratch/users/h61084/codes/fine_time/outputs/task_finetuning/tasks/task_finetuned/chronos_bolt/univariate/SG_PM25/H/long/run_0/metrics_summary.json
    Metrics summary (averaged over all series/windows/variates):
      MSE: 48.7343
      MAE: 5.0122
      RMSE: 6.5834
      MAPE: 0.5182
      sMAPE: 0.4234
      MASE: 0.9525
      ND: 0.4078
      CRPS: 0.3238
  Output: /fslarge/scratch/users/h61084/codes/fine_time/outputs/task_finetuning/tasks/task_finetuned/chronos_bolt/univariate/SG_PM25/H/long/run_0

============================================================
All experiments completed!
Results saved to: /scratch/users/h61084/codes/fine_time/outputs/task_finetuning/tasks/task_finetuned
============================================================
[56/90] evaluate chronos_bolt frozen on SG_PM25/H/medium
Loading configuration...

============================================================
Dataset: SG_PM25/H
Model: amazon/chronos-bolt-base
Terms: ['medium']
Instance normalization: none
============================================================
Loading Chronos-Bolt model: amazon/chronos-bolt-base from /fslarge/scratch/users/h61084/weights/chronos-bolt-base...
[2026-09-29 11:00:11 UTC] resources selected_device {"device": "cuda", "model": "chronos_bolt", "stage": "forecast"}

--- Term: medium ---
  Config: prediction_length=72, test_length=2208, val_length=2160
  Dataset info:
    - Frequency: H
    - Num series: 1
    - Target dim: 5
    - Target mode: univariate
    - Series length: min=38688, max=38688, avg=38688.0
    - Test split: 2208 steps
    - Prediction length: 72
    - Windows: 30
TIME run allocation action=new run=/fslarge/scratch/users/h61084/codes/fine_time/outputs/task_finetuning/tasks/inference/chronos_bolt/univariate/SG_PM25/H/medium/run_0 launch_id=selena_fine_time_20260929T092621Z_11326 slurm_job_id=3607388 launched_at=2026-09-29T11:00:11.455962+00:00
  Preparing input batches from Test split data...
    Total instances to forecast: 150
  Running predictions (Batch size: 32)...
TIME run allocation action=new run=/fslarge/scratch/users/h61084/codes/fine_time/outputs/task_finetuning/tasks/frozen/chronos_bolt/univariate/SG_PM25/H/medium/run_0 launch_id=selena_fine_time_20260929T092621Z_11326 slurm_job_id=3607388 launched_at=2026-09-29T11:00:12.902098+00:00
    Total instances: 150, Series during experiment: 5, Windows: 30
    Collecting ground truth and context...
    Detected to_univariate case: 5 flat series -> 1 series x 5 variates
    Organizing data into arrays...
    Saved predictions (quantiles) to /fslarge/scratch/users/h61084/codes/fine_time/outputs/task_finetuning/tasks/frozen/chronos_bolt/univariate/SG_PM25/H/medium/run_0/predictions.npz
    Computing per-window metrics...
    Saved metrics to /fslarge/scratch/users/h61084/codes/fine_time/outputs/task_finetuning/tasks/frozen/chronos_bolt/univariate/SG_PM25/H/medium/run_0/metrics.npz
    Saved aggregate metrics to /fslarge/scratch/users/h61084/codes/fine_time/outputs/task_finetuning/tasks/frozen/chronos_bolt/univariate/SG_PM25/H/medium/run_0/metrics_summary.json
    Metrics summary (averaged over all series/windows/variates):
      MSE: 51.6239
      MAE: 5.1286
      RMSE: 6.5366
      MAPE: 0.5289
      sMAPE: 0.4297
      MASE: 0.9730
      ND: 0.4202
      CRPS: 0.3290
  Output: /fslarge/scratch/users/h61084/codes/fine_time/outputs/task_finetuning/tasks/frozen/chronos_bolt/univariate/SG_PM25/H/medium/run_0

============================================================
All experiments completed!
Results saved to: /scratch/users/h61084/codes/fine_time/outputs/task_finetuning/tasks/frozen
============================================================
[56/90] evaluate chronos_bolt task_finetuned on SG_PM25/H/medium
Loading configuration...

============================================================
Dataset: SG_PM25/H
Model: amazon/chronos-bolt-base
Terms: ['medium']
Instance normalization: none
============================================================
Loading Chronos-Bolt model: amazon/chronos-bolt-base from /fslarge/scratch/users/h61084/codes/fine_time/outputs/task_finetuning/checkpoints/chronos_bolt/SG_PM25/H/medium/run_0/finetuned-ckpt...
[2026-09-29 11:00:13 UTC] resources selected_device {"device": "cuda", "model": "chronos_bolt", "stage": "forecast"}

--- Term: medium ---
  Config: prediction_length=72, test_length=2208, val_length=2160
  Dataset info:
    - Frequency: H
    - Num series: 1
    - Target dim: 5
    - Target mode: univariate
    - Series length: min=38688, max=38688, avg=38688.0
    - Test split: 2208 steps
    - Prediction length: 72
    - Windows: 30
TIME run allocation action=new run=/fslarge/scratch/users/h61084/codes/fine_time/outputs/task_finetuning/tasks/inference/chronos_bolt/univariate/SG_PM25/H/medium/run_1 launch_id=selena_fine_time_20260929T092621Z_11326 slurm_job_id=3607388 launched_at=2026-09-29T11:00:14.918964+00:00
  Preparing input batches from Test split data...
    Total instances to forecast: 150
  Running predictions (Batch size: 32)...
TIME run allocation action=new run=/fslarge/scratch/users/h61084/codes/fine_time/outputs/task_finetuning/tasks/task_finetuned/chronos_bolt/univariate/SG_PM25/H/medium/run_0 launch_id=selena_fine_time_20260929T092621Z_11326 slurm_job_id=3607388 launched_at=2026-09-29T11:00:16.353827+00:00
    Total instances: 150, Series during experiment: 5, Windows: 30
    Collecting ground truth and context...
    Detected to_univariate case: 5 flat series -> 1 series x 5 variates
    Organizing data into arrays...
    Saved predictions (quantiles) to /fslarge/scratch/users/h61084/codes/fine_time/outputs/task_finetuning/tasks/task_finetuned/chronos_bolt/univariate/SG_PM25/H/medium/run_0/predictions.npz
    Computing per-window metrics...
    Saved metrics to /fslarge/scratch/users/h61084/codes/fine_time/outputs/task_finetuning/tasks/task_finetuned/chronos_bolt/univariate/SG_PM25/H/medium/run_0/metrics.npz
    Saved aggregate metrics to /fslarge/scratch/users/h61084/codes/fine_time/outputs/task_finetuning/tasks/task_finetuned/chronos_bolt/univariate/SG_PM25/H/medium/run_0/metrics_summary.json
    Metrics summary (averaged over all series/windows/variates):
      MSE: 46.3966
      MAE: 4.8665
      RMSE: 6.2165
      MAPE: 0.5069
      sMAPE: 0.4125
      MASE: 0.9247
      ND: 0.3971
      CRPS: 0.3110
  Output: /fslarge/scratch/users/h61084/codes/fine_time/outputs/task_finetuning/tasks/task_finetuned/chronos_bolt/univariate/SG_PM25/H/medium/run_0

============================================================
All experiments completed!
Results saved to: /scratch/users/h61084/codes/fine_time/outputs/task_finetuning/tasks/task_finetuned
============================================================
[57/90] evaluate chronos_bolt frozen on SG_PM25/H/short
Loading configuration...

============================================================
Dataset: SG_PM25/H
Model: amazon/chronos-bolt-base
Terms: ['short']
Instance normalization: none
============================================================
Loading Chronos-Bolt model: amazon/chronos-bolt-base from /fslarge/scratch/users/h61084/weights/chronos-bolt-base...
[2026-09-29 11:00:16 UTC] resources selected_device {"device": "cuda", "model": "chronos_bolt", "stage": "forecast"}

--- Term: short ---
  Config: prediction_length=24, test_length=2208, val_length=2160
  Dataset info:
    - Frequency: H
    - Num series: 1
    - Target dim: 5
    - Target mode: univariate
    - Series length: min=38688, max=38688, avg=38688.0
    - Test split: 2208 steps
    - Prediction length: 24
    - Windows: 92
TIME run allocation action=new run=/fslarge/scratch/users/h61084/codes/fine_time/outputs/task_finetuning/tasks/inference/chronos_bolt/univariate/SG_PM25/H/short/run_0 launch_id=selena_fine_time_20260929T092621Z_11326 slurm_job_id=3607388 launched_at=2026-09-29T11:00:16.862223+00:00
  Preparing input batches from Test split data...
    Total instances to forecast: 460
  Running predictions (Batch size: 32)...
    Processed 320/460...
TIME run allocation action=new run=/fslarge/scratch/users/h61084/codes/fine_time/outputs/task_finetuning/tasks/frozen/chronos_bolt/univariate/SG_PM25/H/short/run_0 launch_id=selena_fine_time_20260929T092621Z_11326 slurm_job_id=3607388 launched_at=2026-09-29T11:00:17.416732+00:00
    Total instances: 460, Series during experiment: 5, Windows: 92
    Collecting ground truth and context...
    Detected to_univariate case: 5 flat series -> 1 series x 5 variates
    Organizing data into arrays...
    Saved predictions (quantiles) to /fslarge/scratch/users/h61084/codes/fine_time/outputs/task_finetuning/tasks/frozen/chronos_bolt/univariate/SG_PM25/H/short/run_0/predictions.npz
    Computing per-window metrics...
    Saved metrics to /fslarge/scratch/users/h61084/codes/fine_time/outputs/task_finetuning/tasks/frozen/chronos_bolt/univariate/SG_PM25/H/short/run_0/metrics.npz
    Saved aggregate metrics to /fslarge/scratch/users/h61084/codes/fine_time/outputs/task_finetuning/tasks/frozen/chronos_bolt/univariate/SG_PM25/H/short/run_0/metrics_summary.json
    Metrics summary (averaged over all series/windows/variates):
      MSE: 44.0598
      MAE: 4.7375
      RMSE: 5.8469
      MAPE: 0.5007
      sMAPE: 0.4009
      MASE: 0.9001
      ND: 0.4028
      CRPS: 0.3149
  Output: /fslarge/scratch/users/h61084/codes/fine_time/outputs/task_finetuning/tasks/frozen/chronos_bolt/univariate/SG_PM25/H/short/run_0

============================================================
All experiments completed!
Results saved to: /scratch/users/h61084/codes/fine_time/outputs/task_finetuning/tasks/frozen
============================================================
[57/90] evaluate chronos_bolt task_finetuned on SG_PM25/H/short
Loading configuration...

============================================================
Dataset: SG_PM25/H
Model: amazon/chronos-bolt-base
Terms: ['short']
Instance normalization: none
============================================================
Loading Chronos-Bolt model: amazon/chronos-bolt-base from /fslarge/scratch/users/h61084/codes/fine_time/outputs/task_finetuning/checkpoints/chronos_bolt/SG_PM25/H/short/run_0/finetuned-ckpt...
[2026-09-29 11:00:17 UTC] resources selected_device {"device": "cuda", "model": "chronos_bolt", "stage": "forecast"}

--- Term: short ---
  Config: prediction_length=24, test_length=2208, val_length=2160
  Dataset info:
    - Frequency: H
    - Num series: 1
    - Target dim: 5
    - Target mode: univariate
    - Series length: min=38688, max=38688, avg=38688.0
    - Test split: 2208 steps
    - Prediction length: 24
    - Windows: 92
TIME run allocation action=new run=/fslarge/scratch/users/h61084/codes/fine_time/outputs/task_finetuning/tasks/inference/chronos_bolt/univariate/SG_PM25/H/short/run_1 launch_id=selena_fine_time_20260929T092621Z_11326 slurm_job_id=3607388 launched_at=2026-09-29T11:00:19.488582+00:00
  Preparing input batches from Test split data...
    Total instances to forecast: 460
  Running predictions (Batch size: 32)...
    Processed 320/460...
TIME run allocation action=new run=/fslarge/scratch/users/h61084/codes/fine_time/outputs/task_finetuning/tasks/task_finetuned/chronos_bolt/univariate/SG_PM25/H/short/run_0 launch_id=selena_fine_time_20260929T092621Z_11326 slurm_job_id=3607388 launched_at=2026-09-29T11:00:20.041695+00:00
    Total instances: 460, Series during experiment: 5, Windows: 92
    Collecting ground truth and context...
    Detected to_univariate case: 5 flat series -> 1 series x 5 variates
    Organizing data into arrays...
    Saved predictions (quantiles) to /fslarge/scratch/users/h61084/codes/fine_time/outputs/task_finetuning/tasks/task_finetuned/chronos_bolt/univariate/SG_PM25/H/short/run_0/predictions.npz
    Computing per-window metrics...
    Saved metrics to /fslarge/scratch/users/h61084/codes/fine_time/outputs/task_finetuning/tasks/task_finetuned/chronos_bolt/univariate/SG_PM25/H/short/run_0/metrics.npz
    Saved aggregate metrics to /fslarge/scratch/users/h61084/codes/fine_time/outputs/task_finetuning/tasks/task_finetuned/chronos_bolt/univariate/SG_PM25/H/short/run_0/metrics_summary.json
    Metrics summary (averaged over all series/windows/variates):
      MSE: 40.0723
      MAE: 4.5852
      RMSE: 5.6542
      MAPE: 0.4935
      sMAPE: 0.3911
      MASE: 0.8721
      ND: 0.3886
      CRPS: 0.3022
  Output: /fslarge/scratch/users/h61084/codes/fine_time/outputs/task_finetuning/tasks/task_finetuned/chronos_bolt/univariate/SG_PM25/H/short/run_0

============================================================
All experiments completed!
Results saved to: /scratch/users/h61084/codes/fine_time/outputs/task_finetuning/tasks/task_finetuned
============================================================
[58/90] evaluate chronos_bolt frozen on SG_Weather/D/long
Loading configuration...

============================================================
Dataset: SG_Weather/D
Model: amazon/chronos-bolt-base
Terms: ['long']
Instance normalization: none
============================================================
Loading Chronos-Bolt model: amazon/chronos-bolt-base from /fslarge/scratch/users/h61084/weights/chronos-bolt-base...
[2026-09-29 11:00:20 UTC] resources selected_device {"device": "cuda", "model": "chronos_bolt", "stage": "forecast"}

--- Term: long ---
  Config: prediction_length=14, test_length=366, val_length=366
  Dataset info:
    - Frequency: D
    - Num series: 6
    - Target dim: 4
    - Target mode: univariate
    - Series length: min=2953, max=2953, avg=2953.0
    - Test split: 366 steps
    - Prediction length: 14
    - Windows: 26
TIME run allocation action=new run=/fslarge/scratch/users/h61084/codes/fine_time/outputs/task_finetuning/tasks/inference/chronos_bolt/univariate/SG_Weather/D/long/run_0 launch_id=selena_fine_time_20260929T092621Z_11326 slurm_job_id=3607388 launched_at=2026-09-29T11:00:20.637060+00:00
  Preparing input batches from Test split data...
    Total instances to forecast: 624
  Running predictions (Batch size: 32)...
    Processed 320/624...
    Processed 624/624...
TIME run allocation action=new run=/fslarge/scratch/users/h61084/codes/fine_time/outputs/task_finetuning/tasks/frozen/chronos_bolt/univariate/SG_Weather/D/long/run_0 launch_id=selena_fine_time_20260929T092621Z_11326 slurm_job_id=3607388 launched_at=2026-09-29T11:00:21.381577+00:00
    Total instances: 624, Series during experiment: 24, Windows: 26
    Collecting ground truth and context...
    Detected to_univariate case: 24 flat series -> 6 series x 4 variates
    Organizing data into arrays...
    Saved predictions (quantiles) to /fslarge/scratch/users/h61084/codes/fine_time/outputs/task_finetuning/tasks/frozen/chronos_bolt/univariate/SG_Weather/D/long/run_0/predictions.npz
    Computing per-window metrics...
    Saved metrics to /fslarge/scratch/users/h61084/codes/fine_time/outputs/task_finetuning/tasks/frozen/chronos_bolt/univariate/SG_Weather/D/long/run_0/metrics.npz
    Saved aggregate metrics to /fslarge/scratch/users/h61084/codes/fine_time/outputs/task_finetuning/tasks/frozen/chronos_bolt/univariate/SG_Weather/D/long/run_0/metrics_summary.json
    Metrics summary (averaged over all series/windows/variates):
      MSE: 2282.6128
      MAE: 18.5438
      RMSE: 23.2289
      MAPE: 0.4004
      sMAPE: 0.2365
      MASE: 0.9297
      ND: 0.2298
      CRPS: 0.1799
  Output: /fslarge/scratch/users/h61084/codes/fine_time/outputs/task_finetuning/tasks/frozen/chronos_bolt/univariate/SG_Weather/D/long/run_0

============================================================
All experiments completed!
Results saved to: /scratch/users/h61084/codes/fine_time/outputs/task_finetuning/tasks/frozen
============================================================
[58/90] evaluate chronos_bolt task_finetuned on SG_Weather/D/long
Loading configuration...

============================================================
Dataset: SG_Weather/D
Model: amazon/chronos-bolt-base
Terms: ['long']
Instance normalization: none
============================================================
Loading Chronos-Bolt model: amazon/chronos-bolt-base from /fslarge/scratch/users/h61084/codes/fine_time/outputs/task_finetuning/checkpoints/chronos_bolt/SG_Weather/D/long/run_0/finetuned-ckpt...
[2026-09-29 11:00:21 UTC] resources selected_device {"device": "cuda", "model": "chronos_bolt", "stage": "forecast"}

--- Term: long ---
  Config: prediction_length=14, test_length=366, val_length=366
  Dataset info:
    - Frequency: D
    - Num series: 6
    - Target dim: 4
    - Target mode: univariate
    - Series length: min=2953, max=2953, avg=2953.0
    - Test split: 366 steps
    - Prediction length: 14
    - Windows: 26
TIME run allocation action=new run=/fslarge/scratch/users/h61084/codes/fine_time/outputs/task_finetuning/tasks/inference/chronos_bolt/univariate/SG_Weather/D/long/run_1 launch_id=selena_fine_time_20260929T092621Z_11326 slurm_job_id=3607388 launched_at=2026-09-29T11:00:23.575376+00:00
  Preparing input batches from Test split data...
    Total instances to forecast: 624
  Running predictions (Batch size: 32)...
    Processed 320/624...
    Processed 624/624...
TIME run allocation action=new run=/fslarge/scratch/users/h61084/codes/fine_time/outputs/task_finetuning/tasks/task_finetuned/chronos_bolt/univariate/SG_Weather/D/long/run_0 launch_id=selena_fine_time_20260929T092621Z_11326 slurm_job_id=3607388 launched_at=2026-09-29T11:00:24.312283+00:00
    Total instances: 624, Series during experiment: 24, Windows: 26
    Collecting ground truth and context...
    Detected to_univariate case: 24 flat series -> 6 series x 4 variates
    Organizing data into arrays...
    Saved predictions (quantiles) to /fslarge/scratch/users/h61084/codes/fine_time/outputs/task_finetuning/tasks/task_finetuned/chronos_bolt/univariate/SG_Weather/D/long/run_0/predictions.npz
    Computing per-window metrics...
    Saved metrics to /fslarge/scratch/users/h61084/codes/fine_time/outputs/task_finetuning/tasks/task_finetuned/chronos_bolt/univariate/SG_Weather/D/long/run_0/metrics.npz
    Saved aggregate metrics to /fslarge/scratch/users/h61084/codes/fine_time/outputs/task_finetuning/tasks/task_finetuned/chronos_bolt/univariate/SG_Weather/D/long/run_0/metrics_summary.json
    Metrics summary (averaged over all series/windows/variates):
      MSE: 2355.4969
      MAE: 17.7294
      RMSE: 23.2969
      MAPE: 0.3385
      sMAPE: 0.2311
      MASE: 0.9152
      ND: 0.2177
      CRPS: 0.1718
  Output: /fslarge/scratch/users/h61084/codes/fine_time/outputs/task_finetuning/tasks/task_finetuned/chronos_bolt/univariate/SG_Weather/D/long/run_0

============================================================
All experiments completed!
Results saved to: /scratch/users/h61084/codes/fine_time/outputs/task_finetuning/tasks/task_finetuned
============================================================
[59/90] evaluate chronos_bolt frozen on SG_Weather/D/medium
Loading configuration...

============================================================
Dataset: SG_Weather/D
Model: amazon/chronos-bolt-base
Terms: ['medium']
Instance normalization: none
============================================================
Loading Chronos-Bolt model: amazon/chronos-bolt-base from /fslarge/scratch/users/h61084/weights/chronos-bolt-base...
[2026-09-29 11:00:24 UTC] resources selected_device {"device": "cuda", "model": "chronos_bolt", "stage": "forecast"}

--- Term: medium ---
  Config: prediction_length=7, test_length=366, val_length=366
  Dataset info:
    - Frequency: D
    - Num series: 6
    - Target dim: 4
    - Target mode: univariate
    - Series length: min=2953, max=2953, avg=2953.0
    - Test split: 366 steps
    - Prediction length: 7
    - Windows: 52
TIME run allocation action=new run=/fslarge/scratch/users/h61084/codes/fine_time/outputs/task_finetuning/tasks/inference/chronos_bolt/univariate/SG_Weather/D/medium/run_0 launch_id=selena_fine_time_20260929T092621Z_11326 slurm_job_id=3607388 launched_at=2026-09-29T11:00:24.868871+00:00
  Preparing input batches from Test split data...
    Total instances to forecast: 1248
  Running predictions (Batch size: 32)...
    Processed 320/1248...
    Processed 640/1248...
    Processed 960/1248...
TIME run allocation action=new run=/fslarge/scratch/users/h61084/codes/fine_time/outputs/task_finetuning/tasks/frozen/chronos_bolt/univariate/SG_Weather/D/medium/run_0 launch_id=selena_fine_time_20260929T092621Z_11326 slurm_job_id=3607388 launched_at=2026-09-29T11:00:26.297712+00:00
    Total instances: 1248, Series during experiment: 24, Windows: 52
    Collecting ground truth and context...
    Detected to_univariate case: 24 flat series -> 6 series x 4 variates
    Organizing data into arrays...
    Saved predictions (quantiles) to /fslarge/scratch/users/h61084/codes/fine_time/outputs/task_finetuning/tasks/frozen/chronos_bolt/univariate/SG_Weather/D/medium/run_0/predictions.npz
    Computing per-window metrics...
    Saved metrics to /fslarge/scratch/users/h61084/codes/fine_time/outputs/task_finetuning/tasks/frozen/chronos_bolt/univariate/SG_Weather/D/medium/run_0/metrics.npz
    Saved aggregate metrics to /fslarge/scratch/users/h61084/codes/fine_time/outputs/task_finetuning/tasks/frozen/chronos_bolt/univariate/SG_Weather/D/medium/run_0/metrics_summary.json
    Metrics summary (averaged over all series/windows/variates):
      MSE: 2264.9417
      MAE: 18.3903
      RMSE: 22.3920
      MAPE: 0.3959
      sMAPE: 0.2331
      MASE: 0.9120
      ND: 0.2322
      CRPS: 0.1819
  Output: /fslarge/scratch/users/h61084/codes/fine_time/outputs/task_finetuning/tasks/frozen/chronos_bolt/univariate/SG_Weather/D/medium/run_0

============================================================
All experiments completed!
Results saved to: /scratch/users/h61084/codes/fine_time/outputs/task_finetuning/tasks/frozen
============================================================
[59/90] evaluate chronos_bolt task_finetuned on SG_Weather/D/medium
Loading configuration...

============================================================
Dataset: SG_Weather/D
Model: amazon/chronos-bolt-base
Terms: ['medium']
Instance normalization: none
============================================================
Loading Chronos-Bolt model: amazon/chronos-bolt-base from /fslarge/scratch/users/h61084/codes/fine_time/outputs/task_finetuning/checkpoints/chronos_bolt/SG_Weather/D/medium/run_0/finetuned-ckpt...
[2026-09-29 11:00:26 UTC] resources selected_device {"device": "cuda", "model": "chronos_bolt", "stage": "forecast"}

--- Term: medium ---
  Config: prediction_length=7, test_length=366, val_length=366
  Dataset info:
    - Frequency: D
    - Num series: 6
    - Target dim: 4
    - Target mode: univariate
    - Series length: min=2953, max=2953, avg=2953.0
    - Test split: 366 steps
    - Prediction length: 7
    - Windows: 52
TIME run allocation action=new run=/fslarge/scratch/users/h61084/codes/fine_time/outputs/task_finetuning/tasks/inference/chronos_bolt/univariate/SG_Weather/D/medium/run_1 launch_id=selena_fine_time_20260929T092621Z_11326 slurm_job_id=3607388 launched_at=2026-09-29T11:00:28.254431+00:00
  Preparing input batches from Test split data...
    Total instances to forecast: 1248
  Running predictions (Batch size: 32)...
    Processed 320/1248...
    Processed 640/1248...
    Processed 960/1248...
TIME run allocation action=new run=/fslarge/scratch/users/h61084/codes/fine_time/outputs/task_finetuning/tasks/task_finetuned/chronos_bolt/univariate/SG_Weather/D/medium/run_0 launch_id=selena_fine_time_20260929T092621Z_11326 slurm_job_id=3607388 launched_at=2026-09-29T11:00:29.682086+00:00
    Total instances: 1248, Series during experiment: 24, Windows: 52
    Collecting ground truth and context...
    Detected to_univariate case: 24 flat series -> 6 series x 4 variates
    Organizing data into arrays...
    Saved predictions (quantiles) to /fslarge/scratch/users/h61084/codes/fine_time/outputs/task_finetuning/tasks/task_finetuned/chronos_bolt/univariate/SG_Weather/D/medium/run_0/predictions.npz
    Computing per-window metrics...
    Saved metrics to /fslarge/scratch/users/h61084/codes/fine_time/outputs/task_finetuning/tasks/task_finetuned/chronos_bolt/univariate/SG_Weather/D/medium/run_0/metrics.npz
    Saved aggregate metrics to /fslarge/scratch/users/h61084/codes/fine_time/outputs/task_finetuning/tasks/task_finetuned/chronos_bolt/univariate/SG_Weather/D/medium/run_0/metrics_summary.json
    Metrics summary (averaged over all series/windows/variates):
      MSE: 2312.3494
      MAE: 17.8322
      RMSE: 22.3336
      MAPE: 0.3499
      sMAPE: 0.2295
      MASE: 0.9008
      ND: 0.2214
      CRPS: 0.1741
  Output: /fslarge/scratch/users/h61084/codes/fine_time/outputs/task_finetuning/tasks/task_finetuned/chronos_bolt/univariate/SG_Weather/D/medium/run_0

============================================================
All experiments completed!
Results saved to: /scratch/users/h61084/codes/fine_time/outputs/task_finetuning/tasks/task_finetuned
============================================================
[60/90] evaluate chronos_bolt frozen on SG_Weather/D/short
Loading configuration...

============================================================
Dataset: SG_Weather/D
Model: amazon/chronos-bolt-base
Terms: ['short']
Instance normalization: none
============================================================
Loading Chronos-Bolt model: amazon/chronos-bolt-base from /fslarge/scratch/users/h61084/weights/chronos-bolt-base...
[2026-09-29 11:00:30 UTC] resources selected_device {"device": "cuda", "model": "chronos_bolt", "stage": "forecast"}

--- Term: short ---
  Config: prediction_length=3, test_length=366, val_length=366
  Dataset info:
    - Frequency: D
    - Num series: 6
    - Target dim: 4
    - Target mode: univariate
    - Series length: min=2953, max=2953, avg=2953.0
    - Test split: 366 steps
    - Prediction length: 3
    - Windows: 122
TIME run allocation action=new run=/fslarge/scratch/users/h61084/codes/fine_time/outputs/task_finetuning/tasks/inference/chronos_bolt/univariate/SG_Weather/D/short/run_0 launch_id=selena_fine_time_20260929T092621Z_11326 slurm_job_id=3607388 launched_at=2026-09-29T11:00:30.379667+00:00
  Preparing input batches from Test split data...
    Total instances to forecast: 2928
  Running predictions (Batch size: 32)...
    Processed 320/2928...
    Processed 640/2928...
    Processed 960/2928...
    Processed 1280/2928...
    Processed 1600/2928...
    Processed 1920/2928...
    Processed 2240/2928...
    Processed 2560/2928...
    Processed 2880/2928...
TIME run allocation action=new run=/fslarge/scratch/users/h61084/codes/fine_time/outputs/task_finetuning/tasks/frozen/chronos_bolt/univariate/SG_Weather/D/short/run_0 launch_id=selena_fine_time_20260929T092621Z_11326 slurm_job_id=3607388 launched_at=2026-09-29T11:00:33.699893+00:00
    Total instances: 2928, Series during experiment: 24, Windows: 122
    Collecting ground truth and context...
    Detected to_univariate case: 24 flat series -> 6 series x 4 variates
    Organizing data into arrays...
    Saved predictions (quantiles) to /fslarge/scratch/users/h61084/codes/fine_time/outputs/task_finetuning/tasks/frozen/chronos_bolt/univariate/SG_Weather/D/short/run_0/predictions.npz
    Computing per-window metrics...
    Saved metrics to /fslarge/scratch/users/h61084/codes/fine_time/outputs/task_finetuning/tasks/frozen/chronos_bolt/univariate/SG_Weather/D/short/run_0/metrics.npz
    Saved aggregate metrics to /fslarge/scratch/users/h61084/codes/fine_time/outputs/task_finetuning/tasks/frozen/chronos_bolt/univariate/SG_Weather/D/short/run_0/metrics_summary.json
    Metrics summary (averaged over all series/windows/variates):
      MSE: 2187.5583
      MAE: 17.8336
      RMSE: 20.5050
      MAPE: 0.3912
      sMAPE: 0.2273
      MASE: 0.8705
      ND: 0.2521
      CRPS: 0.1974
  Output: /fslarge/scratch/users/h61084/codes/fine_time/outputs/task_finetuning/tasks/frozen/chronos_bolt/univariate/SG_Weather/D/short/run_0

============================================================
All experiments completed!
Results saved to: /scratch/users/h61084/codes/fine_time/outputs/task_finetuning/tasks/frozen
============================================================
[60/90] evaluate chronos_bolt task_finetuned on SG_Weather/D/short
Loading configuration...

============================================================
Dataset: SG_Weather/D
Model: amazon/chronos-bolt-base
Terms: ['short']
Instance normalization: none
============================================================
Loading Chronos-Bolt model: amazon/chronos-bolt-base from /fslarge/scratch/users/h61084/codes/fine_time/outputs/task_finetuning/checkpoints/chronos_bolt/SG_Weather/D/short/run_0/finetuned-ckpt...
[2026-09-29 11:00:34 UTC] resources selected_device {"device": "cuda", "model": "chronos_bolt", "stage": "forecast"}

--- Term: short ---
  Config: prediction_length=3, test_length=366, val_length=366
  Dataset info:
    - Frequency: D
    - Num series: 6
    - Target dim: 4
    - Target mode: univariate
    - Series length: min=2953, max=2953, avg=2953.0
    - Test split: 366 steps
    - Prediction length: 3
    - Windows: 122
TIME run allocation action=new run=/fslarge/scratch/users/h61084/codes/fine_time/outputs/task_finetuning/tasks/inference/chronos_bolt/univariate/SG_Weather/D/short/run_1 launch_id=selena_fine_time_20260929T092621Z_11326 slurm_job_id=3607388 launched_at=2026-09-29T11:00:36.437023+00:00
  Preparing input batches from Test split data...
    Total instances to forecast: 2928
  Running predictions (Batch size: 32)...
    Processed 320/2928...
    Processed 640/2928...
    Processed 960/2928...
    Processed 1280/2928...
    Processed 1600/2928...
    Processed 1920/2928...
    Processed 2240/2928...
    Processed 2560/2928...
    Processed 2880/2928...
TIME run allocation action=new run=/fslarge/scratch/users/h61084/codes/fine_time/outputs/task_finetuning/tasks/task_finetuned/chronos_bolt/univariate/SG_Weather/D/short/run_0 launch_id=selena_fine_time_20260929T092621Z_11326 slurm_job_id=3607388 launched_at=2026-09-29T11:00:39.758892+00:00
    Total instances: 2928, Series during experiment: 24, Windows: 122
    Collecting ground truth and context...
    Detected to_univariate case: 24 flat series -> 6 series x 4 variates
    Organizing data into arrays...
    Saved predictions (quantiles) to /fslarge/scratch/users/h61084/codes/fine_time/outputs/task_finetuning/tasks/task_finetuned/chronos_bolt/univariate/SG_Weather/D/short/run_0/predictions.npz
    Computing per-window metrics...
    Saved metrics to /fslarge/scratch/users/h61084/codes/fine_time/outputs/task_finetuning/tasks/task_finetuned/chronos_bolt/univariate/SG_Weather/D/short/run_0/metrics.npz
    Saved aggregate metrics to /fslarge/scratch/users/h61084/codes/fine_time/outputs/task_finetuning/tasks/task_finetuned/chronos_bolt/univariate/SG_Weather/D/short/run_0/metrics_summary.json
    Metrics summary (averaged over all series/windows/variates):
      MSE: 2250.2945
      MAE: 17.5127
      RMSE: 20.3978
      MAPE: 0.3593
      sMAPE: 0.2248
      MASE: 0.8642
      ND: 0.2371
      CRPS: 0.1874
  Output: /fslarge/scratch/users/h61084/codes/fine_time/outputs/task_finetuning/tasks/task_finetuned/chronos_bolt/univariate/SG_Weather/D/short/run_0

============================================================
All experiments completed!
Results saved to: /scratch/users/h61084/codes/fine_time/outputs/task_finetuning/tasks/task_finetuned
============================================================
[61/90] evaluate chronos_bolt frozen on Smart_Manufacturing/H/long
Loading configuration...

============================================================
Dataset: Smart_Manufacturing/H
Model: amazon/chronos-bolt-base
Terms: ['long']
Instance normalization: none
============================================================
Loading Chronos-Bolt model: amazon/chronos-bolt-base from /fslarge/scratch/users/h61084/weights/chronos-bolt-base...
[2026-09-29 11:00:40 UTC] resources selected_device {"device": "cuda", "model": "chronos_bolt", "stage": "forecast"}

--- Term: long ---
  Config: prediction_length=336, test_length=336, val_length=336
  Dataset info:
    - Frequency: H
    - Num series: 34
    - Target dim: 5
    - Target mode: univariate
    - Series length: min=1661, max=1667, avg=1665.9
    - Test split: 336 steps
    - Prediction length: 336
    - Windows: 1
TIME run allocation action=new run=/fslarge/scratch/users/h61084/codes/fine_time/outputs/task_finetuning/tasks/inference/chronos_bolt/univariate/Smart_Manufacturing/H/long/run_0 launch_id=selena_fine_time_20260929T092621Z_11326 slurm_job_id=3607388 launched_at=2026-09-29T11:00:40.859607+00:00
  Preparing input batches from Test split data...
    Total instances to forecast: 170
  Running predictions (Batch size: 32)...
TIME run allocation action=new run=/fslarge/scratch/users/h61084/codes/fine_time/outputs/task_finetuning/tasks/frozen/chronos_bolt/univariate/Smart_Manufacturing/H/long/run_0 launch_id=selena_fine_time_20260929T092621Z_11326 slurm_job_id=3607388 launched_at=2026-09-29T11:00:46.359007+00:00
    Total instances: 170, Series during experiment: 170, Windows: 1
    Collecting ground truth and context...
    Detected to_univariate case: 170 flat series -> 34 series x 5 variates
    Organizing data into arrays...
    Saved predictions (quantiles) to /fslarge/scratch/users/h61084/codes/fine_time/outputs/task_finetuning/tasks/frozen/chronos_bolt/univariate/Smart_Manufacturing/H/long/run_0/predictions.npz
    Computing per-window metrics...
    Saved metrics to /fslarge/scratch/users/h61084/codes/fine_time/outputs/task_finetuning/tasks/frozen/chronos_bolt/univariate/Smart_Manufacturing/H/long/run_0/metrics.npz
    Saved aggregate metrics to /fslarge/scratch/users/h61084/codes/fine_time/outputs/task_finetuning/tasks/frozen/chronos_bolt/univariate/Smart_Manufacturing/H/long/run_0/metrics_summary.json
    Metrics summary (averaged over all series/windows/variates):
      MSE: 78.7499
      MAE: 5.7349
      RMSE: 7.1749
      MAPE: 0.3493
      sMAPE: 0.2259
      MASE: 0.7137
      ND: 0.2162
      CRPS: 0.1739
  Output: /fslarge/scratch/users/h61084/codes/fine_time/outputs/task_finetuning/tasks/frozen/chronos_bolt/univariate/Smart_Manufacturing/H/long/run_0

============================================================
All experiments completed!
Results saved to: /scratch/users/h61084/codes/fine_time/outputs/task_finetuning/tasks/frozen
============================================================
[61/90] evaluate chronos_bolt task_finetuned on Smart_Manufacturing/H/long
Loading configuration...

============================================================
Dataset: Smart_Manufacturing/H
Model: amazon/chronos-bolt-base
Terms: ['long']
Instance normalization: none
============================================================
Loading Chronos-Bolt model: amazon/chronos-bolt-base from /fslarge/scratch/users/h61084/codes/fine_time/outputs/task_finetuning/checkpoints/chronos_bolt/Smart_Manufacturing/H/long/run_0/finetuned-ckpt...
[2026-09-29 11:00:46 UTC] resources selected_device {"device": "cuda", "model": "chronos_bolt", "stage": "forecast"}

--- Term: long ---
  Config: prediction_length=336, test_length=336, val_length=336
  Dataset info:
    - Frequency: H
    - Num series: 34
    - Target dim: 5
    - Target mode: univariate
    - Series length: min=1661, max=1667, avg=1665.9
    - Test split: 336 steps
    - Prediction length: 336
    - Windows: 1
TIME run allocation action=new run=/fslarge/scratch/users/h61084/codes/fine_time/outputs/task_finetuning/tasks/inference/chronos_bolt/univariate/Smart_Manufacturing/H/long/run_1 launch_id=selena_fine_time_20260929T092621Z_11326 slurm_job_id=3607388 launched_at=2026-09-29T11:00:47.994797+00:00
  Preparing input batches from Test split data...
    Total instances to forecast: 170
  Running predictions (Batch size: 32)...
TIME run allocation action=new run=/fslarge/scratch/users/h61084/codes/fine_time/outputs/task_finetuning/tasks/task_finetuned/chronos_bolt/univariate/Smart_Manufacturing/H/long/run_0 launch_id=selena_fine_time_20260929T092621Z_11326 slurm_job_id=3607388 launched_at=2026-09-29T11:00:53.494261+00:00
    Total instances: 170, Series during experiment: 170, Windows: 1
    Collecting ground truth and context...
    Detected to_univariate case: 170 flat series -> 34 series x 5 variates
    Organizing data into arrays...
    Saved predictions (quantiles) to /fslarge/scratch/users/h61084/codes/fine_time/outputs/task_finetuning/tasks/task_finetuned/chronos_bolt/univariate/Smart_Manufacturing/H/long/run_0/predictions.npz
    Computing per-window metrics...
    Saved metrics to /fslarge/scratch/users/h61084/codes/fine_time/outputs/task_finetuning/tasks/task_finetuned/chronos_bolt/univariate/Smart_Manufacturing/H/long/run_0/metrics.npz
    Saved aggregate metrics to /fslarge/scratch/users/h61084/codes/fine_time/outputs/task_finetuning/tasks/task_finetuned/chronos_bolt/univariate/Smart_Manufacturing/H/long/run_0/metrics_summary.json
    Metrics summary (averaged over all series/windows/variates):
      MSE: 78.9805
      MAE: 5.7433
      RMSE: 7.1836
      MAPE: 0.3365
      sMAPE: 0.2261
      MASE: 0.7134
      ND: 0.2158
      CRPS: 0.1773
  Output: /fslarge/scratch/users/h61084/codes/fine_time/outputs/task_finetuning/tasks/task_finetuned/chronos_bolt/univariate/Smart_Manufacturing/H/long/run_0

============================================================
All experiments completed!
Results saved to: /scratch/users/h61084/codes/fine_time/outputs/task_finetuning/tasks/task_finetuned
============================================================
[62/90] evaluate chronos_bolt frozen on Smart_Manufacturing/H/medium
Loading configuration...

============================================================
Dataset: Smart_Manufacturing/H
Model: amazon/chronos-bolt-base
Terms: ['medium']
Instance normalization: none
============================================================
Loading Chronos-Bolt model: amazon/chronos-bolt-base from /fslarge/scratch/users/h61084/weights/chronos-bolt-base...
[2026-09-29 11:00:53 UTC] resources selected_device {"device": "cuda", "model": "chronos_bolt", "stage": "forecast"}

--- Term: medium ---
  Config: prediction_length=168, test_length=336, val_length=336
  Dataset info:
    - Frequency: H
    - Num series: 34
    - Target dim: 5
    - Target mode: univariate
    - Series length: min=1661, max=1667, avg=1665.9
    - Test split: 336 steps
    - Prediction length: 168
    - Windows: 2
TIME run allocation action=new run=/fslarge/scratch/users/h61084/codes/fine_time/outputs/task_finetuning/tasks/inference/chronos_bolt/univariate/Smart_Manufacturing/H/medium/run_0 launch_id=selena_fine_time_20260929T092621Z_11326 slurm_job_id=3607388 launched_at=2026-09-29T11:00:53.989122+00:00
  Preparing input batches from Test split data...
    Total instances to forecast: 340
  Running predictions (Batch size: 32)...
    Processed 320/340...
TIME run allocation action=new run=/fslarge/scratch/users/h61084/codes/fine_time/outputs/task_finetuning/tasks/frozen/chronos_bolt/univariate/Smart_Manufacturing/H/medium/run_0 launch_id=selena_fine_time_20260929T092621Z_11326 slurm_job_id=3607388 launched_at=2026-09-29T11:00:58.857415+00:00
    Total instances: 340, Series during experiment: 170, Windows: 2
    Collecting ground truth and context...
    Detected to_univariate case: 170 flat series -> 34 series x 5 variates
    Organizing data into arrays...
    Saved predictions (quantiles) to /fslarge/scratch/users/h61084/codes/fine_time/outputs/task_finetuning/tasks/frozen/chronos_bolt/univariate/Smart_Manufacturing/H/medium/run_0/predictions.npz
    Computing per-window metrics...
    Saved metrics to /fslarge/scratch/users/h61084/codes/fine_time/outputs/task_finetuning/tasks/frozen/chronos_bolt/univariate/Smart_Manufacturing/H/medium/run_0/metrics.npz
    Saved aggregate metrics to /fslarge/scratch/users/h61084/codes/fine_time/outputs/task_finetuning/tasks/frozen/chronos_bolt/univariate/Smart_Manufacturing/H/medium/run_0/metrics_summary.json
    Metrics summary (averaged over all series/windows/variates):
      MSE: 78.6815
      MAE: 5.7346
      RMSE: 7.1633
      MAPE: 0.3461
      sMAPE: 0.2259
      MASE: 0.7140
      ND: 0.2162
      CRPS: 0.1686
  Output: /fslarge/scratch/users/h61084/codes/fine_time/outputs/task_finetuning/tasks/frozen/chronos_bolt/univariate/Smart_Manufacturing/H/medium/run_0

============================================================
All experiments completed!
Results saved to: /scratch/users/h61084/codes/fine_time/outputs/task_finetuning/tasks/frozen
============================================================
[62/90] evaluate chronos_bolt task_finetuned on Smart_Manufacturing/H/medium
Loading configuration...

============================================================
Dataset: Smart_Manufacturing/H
Model: amazon/chronos-bolt-base
Terms: ['medium']
Instance normalization: none
============================================================
Loading Chronos-Bolt model: amazon/chronos-bolt-base from /fslarge/scratch/users/h61084/codes/fine_time/outputs/task_finetuning/checkpoints/chronos_bolt/Smart_Manufacturing/H/medium/run_0/finetuned-ckpt...
[2026-09-29 11:00:59 UTC] resources selected_device {"device": "cuda", "model": "chronos_bolt", "stage": "forecast"}

--- Term: medium ---
  Config: prediction_length=168, test_length=336, val_length=336
  Dataset info:
    - Frequency: H
    - Num series: 34
    - Target dim: 5
    - Target mode: univariate
    - Series length: min=1661, max=1667, avg=1665.9
    - Test split: 336 steps
    - Prediction length: 168
    - Windows: 2
TIME run allocation action=new run=/fslarge/scratch/users/h61084/codes/fine_time/outputs/task_finetuning/tasks/inference/chronos_bolt/univariate/Smart_Manufacturing/H/medium/run_1 launch_id=selena_fine_time_20260929T092621Z_11326 slurm_job_id=3607388 launched_at=2026-09-29T11:01:00.667829+00:00
  Preparing input batches from Test split data...
    Total instances to forecast: 340
  Running predictions (Batch size: 32)...
    Processed 320/340...
TIME run allocation action=new run=/fslarge/scratch/users/h61084/codes/fine_time/outputs/task_finetuning/tasks/task_finetuned/chronos_bolt/univariate/Smart_Manufacturing/H/medium/run_0 launch_id=selena_fine_time_20260929T092621Z_11326 slurm_job_id=3607388 launched_at=2026-09-29T11:01:05.535285+00:00
    Total instances: 340, Series during experiment: 170, Windows: 2
    Collecting ground truth and context...
    Detected to_univariate case: 170 flat series -> 34 series x 5 variates
    Organizing data into arrays...
    Saved predictions (quantiles) to /fslarge/scratch/users/h61084/codes/fine_time/outputs/task_finetuning/tasks/task_finetuned/chronos_bolt/univariate/Smart_Manufacturing/H/medium/run_0/predictions.npz
    Computing per-window metrics...
    Saved metrics to /fslarge/scratch/users/h61084/codes/fine_time/outputs/task_finetuning/tasks/task_finetuned/chronos_bolt/univariate/Smart_Manufacturing/H/medium/run_0/metrics.npz
    Saved aggregate metrics to /fslarge/scratch/users/h61084/codes/fine_time/outputs/task_finetuning/tasks/task_finetuned/chronos_bolt/univariate/Smart_Manufacturing/H/medium/run_0/metrics_summary.json
    Metrics summary (averaged over all series/windows/variates):
      MSE: 78.8025
      MAE: 5.7374
      RMSE: 7.1669
      MAPE: 0.3349
      sMAPE: 0.2261
      MASE: 0.7135
      ND: 0.2159
      CRPS: 0.1705
  Output: /fslarge/scratch/users/h61084/codes/fine_time/outputs/task_finetuning/tasks/task_finetuned/chronos_bolt/univariate/Smart_Manufacturing/H/medium/run_0

============================================================
All experiments completed!
Results saved to: /scratch/users/h61084/codes/fine_time/outputs/task_finetuning/tasks/task_finetuned
============================================================
[63/90] evaluate chronos_bolt frozen on Smart_Manufacturing/H/short
Loading configuration...

============================================================
Dataset: Smart_Manufacturing/H
Model: amazon/chronos-bolt-base
Terms: ['short']
Instance normalization: none
============================================================
Loading Chronos-Bolt model: amazon/chronos-bolt-base from /fslarge/scratch/users/h61084/weights/chronos-bolt-base...
[2026-09-29 11:01:05 UTC] resources selected_device {"device": "cuda", "model": "chronos_bolt", "stage": "forecast"}

--- Term: short ---
  Config: prediction_length=24, test_length=336, val_length=336
  Dataset info:
    - Frequency: H
    - Num series: 34
    - Target dim: 5
    - Target mode: univariate
    - Series length: min=1661, max=1667, avg=1665.9
    - Test split: 336 steps
    - Prediction length: 24
    - Windows: 14
TIME run allocation action=new run=/fslarge/scratch/users/h61084/codes/fine_time/outputs/task_finetuning/tasks/inference/chronos_bolt/univariate/Smart_Manufacturing/H/short/run_0 launch_id=selena_fine_time_20260929T092621Z_11326 slurm_job_id=3607388 launched_at=2026-09-29T11:01:06.069559+00:00
  Preparing input batches from Test split data...
    Total instances to forecast: 2380
  Running predictions (Batch size: 32)...
    Processed 320/2380...
    Processed 640/2380...
    Processed 960/2380...
    Processed 1280/2380...
    Processed 1600/2380...
    Processed 1920/2380...
    Processed 2240/2380...
TIME run allocation action=new run=/fslarge/scratch/users/h61084/codes/fine_time/outputs/task_finetuning/tasks/frozen/chronos_bolt/univariate/Smart_Manufacturing/H/short/run_0 launch_id=selena_fine_time_20260929T092621Z_11326 slurm_job_id=3607388 launched_at=2026-09-29T11:01:08.496150+00:00
    Total instances: 2380, Series during experiment: 170, Windows: 14
    Collecting ground truth and context...
    Detected to_univariate case: 170 flat series -> 34 series x 5 variates
    Organizing data into arrays...
    Saved predictions (quantiles) to /fslarge/scratch/users/h61084/codes/fine_time/outputs/task_finetuning/tasks/frozen/chronos_bolt/univariate/Smart_Manufacturing/H/short/run_0/predictions.npz
    Computing per-window metrics...
    Saved metrics to /fslarge/scratch/users/h61084/codes/fine_time/outputs/task_finetuning/tasks/frozen/chronos_bolt/univariate/Smart_Manufacturing/H/short/run_0/metrics.npz
    Saved aggregate metrics to /fslarge/scratch/users/h61084/codes/fine_time/outputs/task_finetuning/tasks/frozen/chronos_bolt/univariate/Smart_Manufacturing/H/short/run_0/metrics_summary.json
    Metrics summary (averaged over all series/windows/variates):
      MSE: 79.1682
      MAE: 5.7509
      RMSE: 7.1013
      MAPE: 0.3446
      sMAPE: 0.2264
      MASE: 0.7167
      ND: 0.2186
      CRPS: 0.1675
  Output: /fslarge/scratch/users/h61084/codes/fine_time/outputs/task_finetuning/tasks/frozen/chronos_bolt/univariate/Smart_Manufacturing/H/short/run_0

============================================================
All experiments completed!
Results saved to: /scratch/users/h61084/codes/fine_time/outputs/task_finetuning/tasks/frozen
============================================================
[63/90] evaluate chronos_bolt task_finetuned on Smart_Manufacturing/H/short
Loading configuration...

============================================================
Dataset: Smart_Manufacturing/H
Model: amazon/chronos-bolt-base
Terms: ['short']
Instance normalization: none
============================================================
Loading Chronos-Bolt model: amazon/chronos-bolt-base from /fslarge/scratch/users/h61084/codes/fine_time/outputs/task_finetuning/checkpoints/chronos_bolt/Smart_Manufacturing/H/short/run_0/finetuned-ckpt...
[2026-09-29 11:01:09 UTC] resources selected_device {"device": "cuda", "model": "chronos_bolt", "stage": "forecast"}

--- Term: short ---
  Config: prediction_length=24, test_length=336, val_length=336
  Dataset info:
    - Frequency: H
    - Num series: 34
    - Target dim: 5
    - Target mode: univariate
    - Series length: min=1661, max=1667, avg=1665.9
    - Test split: 336 steps
    - Prediction length: 24
    - Windows: 14
TIME run allocation action=new run=/fslarge/scratch/users/h61084/codes/fine_time/outputs/task_finetuning/tasks/inference/chronos_bolt/univariate/Smart_Manufacturing/H/short/run_1 launch_id=selena_fine_time_20260929T092621Z_11326 slurm_job_id=3607388 launched_at=2026-09-29T11:01:11.157664+00:00
  Preparing input batches from Test split data...
    Total instances to forecast: 2380
  Running predictions (Batch size: 32)...
    Processed 320/2380...
    Processed 640/2380...
    Processed 960/2380...
    Processed 1280/2380...
    Processed 1600/2380...
    Processed 1920/2380...
    Processed 2240/2380...
TIME run allocation action=new run=/fslarge/scratch/users/h61084/codes/fine_time/outputs/task_finetuning/tasks/task_finetuned/chronos_bolt/univariate/Smart_Manufacturing/H/short/run_0 launch_id=selena_fine_time_20260929T092621Z_11326 slurm_job_id=3607388 launched_at=2026-09-29T11:01:13.583670+00:00
    Total instances: 2380, Series during experiment: 170, Windows: 14
    Collecting ground truth and context...
    Detected to_univariate case: 170 flat series -> 34 series x 5 variates
    Organizing data into arrays...
    Saved predictions (quantiles) to /fslarge/scratch/users/h61084/codes/fine_time/outputs/task_finetuning/tasks/task_finetuned/chronos_bolt/univariate/Smart_Manufacturing/H/short/run_0/predictions.npz
    Computing per-window metrics...
    Saved metrics to /fslarge/scratch/users/h61084/codes/fine_time/outputs/task_finetuning/tasks/task_finetuned/chronos_bolt/univariate/Smart_Manufacturing/H/short/run_0/metrics.npz
    Saved aggregate metrics to /fslarge/scratch/users/h61084/codes/fine_time/outputs/task_finetuning/tasks/task_finetuned/chronos_bolt/univariate/Smart_Manufacturing/H/short/run_0/metrics_summary.json
    Metrics summary (averaged over all series/windows/variates):
      MSE: 78.4609
      MAE: 5.7229
      RMSE: 7.0684
      MAPE: 0.3295
      sMAPE: 0.2255
      MASE: 0.7121
      ND: 0.2165
      CRPS: 0.1664
  Output: /fslarge/scratch/users/h61084/codes/fine_time/outputs/task_finetuning/tasks/task_finetuned/chronos_bolt/univariate/Smart_Manufacturing/H/short/run_0

============================================================
All experiments completed!
Results saved to: /scratch/users/h61084/codes/fine_time/outputs/task_finetuning/tasks/task_finetuned
============================================================
[64/90] evaluate chronos_bolt frozen on Supply_Chain_Customer/D/short
Loading configuration...

============================================================
Dataset: Supply_Chain_Customer/D
Model: amazon/chronos-bolt-base
Terms: ['short']
Instance normalization: none
============================================================
Loading Chronos-Bolt model: amazon/chronos-bolt-base from /fslarge/scratch/users/h61084/weights/chronos-bolt-base...
[2026-09-29 11:01:14 UTC] resources selected_device {"device": "cuda", "model": "chronos_bolt", "stage": "forecast"}

--- Term: short ---
  Config: prediction_length=30, test_length=365, val_length=90
  Dataset info:
    - Frequency: D
    - Num series: 1
    - Target dim: 36
    - Target mode: univariate
    - Series length: min=2007, max=2007, avg=2007.0
    - Test split: 365 steps
    - Prediction length: 30
    - Windows: 12
TIME run allocation action=new run=/fslarge/scratch/users/h61084/codes/fine_time/outputs/task_finetuning/tasks/inference/chronos_bolt/univariate/Supply_Chain_Customer/D/short/run_0 launch_id=selena_fine_time_20260929T092621Z_11326 slurm_job_id=3607388 launched_at=2026-09-29T11:01:14.619855+00:00
  Preparing input batches from Test split data...
    Total instances to forecast: 432
  Running predictions (Batch size: 32)...
    Processed 320/432...
TIME run allocation action=new run=/fslarge/scratch/users/h61084/codes/fine_time/outputs/task_finetuning/tasks/frozen/chronos_bolt/univariate/Supply_Chain_Customer/D/short/run_0 launch_id=selena_fine_time_20260929T092621Z_11326 slurm_job_id=3607388 launched_at=2026-09-29T11:01:15.136396+00:00
    Total instances: 432, Series during experiment: 36, Windows: 12
    Collecting ground truth and context...
    Detected to_univariate case: 36 flat series -> 1 series x 36 variates
    Organizing data into arrays...
    ⚠️  Predictions max value (244396.02) exceeds float16 safe range.
    ⚠️  Applying scale factor: 10 (values will be divided)
    Saved predictions (quantiles) to /fslarge/scratch/users/h61084/codes/fine_time/outputs/task_finetuning/tasks/frozen/chronos_bolt/univariate/Supply_Chain_Customer/D/short/run_0/predictions.npz
    Computing per-window metrics...
    Saved metrics to /fslarge/scratch/users/h61084/codes/fine_time/outputs/task_finetuning/tasks/frozen/chronos_bolt/univariate/Supply_Chain_Customer/D/short/run_0/metrics.npz
    Saved aggregate metrics to /fslarge/scratch/users/h61084/codes/fine_time/outputs/task_finetuning/tasks/frozen/chronos_bolt/univariate/Supply_Chain_Customer/D/short/run_0/metrics_summary.json
    Metrics summary (averaged over all series/windows/variates):
      MSE: 32848612.0971
      MAE: 1710.8665
      RMSE: 2393.5512
      MAPE: 0.4313
      sMAPE: 0.4205
      MASE: 0.6131
      ND: 0.3630
      CRPS: 0.2916
  Output: /fslarge/scratch/users/h61084/codes/fine_time/outputs/task_finetuning/tasks/frozen/chronos_bolt/univariate/Supply_Chain_Customer/D/short/run_0

============================================================
All experiments completed!
Results saved to: /scratch/users/h61084/codes/fine_time/outputs/task_finetuning/tasks/frozen
============================================================
[64/90] evaluate chronos_bolt task_finetuned on Supply_Chain_Customer/D/short
Loading configuration...

============================================================
Dataset: Supply_Chain_Customer/D
Model: amazon/chronos-bolt-base
Terms: ['short']
Instance normalization: none
============================================================
Loading Chronos-Bolt model: amazon/chronos-bolt-base from /fslarge/scratch/users/h61084/codes/fine_time/outputs/task_finetuning/checkpoints/chronos_bolt/Supply_Chain_Customer/D/short/run_0/finetuned-ckpt...
[2026-09-29 11:01:15 UTC] resources selected_device {"device": "cuda", "model": "chronos_bolt", "stage": "forecast"}

--- Term: short ---
  Config: prediction_length=30, test_length=365, val_length=90
  Dataset info:
    - Frequency: D
    - Num series: 1
    - Target dim: 36
    - Target mode: univariate
    - Series length: min=2007, max=2007, avg=2007.0
    - Test split: 365 steps
    - Prediction length: 30
    - Windows: 12
TIME run allocation action=new run=/fslarge/scratch/users/h61084/codes/fine_time/outputs/task_finetuning/tasks/inference/chronos_bolt/univariate/Supply_Chain_Customer/D/short/run_1 launch_id=selena_fine_time_20260929T092621Z_11326 slurm_job_id=3607388 launched_at=2026-09-29T11:01:17.013651+00:00
  Preparing input batches from Test split data...
    Total instances to forecast: 432
  Running predictions (Batch size: 32)...
    Processed 320/432...
TIME run allocation action=new run=/fslarge/scratch/users/h61084/codes/fine_time/outputs/task_finetuning/tasks/task_finetuned/chronos_bolt/univariate/Supply_Chain_Customer/D/short/run_0 launch_id=selena_fine_time_20260929T092621Z_11326 slurm_job_id=3607388 launched_at=2026-09-29T11:01:17.529817+00:00
    Total instances: 432, Series during experiment: 36, Windows: 12
    Collecting ground truth and context...
    Detected to_univariate case: 36 flat series -> 1 series x 36 variates
    Organizing data into arrays...
    ⚠️  Predictions max value (260555.75) exceeds float16 safe range.
    ⚠️  Applying scale factor: 10 (values will be divided)
    Saved predictions (quantiles) to /fslarge/scratch/users/h61084/codes/fine_time/outputs/task_finetuning/tasks/task_finetuned/chronos_bolt/univariate/Supply_Chain_Customer/D/short/run_0/predictions.npz
    Computing per-window metrics...
    Saved metrics to /fslarge/scratch/users/h61084/codes/fine_time/outputs/task_finetuning/tasks/task_finetuned/chronos_bolt/univariate/Supply_Chain_Customer/D/short/run_0/metrics.npz
    Saved aggregate metrics to /fslarge/scratch/users/h61084/codes/fine_time/outputs/task_finetuning/tasks/task_finetuned/chronos_bolt/univariate/Supply_Chain_Customer/D/short/run_0/metrics_summary.json
    Metrics summary (averaged over all series/windows/variates):
      MSE: 28194882.2478
      MAE: 1552.3876
      RMSE: 2186.8995
      MAPE: 0.4141
      sMAPE: 0.3850
      MASE: 0.5569
      ND: 0.3353
      CRPS: 0.2656
  Output: /fslarge/scratch/users/h61084/codes/fine_time/outputs/task_finetuning/tasks/task_finetuned/chronos_bolt/univariate/Supply_Chain_Customer/D/short/run_0

============================================================
All experiments completed!
Results saved to: /scratch/users/h61084/codes/fine_time/outputs/task_finetuning/tasks/task_finetuned
============================================================
[65/90] evaluate chronos_bolt frozen on Supply_Chain_Location/D/short
Loading configuration...

============================================================
Dataset: Supply_Chain_Location/D
Model: amazon/chronos-bolt-base
Terms: ['short']
Instance normalization: none
============================================================
Loading Chronos-Bolt model: amazon/chronos-bolt-base from /fslarge/scratch/users/h61084/weights/chronos-bolt-base...
[2026-09-29 11:01:17 UTC] resources selected_device {"device": "cuda", "model": "chronos_bolt", "stage": "forecast"}

--- Term: short ---
  Config: prediction_length=30, test_length=365, val_length=90
  Dataset info:
    - Frequency: D
    - Num series: 1
    - Target dim: 51
    - Target mode: univariate
    - Series length: min=2007, max=2007, avg=2007.0
    - Test split: 365 steps
    - Prediction length: 30
    - Windows: 12
TIME run allocation action=new run=/fslarge/scratch/users/h61084/codes/fine_time/outputs/task_finetuning/tasks/inference/chronos_bolt/univariate/Supply_Chain_Location/D/short/run_0 launch_id=selena_fine_time_20260929T092621Z_11326 slurm_job_id=3607388 launched_at=2026-09-29T11:01:18.068073+00:00
  Preparing input batches from Test split data...
    Total instances to forecast: 612
  Running predictions (Batch size: 32)...
    Processed 320/612...
    Processed 612/612...
TIME run allocation action=new run=/fslarge/scratch/users/h61084/codes/fine_time/outputs/task_finetuning/tasks/frozen/chronos_bolt/univariate/Supply_Chain_Location/D/short/run_0 launch_id=selena_fine_time_20260929T092621Z_11326 slurm_job_id=3607388 launched_at=2026-09-29T11:01:18.799800+00:00
    Total instances: 612, Series during experiment: 51, Windows: 12
    Collecting ground truth and context...
    Detected to_univariate case: 51 flat series -> 1 series x 51 variates
    Organizing data into arrays...
    ⚠️  Predictions max value (121406.57) exceeds float16 safe range.
    ⚠️  Applying scale factor: 10 (values will be divided)
    Saved predictions (quantiles) to /fslarge/scratch/users/h61084/codes/fine_time/outputs/task_finetuning/tasks/frozen/chronos_bolt/univariate/Supply_Chain_Location/D/short/run_0/predictions.npz
    Computing per-window metrics...
    Saved metrics to /fslarge/scratch/users/h61084/codes/fine_time/outputs/task_finetuning/tasks/frozen/chronos_bolt/univariate/Supply_Chain_Location/D/short/run_0/metrics.npz
    Saved aggregate metrics to /fslarge/scratch/users/h61084/codes/fine_time/outputs/task_finetuning/tasks/frozen/chronos_bolt/univariate/Supply_Chain_Location/D/short/run_0/metrics_summary.json
    Metrics summary (averaged over all series/windows/variates):
      MSE: 21468139.9751
      MAE: 1791.9018
      RMSE: 2409.5008
      MAPE: 0.5009
      sMAPE: 0.4225
      MASE: 0.6500
      ND: 0.3807
      CRPS: 0.3041
  Output: /fslarge/scratch/users/h61084/codes/fine_time/outputs/task_finetuning/tasks/frozen/chronos_bolt/univariate/Supply_Chain_Location/D/short/run_0

============================================================
All experiments completed!
Results saved to: /scratch/users/h61084/codes/fine_time/outputs/task_finetuning/tasks/frozen
============================================================
[65/90] evaluate chronos_bolt task_finetuned on Supply_Chain_Location/D/short
Loading configuration...

============================================================
Dataset: Supply_Chain_Location/D
Model: amazon/chronos-bolt-base
Terms: ['short']
Instance normalization: none
============================================================
Loading Chronos-Bolt model: amazon/chronos-bolt-base from /fslarge/scratch/users/h61084/codes/fine_time/outputs/task_finetuning/checkpoints/chronos_bolt/Supply_Chain_Location/D/short/run_0/finetuned-ckpt...
[2026-09-29 11:01:18 UTC] resources selected_device {"device": "cuda", "model": "chronos_bolt", "stage": "forecast"}

--- Term: short ---
  Config: prediction_length=30, test_length=365, val_length=90
  Dataset info:
    - Frequency: D
    - Num series: 1
    - Target dim: 51
    - Target mode: univariate
    - Series length: min=2007, max=2007, avg=2007.0
    - Test split: 365 steps
    - Prediction length: 30
    - Windows: 12
TIME run allocation action=new run=/fslarge/scratch/users/h61084/codes/fine_time/outputs/task_finetuning/tasks/inference/chronos_bolt/univariate/Supply_Chain_Location/D/short/run_1 launch_id=selena_fine_time_20260929T092621Z_11326 slurm_job_id=3607388 launched_at=2026-09-29T11:01:20.598708+00:00
  Preparing input batches from Test split data...
    Total instances to forecast: 612
  Running predictions (Batch size: 32)...
    Processed 320/612...
    Processed 612/612...
TIME run allocation action=new run=/fslarge/scratch/users/h61084/codes/fine_time/outputs/task_finetuning/tasks/task_finetuned/chronos_bolt/univariate/Supply_Chain_Location/D/short/run_0 launch_id=selena_fine_time_20260929T092621Z_11326 slurm_job_id=3607388 launched_at=2026-09-29T11:01:21.329223+00:00
    Total instances: 612, Series during experiment: 51, Windows: 12
    Collecting ground truth and context...
    Detected to_univariate case: 51 flat series -> 1 series x 51 variates
    Organizing data into arrays...
    ⚠️  Predictions max value (118639.41) exceeds float16 safe range.
    ⚠️  Applying scale factor: 10 (values will be divided)
    Saved predictions (quantiles) to /fslarge/scratch/users/h61084/codes/fine_time/outputs/task_finetuning/tasks/task_finetuned/chronos_bolt/univariate/Supply_Chain_Location/D/short/run_0/predictions.npz
    Computing per-window metrics...
    Saved metrics to /fslarge/scratch/users/h61084/codes/fine_time/outputs/task_finetuning/tasks/task_finetuned/chronos_bolt/univariate/Supply_Chain_Location/D/short/run_0/metrics.npz
    Saved aggregate metrics to /fslarge/scratch/users/h61084/codes/fine_time/outputs/task_finetuning/tasks/task_finetuned/chronos_bolt/univariate/Supply_Chain_Location/D/short/run_0/metrics_summary.json
    Metrics summary (averaged over all series/windows/variates):
      MSE: 18692595.2618
      MAE: 1716.8974
      RMSE: 2260.9425
      MAPE: 0.4985
      sMAPE: 0.3955
      MASE: 0.6109
      ND: 0.3599
      CRPS: 0.2799
  Output: /fslarge/scratch/users/h61084/codes/fine_time/outputs/task_finetuning/tasks/task_finetuned/chronos_bolt/univariate/Supply_Chain_Location/D/short/run_0

============================================================
All experiments completed!
Results saved to: /scratch/users/h61084/codes/fine_time/outputs/task_finetuning/tasks/task_finetuned
============================================================
[66/90] evaluate chronos_bolt frozen on US_Labor/M/short
Loading configuration...

============================================================
Dataset: US_Labor/M
Model: amazon/chronos-bolt-base
Terms: ['short']
Instance normalization: none
============================================================
Loading Chronos-Bolt model: amazon/chronos-bolt-base from /fslarge/scratch/users/h61084/weights/chronos-bolt-base...
[2026-09-29 11:01:21 UTC] resources selected_device {"device": "cuda", "model": "chronos_bolt", "stage": "forecast"}

--- Term: short ---
  Config: prediction_length=12, test_length=60, val_length=12
  Dataset info:
    - Frequency: M
    - Num series: 1
    - Target dim: 14
    - Target mode: univariate
    - Series length: min=380, max=380, avg=380.0
    - Test split: 60 steps
    - Prediction length: 12
    - Windows: 5
TIME run allocation action=new run=/fslarge/scratch/users/h61084/codes/fine_time/outputs/task_finetuning/tasks/inference/chronos_bolt/univariate/US_Labor/M/short/run_0 launch_id=selena_fine_time_20260929T092621Z_11326 slurm_job_id=3607388 launched_at=2026-09-29T11:01:21.893477+00:00
  Preparing input batches from Test split data...
    Total instances to forecast: 70
  Running predictions (Batch size: 32)...
TIME run allocation action=new run=/fslarge/scratch/users/h61084/codes/fine_time/outputs/task_finetuning/tasks/frozen/chronos_bolt/univariate/US_Labor/M/short/run_0 launch_id=selena_fine_time_20260929T092621Z_11326 slurm_job_id=3607388 launched_at=2026-09-29T11:01:21.959086+00:00
    Total instances: 70, Series during experiment: 14, Windows: 5
    Collecting ground truth and context...
    Detected to_univariate case: 14 flat series -> 1 series x 14 variates
    Organizing data into arrays...
    ⚠️  Predictions max value (173125.27) exceeds float16 safe range.
    ⚠️  Applying scale factor: 10 (values will be divided)
    Saved predictions (quantiles) to /fslarge/scratch/users/h61084/codes/fine_time/outputs/task_finetuning/tasks/frozen/chronos_bolt/univariate/US_Labor/M/short/run_0/predictions.npz
    Computing per-window metrics...
    Saved metrics to /fslarge/scratch/users/h61084/codes/fine_time/outputs/task_finetuning/tasks/frozen/chronos_bolt/univariate/US_Labor/M/short/run_0/metrics.npz
    Saved aggregate metrics to /fslarge/scratch/users/h61084/codes/fine_time/outputs/task_finetuning/tasks/frozen/chronos_bolt/univariate/US_Labor/M/short/run_0/metrics_summary.json
    Metrics summary (averaged over all series/windows/variates):
      MSE: 761910.2892
      MAE: 392.4605
      RMSE: 438.0244
      MAPE: 0.0725
      sMAPE: 0.0687
      MASE: 0.9464
      ND: 0.0713
      CRPS: 0.0562
  Output: /fslarge/scratch/users/h61084/codes/fine_time/outputs/task_finetuning/tasks/frozen/chronos_bolt/univariate/US_Labor/M/short/run_0

============================================================
All experiments completed!
Results saved to: /scratch/users/h61084/codes/fine_time/outputs/task_finetuning/tasks/frozen
============================================================
[66/90] evaluate chronos_bolt task_finetuned on US_Labor/M/short
Loading configuration...

============================================================
Dataset: US_Labor/M
Model: amazon/chronos-bolt-base
Terms: ['short']
Instance normalization: none
============================================================
Loading Chronos-Bolt model: amazon/chronos-bolt-base from /fslarge/scratch/users/h61084/codes/fine_time/outputs/task_finetuning/checkpoints/chronos_bolt/US_Labor/M/short/run_0/finetuned-ckpt...
[2026-09-29 11:01:22 UTC] resources selected_device {"device": "cuda", "model": "chronos_bolt", "stage": "forecast"}

--- Term: short ---
  Config: prediction_length=12, test_length=60, val_length=12
  Dataset info:
    - Frequency: M
    - Num series: 1
    - Target dim: 14
    - Target mode: univariate
    - Series length: min=380, max=380, avg=380.0
    - Test split: 60 steps
    - Prediction length: 12
    - Windows: 5
TIME run allocation action=new run=/fslarge/scratch/users/h61084/codes/fine_time/outputs/task_finetuning/tasks/inference/chronos_bolt/univariate/US_Labor/M/short/run_1 launch_id=selena_fine_time_20260929T092621Z_11326 slurm_job_id=3607388 launched_at=2026-09-29T11:01:23.565126+00:00
  Preparing input batches from Test split data...
    Total instances to forecast: 70
  Running predictions (Batch size: 32)...
TIME run allocation action=new run=/fslarge/scratch/users/h61084/codes/fine_time/outputs/task_finetuning/tasks/task_finetuned/chronos_bolt/univariate/US_Labor/M/short/run_0 launch_id=selena_fine_time_20260929T092621Z_11326 slurm_job_id=3607388 launched_at=2026-09-29T11:01:23.631295+00:00
    Total instances: 70, Series during experiment: 14, Windows: 5
    Collecting ground truth and context...
    Detected to_univariate case: 14 flat series -> 1 series x 14 variates
    Organizing data into arrays...
    ⚠️  Predictions max value (173449.41) exceeds float16 safe range.
    ⚠️  Applying scale factor: 10 (values will be divided)
    Saved predictions (quantiles) to /fslarge/scratch/users/h61084/codes/fine_time/outputs/task_finetuning/tasks/task_finetuned/chronos_bolt/univariate/US_Labor/M/short/run_0/predictions.npz
    Computing per-window metrics...
    Saved metrics to /fslarge/scratch/users/h61084/codes/fine_time/outputs/task_finetuning/tasks/task_finetuned/chronos_bolt/univariate/US_Labor/M/short/run_0/metrics.npz
    Saved aggregate metrics to /fslarge/scratch/users/h61084/codes/fine_time/outputs/task_finetuning/tasks/task_finetuned/chronos_bolt/univariate/US_Labor/M/short/run_0/metrics_summary.json
    Metrics summary (averaged over all series/windows/variates):
      MSE: 771147.2711
      MAE: 412.4114
      RMSE: 459.4737
      MAPE: 0.0828
      sMAPE: 0.0792
      MASE: 1.1219
      ND: 0.0818
      CRPS: 0.0645
  Output: /fslarge/scratch/users/h61084/codes/fine_time/outputs/task_finetuning/tasks/task_finetuned/chronos_bolt/univariate/US_Labor/M/short/run_0

============================================================
All experiments completed!
Results saved to: /scratch/users/h61084/codes/fine_time/outputs/task_finetuning/tasks/task_finetuned
============================================================
[67/90] evaluate chronos_bolt frozen on US_Term_Structure/B/short
Loading configuration...

============================================================
Dataset: US_Term_Structure/B
Model: amazon/chronos-bolt-base
Terms: ['short']
Instance normalization: none
============================================================
Loading Chronos-Bolt model: amazon/chronos-bolt-base from /fslarge/scratch/users/h61084/weights/chronos-bolt-base...
[2026-09-29 11:01:23 UTC] resources selected_device {"device": "cuda", "model": "chronos_bolt", "stage": "forecast"}

--- Term: short ---
  Config: prediction_length=20, test_length=717, val_length=100
  Dataset info:
    - Frequency: B
    - Num series: 1
    - Target dim: 40
    - Target mode: univariate
    - Series length: min=9326, max=9326, avg=9326.0
    - Test split: 717 steps
    - Prediction length: 20
    - Windows: 35
TIME run allocation action=new run=/fslarge/scratch/users/h61084/codes/fine_time/outputs/task_finetuning/tasks/inference/chronos_bolt/univariate/US_Term_Structure/B/short/run_0 launch_id=selena_fine_time_20260929T092621Z_11326 slurm_job_id=3607388 launched_at=2026-09-29T11:01:24.125319+00:00
  Preparing input batches from Test split data...
    Total instances to forecast: 1400
  Running predictions (Batch size: 32)...
    Processed 320/1400...
    Processed 640/1400...
    Processed 960/1400...
    Processed 1280/1400...
TIME run allocation action=new run=/fslarge/scratch/users/h61084/codes/fine_time/outputs/task_finetuning/tasks/frozen/chronos_bolt/univariate/US_Term_Structure/B/short/run_0 launch_id=selena_fine_time_20260929T092621Z_11326 slurm_job_id=3607388 launched_at=2026-09-29T11:01:25.753455+00:00
    Total instances: 1400, Series during experiment: 40, Windows: 35
    Collecting ground truth and context...
    Detected to_univariate case: 40 flat series -> 1 series x 40 variates
    Organizing data into arrays...
    Saved predictions (quantiles) to /fslarge/scratch/users/h61084/codes/fine_time/outputs/task_finetuning/tasks/frozen/chronos_bolt/univariate/US_Term_Structure/B/short/run_0/predictions.npz
    Computing per-window metrics...
    Saved metrics to /fslarge/scratch/users/h61084/codes/fine_time/outputs/task_finetuning/tasks/frozen/chronos_bolt/univariate/US_Term_Structure/B/short/run_0/metrics.npz
    Saved aggregate metrics to /fslarge/scratch/users/h61084/codes/fine_time/outputs/task_finetuning/tasks/frozen/chronos_bolt/univariate/US_Term_Structure/B/short/run_0/metrics_summary.json
    Metrics summary (averaged over all series/windows/variates):
      MSE: 0.0236
      MAE: 0.1060
      RMSE: 0.1262
      MAPE: 1.0101
      sMAPE: 0.2906
      MASE: 1.5723
      ND: 0.2842
      CRPS: 0.2214
  Output: /fslarge/scratch/users/h61084/codes/fine_time/outputs/task_finetuning/tasks/frozen/chronos_bolt/univariate/US_Term_Structure/B/short/run_0

============================================================
All experiments completed!
Results saved to: /scratch/users/h61084/codes/fine_time/outputs/task_finetuning/tasks/frozen
============================================================
[67/90] evaluate chronos_bolt task_finetuned on US_Term_Structure/B/short
Loading configuration...

============================================================
Dataset: US_Term_Structure/B
Model: amazon/chronos-bolt-base
Terms: ['short']
Instance normalization: none
============================================================
Loading Chronos-Bolt model: amazon/chronos-bolt-base from /fslarge/scratch/users/h61084/codes/fine_time/outputs/task_finetuning/checkpoints/chronos_bolt/US_Term_Structure/B/short/run_0/finetuned-ckpt...
[2026-09-29 11:01:26 UTC] resources selected_device {"device": "cuda", "model": "chronos_bolt", "stage": "forecast"}

--- Term: short ---
  Config: prediction_length=20, test_length=717, val_length=100
  Dataset info:
    - Frequency: B
    - Num series: 1
    - Target dim: 40
    - Target mode: univariate
    - Series length: min=9326, max=9326, avg=9326.0
    - Test split: 717 steps
    - Prediction length: 20
    - Windows: 35
TIME run allocation action=new run=/fslarge/scratch/users/h61084/codes/fine_time/outputs/task_finetuning/tasks/inference/chronos_bolt/univariate/US_Term_Structure/B/short/run_1 launch_id=selena_fine_time_20260929T092621Z_11326 slurm_job_id=3607388 launched_at=2026-09-29T11:01:28.268191+00:00
  Preparing input batches from Test split data...
    Total instances to forecast: 1400
  Running predictions (Batch size: 32)...
    Processed 320/1400...
    Processed 640/1400...
    Processed 960/1400...
    Processed 1280/1400...
TIME run allocation action=new run=/fslarge/scratch/users/h61084/codes/fine_time/outputs/task_finetuning/tasks/task_finetuned/chronos_bolt/univariate/US_Term_Structure/B/short/run_0 launch_id=selena_fine_time_20260929T092621Z_11326 slurm_job_id=3607388 launched_at=2026-09-29T11:01:29.904377+00:00
    Total instances: 1400, Series during experiment: 40, Windows: 35
    Collecting ground truth and context...
    Detected to_univariate case: 40 flat series -> 1 series x 40 variates
    Organizing data into arrays...
    Saved predictions (quantiles) to /fslarge/scratch/users/h61084/codes/fine_time/outputs/task_finetuning/tasks/task_finetuned/chronos_bolt/univariate/US_Term_Structure/B/short/run_0/predictions.npz
    Computing per-window metrics...
    Saved metrics to /fslarge/scratch/users/h61084/codes/fine_time/outputs/task_finetuning/tasks/task_finetuned/chronos_bolt/univariate/US_Term_Structure/B/short/run_0/metrics.npz
    Saved aggregate metrics to /fslarge/scratch/users/h61084/codes/fine_time/outputs/task_finetuning/tasks/task_finetuned/chronos_bolt/univariate/US_Term_Structure/B/short/run_0/metrics_summary.json
    Metrics summary (averaged over all series/windows/variates):
      MSE: 0.0279
      MAE: 0.1129
      RMSE: 0.1326
      MAPE: 0.9047
      sMAPE: 0.2950
      MASE: 1.6458
      ND: 0.2835
      CRPS: 0.2215
  Output: /fslarge/scratch/users/h61084/codes/fine_time/outputs/task_finetuning/tasks/task_finetuned/chronos_bolt/univariate/US_Term_Structure/B/short/run_0

============================================================
All experiments completed!
Results saved to: /scratch/users/h61084/codes/fine_time/outputs/task_finetuning/tasks/task_finetuned
============================================================
[68/90] evaluate chronos_bolt frozen on Uncertainty_1M/M/short
Loading configuration...

============================================================
Dataset: Uncertainty_1M/M
Model: amazon/chronos-bolt-base
Terms: ['short']
Instance normalization: none
============================================================
Loading Chronos-Bolt model: amazon/chronos-bolt-base from /fslarge/scratch/users/h61084/weights/chronos-bolt-base...
[2026-09-29 11:01:30 UTC] resources selected_device {"device": "cuda", "model": "chronos_bolt", "stage": "forecast"}

--- Term: short ---
  Config: prediction_length=6, test_length=42, val_length=18
  Dataset info:
    - Frequency: M
    - Num series: 1
    - Target dim: 3
    - Target mode: univariate
    - Series length: min=780, max=780, avg=780.0
    - Test split: 42 steps
    - Prediction length: 6
    - Windows: 7
TIME run allocation action=new run=/fslarge/scratch/users/h61084/codes/fine_time/outputs/task_finetuning/tasks/inference/chronos_bolt/univariate/Uncertainty_1M/M/short/run_0 launch_id=selena_fine_time_20260929T092621Z_11326 slurm_job_id=3607388 launched_at=2026-09-29T11:01:30.712500+00:00
  Preparing input batches from Test split data...
    Total instances to forecast: 21
  Running predictions (Batch size: 32)...
TIME run allocation action=new run=/fslarge/scratch/users/h61084/codes/fine_time/outputs/task_finetuning/tasks/frozen/chronos_bolt/univariate/Uncertainty_1M/M/short/run_0 launch_id=selena_fine_time_20260929T092621Z_11326 slurm_job_id=3607388 launched_at=2026-09-29T11:01:30.744898+00:00
    Total instances: 21, Series during experiment: 3, Windows: 7
    Collecting ground truth and context...
    Detected to_univariate case: 3 flat series -> 1 series x 3 variates
    Organizing data into arrays...
    Saved predictions (quantiles) to /fslarge/scratch/users/h61084/codes/fine_time/outputs/task_finetuning/tasks/frozen/chronos_bolt/univariate/Uncertainty_1M/M/short/run_0/predictions.npz
    Computing per-window metrics...
    Saved metrics to /fslarge/scratch/users/h61084/codes/fine_time/outputs/task_finetuning/tasks/frozen/chronos_bolt/univariate/Uncertainty_1M/M/short/run_0/metrics.npz
    Saved aggregate metrics to /fslarge/scratch/users/h61084/codes/fine_time/outputs/task_finetuning/tasks/frozen/chronos_bolt/univariate/Uncertainty_1M/M/short/run_0/metrics_summary.json
    Metrics summary (averaged over all series/windows/variates):
      MSE: 0.0021
      MAE: 0.0341
      RMSE: 0.0374
      MAPE: 0.0423
      sMAPE: 0.0411
      MASE: 0.4151
      ND: 0.0419
      CRPS: 0.0328
  Output: /fslarge/scratch/users/h61084/codes/fine_time/outputs/task_finetuning/tasks/frozen/chronos_bolt/univariate/Uncertainty_1M/M/short/run_0

============================================================
All experiments completed!
Results saved to: /scratch/users/h61084/codes/fine_time/outputs/task_finetuning/tasks/frozen
============================================================
[68/90] evaluate chronos_bolt task_finetuned on Uncertainty_1M/M/short
Loading configuration...

============================================================
Dataset: Uncertainty_1M/M
Model: amazon/chronos-bolt-base
Terms: ['short']
Instance normalization: none
============================================================
Loading Chronos-Bolt model: amazon/chronos-bolt-base from /fslarge/scratch/users/h61084/codes/fine_time/outputs/task_finetuning/checkpoints/chronos_bolt/Uncertainty_1M/M/short/run_0/finetuned-ckpt...
[2026-09-29 11:01:30 UTC] resources selected_device {"device": "cuda", "model": "chronos_bolt", "stage": "forecast"}

--- Term: short ---
  Config: prediction_length=6, test_length=42, val_length=18
  Dataset info:
    - Frequency: M
    - Num series: 1
    - Target dim: 3
    - Target mode: univariate
    - Series length: min=780, max=780, avg=780.0
    - Test split: 42 steps
    - Prediction length: 6
    - Windows: 7
TIME run allocation action=new run=/fslarge/scratch/users/h61084/codes/fine_time/outputs/task_finetuning/tasks/inference/chronos_bolt/univariate/Uncertainty_1M/M/short/run_1 launch_id=selena_fine_time_20260929T092621Z_11326 slurm_job_id=3607388 launched_at=2026-09-29T11:01:32.849535+00:00
  Preparing input batches from Test split data...
    Total instances to forecast: 21
  Running predictions (Batch size: 32)...
TIME run allocation action=new run=/fslarge/scratch/users/h61084/codes/fine_time/outputs/task_finetuning/tasks/task_finetuned/chronos_bolt/univariate/Uncertainty_1M/M/short/run_0 launch_id=selena_fine_time_20260929T092621Z_11326 slurm_job_id=3607388 launched_at=2026-09-29T11:01:32.881675+00:00
    Total instances: 21, Series during experiment: 3, Windows: 7
    Collecting ground truth and context...
    Detected to_univariate case: 3 flat series -> 1 series x 3 variates
    Organizing data into arrays...
    Saved predictions (quantiles) to /fslarge/scratch/users/h61084/codes/fine_time/outputs/task_finetuning/tasks/task_finetuned/chronos_bolt/univariate/Uncertainty_1M/M/short/run_0/predictions.npz
    Computing per-window metrics...
    Saved metrics to /fslarge/scratch/users/h61084/codes/fine_time/outputs/task_finetuning/tasks/task_finetuned/chronos_bolt/univariate/Uncertainty_1M/M/short/run_0/metrics.npz
    Saved aggregate metrics to /fslarge/scratch/users/h61084/codes/fine_time/outputs/task_finetuning/tasks/task_finetuned/chronos_bolt/univariate/Uncertainty_1M/M/short/run_0/metrics_summary.json
    Metrics summary (averaged over all series/windows/variates):
      MSE: 0.0016
      MAE: 0.0294
      RMSE: 0.0331
      MAPE: 0.0366
      sMAPE: 0.0366
      MASE: 0.3767
      ND: 0.0364
      CRPS: 0.0278
  Output: /fslarge/scratch/users/h61084/codes/fine_time/outputs/task_finetuning/tasks/task_finetuned/chronos_bolt/univariate/Uncertainty_1M/M/short/run_0

============================================================
All experiments completed!
Results saved to: /scratch/users/h61084/codes/fine_time/outputs/task_finetuning/tasks/task_finetuned
============================================================
[69/90] evaluate chronos_bolt frozen on Vehicle_Sales/M/short
Loading configuration...

============================================================
Dataset: Vehicle_Sales/M
Model: amazon/chronos-bolt-base
Terms: ['short']
Instance normalization: none
============================================================
Loading Chronos-Bolt model: amazon/chronos-bolt-base from /fslarge/scratch/users/h61084/weights/chronos-bolt-base...
[2026-09-29 11:01:32 UTC] resources selected_device {"device": "cuda", "model": "chronos_bolt", "stage": "forecast"}

--- Term: short ---
  Config: prediction_length=12, test_length=60, val_length=12
  Dataset info:
    - Frequency: M
    - Num series: 1
    - Target dim: 10
    - Target mode: univariate
    - Series length: min=596, max=596, avg=596.0
    - Test split: 60 steps
    - Prediction length: 12
    - Windows: 5
TIME run allocation action=new run=/fslarge/scratch/users/h61084/codes/fine_time/outputs/task_finetuning/tasks/inference/chronos_bolt/univariate/Vehicle_Sales/M/short/run_0 launch_id=selena_fine_time_20260929T092621Z_11326 slurm_job_id=3607388 launched_at=2026-09-29T11:01:33.291349+00:00
  Preparing input batches from Test split data...
    Total instances to forecast: 50
  Running predictions (Batch size: 32)...
TIME run allocation action=new run=/fslarge/scratch/users/h61084/codes/fine_time/outputs/task_finetuning/tasks/frozen/chronos_bolt/univariate/Vehicle_Sales/M/short/run_0 launch_id=selena_fine_time_20260929T092621Z_11326 slurm_job_id=3607388 launched_at=2026-09-29T11:01:33.342481+00:00
    Total instances: 50, Series during experiment: 10, Windows: 5
    Collecting ground truth and context...
    Detected to_univariate case: 10 flat series -> 1 series x 10 variates
    Organizing data into arrays...
    Saved predictions (quantiles) to /fslarge/scratch/users/h61084/codes/fine_time/outputs/task_finetuning/tasks/frozen/chronos_bolt/univariate/Vehicle_Sales/M/short/run_0/predictions.npz
    Computing per-window metrics...
    Saved metrics to /fslarge/scratch/users/h61084/codes/fine_time/outputs/task_finetuning/tasks/frozen/chronos_bolt/univariate/Vehicle_Sales/M/short/run_0/metrics.npz
    Saved aggregate metrics to /fslarge/scratch/users/h61084/codes/fine_time/outputs/task_finetuning/tasks/frozen/chronos_bolt/univariate/Vehicle_Sales/M/short/run_0/metrics_summary.json
    Metrics summary (averaged over all series/windows/variates):
      MSE: 1736.5520
      MAE: 10.7605
      RMSE: 12.6642
      MAPE: 0.0823
      sMAPE: 0.0821
      MASE: 0.7724
      ND: 0.0824
      CRPS: 0.0650
  Output: /fslarge/scratch/users/h61084/codes/fine_time/outputs/task_finetuning/tasks/frozen/chronos_bolt/univariate/Vehicle_Sales/M/short/run_0

============================================================
All experiments completed!
Results saved to: /scratch/users/h61084/codes/fine_time/outputs/task_finetuning/tasks/frozen
============================================================
[69/90] evaluate chronos_bolt task_finetuned on Vehicle_Sales/M/short
Loading configuration...

============================================================
Dataset: Vehicle_Sales/M
Model: amazon/chronos-bolt-base
Terms: ['short']
Instance normalization: none
============================================================
Loading Chronos-Bolt model: amazon/chronos-bolt-base from /fslarge/scratch/users/h61084/codes/fine_time/outputs/task_finetuning/checkpoints/chronos_bolt/Vehicle_Sales/M/short/run_0/finetuned-ckpt...
[2026-09-29 11:01:33 UTC] resources selected_device {"device": "cuda", "model": "chronos_bolt", "stage": "forecast"}

--- Term: short ---
  Config: prediction_length=12, test_length=60, val_length=12
  Dataset info:
    - Frequency: M
    - Num series: 1
    - Target dim: 10
    - Target mode: univariate
    - Series length: min=596, max=596, avg=596.0
    - Test split: 60 steps
    - Prediction length: 12
    - Windows: 5
TIME run allocation action=new run=/fslarge/scratch/users/h61084/codes/fine_time/outputs/task_finetuning/tasks/inference/chronos_bolt/univariate/Vehicle_Sales/M/short/run_1 launch_id=selena_fine_time_20260929T092621Z_11326 slurm_job_id=3607388 launched_at=2026-09-29T11:01:35.114793+00:00
  Preparing input batches from Test split data...
    Total instances to forecast: 50
  Running predictions (Batch size: 32)...
TIME run allocation action=new run=/fslarge/scratch/users/h61084/codes/fine_time/outputs/task_finetuning/tasks/task_finetuned/chronos_bolt/univariate/Vehicle_Sales/M/short/run_0 launch_id=selena_fine_time_20260929T092621Z_11326 slurm_job_id=3607388 launched_at=2026-09-29T11:01:35.165531+00:00
    Total instances: 50, Series during experiment: 10, Windows: 5
    Collecting ground truth and context...
    Detected to_univariate case: 10 flat series -> 1 series x 10 variates
    Organizing data into arrays...
    Saved predictions (quantiles) to /fslarge/scratch/users/h61084/codes/fine_time/outputs/task_finetuning/tasks/task_finetuned/chronos_bolt/univariate/Vehicle_Sales/M/short/run_0/predictions.npz
    Computing per-window metrics...
    Saved metrics to /fslarge/scratch/users/h61084/codes/fine_time/outputs/task_finetuning/tasks/task_finetuned/chronos_bolt/univariate/Vehicle_Sales/M/short/run_0/metrics.npz
    Saved aggregate metrics to /fslarge/scratch/users/h61084/codes/fine_time/outputs/task_finetuning/tasks/task_finetuned/chronos_bolt/univariate/Vehicle_Sales/M/short/run_0/metrics_summary.json
    Metrics summary (averaged over all series/windows/variates):
      MSE: 2070.0426
      MAE: 12.0551
      RMSE: 13.8036
      MAPE: 0.1055
      sMAPE: 0.0992
      MASE: 0.9045
      ND: 0.1047
      CRPS: 0.0826
  Output: /fslarge/scratch/users/h61084/codes/fine_time/outputs/task_finetuning/tasks/task_finetuned/chronos_bolt/univariate/Vehicle_Sales/M/short/run_0

============================================================
All experiments completed!
Results saved to: /scratch/users/h61084/codes/fine_time/outputs/task_finetuning/tasks/task_finetuned
============================================================
[70/90] evaluate chronos_bolt frozen on Vehicle_Supply/M/short
Loading configuration...

============================================================
Dataset: Vehicle_Supply/M
Model: amazon/chronos-bolt-base
Terms: ['short']
Instance normalization: none
============================================================
Loading Chronos-Bolt model: amazon/chronos-bolt-base from /fslarge/scratch/users/h61084/weights/chronos-bolt-base...
[2026-09-29 11:01:35 UTC] resources selected_device {"device": "cuda", "model": "chronos_bolt", "stage": "forecast"}

--- Term: short ---
  Config: prediction_length=12, test_length=60, val_length=12
  Dataset info:
    - Frequency: M
    - Num series: 1
    - Target dim: 6
    - Target mode: univariate
    - Series length: min=391, max=391, avg=391.0
    - Test split: 60 steps
    - Prediction length: 12
    - Windows: 5
TIME run allocation action=new run=/fslarge/scratch/users/h61084/codes/fine_time/outputs/task_finetuning/tasks/inference/chronos_bolt/univariate/Vehicle_Supply/M/short/run_0 launch_id=selena_fine_time_20260929T092621Z_11326 slurm_job_id=3607388 launched_at=2026-09-29T11:01:35.580294+00:00
  Preparing input batches from Test split data...
    Total instances to forecast: 30
  Running predictions (Batch size: 32)...
TIME run allocation action=new run=/fslarge/scratch/users/h61084/codes/fine_time/outputs/task_finetuning/tasks/frozen/chronos_bolt/univariate/Vehicle_Supply/M/short/run_0 launch_id=selena_fine_time_20260929T092621Z_11326 slurm_job_id=3607388 launched_at=2026-09-29T11:01:35.610697+00:00
    Total instances: 30, Series during experiment: 6, Windows: 5
    Collecting ground truth and context...
    Detected to_univariate case: 6 flat series -> 1 series x 6 variates
    Organizing data into arrays...
    Saved predictions (quantiles) to /fslarge/scratch/users/h61084/codes/fine_time/outputs/task_finetuning/tasks/frozen/chronos_bolt/univariate/Vehicle_Supply/M/short/run_0/predictions.npz
    Computing per-window metrics...
    Saved metrics to /fslarge/scratch/users/h61084/codes/fine_time/outputs/task_finetuning/tasks/frozen/chronos_bolt/univariate/Vehicle_Supply/M/short/run_0/metrics.npz
    Saved aggregate metrics to /fslarge/scratch/users/h61084/codes/fine_time/outputs/task_finetuning/tasks/frozen/chronos_bolt/univariate/Vehicle_Supply/M/short/run_0/metrics_summary.json
    Metrics summary (averaged over all series/windows/variates):
      MSE: 2397.0628
      MAE: 22.1977
      RMSE: 26.8237
      MAPE: 0.2436
      sMAPE: 0.2429
      MASE: 0.8111
      ND: 0.2271
      CRPS: 0.1947
  Output: /fslarge/scratch/users/h61084/codes/fine_time/outputs/task_finetuning/tasks/frozen/chronos_bolt/univariate/Vehicle_Supply/M/short/run_0

============================================================
All experiments completed!
Results saved to: /scratch/users/h61084/codes/fine_time/outputs/task_finetuning/tasks/frozen
============================================================
[70/90] evaluate chronos_bolt task_finetuned on Vehicle_Supply/M/short
Loading configuration...

============================================================
Dataset: Vehicle_Supply/M
Model: amazon/chronos-bolt-base
Terms: ['short']
Instance normalization: none
============================================================
Loading Chronos-Bolt model: amazon/chronos-bolt-base from /fslarge/scratch/users/h61084/codes/fine_time/outputs/task_finetuning/checkpoints/chronos_bolt/Vehicle_Supply/M/short/run_0/finetuned-ckpt...
[2026-09-29 11:01:35 UTC] resources selected_device {"device": "cuda", "model": "chronos_bolt", "stage": "forecast"}

--- Term: short ---
  Config: prediction_length=12, test_length=60, val_length=12
  Dataset info:
    - Frequency: M
    - Num series: 1
    - Target dim: 6
    - Target mode: univariate
    - Series length: min=391, max=391, avg=391.0
    - Test split: 60 steps
    - Prediction length: 12
    - Windows: 5
TIME run allocation action=new run=/fslarge/scratch/users/h61084/codes/fine_time/outputs/task_finetuning/tasks/inference/chronos_bolt/univariate/Vehicle_Supply/M/short/run_1 launch_id=selena_fine_time_20260929T092621Z_11326 slurm_job_id=3607388 launched_at=2026-09-29T11:01:37.356086+00:00
  Preparing input batches from Test split data...
    Total instances to forecast: 30
  Running predictions (Batch size: 32)...
TIME run allocation action=new run=/fslarge/scratch/users/h61084/codes/fine_time/outputs/task_finetuning/tasks/task_finetuned/chronos_bolt/univariate/Vehicle_Supply/M/short/run_0 launch_id=selena_fine_time_20260929T092621Z_11326 slurm_job_id=3607388 launched_at=2026-09-29T11:01:37.386965+00:00
    Total instances: 30, Series during experiment: 6, Windows: 5
    Collecting ground truth and context...
    Detected to_univariate case: 6 flat series -> 1 series x 6 variates
    Organizing data into arrays...
    Saved predictions (quantiles) to /fslarge/scratch/users/h61084/codes/fine_time/outputs/task_finetuning/tasks/task_finetuned/chronos_bolt/univariate/Vehicle_Supply/M/short/run_0/predictions.npz
    Computing per-window metrics...
    Saved metrics to /fslarge/scratch/users/h61084/codes/fine_time/outputs/task_finetuning/tasks/task_finetuned/chronos_bolt/univariate/Vehicle_Supply/M/short/run_0/metrics.npz
    Saved aggregate metrics to /fslarge/scratch/users/h61084/codes/fine_time/outputs/task_finetuning/tasks/task_finetuned/chronos_bolt/univariate/Vehicle_Supply/M/short/run_0/metrics_summary.json
    Metrics summary (averaged over all series/windows/variates):
      MSE: 4252.7822
      MAE: 28.9802
      RMSE: 32.7856
      MAPE: 0.3383
      sMAPE: 0.2544
      MASE: 0.9015
      ND: 0.3116
      CRPS: 0.2425
  Output: /fslarge/scratch/users/h61084/codes/fine_time/outputs/task_finetuning/tasks/task_finetuned/chronos_bolt/univariate/Vehicle_Supply/M/short/run_0

============================================================
All experiments completed!
Results saved to: /scratch/users/h61084/codes/fine_time/outputs/task_finetuning/tasks/task_finetuned
============================================================
[71/90] evaluate chronos_bolt frozen on WUI_Global/Q/short
Loading configuration...

============================================================
Dataset: WUI_Global/Q
Model: amazon/chronos-bolt-base
Terms: ['short']
Instance normalization: none
============================================================
Loading Chronos-Bolt model: amazon/chronos-bolt-base from /fslarge/scratch/users/h61084/weights/chronos-bolt-base...
[2026-09-29 11:01:37 UTC] resources selected_device {"device": "cuda", "model": "chronos_bolt", "stage": "forecast"}

--- Term: short ---
  Config: prediction_length=4, test_length=20, val_length=20
  Dataset info:
    - Frequency: Q
    - Num series: 1
    - Target dim: 15
    - Target mode: univariate
    - Series length: min=294, max=294, avg=294.0
    - Test split: 20 steps
    - Prediction length: 4
    - Windows: 5
TIME run allocation action=new run=/fslarge/scratch/users/h61084/codes/fine_time/outputs/task_finetuning/tasks/inference/chronos_bolt/univariate/WUI_Global/Q/short/run_0 launch_id=selena_fine_time_20260929T092621Z_11326 slurm_job_id=3607388 launched_at=2026-09-29T11:01:37.798685+00:00
  Preparing input batches from Test split data...
    Total instances to forecast: 75
  Running predictions (Batch size: 32)...
TIME run allocation action=new run=/fslarge/scratch/users/h61084/codes/fine_time/outputs/task_finetuning/tasks/frozen/chronos_bolt/univariate/WUI_Global/Q/short/run_0 launch_id=selena_fine_time_20260929T092621Z_11326 slurm_job_id=3607388 launched_at=2026-09-29T11:01:37.865181+00:00
    Total instances: 75, Series during experiment: 15, Windows: 5
    Collecting ground truth and context...
    Detected to_univariate case: 15 flat series -> 1 series x 15 variates
    Organizing data into arrays...
    Saved predictions (quantiles) to /fslarge/scratch/users/h61084/codes/fine_time/outputs/task_finetuning/tasks/frozen/chronos_bolt/univariate/WUI_Global/Q/short/run_0/predictions.npz
    Computing per-window metrics...
    Saved metrics to /fslarge/scratch/users/h61084/codes/fine_time/outputs/task_finetuning/tasks/frozen/chronos_bolt/univariate/WUI_Global/Q/short/run_0/metrics.npz
    Saved aggregate metrics to /fslarge/scratch/users/h61084/codes/fine_time/outputs/task_finetuning/tasks/frozen/chronos_bolt/univariate/WUI_Global/Q/short/run_0/metrics_summary.json
    Metrics summary (averaged over all series/windows/variates):
      MSE: 0.0486
      MAE: 0.1491
      RMSE: 0.1769
      MAPE: 0.5773
      sMAPE: 0.6600
      MASE: 0.9985
      ND: 0.6986
      CRPS: 0.5497
  Output: /fslarge/scratch/users/h61084/codes/fine_time/outputs/task_finetuning/tasks/frozen/chronos_bolt/univariate/WUI_Global/Q/short/run_0

============================================================
All experiments completed!
Results saved to: /scratch/users/h61084/codes/fine_time/outputs/task_finetuning/tasks/frozen
============================================================
[71/90] evaluate chronos_bolt task_finetuned on WUI_Global/Q/short
Loading configuration...

============================================================
Dataset: WUI_Global/Q
Model: amazon/chronos-bolt-base
Terms: ['short']
Instance normalization: none
============================================================
Loading Chronos-Bolt model: amazon/chronos-bolt-base from /fslarge/scratch/users/h61084/codes/fine_time/outputs/task_finetuning/checkpoints/chronos_bolt/WUI_Global/Q/short/run_0/finetuned-ckpt...
[2026-09-29 11:01:37 UTC] resources selected_device {"device": "cuda", "model": "chronos_bolt", "stage": "forecast"}

--- Term: short ---
  Config: prediction_length=4, test_length=20, val_length=20
  Dataset info:
    - Frequency: Q
    - Num series: 1
    - Target dim: 15
    - Target mode: univariate
    - Series length: min=294, max=294, avg=294.0
    - Test split: 20 steps
    - Prediction length: 4
    - Windows: 5
TIME run allocation action=new run=/fslarge/scratch/users/h61084/codes/fine_time/outputs/task_finetuning/tasks/inference/chronos_bolt/univariate/WUI_Global/Q/short/run_1 launch_id=selena_fine_time_20260929T092621Z_11326 slurm_job_id=3607388 launched_at=2026-09-29T11:01:39.478545+00:00
  Preparing input batches from Test split data...
    Total instances to forecast: 75
  Running predictions (Batch size: 32)...
TIME run allocation action=new run=/fslarge/scratch/users/h61084/codes/fine_time/outputs/task_finetuning/tasks/task_finetuned/chronos_bolt/univariate/WUI_Global/Q/short/run_0 launch_id=selena_fine_time_20260929T092621Z_11326 slurm_job_id=3607388 launched_at=2026-09-29T11:01:39.544780+00:00
    Total instances: 75, Series during experiment: 15, Windows: 5
    Collecting ground truth and context...
    Detected to_univariate case: 15 flat series -> 1 series x 15 variates
    Organizing data into arrays...
    Saved predictions (quantiles) to /fslarge/scratch/users/h61084/codes/fine_time/outputs/task_finetuning/tasks/task_finetuned/chronos_bolt/univariate/WUI_Global/Q/short/run_0/predictions.npz
    Computing per-window metrics...
    Saved metrics to /fslarge/scratch/users/h61084/codes/fine_time/outputs/task_finetuning/tasks/task_finetuned/chronos_bolt/univariate/WUI_Global/Q/short/run_0/metrics.npz
    Saved aggregate metrics to /fslarge/scratch/users/h61084/codes/fine_time/outputs/task_finetuning/tasks/task_finetuned/chronos_bolt/univariate/WUI_Global/Q/short/run_0/metrics_summary.json
    Metrics summary (averaged over all series/windows/variates):
      MSE: 0.0459
      MAE: 0.1439
      RMSE: 0.1707
      MAPE: 0.5746
      sMAPE: 0.6207
      MASE: 0.9613
      ND: 0.6870
      CRPS: 0.5383
  Output: /fslarge/scratch/users/h61084/codes/fine_time/outputs/task_finetuning/tasks/task_finetuned/chronos_bolt/univariate/WUI_Global/Q/short/run_0

============================================================
All experiments completed!
Results saved to: /scratch/users/h61084/codes/fine_time/outputs/task_finetuning/tasks/task_finetuned
============================================================
[72/90] evaluate chronos_bolt frozen on Water_Quality_Darwin/15T/long
Loading configuration...

============================================================
Dataset: Water_Quality_Darwin/15T
Model: amazon/chronos-bolt-base
Terms: ['long']
Instance normalization: none
============================================================
Loading Chronos-Bolt model: amazon/chronos-bolt-base from /fslarge/scratch/users/h61084/weights/chronos-bolt-base...
[2026-09-29 11:01:39 UTC] resources selected_device {"device": "cuda", "model": "chronos_bolt", "stage": "forecast"}

--- Term: long ---
  Config: prediction_length=288, test_length=1440, val_length=1440
  Dataset info:
    - Frequency: 15T
    - Num series: 7
    - Target dim: 6
    - Target mode: univariate
    - Series length: min=8662, max=18985, avg=15229.4
    - Test split: 1440 steps
    - Prediction length: 288
    - Windows: 5
TIME run allocation action=new run=/fslarge/scratch/users/h61084/codes/fine_time/outputs/task_finetuning/tasks/inference/chronos_bolt/univariate/Water_Quality_Darwin/15T/long/run_0 launch_id=selena_fine_time_20260929T092621Z_11326 slurm_job_id=3607388 launched_at=2026-09-29T11:01:39.995514+00:00
  Preparing input batches from Test split data...
    Total instances to forecast: 210
  Running predictions (Batch size: 32)...
TIME run allocation action=new run=/fslarge/scratch/users/h61084/codes/fine_time/outputs/task_finetuning/tasks/frozen/chronos_bolt/univariate/Water_Quality_Darwin/15T/long/run_0 launch_id=selena_fine_time_20260929T092621Z_11326 slurm_job_id=3607388 launched_at=2026-09-29T11:01:47.347975+00:00
    Total instances: 210, Series during experiment: 42, Windows: 5
    Collecting ground truth and context...
    Detected to_univariate case: 42 flat series -> 7 series x 6 variates
    Organizing data into arrays...
    Saved predictions (quantiles) to /fslarge/scratch/users/h61084/codes/fine_time/outputs/task_finetuning/tasks/frozen/chronos_bolt/univariate/Water_Quality_Darwin/15T/long/run_0/predictions.npz
    Computing per-window metrics...
    Saved metrics to /fslarge/scratch/users/h61084/codes/fine_time/outputs/task_finetuning/tasks/frozen/chronos_bolt/univariate/Water_Quality_Darwin/15T/long/run_0/metrics.npz
    Saved aggregate metrics to /fslarge/scratch/users/h61084/codes/fine_time/outputs/task_finetuning/tasks/frozen/chronos_bolt/univariate/Water_Quality_Darwin/15T/long/run_0/metrics_summary.json
    Metrics summary (averaged over all series/windows/variates):
      MSE: 8.6272
      MAE: 0.9885
      RMSE: 1.2461
      MAPE: 0.1323
      sMAPE: 0.1098
      MASE: 1.4996
      ND: 0.1119
      CRPS: 0.0931
  Output: /fslarge/scratch/users/h61084/codes/fine_time/outputs/task_finetuning/tasks/frozen/chronos_bolt/univariate/Water_Quality_Darwin/15T/long/run_0

============================================================
All experiments completed!
Results saved to: /scratch/users/h61084/codes/fine_time/outputs/task_finetuning/tasks/frozen
============================================================
[72/90] evaluate chronos_bolt task_finetuned on Water_Quality_Darwin/15T/long
Loading configuration...

============================================================
Dataset: Water_Quality_Darwin/15T
Model: amazon/chronos-bolt-base
Terms: ['long']
Instance normalization: none
============================================================
Loading Chronos-Bolt model: amazon/chronos-bolt-base from /fslarge/scratch/users/h61084/codes/fine_time/outputs/task_finetuning/checkpoints/chronos_bolt/Water_Quality_Darwin/15T/long/run_0/finetuned-ckpt...
[2026-09-29 11:01:47 UTC] resources selected_device {"device": "cuda", "model": "chronos_bolt", "stage": "forecast"}

--- Term: long ---
  Config: prediction_length=288, test_length=1440, val_length=1440
  Dataset info:
    - Frequency: 15T
    - Num series: 7
    - Target dim: 6
    - Target mode: univariate
    - Series length: min=8662, max=18985, avg=15229.4
    - Test split: 1440 steps
    - Prediction length: 288
    - Windows: 5
TIME run allocation action=new run=/fslarge/scratch/users/h61084/codes/fine_time/outputs/task_finetuning/tasks/inference/chronos_bolt/univariate/Water_Quality_Darwin/15T/long/run_1 launch_id=selena_fine_time_20260929T092621Z_11326 slurm_job_id=3607388 launched_at=2026-09-29T11:01:49.359337+00:00
  Preparing input batches from Test split data...
    Total instances to forecast: 210
  Running predictions (Batch size: 32)...
TIME run allocation action=new run=/fslarge/scratch/users/h61084/codes/fine_time/outputs/task_finetuning/tasks/task_finetuned/chronos_bolt/univariate/Water_Quality_Darwin/15T/long/run_0 launch_id=selena_fine_time_20260929T092621Z_11326 slurm_job_id=3607388 launched_at=2026-09-29T11:01:56.752203+00:00
    Total instances: 210, Series during experiment: 42, Windows: 5
    Collecting ground truth and context...
    Detected to_univariate case: 42 flat series -> 7 series x 6 variates
    Organizing data into arrays...
    Saved predictions (quantiles) to /fslarge/scratch/users/h61084/codes/fine_time/outputs/task_finetuning/tasks/task_finetuned/chronos_bolt/univariate/Water_Quality_Darwin/15T/long/run_0/predictions.npz
    Computing per-window metrics...
    Saved metrics to /fslarge/scratch/users/h61084/codes/fine_time/outputs/task_finetuning/tasks/task_finetuned/chronos_bolt/univariate/Water_Quality_Darwin/15T/long/run_0/metrics.npz
    Saved aggregate metrics to /fslarge/scratch/users/h61084/codes/fine_time/outputs/task_finetuning/tasks/task_finetuned/chronos_bolt/univariate/Water_Quality_Darwin/15T/long/run_0/metrics_summary.json
    Metrics summary (averaged over all series/windows/variates):
      MSE: 9.9000
      MAE: 0.9647
      RMSE: 1.2208
      MAPE: 0.1122
      sMAPE: 0.1156
      MASE: 1.4512
      ND: 0.1034
      CRPS: 0.0844
  Output: /fslarge/scratch/users/h61084/codes/fine_time/outputs/task_finetuning/tasks/task_finetuned/chronos_bolt/univariate/Water_Quality_Darwin/15T/long/run_0

============================================================
All experiments completed!
Results saved to: /scratch/users/h61084/codes/fine_time/outputs/task_finetuning/tasks/task_finetuned
============================================================
[73/90] evaluate chronos_bolt frozen on Water_Quality_Darwin/15T/medium
Loading configuration...

============================================================
Dataset: Water_Quality_Darwin/15T
Model: amazon/chronos-bolt-base
Terms: ['medium']
Instance normalization: none
============================================================
Loading Chronos-Bolt model: amazon/chronos-bolt-base from /fslarge/scratch/users/h61084/weights/chronos-bolt-base...
[2026-09-29 11:01:56 UTC] resources selected_device {"device": "cuda", "model": "chronos_bolt", "stage": "forecast"}

--- Term: medium ---
  Config: prediction_length=96, test_length=1440, val_length=1440
  Dataset info:
    - Frequency: 15T
    - Num series: 7
    - Target dim: 6
    - Target mode: univariate
    - Series length: min=8662, max=18985, avg=15229.4
    - Test split: 1440 steps
    - Prediction length: 96
    - Windows: 15
TIME run allocation action=new run=/fslarge/scratch/users/h61084/codes/fine_time/outputs/task_finetuning/tasks/inference/chronos_bolt/univariate/Water_Quality_Darwin/15T/medium/run_0 launch_id=selena_fine_time_20260929T092621Z_11326 slurm_job_id=3607388 launched_at=2026-09-29T11:01:57.296197+00:00
  Preparing input batches from Test split data...
    Total instances to forecast: 630
  Running predictions (Batch size: 32)...
    Processed 320/630...
    Processed 630/630...
TIME run allocation action=new run=/fslarge/scratch/users/h61084/codes/fine_time/outputs/task_finetuning/tasks/frozen/chronos_bolt/univariate/Water_Quality_Darwin/15T/medium/run_0 launch_id=selena_fine_time_20260929T092621Z_11326 slurm_job_id=3607388 launched_at=2026-09-29T11:02:03.394452+00:00
    Total instances: 630, Series during experiment: 42, Windows: 15
    Collecting ground truth and context...
    Detected to_univariate case: 42 flat series -> 7 series x 6 variates
    Organizing data into arrays...
    Saved predictions (quantiles) to /fslarge/scratch/users/h61084/codes/fine_time/outputs/task_finetuning/tasks/frozen/chronos_bolt/univariate/Water_Quality_Darwin/15T/medium/run_0/predictions.npz
    Computing per-window metrics...
    Saved metrics to /fslarge/scratch/users/h61084/codes/fine_time/outputs/task_finetuning/tasks/frozen/chronos_bolt/univariate/Water_Quality_Darwin/15T/medium/run_0/metrics.npz
    Saved aggregate metrics to /fslarge/scratch/users/h61084/codes/fine_time/outputs/task_finetuning/tasks/frozen/chronos_bolt/univariate/Water_Quality_Darwin/15T/medium/run_0/metrics_summary.json
    Metrics summary (averaged over all series/windows/variates):
      MSE: 3.7326
      MAE: 0.6411
      RMSE: 0.8156
      MAPE: 0.0820
      sMAPE: 0.0749
      MASE: 0.9366
      ND: 0.0750
      CRPS: 0.0596
  Output: /fslarge/scratch/users/h61084/codes/fine_time/outputs/task_finetuning/tasks/frozen/chronos_bolt/univariate/Water_Quality_Darwin/15T/medium/run_0

============================================================
All experiments completed!
Results saved to: /scratch/users/h61084/codes/fine_time/outputs/task_finetuning/tasks/frozen
============================================================
[73/90] evaluate chronos_bolt task_finetuned on Water_Quality_Darwin/15T/medium
Loading configuration...

============================================================
Dataset: Water_Quality_Darwin/15T
Model: amazon/chronos-bolt-base
Terms: ['medium']
Instance normalization: none
============================================================
Loading Chronos-Bolt model: amazon/chronos-bolt-base from /fslarge/scratch/users/h61084/codes/fine_time/outputs/task_finetuning/checkpoints/chronos_bolt/Water_Quality_Darwin/15T/medium/run_0/finetuned-ckpt...
[2026-09-29 11:02:03 UTC] resources selected_device {"device": "cuda", "model": "chronos_bolt", "stage": "forecast"}

--- Term: medium ---
  Config: prediction_length=96, test_length=1440, val_length=1440
  Dataset info:
    - Frequency: 15T
    - Num series: 7
    - Target dim: 6
    - Target mode: univariate
    - Series length: min=8662, max=18985, avg=15229.4
    - Test split: 1440 steps
    - Prediction length: 96
    - Windows: 15
TIME run allocation action=new run=/fslarge/scratch/users/h61084/codes/fine_time/outputs/task_finetuning/tasks/inference/chronos_bolt/univariate/Water_Quality_Darwin/15T/medium/run_1 launch_id=selena_fine_time_20260929T092621Z_11326 slurm_job_id=3607388 launched_at=2026-09-29T11:02:05.342902+00:00
  Preparing input batches from Test split data...
    Total instances to forecast: 630
  Running predictions (Batch size: 32)...
    Processed 320/630...
    Processed 630/630...
TIME run allocation action=new run=/fslarge/scratch/users/h61084/codes/fine_time/outputs/task_finetuning/tasks/task_finetuned/chronos_bolt/univariate/Water_Quality_Darwin/15T/medium/run_0 launch_id=selena_fine_time_20260929T092621Z_11326 slurm_job_id=3607388 launched_at=2026-09-29T11:02:11.364063+00:00
    Total instances: 630, Series during experiment: 42, Windows: 15
    Collecting ground truth and context...
    Detected to_univariate case: 42 flat series -> 7 series x 6 variates
    Organizing data into arrays...
    Saved predictions (quantiles) to /fslarge/scratch/users/h61084/codes/fine_time/outputs/task_finetuning/tasks/task_finetuned/chronos_bolt/univariate/Water_Quality_Darwin/15T/medium/run_0/predictions.npz
    Computing per-window metrics...
    Saved metrics to /fslarge/scratch/users/h61084/codes/fine_time/outputs/task_finetuning/tasks/task_finetuned/chronos_bolt/univariate/Water_Quality_Darwin/15T/medium/run_0/metrics.npz
    Saved aggregate metrics to /fslarge/scratch/users/h61084/codes/fine_time/outputs/task_finetuning/tasks/task_finetuned/chronos_bolt/univariate/Water_Quality_Darwin/15T/medium/run_0/metrics_summary.json
    Metrics summary (averaged over all series/windows/variates):
      MSE: 3.5790
      MAE: 0.5983
      RMSE: 0.7651
      MAPE: 0.0718
      sMAPE: 0.0698
      MASE: 0.8772
      ND: 0.0681
      CRPS: 0.0542
  Output: /fslarge/scratch/users/h61084/codes/fine_time/outputs/task_finetuning/tasks/task_finetuned/chronos_bolt/univariate/Water_Quality_Darwin/15T/medium/run_0

============================================================
All experiments completed!
Results saved to: /scratch/users/h61084/codes/fine_time/outputs/task_finetuning/tasks/task_finetuned
============================================================
[74/90] evaluate chronos_bolt frozen on Water_Quality_Darwin/15T/short
Loading configuration...

============================================================
Dataset: Water_Quality_Darwin/15T
Model: amazon/chronos-bolt-base
Terms: ['short']
Instance normalization: none
============================================================
Loading Chronos-Bolt model: amazon/chronos-bolt-base from /fslarge/scratch/users/h61084/weights/chronos-bolt-base...
[2026-09-29 11:02:11 UTC] resources selected_device {"device": "cuda", "model": "chronos_bolt", "stage": "forecast"}

--- Term: short ---
  Config: prediction_length=16, test_length=1440, val_length=1440
  Dataset info:
    - Frequency: 15T
    - Num series: 7
    - Target dim: 6
    - Target mode: univariate
    - Series length: min=8662, max=18985, avg=15229.4
    - Test split: 1440 steps
    - Prediction length: 16
    - Windows: 90
TIME run allocation action=new run=/fslarge/scratch/users/h61084/codes/fine_time/outputs/task_finetuning/tasks/inference/chronos_bolt/univariate/Water_Quality_Darwin/15T/short/run_0 launch_id=selena_fine_time_20260929T092621Z_11326 slurm_job_id=3607388 launched_at=2026-09-29T11:02:12.034874+00:00
  Preparing input batches from Test split data...
    Total instances to forecast: 3780
  Running predictions (Batch size: 32)...
    Processed 320/3780...
    Processed 640/3780...
    Processed 960/3780...
    Processed 1280/3780...
    Processed 1600/3780...
    Processed 1920/3780...
    Processed 2240/3780...
    Processed 2560/3780...
    Processed 2880/3780...
    Processed 3200/3780...
    Processed 3520/3780...
TIME run allocation action=new run=/fslarge/scratch/users/h61084/codes/fine_time/outputs/task_finetuning/tasks/frozen/chronos_bolt/univariate/Water_Quality_Darwin/15T/short/run_0 launch_id=selena_fine_time_20260929T092621Z_11326 slurm_job_id=3607388 launched_at=2026-09-29T11:02:16.379730+00:00
    Total instances: 3780, Series during experiment: 42, Windows: 90
    Collecting ground truth and context...
    Detected to_univariate case: 42 flat series -> 7 series x 6 variates
    Organizing data into arrays...
    Saved predictions (quantiles) to /fslarge/scratch/users/h61084/codes/fine_time/outputs/task_finetuning/tasks/frozen/chronos_bolt/univariate/Water_Quality_Darwin/15T/short/run_0/predictions.npz
    Computing per-window metrics...
    Saved metrics to /fslarge/scratch/users/h61084/codes/fine_time/outputs/task_finetuning/tasks/frozen/chronos_bolt/univariate/Water_Quality_Darwin/15T/short/run_0/metrics.npz
    Saved aggregate metrics to /fslarge/scratch/users/h61084/codes/fine_time/outputs/task_finetuning/tasks/frozen/chronos_bolt/univariate/Water_Quality_Darwin/15T/short/run_0/metrics_summary.json
    Metrics summary (averaged over all series/windows/variates):
      MSE: 2.4861
      MAE: 0.4787
      RMSE: 0.5676
      MAPE: 0.0604
      sMAPE: 0.0574
      MASE: 0.6716
      ND: 0.0583
      CRPS: 0.0461
  Output: /fslarge/scratch/users/h61084/codes/fine_time/outputs/task_finetuning/tasks/frozen/chronos_bolt/univariate/Water_Quality_Darwin/15T/short/run_0

============================================================
All experiments completed!
Results saved to: /scratch/users/h61084/codes/fine_time/outputs/task_finetuning/tasks/frozen
============================================================
[74/90] evaluate chronos_bolt task_finetuned on Water_Quality_Darwin/15T/short
Loading configuration...

============================================================
Dataset: Water_Quality_Darwin/15T
Model: amazon/chronos-bolt-base
Terms: ['short']
Instance normalization: none
============================================================
Loading Chronos-Bolt model: amazon/chronos-bolt-base from /fslarge/scratch/users/h61084/codes/fine_time/outputs/task_finetuning/checkpoints/chronos_bolt/Water_Quality_Darwin/15T/short/run_0/finetuned-ckpt...
[2026-09-29 11:02:17 UTC] resources selected_device {"device": "cuda", "model": "chronos_bolt", "stage": "forecast"}

--- Term: short ---
  Config: prediction_length=16, test_length=1440, val_length=1440
  Dataset info:
    - Frequency: 15T
    - Num series: 7
    - Target dim: 6
    - Target mode: univariate
    - Series length: min=8662, max=18985, avg=15229.4
    - Test split: 1440 steps
    - Prediction length: 16
    - Windows: 90
TIME run allocation action=new run=/fslarge/scratch/users/h61084/codes/fine_time/outputs/task_finetuning/tasks/inference/chronos_bolt/univariate/Water_Quality_Darwin/15T/short/run_1 launch_id=selena_fine_time_20260929T092621Z_11326 slurm_job_id=3607388 launched_at=2026-09-29T11:02:19.219777+00:00
  Preparing input batches from Test split data...
    Total instances to forecast: 3780
  Running predictions (Batch size: 32)...
    Processed 320/3780...
    Processed 640/3780...
    Processed 960/3780...
    Processed 1280/3780...
    Processed 1600/3780...
    Processed 1920/3780...
    Processed 2240/3780...
    Processed 2560/3780...
    Processed 2880/3780...
    Processed 3200/3780...
    Processed 3520/3780...
TIME run allocation action=new run=/fslarge/scratch/users/h61084/codes/fine_time/outputs/task_finetuning/tasks/task_finetuned/chronos_bolt/univariate/Water_Quality_Darwin/15T/short/run_0 launch_id=selena_fine_time_20260929T092621Z_11326 slurm_job_id=3607388 launched_at=2026-09-29T11:02:23.565654+00:00
    Total instances: 3780, Series during experiment: 42, Windows: 90
    Collecting ground truth and context...
    Detected to_univariate case: 42 flat series -> 7 series x 6 variates
    Organizing data into arrays...
    Saved predictions (quantiles) to /fslarge/scratch/users/h61084/codes/fine_time/outputs/task_finetuning/tasks/task_finetuned/chronos_bolt/univariate/Water_Quality_Darwin/15T/short/run_0/predictions.npz
    Computing per-window metrics...
    Saved metrics to /fslarge/scratch/users/h61084/codes/fine_time/outputs/task_finetuning/tasks/task_finetuned/chronos_bolt/univariate/Water_Quality_Darwin/15T/short/run_0/metrics.npz
    Saved aggregate metrics to /fslarge/scratch/users/h61084/codes/fine_time/outputs/task_finetuning/tasks/task_finetuned/chronos_bolt/univariate/Water_Quality_Darwin/15T/short/run_0/metrics_summary.json
    Metrics summary (averaged over all series/windows/variates):
      MSE: 2.2253
      MAE: 0.4430
      RMSE: 0.5289
      MAPE: 0.0545
      sMAPE: 0.0521
      MASE: 0.6212
      ND: 0.0525
      CRPS: 0.0422
  Output: /fslarge/scratch/users/h61084/codes/fine_time/outputs/task_finetuning/tasks/task_finetuned/chronos_bolt/univariate/Water_Quality_Darwin/15T/short/run_0

============================================================
All experiments completed!
Results saved to: /scratch/users/h61084/codes/fine_time/outputs/task_finetuning/tasks/task_finetuned
============================================================
[75/90] evaluate chronos_bolt frozen on azure2019_U/5T/short
Loading configuration...

============================================================
Dataset: azure2019_U/5T
Model: amazon/chronos-bolt-base
Terms: ['short']
Instance normalization: none
============================================================
Loading Chronos-Bolt model: amazon/chronos-bolt-base from /fslarge/scratch/users/h61084/weights/chronos-bolt-base...
[2026-09-29 11:02:24 UTC] resources selected_device {"device": "cuda", "model": "chronos_bolt", "stage": "forecast"}

--- Term: short ---
  Config: prediction_length=48, test_length=288, val_length=96
  Dataset info:
    - Frequency: 5T
    - Num series: 78
    - Target dim: 3
    - Target mode: univariate
    - Series length: min=882, max=2006, avg=1406.1
    - Test split: 288 steps
    - Prediction length: 48
    - Windows: 6
TIME run allocation action=new run=/fslarge/scratch/users/h61084/codes/fine_time/outputs/task_finetuning/tasks/inference/chronos_bolt/univariate/azure2019_U/5T/short/run_0 launch_id=selena_fine_time_20260929T092621Z_11326 slurm_job_id=3607388 launched_at=2026-09-29T11:02:25.291554+00:00
  Preparing input batches from Test split data...
    Total instances to forecast: 1404
  Running predictions (Batch size: 32)...
    Processed 320/1404...
    Processed 640/1404...
    Processed 960/1404...
    Processed 1280/1404...
TIME run allocation action=new run=/fslarge/scratch/users/h61084/codes/fine_time/outputs/task_finetuning/tasks/frozen/chronos_bolt/univariate/azure2019_U/5T/short/run_0 launch_id=selena_fine_time_20260929T092621Z_11326 slurm_job_id=3607388 launched_at=2026-09-29T11:02:26.772572+00:00
    Total instances: 1404, Series during experiment: 234, Windows: 6
    Collecting ground truth and context...
    Detected to_univariate case: 234 flat series -> 78 series x 3 variates
    Organizing data into arrays...
    Saved predictions (quantiles) to /fslarge/scratch/users/h61084/codes/fine_time/outputs/task_finetuning/tasks/frozen/chronos_bolt/univariate/azure2019_U/5T/short/run_0/predictions.npz
    Computing per-window metrics...
    Saved metrics to /fslarge/scratch/users/h61084/codes/fine_time/outputs/task_finetuning/tasks/frozen/chronos_bolt/univariate/azure2019_U/5T/short/run_0/metrics.npz
    Saved aggregate metrics to /fslarge/scratch/users/h61084/codes/fine_time/outputs/task_finetuning/tasks/frozen/chronos_bolt/univariate/azure2019_U/5T/short/run_0/metrics_summary.json
    Metrics summary (averaged over all series/windows/variates):
      MSE: 71.6663
      MAE: 2.6218
      RMSE: 3.5617
      MAPE: 0.4058
      sMAPE: 0.2047
      MASE: 0.7730
      ND: 0.2184
      CRPS: 0.1794
  Output: /fslarge/scratch/users/h61084/codes/fine_time/outputs/task_finetuning/tasks/frozen/chronos_bolt/univariate/azure2019_U/5T/short/run_0

============================================================
All experiments completed!
Results saved to: /scratch/users/h61084/codes/fine_time/outputs/task_finetuning/tasks/frozen
============================================================
[75/90] evaluate chronos_bolt task_finetuned on azure2019_U/5T/short
Loading configuration...

============================================================
Dataset: azure2019_U/5T
Model: amazon/chronos-bolt-base
Terms: ['short']
Instance normalization: none
============================================================
Loading Chronos-Bolt model: amazon/chronos-bolt-base from /fslarge/scratch/users/h61084/codes/fine_time/outputs/task_finetuning/checkpoints/chronos_bolt/azure2019_U/5T/short/run_0/finetuned-ckpt...
[2026-09-29 11:02:27 UTC] resources selected_device {"device": "cuda", "model": "chronos_bolt", "stage": "forecast"}

--- Term: short ---
  Config: prediction_length=48, test_length=288, val_length=96
  Dataset info:
    - Frequency: 5T
    - Num series: 78
    - Target dim: 3
    - Target mode: univariate
    - Series length: min=882, max=2006, avg=1406.1
    - Test split: 288 steps
    - Prediction length: 48
    - Windows: 6
TIME run allocation action=new run=/fslarge/scratch/users/h61084/codes/fine_time/outputs/task_finetuning/tasks/inference/chronos_bolt/univariate/azure2019_U/5T/short/run_1 launch_id=selena_fine_time_20260929T092621Z_11326 slurm_job_id=3607388 launched_at=2026-09-29T11:02:28.938457+00:00
  Preparing input batches from Test split data...
    Total instances to forecast: 1404
  Running predictions (Batch size: 32)...
    Processed 320/1404...
    Processed 640/1404...
    Processed 960/1404...
    Processed 1280/1404...
TIME run allocation action=new run=/fslarge/scratch/users/h61084/codes/fine_time/outputs/task_finetuning/tasks/task_finetuned/chronos_bolt/univariate/azure2019_U/5T/short/run_0 launch_id=selena_fine_time_20260929T092621Z_11326 slurm_job_id=3607388 launched_at=2026-09-29T11:02:30.419678+00:00
    Total instances: 1404, Series during experiment: 234, Windows: 6
    Collecting ground truth and context...
    Detected to_univariate case: 234 flat series -> 78 series x 3 variates
    Organizing data into arrays...
    Saved predictions (quantiles) to /fslarge/scratch/users/h61084/codes/fine_time/outputs/task_finetuning/tasks/task_finetuned/chronos_bolt/univariate/azure2019_U/5T/short/run_0/predictions.npz
    Computing per-window metrics...
    Saved metrics to /fslarge/scratch/users/h61084/codes/fine_time/outputs/task_finetuning/tasks/task_finetuned/chronos_bolt/univariate/azure2019_U/5T/short/run_0/metrics.npz
    Saved aggregate metrics to /fslarge/scratch/users/h61084/codes/fine_time/outputs/task_finetuning/tasks/task_finetuned/chronos_bolt/univariate/azure2019_U/5T/short/run_0/metrics_summary.json
    Metrics summary (averaged over all series/windows/variates):
      MSE: 61.3955
      MAE: 2.4269
      RMSE: 3.3424
      MAPE: 0.4133
      sMAPE: 0.1924
      MASE: 0.7393
      ND: 0.2124
      CRPS: 0.1765
  Output: /fslarge/scratch/users/h61084/codes/fine_time/outputs/task_finetuning/tasks/task_finetuned/chronos_bolt/univariate/azure2019_U/5T/short/run_0

============================================================
All experiments completed!
Results saved to: /scratch/users/h61084/codes/fine_time/outputs/task_finetuning/tasks/task_finetuned
============================================================
[76/90] evaluate chronos_bolt frozen on current_velocity/10T/long
Loading configuration...

============================================================
Dataset: current_velocity/10T
Model: amazon/chronos-bolt-base
Terms: ['long']
Instance normalization: none
============================================================
Loading Chronos-Bolt model: amazon/chronos-bolt-base from /fslarge/scratch/users/h61084/weights/chronos-bolt-base...
[2026-09-29 11:02:30 UTC] resources selected_device {"device": "cuda", "model": "chronos_bolt", "stage": "forecast"}

--- Term: long ---
  Config: prediction_length=432, test_length=2160, val_length=2160
  Dataset info:
    - Frequency: 10T
    - Num series: 10
    - Target dim: 6
    - Target mode: univariate
    - Series length: min=7481, max=31957, avg=20668.5
    - Test split: 2160 steps
    - Prediction length: 432
    - Windows: 5
TIME run allocation action=new run=/fslarge/scratch/users/h61084/codes/fine_time/outputs/task_finetuning/tasks/inference/chronos_bolt/univariate/current_velocity/10T/long/run_0 launch_id=selena_fine_time_20260929T092621Z_11326 slurm_job_id=3607388 launched_at=2026-09-29T11:02:31.252497+00:00
  Preparing input batches from Test split data...
    Total instances to forecast: 300
  Running predictions (Batch size: 32)...
    Processed 300/300...
TIME run allocation action=new run=/fslarge/scratch/users/h61084/codes/fine_time/outputs/task_finetuning/tasks/frozen/chronos_bolt/univariate/current_velocity/10T/long/run_0 launch_id=selena_fine_time_20260929T092621Z_11326 slurm_job_id=3607388 launched_at=2026-09-29T11:02:47.025577+00:00
    Total instances: 300, Series during experiment: 60, Windows: 5
    Collecting ground truth and context...
    Detected to_univariate case: 60 flat series -> 10 series x 6 variates
    Organizing data into arrays...
    Saved predictions (quantiles) to /fslarge/scratch/users/h61084/codes/fine_time/outputs/task_finetuning/tasks/frozen/chronos_bolt/univariate/current_velocity/10T/long/run_0/predictions.npz
    Computing per-window metrics...
    Saved metrics to /fslarge/scratch/users/h61084/codes/fine_time/outputs/task_finetuning/tasks/frozen/chronos_bolt/univariate/current_velocity/10T/long/run_0/metrics.npz
    Saved aggregate metrics to /fslarge/scratch/users/h61084/codes/fine_time/outputs/task_finetuning/tasks/frozen/chronos_bolt/univariate/current_velocity/10T/long/run_0/metrics_summary.json
    Metrics summary (averaged over all series/windows/variates):
      MSE: 15.1093
      MAE: 1.2842
      RMSE: 1.6389
      MAPE: 3748.8332
      sMAPE: 0.6637
      MASE: 1.3770
      ND: 0.4700
      CRPS: 0.3896
  Output: /fslarge/scratch/users/h61084/codes/fine_time/outputs/task_finetuning/tasks/frozen/chronos_bolt/univariate/current_velocity/10T/long/run_0

============================================================
All experiments completed!
Results saved to: /scratch/users/h61084/codes/fine_time/outputs/task_finetuning/tasks/frozen
============================================================
[76/90] evaluate chronos_bolt task_finetuned on current_velocity/10T/long
Loading configuration...

============================================================
Dataset: current_velocity/10T
Model: amazon/chronos-bolt-base
Terms: ['long']
Instance normalization: none
============================================================
Loading Chronos-Bolt model: amazon/chronos-bolt-base from /fslarge/scratch/users/h61084/codes/fine_time/outputs/task_finetuning/checkpoints/chronos_bolt/current_velocity/10T/long/run_0/finetuned-ckpt...
[2026-09-29 11:02:47 UTC] resources selected_device {"device": "cuda", "model": "chronos_bolt", "stage": "forecast"}

--- Term: long ---
  Config: prediction_length=432, test_length=2160, val_length=2160
  Dataset info:
    - Frequency: 10T
    - Num series: 10
    - Target dim: 6
    - Target mode: univariate
    - Series length: min=7481, max=31957, avg=20668.5
    - Test split: 2160 steps
    - Prediction length: 432
    - Windows: 5
TIME run allocation action=new run=/fslarge/scratch/users/h61084/codes/fine_time/outputs/task_finetuning/tasks/inference/chronos_bolt/univariate/current_velocity/10T/long/run_1 launch_id=selena_fine_time_20260929T092621Z_11326 slurm_job_id=3607388 launched_at=2026-09-29T11:02:48.967048+00:00
  Preparing input batches from Test split data...
    Total instances to forecast: 300
  Running predictions (Batch size: 32)...
    Processed 300/300...
TIME run allocation action=new run=/fslarge/scratch/users/h61084/codes/fine_time/outputs/task_finetuning/tasks/task_finetuned/chronos_bolt/univariate/current_velocity/10T/long/run_0 launch_id=selena_fine_time_20260929T092621Z_11326 slurm_job_id=3607388 launched_at=2026-09-29T11:03:04.585337+00:00
    Total instances: 300, Series during experiment: 60, Windows: 5
    Collecting ground truth and context...
    Detected to_univariate case: 60 flat series -> 10 series x 6 variates
    Organizing data into arrays...
    Saved predictions (quantiles) to /fslarge/scratch/users/h61084/codes/fine_time/outputs/task_finetuning/tasks/task_finetuned/chronos_bolt/univariate/current_velocity/10T/long/run_0/predictions.npz
    Computing per-window metrics...
    Saved metrics to /fslarge/scratch/users/h61084/codes/fine_time/outputs/task_finetuning/tasks/task_finetuned/chronos_bolt/univariate/current_velocity/10T/long/run_0/metrics.npz
    Saved aggregate metrics to /fslarge/scratch/users/h61084/codes/fine_time/outputs/task_finetuning/tasks/task_finetuned/chronos_bolt/univariate/current_velocity/10T/long/run_0/metrics_summary.json
    Metrics summary (averaged over all series/windows/variates):
      MSE: 13.7749
      MAE: 1.1615
      RMSE: 1.5014
      MAPE: 3505.7760
      sMAPE: 0.5742
      MASE: 1.0684
      ND: 0.4031
      CRPS: 0.3350
  Output: /fslarge/scratch/users/h61084/codes/fine_time/outputs/task_finetuning/tasks/task_finetuned/chronos_bolt/univariate/current_velocity/10T/long/run_0

============================================================
All experiments completed!
Results saved to: /scratch/users/h61084/codes/fine_time/outputs/task_finetuning/tasks/task_finetuned
============================================================
[77/90] evaluate chronos_bolt frozen on current_velocity/10T/medium
Loading configuration...

============================================================
Dataset: current_velocity/10T
Model: amazon/chronos-bolt-base
Terms: ['medium']
Instance normalization: none
============================================================
Loading Chronos-Bolt model: amazon/chronos-bolt-base from /fslarge/scratch/users/h61084/weights/chronos-bolt-base...
[2026-09-29 11:03:04 UTC] resources selected_device {"device": "cuda", "model": "chronos_bolt", "stage": "forecast"}

--- Term: medium ---
  Config: prediction_length=144, test_length=2160, val_length=2160
  Dataset info:
    - Frequency: 10T
    - Num series: 10
    - Target dim: 6
    - Target mode: univariate
    - Series length: min=7481, max=31957, avg=20668.5
    - Test split: 2160 steps
    - Prediction length: 144
    - Windows: 15
TIME run allocation action=new run=/fslarge/scratch/users/h61084/codes/fine_time/outputs/task_finetuning/tasks/inference/chronos_bolt/univariate/current_velocity/10T/medium/run_0 launch_id=selena_fine_time_20260929T092621Z_11326 slurm_job_id=3607388 launched_at=2026-09-29T11:03:05.257381+00:00
  Preparing input batches from Test split data...
    Total instances to forecast: 900
  Running predictions (Batch size: 32)...
    Processed 320/900...
    Processed 640/900...
TIME run allocation action=new run=/fslarge/scratch/users/h61084/codes/fine_time/outputs/task_finetuning/tasks/frozen/chronos_bolt/univariate/current_velocity/10T/medium/run_0 launch_id=selena_fine_time_20260929T092621Z_11326 slurm_job_id=3607388 launched_at=2026-09-29T11:03:21.504315+00:00
    Total instances: 900, Series during experiment: 60, Windows: 15
    Collecting ground truth and context...
    Detected to_univariate case: 60 flat series -> 10 series x 6 variates
    Organizing data into arrays...
    Saved predictions (quantiles) to /fslarge/scratch/users/h61084/codes/fine_time/outputs/task_finetuning/tasks/frozen/chronos_bolt/univariate/current_velocity/10T/medium/run_0/predictions.npz
    Computing per-window metrics...
    Saved metrics to /fslarge/scratch/users/h61084/codes/fine_time/outputs/task_finetuning/tasks/frozen/chronos_bolt/univariate/current_velocity/10T/medium/run_0/metrics.npz
    Saved aggregate metrics to /fslarge/scratch/users/h61084/codes/fine_time/outputs/task_finetuning/tasks/frozen/chronos_bolt/univariate/current_velocity/10T/medium/run_0/metrics_summary.json
    Metrics summary (averaged over all series/windows/variates):
      MSE: 11.3586
      MAE: 1.0474
      RMSE: 1.3689
      MAPE: 3522.4399
      sMAPE: 0.5790
      MASE: 1.0028
      ND: 0.4063
      CRPS: 0.3247
  Output: /fslarge/scratch/users/h61084/codes/fine_time/outputs/task_finetuning/tasks/frozen/chronos_bolt/univariate/current_velocity/10T/medium/run_0

============================================================
All experiments completed!
Results saved to: /scratch/users/h61084/codes/fine_time/outputs/task_finetuning/tasks/frozen
============================================================
[77/90] evaluate chronos_bolt task_finetuned on current_velocity/10T/medium
Loading configuration...

============================================================
Dataset: current_velocity/10T
Model: amazon/chronos-bolt-base
Terms: ['medium']
Instance normalization: none
============================================================
Loading Chronos-Bolt model: amazon/chronos-bolt-base from /fslarge/scratch/users/h61084/codes/fine_time/outputs/task_finetuning/checkpoints/chronos_bolt/current_velocity/10T/medium/run_0/finetuned-ckpt...
[2026-09-29 11:03:21 UTC] resources selected_device {"device": "cuda", "model": "chronos_bolt", "stage": "forecast"}

--- Term: medium ---
  Config: prediction_length=144, test_length=2160, val_length=2160
  Dataset info:
    - Frequency: 10T
    - Num series: 10
    - Target dim: 6
    - Target mode: univariate
    - Series length: min=7481, max=31957, avg=20668.5
    - Test split: 2160 steps
    - Prediction length: 144
    - Windows: 15
TIME run allocation action=new run=/fslarge/scratch/users/h61084/codes/fine_time/outputs/task_finetuning/tasks/inference/chronos_bolt/univariate/current_velocity/10T/medium/run_1 launch_id=selena_fine_time_20260929T092621Z_11326 slurm_job_id=3607388 launched_at=2026-09-29T11:03:23.777775+00:00
  Preparing input batches from Test split data...
    Total instances to forecast: 900
  Running predictions (Batch size: 32)...
    Processed 320/900...
    Processed 640/900...
TIME run allocation action=new run=/fslarge/scratch/users/h61084/codes/fine_time/outputs/task_finetuning/tasks/task_finetuned/chronos_bolt/univariate/current_velocity/10T/medium/run_0 launch_id=selena_fine_time_20260929T092621Z_11326 slurm_job_id=3607388 launched_at=2026-09-29T11:03:40.022173+00:00
    Total instances: 900, Series during experiment: 60, Windows: 15
    Collecting ground truth and context...
    Detected to_univariate case: 60 flat series -> 10 series x 6 variates
    Organizing data into arrays...
    Saved predictions (quantiles) to /fslarge/scratch/users/h61084/codes/fine_time/outputs/task_finetuning/tasks/task_finetuned/chronos_bolt/univariate/current_velocity/10T/medium/run_0/predictions.npz
    Computing per-window metrics...
    Saved metrics to /fslarge/scratch/users/h61084/codes/fine_time/outputs/task_finetuning/tasks/task_finetuned/chronos_bolt/univariate/current_velocity/10T/medium/run_0/metrics.npz
    Saved aggregate metrics to /fslarge/scratch/users/h61084/codes/fine_time/outputs/task_finetuning/tasks/task_finetuned/chronos_bolt/univariate/current_velocity/10T/medium/run_0/metrics_summary.json
    Metrics summary (averaged over all series/windows/variates):
      MSE: 10.2392
      MAE: 0.9391
      RMSE: 1.2448
      MAPE: 3519.3898
      sMAPE: 0.5066
      MASE: 0.7637
      ND: 0.3513
      CRPS: 0.2804
  Output: /fslarge/scratch/users/h61084/codes/fine_time/outputs/task_finetuning/tasks/task_finetuned/chronos_bolt/univariate/current_velocity/10T/medium/run_0

============================================================
All experiments completed!
Results saved to: /scratch/users/h61084/codes/fine_time/outputs/task_finetuning/tasks/task_finetuned
============================================================
[78/90] evaluate chronos_bolt frozen on current_velocity/10T/short
Loading configuration...

============================================================
Dataset: current_velocity/10T
Model: amazon/chronos-bolt-base
Terms: ['short']
Instance normalization: none
============================================================
Loading Chronos-Bolt model: amazon/chronos-bolt-base from /fslarge/scratch/users/h61084/weights/chronos-bolt-base...
[2026-09-29 11:03:40 UTC] resources selected_device {"device": "cuda", "model": "chronos_bolt", "stage": "forecast"}

--- Term: short ---
  Config: prediction_length=18, test_length=2160, val_length=2160
  Dataset info:
    - Frequency: 10T
    - Num series: 10
    - Target dim: 6
    - Target mode: univariate
    - Series length: min=7481, max=31957, avg=20668.5
    - Test split: 2160 steps
    - Prediction length: 18
    - Windows: 120
TIME run allocation action=new run=/fslarge/scratch/users/h61084/codes/fine_time/outputs/task_finetuning/tasks/inference/chronos_bolt/univariate/current_velocity/10T/short/run_0 launch_id=selena_fine_time_20260929T092621Z_11326 slurm_job_id=3607388 launched_at=2026-09-29T11:03:40.903694+00:00
  Preparing input batches from Test split data...
    Total instances to forecast: 7200
  Running predictions (Batch size: 32)...
    Processed 320/7200...
    Processed 640/7200...
    Processed 960/7200...
    Processed 1280/7200...
    Processed 1600/7200...
    Processed 1920/7200...
    Processed 2240/7200...
    Processed 2560/7200...
    Processed 2880/7200...
    Processed 3200/7200...
    Processed 3520/7200...
    Processed 3840/7200...
    Processed 4160/7200...
    Processed 4480/7200...
    Processed 4800/7200...
    Processed 5120/7200...
    Processed 5440/7200...
    Processed 5760/7200...
    Processed 6080/7200...
    Processed 6400/7200...
    Processed 6720/7200...
    Processed 7040/7200...
TIME run allocation action=new run=/fslarge/scratch/users/h61084/codes/fine_time/outputs/task_finetuning/tasks/frozen/chronos_bolt/univariate/current_velocity/10T/short/run_0 launch_id=selena_fine_time_20260929T092621Z_11326 slurm_job_id=3607388 launched_at=2026-09-29T11:03:49.112098+00:00
    Total instances: 7200, Series during experiment: 60, Windows: 120
    Collecting ground truth and context...
    Detected to_univariate case: 60 flat series -> 10 series x 6 variates
    Organizing data into arrays...
    Saved predictions (quantiles) to /fslarge/scratch/users/h61084/codes/fine_time/outputs/task_finetuning/tasks/frozen/chronos_bolt/univariate/current_velocity/10T/short/run_0/predictions.npz
    Computing per-window metrics...
    Saved metrics to /fslarge/scratch/users/h61084/codes/fine_time/outputs/task_finetuning/tasks/frozen/chronos_bolt/univariate/current_velocity/10T/short/run_0/metrics.npz
    Saved aggregate metrics to /fslarge/scratch/users/h61084/codes/fine_time/outputs/task_finetuning/tasks/frozen/chronos_bolt/univariate/current_velocity/10T/short/run_0/metrics_summary.json
    Metrics summary (averaged over all series/windows/variates):
      MSE: 7.9602
      MAE: 0.7884
      RMSE: 0.9842
      MAPE: 3153.9640
      sMAPE: 0.4770
      MASE: 0.6438
      ND: 0.3664
      CRPS: 0.2891
  Output: /fslarge/scratch/users/h61084/codes/fine_time/outputs/task_finetuning/tasks/frozen/chronos_bolt/univariate/current_velocity/10T/short/run_0

============================================================
All experiments completed!
Results saved to: /scratch/users/h61084/codes/fine_time/outputs/task_finetuning/tasks/frozen
============================================================
[78/90] evaluate chronos_bolt task_finetuned on current_velocity/10T/short
Loading configuration...

============================================================
Dataset: current_velocity/10T
Model: amazon/chronos-bolt-base
Terms: ['short']
Instance normalization: none
============================================================
Loading Chronos-Bolt model: amazon/chronos-bolt-base from /fslarge/scratch/users/h61084/codes/fine_time/outputs/task_finetuning/checkpoints/chronos_bolt/current_velocity/10T/short/run_0/finetuned-ckpt...
[2026-09-29 11:03:51 UTC] resources selected_device {"device": "cuda", "model": "chronos_bolt", "stage": "forecast"}

--- Term: short ---
  Config: prediction_length=18, test_length=2160, val_length=2160
  Dataset info:
    - Frequency: 10T
    - Num series: 10
    - Target dim: 6
    - Target mode: univariate
    - Series length: min=7481, max=31957, avg=20668.5
    - Test split: 2160 steps
    - Prediction length: 18
    - Windows: 120
TIME run allocation action=new run=/fslarge/scratch/users/h61084/codes/fine_time/outputs/task_finetuning/tasks/inference/chronos_bolt/univariate/current_velocity/10T/short/run_1 launch_id=selena_fine_time_20260929T092621Z_11326 slurm_job_id=3607388 launched_at=2026-09-29T11:03:53.415865+00:00
  Preparing input batches from Test split data...
    Total instances to forecast: 7200
  Running predictions (Batch size: 32)...
    Processed 320/7200...
    Processed 640/7200...
    Processed 960/7200...
    Processed 1280/7200...
    Processed 1600/7200...
    Processed 1920/7200...
    Processed 2240/7200...
    Processed 2560/7200...
    Processed 2880/7200...
    Processed 3200/7200...
    Processed 3520/7200...
    Processed 3840/7200...
    Processed 4160/7200...
    Processed 4480/7200...
    Processed 4800/7200...
    Processed 5120/7200...
    Processed 5440/7200...
    Processed 5760/7200...
    Processed 6080/7200...
    Processed 6400/7200...
    Processed 6720/7200...
    Processed 7040/7200...
TIME run allocation action=new run=/fslarge/scratch/users/h61084/codes/fine_time/outputs/task_finetuning/tasks/task_finetuned/chronos_bolt/univariate/current_velocity/10T/short/run_0 launch_id=selena_fine_time_20260929T092621Z_11326 slurm_job_id=3607388 launched_at=2026-09-29T11:04:01.658112+00:00
    Total instances: 7200, Series during experiment: 60, Windows: 120
    Collecting ground truth and context...
    Detected to_univariate case: 60 flat series -> 10 series x 6 variates
    Organizing data into arrays...
    Saved predictions (quantiles) to /fslarge/scratch/users/h61084/codes/fine_time/outputs/task_finetuning/tasks/task_finetuned/chronos_bolt/univariate/current_velocity/10T/short/run_0/predictions.npz
    Computing per-window metrics...
    Saved metrics to /fslarge/scratch/users/h61084/codes/fine_time/outputs/task_finetuning/tasks/task_finetuned/chronos_bolt/univariate/current_velocity/10T/short/run_0/metrics.npz
    Saved aggregate metrics to /fslarge/scratch/users/h61084/codes/fine_time/outputs/task_finetuning/tasks/task_finetuned/chronos_bolt/univariate/current_velocity/10T/short/run_0/metrics_summary.json
    Metrics summary (averaged over all series/windows/variates):
      MSE: 7.5268
      MAE: 0.7487
      RMSE: 0.9412
      MAPE: 3091.5678
      sMAPE: 0.4534
      MASE: 0.5703
      ND: 0.3402
      CRPS: 0.2682
  Output: /fslarge/scratch/users/h61084/codes/fine_time/outputs/task_finetuning/tasks/task_finetuned/chronos_bolt/univariate/current_velocity/10T/short/run_0

============================================================
All experiments completed!
Results saved to: /scratch/users/h61084/codes/fine_time/outputs/task_finetuning/tasks/task_finetuned
============================================================
[79/90] evaluate chronos_bolt frozen on current_velocity/15T/long
Loading configuration...

============================================================
Dataset: current_velocity/15T
Model: amazon/chronos-bolt-base
Terms: ['long']
Instance normalization: none
============================================================
Loading Chronos-Bolt model: amazon/chronos-bolt-base from /fslarge/scratch/users/h61084/weights/chronos-bolt-base...
[2026-09-29 11:04:04 UTC] resources selected_device {"device": "cuda", "model": "chronos_bolt", "stage": "forecast"}

--- Term: long ---
  Config: prediction_length=288, test_length=1440, val_length=1440
  Dataset info:
    - Frequency: 15T
    - Num series: 5
    - Target dim: 6
    - Target mode: univariate
    - Series length: min=3710, max=17953, avg=8503.2
    - Test split: 1440 steps
    - Prediction length: 288
    - Windows: 5
TIME run allocation action=new run=/fslarge/scratch/users/h61084/codes/fine_time/outputs/task_finetuning/tasks/inference/chronos_bolt/univariate/current_velocity/15T/long/run_0 launch_id=selena_fine_time_20260929T092621Z_11326 slurm_job_id=3607388 launched_at=2026-09-29T11:04:04.695034+00:00
  Preparing input batches from Test split data...
    Total instances to forecast: 150
  Running predictions (Batch size: 32)...
TIME run allocation action=new run=/fslarge/scratch/users/h61084/codes/fine_time/outputs/task_finetuning/tasks/frozen/chronos_bolt/univariate/current_velocity/15T/long/run_0 launch_id=selena_fine_time_20260929T092621Z_11326 slurm_job_id=3607388 launched_at=2026-09-29T11:04:09.963952+00:00
    Total instances: 150, Series during experiment: 30, Windows: 5
    Collecting ground truth and context...
    Detected to_univariate case: 30 flat series -> 5 series x 6 variates
    Organizing data into arrays...
    Saved predictions (quantiles) to /fslarge/scratch/users/h61084/codes/fine_time/outputs/task_finetuning/tasks/frozen/chronos_bolt/univariate/current_velocity/15T/long/run_0/predictions.npz
    Computing per-window metrics...
    Saved metrics to /fslarge/scratch/users/h61084/codes/fine_time/outputs/task_finetuning/tasks/frozen/chronos_bolt/univariate/current_velocity/15T/long/run_0/metrics.npz
    Saved aggregate metrics to /fslarge/scratch/users/h61084/codes/fine_time/outputs/task_finetuning/tasks/frozen/chronos_bolt/univariate/current_velocity/15T/long/run_0/metrics_summary.json
    Metrics summary (averaged over all series/windows/variates):
      MSE: 10.5123
      MAE: 1.0601
      RMSE: 1.3442
      MAPE: 130329.3529
      sMAPE: 0.5984
      MASE: 0.9310
      ND: 0.4659
      CRPS: 0.3745
  Output: /fslarge/scratch/users/h61084/codes/fine_time/outputs/task_finetuning/tasks/frozen/chronos_bolt/univariate/current_velocity/15T/long/run_0

============================================================
All experiments completed!
Results saved to: /scratch/users/h61084/codes/fine_time/outputs/task_finetuning/tasks/frozen
============================================================
[79/90] evaluate chronos_bolt task_finetuned on current_velocity/15T/long
Loading configuration...

============================================================
Dataset: current_velocity/15T
Model: amazon/chronos-bolt-base
Terms: ['long']
Instance normalization: none
============================================================
Loading Chronos-Bolt model: amazon/chronos-bolt-base from /fslarge/scratch/users/h61084/codes/fine_time/outputs/task_finetuning/checkpoints/chronos_bolt/current_velocity/15T/long/run_0/finetuned-ckpt...
[2026-09-29 11:04:10 UTC] resources selected_device {"device": "cuda", "model": "chronos_bolt", "stage": "forecast"}

--- Term: long ---
  Config: prediction_length=288, test_length=1440, val_length=1440
  Dataset info:
    - Frequency: 15T
    - Num series: 5
    - Target dim: 6
    - Target mode: univariate
    - Series length: min=3710, max=17953, avg=8503.2
    - Test split: 1440 steps
    - Prediction length: 288
    - Windows: 5
TIME run allocation action=new run=/fslarge/scratch/users/h61084/codes/fine_time/outputs/task_finetuning/tasks/inference/chronos_bolt/univariate/current_velocity/15T/long/run_1 launch_id=selena_fine_time_20260929T092621Z_11326 slurm_job_id=3607388 launched_at=2026-09-29T11:04:11.659123+00:00
  Preparing input batches from Test split data...
    Total instances to forecast: 150
  Running predictions (Batch size: 32)...
TIME run allocation action=new run=/fslarge/scratch/users/h61084/codes/fine_time/outputs/task_finetuning/tasks/task_finetuned/chronos_bolt/univariate/current_velocity/15T/long/run_0 launch_id=selena_fine_time_20260929T092621Z_11326 slurm_job_id=3607388 launched_at=2026-09-29T11:04:16.921747+00:00
    Total instances: 150, Series during experiment: 30, Windows: 5
    Collecting ground truth and context...
    Detected to_univariate case: 30 flat series -> 5 series x 6 variates
    Organizing data into arrays...
    Saved predictions (quantiles) to /fslarge/scratch/users/h61084/codes/fine_time/outputs/task_finetuning/tasks/task_finetuned/chronos_bolt/univariate/current_velocity/15T/long/run_0/predictions.npz
    Computing per-window metrics...
    Saved metrics to /fslarge/scratch/users/h61084/codes/fine_time/outputs/task_finetuning/tasks/task_finetuned/chronos_bolt/univariate/current_velocity/15T/long/run_0/metrics.npz
    Saved aggregate metrics to /fslarge/scratch/users/h61084/codes/fine_time/outputs/task_finetuning/tasks/task_finetuned/chronos_bolt/univariate/current_velocity/15T/long/run_0/metrics_summary.json
    Metrics summary (averaged over all series/windows/variates):
      MSE: 11.1423
      MAE: 1.0952
      RMSE: 1.3767
      MAPE: 124825.6731
      sMAPE: 0.5984
      MASE: 0.8877
      ND: 0.4659
      CRPS: 0.3819
  Output: /fslarge/scratch/users/h61084/codes/fine_time/outputs/task_finetuning/tasks/task_finetuned/chronos_bolt/univariate/current_velocity/15T/long/run_0

============================================================
All experiments completed!
Results saved to: /scratch/users/h61084/codes/fine_time/outputs/task_finetuning/tasks/task_finetuned
============================================================
[80/90] evaluate chronos_bolt frozen on current_velocity/15T/medium
Loading configuration...

============================================================
Dataset: current_velocity/15T
Model: amazon/chronos-bolt-base
Terms: ['medium']
Instance normalization: none
============================================================
Loading Chronos-Bolt model: amazon/chronos-bolt-base from /fslarge/scratch/users/h61084/weights/chronos-bolt-base...
[2026-09-29 11:04:17 UTC] resources selected_device {"device": "cuda", "model": "chronos_bolt", "stage": "forecast"}

--- Term: medium ---
  Config: prediction_length=96, test_length=1440, val_length=1440
  Dataset info:
    - Frequency: 15T
    - Num series: 5
    - Target dim: 6
    - Target mode: univariate
    - Series length: min=3710, max=17953, avg=8503.2
    - Test split: 1440 steps
    - Prediction length: 96
    - Windows: 15
TIME run allocation action=new run=/fslarge/scratch/users/h61084/codes/fine_time/outputs/task_finetuning/tasks/inference/chronos_bolt/univariate/current_velocity/15T/medium/run_0 launch_id=selena_fine_time_20260929T092621Z_11326 slurm_job_id=3607388 launched_at=2026-09-29T11:04:17.555603+00:00
  Preparing input batches from Test split data...
    Total instances to forecast: 450
  Running predictions (Batch size: 32)...
    Processed 320/450...
TIME run allocation action=new run=/fslarge/scratch/users/h61084/codes/fine_time/outputs/task_finetuning/tasks/frozen/chronos_bolt/univariate/current_velocity/15T/medium/run_0 launch_id=selena_fine_time_20260929T092621Z_11326 slurm_job_id=3607388 launched_at=2026-09-29T11:04:21.867602+00:00
    Total instances: 450, Series during experiment: 30, Windows: 15
    Collecting ground truth and context...
    Detected to_univariate case: 30 flat series -> 5 series x 6 variates
    Organizing data into arrays...
    Saved predictions (quantiles) to /fslarge/scratch/users/h61084/codes/fine_time/outputs/task_finetuning/tasks/frozen/chronos_bolt/univariate/current_velocity/15T/medium/run_0/predictions.npz
    Computing per-window metrics...
    Saved metrics to /fslarge/scratch/users/h61084/codes/fine_time/outputs/task_finetuning/tasks/frozen/chronos_bolt/univariate/current_velocity/15T/medium/run_0/metrics.npz
    Saved aggregate metrics to /fslarge/scratch/users/h61084/codes/fine_time/outputs/task_finetuning/tasks/frozen/chronos_bolt/univariate/current_velocity/15T/medium/run_0/metrics_summary.json
    Metrics summary (averaged over all series/windows/variates):
      MSE: 9.1512
      MAE: 0.9650
      RMSE: 1.2224
      MAPE: 139731.8669
      sMAPE: 0.5753
      MASE: 0.7820
      ND: 0.4432
      CRPS: 0.3476
  Output: /fslarge/scratch/users/h61084/codes/fine_time/outputs/task_finetuning/tasks/frozen/chronos_bolt/univariate/current_velocity/15T/medium/run_0

============================================================
All experiments completed!
Results saved to: /scratch/users/h61084/codes/fine_time/outputs/task_finetuning/tasks/frozen
============================================================
[80/90] evaluate chronos_bolt task_finetuned on current_velocity/15T/medium
Loading configuration...

============================================================
Dataset: current_velocity/15T
Model: amazon/chronos-bolt-base
Terms: ['medium']
Instance normalization: none
============================================================
Loading Chronos-Bolt model: amazon/chronos-bolt-base from /fslarge/scratch/users/h61084/codes/fine_time/outputs/task_finetuning/checkpoints/chronos_bolt/current_velocity/15T/medium/run_0/finetuned-ckpt...
[2026-09-29 11:04:22 UTC] resources selected_device {"device": "cuda", "model": "chronos_bolt", "stage": "forecast"}

--- Term: medium ---
  Config: prediction_length=96, test_length=1440, val_length=1440
  Dataset info:
    - Frequency: 15T
    - Num series: 5
    - Target dim: 6
    - Target mode: univariate
    - Series length: min=3710, max=17953, avg=8503.2
    - Test split: 1440 steps
    - Prediction length: 96
    - Windows: 15
TIME run allocation action=new run=/fslarge/scratch/users/h61084/codes/fine_time/outputs/task_finetuning/tasks/inference/chronos_bolt/univariate/current_velocity/15T/medium/run_1 launch_id=selena_fine_time_20260929T092621Z_11326 slurm_job_id=3607388 launched_at=2026-09-29T11:04:23.601352+00:00
  Preparing input batches from Test split data...
    Total instances to forecast: 450
  Running predictions (Batch size: 32)...
    Processed 320/450...
TIME run allocation action=new run=/fslarge/scratch/users/h61084/codes/fine_time/outputs/task_finetuning/tasks/task_finetuned/chronos_bolt/univariate/current_velocity/15T/medium/run_0 launch_id=selena_fine_time_20260929T092621Z_11326 slurm_job_id=3607388 launched_at=2026-09-29T11:04:27.932130+00:00
    Total instances: 450, Series during experiment: 30, Windows: 15
    Collecting ground truth and context...
    Detected to_univariate case: 30 flat series -> 5 series x 6 variates
    Organizing data into arrays...
    Saved predictions (quantiles) to /fslarge/scratch/users/h61084/codes/fine_time/outputs/task_finetuning/tasks/task_finetuned/chronos_bolt/univariate/current_velocity/15T/medium/run_0/predictions.npz
    Computing per-window metrics...
    Saved metrics to /fslarge/scratch/users/h61084/codes/fine_time/outputs/task_finetuning/tasks/task_finetuned/chronos_bolt/univariate/current_velocity/15T/medium/run_0/metrics.npz
    Saved aggregate metrics to /fslarge/scratch/users/h61084/codes/fine_time/outputs/task_finetuning/tasks/task_finetuned/chronos_bolt/univariate/current_velocity/15T/medium/run_0/metrics_summary.json
    Metrics summary (averaged over all series/windows/variates):
      MSE: 9.3119
      MAE: 0.9765
      RMSE: 1.2271
      MAPE: 130953.8886
      sMAPE: 0.5747
      MASE: 0.7450
      ND: 0.4398
      CRPS: 0.3461
  Output: /fslarge/scratch/users/h61084/codes/fine_time/outputs/task_finetuning/tasks/task_finetuned/chronos_bolt/univariate/current_velocity/15T/medium/run_0

============================================================
All experiments completed!
Results saved to: /scratch/users/h61084/codes/fine_time/outputs/task_finetuning/tasks/task_finetuned
============================================================
[81/90] evaluate chronos_bolt frozen on current_velocity/15T/short
Loading configuration...

============================================================
Dataset: current_velocity/15T
Model: amazon/chronos-bolt-base
Terms: ['short']
Instance normalization: none
============================================================
Loading Chronos-Bolt model: amazon/chronos-bolt-base from /fslarge/scratch/users/h61084/weights/chronos-bolt-base...
[2026-09-29 11:04:28 UTC] resources selected_device {"device": "cuda", "model": "chronos_bolt", "stage": "forecast"}

--- Term: short ---
  Config: prediction_length=12, test_length=1440, val_length=1440
  Dataset info:
    - Frequency: 15T
    - Num series: 5
    - Target dim: 6
    - Target mode: univariate
    - Series length: min=3710, max=17953, avg=8503.2
    - Test split: 1440 steps
    - Prediction length: 12
    - Windows: 120
TIME run allocation action=new run=/fslarge/scratch/users/h61084/codes/fine_time/outputs/task_finetuning/tasks/inference/chronos_bolt/univariate/current_velocity/15T/short/run_0 launch_id=selena_fine_time_20260929T092621Z_11326 slurm_job_id=3607388 launched_at=2026-09-29T11:04:28.521586+00:00
  Preparing input batches from Test split data...
    Total instances to forecast: 3600
  Running predictions (Batch size: 32)...
    Processed 320/3600...
    Processed 640/3600...
    Processed 960/3600...
    Processed 1280/3600...
    Processed 1600/3600...
    Processed 1920/3600...
    Processed 2240/3600...
    Processed 2560/3600...
    Processed 2880/3600...
    Processed 3200/3600...
    Processed 3520/3600...
TIME run allocation action=new run=/fslarge/scratch/users/h61084/codes/fine_time/outputs/task_finetuning/tasks/frozen/chronos_bolt/univariate/current_velocity/15T/short/run_0 launch_id=selena_fine_time_20260929T092621Z_11326 slurm_job_id=3607388 launched_at=2026-09-29T11:04:32.611946+00:00
    Total instances: 3600, Series during experiment: 30, Windows: 120
    Collecting ground truth and context...
    Detected to_univariate case: 30 flat series -> 5 series x 6 variates
    Organizing data into arrays...
    Saved predictions (quantiles) to /fslarge/scratch/users/h61084/codes/fine_time/outputs/task_finetuning/tasks/frozen/chronos_bolt/univariate/current_velocity/15T/short/run_0/predictions.npz
    Computing per-window metrics...
    Saved metrics to /fslarge/scratch/users/h61084/codes/fine_time/outputs/task_finetuning/tasks/frozen/chronos_bolt/univariate/current_velocity/15T/short/run_0/metrics.npz
    Saved aggregate metrics to /fslarge/scratch/users/h61084/codes/fine_time/outputs/task_finetuning/tasks/frozen/chronos_bolt/univariate/current_velocity/15T/short/run_0/metrics_summary.json
    Metrics summary (averaged over all series/windows/variates):
      MSE: 6.1848
      MAE: 0.7491
      RMSE: 0.9121
      MAPE: 122084.3246
      sMAPE: 0.4684
      MASE: 0.5264
      ND: 0.3921
      CRPS: 0.3074
  Output: /fslarge/scratch/users/h61084/codes/fine_time/outputs/task_finetuning/tasks/frozen/chronos_bolt/univariate/current_velocity/15T/short/run_0

============================================================
All experiments completed!
Results saved to: /scratch/users/h61084/codes/fine_time/outputs/task_finetuning/tasks/frozen
============================================================
[81/90] evaluate chronos_bolt task_finetuned on current_velocity/15T/short
Loading configuration...

============================================================
Dataset: current_velocity/15T
Model: amazon/chronos-bolt-base
Terms: ['short']
Instance normalization: none
============================================================
Loading Chronos-Bolt model: amazon/chronos-bolt-base from /fslarge/scratch/users/h61084/codes/fine_time/outputs/task_finetuning/checkpoints/chronos_bolt/current_velocity/15T/short/run_0/finetuned-ckpt...
[2026-09-29 11:04:33 UTC] resources selected_device {"device": "cuda", "model": "chronos_bolt", "stage": "forecast"}

--- Term: short ---
  Config: prediction_length=12, test_length=1440, val_length=1440
  Dataset info:
    - Frequency: 15T
    - Num series: 5
    - Target dim: 6
    - Target mode: univariate
    - Series length: min=3710, max=17953, avg=8503.2
    - Test split: 1440 steps
    - Prediction length: 12
    - Windows: 120
TIME run allocation action=new run=/fslarge/scratch/users/h61084/codes/fine_time/outputs/task_finetuning/tasks/inference/chronos_bolt/univariate/current_velocity/15T/short/run_1 launch_id=selena_fine_time_20260929T092621Z_11326 slurm_job_id=3607388 launched_at=2026-09-29T11:04:35.363518+00:00
  Preparing input batches from Test split data...
    Total instances to forecast: 3600
  Running predictions (Batch size: 32)...
    Processed 320/3600...
    Processed 640/3600...
    Processed 960/3600...
    Processed 1280/3600...
    Processed 1600/3600...
    Processed 1920/3600...
    Processed 2240/3600...
    Processed 2560/3600...
    Processed 2880/3600...
    Processed 3200/3600...
    Processed 3520/3600...
TIME run allocation action=new run=/fslarge/scratch/users/h61084/codes/fine_time/outputs/task_finetuning/tasks/task_finetuned/chronos_bolt/univariate/current_velocity/15T/short/run_0 launch_id=selena_fine_time_20260929T092621Z_11326 slurm_job_id=3607388 launched_at=2026-09-29T11:04:39.451962+00:00
    Total instances: 3600, Series during experiment: 30, Windows: 120
    Collecting ground truth and context...
    Detected to_univariate case: 30 flat series -> 5 series x 6 variates
    Organizing data into arrays...
    Saved predictions (quantiles) to /fslarge/scratch/users/h61084/codes/fine_time/outputs/task_finetuning/tasks/task_finetuned/chronos_bolt/univariate/current_velocity/15T/short/run_0/predictions.npz
    Computing per-window metrics...
    Saved metrics to /fslarge/scratch/users/h61084/codes/fine_time/outputs/task_finetuning/tasks/task_finetuned/chronos_bolt/univariate/current_velocity/15T/short/run_0/metrics.npz
    Saved aggregate metrics to /fslarge/scratch/users/h61084/codes/fine_time/outputs/task_finetuning/tasks/task_finetuned/chronos_bolt/univariate/current_velocity/15T/short/run_0/metrics_summary.json
    Metrics summary (averaged over all series/windows/variates):
      MSE: 6.1735
      MAE: 0.7471
      RMSE: 0.9103
      MAPE: 118576.1439
      sMAPE: 0.4684
      MASE: 0.5189
      ND: 0.3885
      CRPS: 0.3048
  Output: /fslarge/scratch/users/h61084/codes/fine_time/outputs/task_finetuning/tasks/task_finetuned/chronos_bolt/univariate/current_velocity/15T/short/run_0

============================================================
All experiments completed!
Results saved to: /scratch/users/h61084/codes/fine_time/outputs/task_finetuning/tasks/task_finetuned
============================================================
[82/90] evaluate chronos_bolt frozen on current_velocity/5T/long
Loading configuration...

============================================================
Dataset: current_velocity/5T
Model: amazon/chronos-bolt-base
Terms: ['long']
Instance normalization: none
============================================================
Loading Chronos-Bolt model: amazon/chronos-bolt-base from /fslarge/scratch/users/h61084/weights/chronos-bolt-base...
[2026-09-29 11:04:40 UTC] resources selected_device {"device": "cuda", "model": "chronos_bolt", "stage": "forecast"}

--- Term: long ---
  Config: prediction_length=864, test_length=4320, val_length=4320
  Dataset info:
    - Frequency: 5T
    - Num series: 1
    - Target dim: 6
    - Target mode: univariate
    - Series length: min=26486, max=26486, avg=26486.0
    - Test split: 4320 steps
    - Prediction length: 864
    - Windows: 5
TIME run allocation action=new run=/fslarge/scratch/users/h61084/codes/fine_time/outputs/task_finetuning/tasks/inference/chronos_bolt/univariate/current_velocity/5T/long/run_0 launch_id=selena_fine_time_20260929T092621Z_11326 slurm_job_id=3607388 launched_at=2026-09-29T11:04:40.966177+00:00
  Preparing input batches from Test split data...
    Total instances to forecast: 30
  Running predictions (Batch size: 32)...
TIME run allocation action=new run=/fslarge/scratch/users/h61084/codes/fine_time/outputs/task_finetuning/tasks/frozen/chronos_bolt/univariate/current_velocity/5T/long/run_0 launch_id=selena_fine_time_20260929T092621Z_11326 slurm_job_id=3607388 launched_at=2026-09-29T11:04:44.363591+00:00
    Total instances: 30, Series during experiment: 6, Windows: 5
    Collecting ground truth and context...
    Detected to_univariate case: 6 flat series -> 1 series x 6 variates
    Organizing data into arrays...
    Saved predictions (quantiles) to /fslarge/scratch/users/h61084/codes/fine_time/outputs/task_finetuning/tasks/frozen/chronos_bolt/univariate/current_velocity/5T/long/run_0/predictions.npz
    Computing per-window metrics...
    Saved metrics to /fslarge/scratch/users/h61084/codes/fine_time/outputs/task_finetuning/tasks/frozen/chronos_bolt/univariate/current_velocity/5T/long/run_0/metrics.npz
    Saved aggregate metrics to /fslarge/scratch/users/h61084/codes/fine_time/outputs/task_finetuning/tasks/frozen/chronos_bolt/univariate/current_velocity/5T/long/run_0/metrics_summary.json
    Metrics summary (averaged over all series/windows/variates):
      MSE: 7.2960
      MAE: 0.9679
      RMSE: 1.2202
      MAPE: 0.9376
      sMAPE: 0.5434
      MASE: 1.0665
      ND: 0.4727
      CRPS: 0.4211
  Output: /fslarge/scratch/users/h61084/codes/fine_time/outputs/task_finetuning/tasks/frozen/chronos_bolt/univariate/current_velocity/5T/long/run_0

============================================================
All experiments completed!
Results saved to: /scratch/users/h61084/codes/fine_time/outputs/task_finetuning/tasks/frozen
============================================================
[82/90] evaluate chronos_bolt task_finetuned on current_velocity/5T/long
Loading configuration...

============================================================
Dataset: current_velocity/5T
Model: amazon/chronos-bolt-base
Terms: ['long']
Instance normalization: none
============================================================
Loading Chronos-Bolt model: amazon/chronos-bolt-base from /fslarge/scratch/users/h61084/codes/fine_time/outputs/task_finetuning/checkpoints/chronos_bolt/current_velocity/5T/long/run_0/finetuned-ckpt...
[2026-09-29 11:04:44 UTC] resources selected_device {"device": "cuda", "model": "chronos_bolt", "stage": "forecast"}

--- Term: long ---
  Config: prediction_length=864, test_length=4320, val_length=4320
  Dataset info:
    - Frequency: 5T
    - Num series: 1
    - Target dim: 6
    - Target mode: univariate
    - Series length: min=26486, max=26486, avg=26486.0
    - Test split: 4320 steps
    - Prediction length: 864
    - Windows: 5
TIME run allocation action=new run=/fslarge/scratch/users/h61084/codes/fine_time/outputs/task_finetuning/tasks/inference/chronos_bolt/univariate/current_velocity/5T/long/run_1 launch_id=selena_fine_time_20260929T092621Z_11326 slurm_job_id=3607388 launched_at=2026-09-29T11:04:46.199694+00:00
  Preparing input batches from Test split data...
    Total instances to forecast: 30
  Running predictions (Batch size: 32)...
TIME run allocation action=new run=/fslarge/scratch/users/h61084/codes/fine_time/outputs/task_finetuning/tasks/task_finetuned/chronos_bolt/univariate/current_velocity/5T/long/run_0 launch_id=selena_fine_time_20260929T092621Z_11326 slurm_job_id=3607388 launched_at=2026-09-29T11:04:49.595426+00:00
    Total instances: 30, Series during experiment: 6, Windows: 5
    Collecting ground truth and context...
    Detected to_univariate case: 6 flat series -> 1 series x 6 variates
    Organizing data into arrays...
    Saved predictions (quantiles) to /fslarge/scratch/users/h61084/codes/fine_time/outputs/task_finetuning/tasks/task_finetuned/chronos_bolt/univariate/current_velocity/5T/long/run_0/predictions.npz
    Computing per-window metrics...
    Saved metrics to /fslarge/scratch/users/h61084/codes/fine_time/outputs/task_finetuning/tasks/task_finetuned/chronos_bolt/univariate/current_velocity/5T/long/run_0/metrics.npz
    Saved aggregate metrics to /fslarge/scratch/users/h61084/codes/fine_time/outputs/task_finetuning/tasks/task_finetuned/chronos_bolt/univariate/current_velocity/5T/long/run_0/metrics_summary.json
    Metrics summary (averaged over all series/windows/variates):
      MSE: 6.1698
      MAE: 0.8953
      RMSE: 1.1107
      MAPE: 0.7883
      sMAPE: 0.4359
      MASE: 0.7387
      ND: 0.4088
      CRPS: 0.3665
  Output: /fslarge/scratch/users/h61084/codes/fine_time/outputs/task_finetuning/tasks/task_finetuned/chronos_bolt/univariate/current_velocity/5T/long/run_0

============================================================
All experiments completed!
Results saved to: /scratch/users/h61084/codes/fine_time/outputs/task_finetuning/tasks/task_finetuned
============================================================
[83/90] evaluate chronos_bolt frozen on current_velocity/5T/medium
Loading configuration...

============================================================
Dataset: current_velocity/5T
Model: amazon/chronos-bolt-base
Terms: ['medium']
Instance normalization: none
============================================================
Loading Chronos-Bolt model: amazon/chronos-bolt-base from /fslarge/scratch/users/h61084/weights/chronos-bolt-base...
[2026-09-29 11:04:49 UTC] resources selected_device {"device": "cuda", "model": "chronos_bolt", "stage": "forecast"}

--- Term: medium ---
  Config: prediction_length=288, test_length=4320, val_length=4320
  Dataset info:
    - Frequency: 5T
    - Num series: 1
    - Target dim: 6
    - Target mode: univariate
    - Series length: min=26486, max=26486, avg=26486.0
    - Test split: 4320 steps
    - Prediction length: 288
    - Windows: 15
TIME run allocation action=new run=/fslarge/scratch/users/h61084/codes/fine_time/outputs/task_finetuning/tasks/inference/chronos_bolt/univariate/current_velocity/5T/medium/run_0 launch_id=selena_fine_time_20260929T092621Z_11326 slurm_job_id=3607388 launched_at=2026-09-29T11:04:50.052431+00:00
  Preparing input batches from Test split data...
    Total instances to forecast: 90
  Running predictions (Batch size: 32)...
TIME run allocation action=new run=/fslarge/scratch/users/h61084/codes/fine_time/outputs/task_finetuning/tasks/frozen/chronos_bolt/univariate/current_velocity/5T/medium/run_0 launch_id=selena_fine_time_20260929T092621Z_11326 slurm_job_id=3607388 launched_at=2026-09-29T11:04:53.189240+00:00
    Total instances: 90, Series during experiment: 6, Windows: 15
    Collecting ground truth and context...
    Detected to_univariate case: 6 flat series -> 1 series x 6 variates
    Organizing data into arrays...
    Saved predictions (quantiles) to /fslarge/scratch/users/h61084/codes/fine_time/outputs/task_finetuning/tasks/frozen/chronos_bolt/univariate/current_velocity/5T/medium/run_0/predictions.npz
    Computing per-window metrics...
    Saved metrics to /fslarge/scratch/users/h61084/codes/fine_time/outputs/task_finetuning/tasks/frozen/chronos_bolt/univariate/current_velocity/5T/medium/run_0/metrics.npz
    Saved aggregate metrics to /fslarge/scratch/users/h61084/codes/fine_time/outputs/task_finetuning/tasks/frozen/chronos_bolt/univariate/current_velocity/5T/medium/run_0/metrics_summary.json
    Metrics summary (averaged over all series/windows/variates):
      MSE: 5.5105
      MAE: 0.8233
      RMSE: 1.0373
      MAPE: 0.7174
      sMAPE: 0.4182
      MASE: 0.7323
      ND: 0.3717
      CRPS: 0.2976
  Output: /fslarge/scratch/users/h61084/codes/fine_time/outputs/task_finetuning/tasks/frozen/chronos_bolt/univariate/current_velocity/5T/medium/run_0

============================================================
All experiments completed!
Results saved to: /scratch/users/h61084/codes/fine_time/outputs/task_finetuning/tasks/frozen
============================================================
[83/90] evaluate chronos_bolt task_finetuned on current_velocity/5T/medium
Loading configuration...

============================================================
Dataset: current_velocity/5T
Model: amazon/chronos-bolt-base
Terms: ['medium']
Instance normalization: none
============================================================
Loading Chronos-Bolt model: amazon/chronos-bolt-base from /fslarge/scratch/users/h61084/codes/fine_time/outputs/task_finetuning/checkpoints/chronos_bolt/current_velocity/5T/medium/run_0/finetuned-ckpt...
[2026-09-29 11:04:53 UTC] resources selected_device {"device": "cuda", "model": "chronos_bolt", "stage": "forecast"}

--- Term: medium ---
  Config: prediction_length=288, test_length=4320, val_length=4320
  Dataset info:
    - Frequency: 5T
    - Num series: 1
    - Target dim: 6
    - Target mode: univariate
    - Series length: min=26486, max=26486, avg=26486.0
    - Test split: 4320 steps
    - Prediction length: 288
    - Windows: 15
TIME run allocation action=new run=/fslarge/scratch/users/h61084/codes/fine_time/outputs/task_finetuning/tasks/inference/chronos_bolt/univariate/current_velocity/5T/medium/run_1 launch_id=selena_fine_time_20260929T092621Z_11326 slurm_job_id=3607388 launched_at=2026-09-29T11:04:54.900122+00:00
  Preparing input batches from Test split data...
    Total instances to forecast: 90
  Running predictions (Batch size: 32)...
TIME run allocation action=new run=/fslarge/scratch/users/h61084/codes/fine_time/outputs/task_finetuning/tasks/task_finetuned/chronos_bolt/univariate/current_velocity/5T/medium/run_0 launch_id=selena_fine_time_20260929T092621Z_11326 slurm_job_id=3607388 launched_at=2026-09-29T11:04:58.046070+00:00
    Total instances: 90, Series during experiment: 6, Windows: 15
    Collecting ground truth and context...
    Detected to_univariate case: 6 flat series -> 1 series x 6 variates
    Organizing data into arrays...
    Saved predictions (quantiles) to /fslarge/scratch/users/h61084/codes/fine_time/outputs/task_finetuning/tasks/task_finetuned/chronos_bolt/univariate/current_velocity/5T/medium/run_0/predictions.npz
    Computing per-window metrics...
    Saved metrics to /fslarge/scratch/users/h61084/codes/fine_time/outputs/task_finetuning/tasks/task_finetuned/chronos_bolt/univariate/current_velocity/5T/medium/run_0/metrics.npz
    Saved aggregate metrics to /fslarge/scratch/users/h61084/codes/fine_time/outputs/task_finetuning/tasks/task_finetuned/chronos_bolt/univariate/current_velocity/5T/medium/run_0/metrics_summary.json
    Metrics summary (averaged over all series/windows/variates):
      MSE: 6.3313
      MAE: 0.8642
      RMSE: 1.0716
      MAPE: 0.7082
      sMAPE: 0.4042
      MASE: 0.6023
      ND: 0.3703
      CRPS: 0.3017
  Output: /fslarge/scratch/users/h61084/codes/fine_time/outputs/task_finetuning/tasks/task_finetuned/chronos_bolt/univariate/current_velocity/5T/medium/run_0

============================================================
All experiments completed!
Results saved to: /scratch/users/h61084/codes/fine_time/outputs/task_finetuning/tasks/task_finetuned
============================================================
[84/90] evaluate chronos_bolt frozen on current_velocity/5T/short
Loading configuration...

============================================================
Dataset: current_velocity/5T
Model: amazon/chronos-bolt-base
Terms: ['short']
Instance normalization: none
============================================================
Loading Chronos-Bolt model: amazon/chronos-bolt-base from /fslarge/scratch/users/h61084/weights/chronos-bolt-base...
[2026-09-29 11:04:58 UTC] resources selected_device {"device": "cuda", "model": "chronos_bolt", "stage": "forecast"}

--- Term: short ---
  Config: prediction_length=36, test_length=4320, val_length=4320
  Dataset info:
    - Frequency: 5T
    - Num series: 1
    - Target dim: 6
    - Target mode: univariate
    - Series length: min=26486, max=26486, avg=26486.0
    - Test split: 4320 steps
    - Prediction length: 36
    - Windows: 120
TIME run allocation action=new run=/fslarge/scratch/users/h61084/codes/fine_time/outputs/task_finetuning/tasks/inference/chronos_bolt/univariate/current_velocity/5T/short/run_0 launch_id=selena_fine_time_20260929T092621Z_11326 slurm_job_id=3607388 launched_at=2026-09-29T11:04:58.523946+00:00
  Preparing input batches from Test split data...
    Total instances to forecast: 720
  Running predictions (Batch size: 32)...
    Processed 320/720...
    Processed 640/720...
TIME run allocation action=new run=/fslarge/scratch/users/h61084/codes/fine_time/outputs/task_finetuning/tasks/frozen/chronos_bolt/univariate/current_velocity/5T/short/run_0 launch_id=selena_fine_time_20260929T092621Z_11326 slurm_job_id=3607388 launched_at=2026-09-29T11:04:59.391485+00:00
    Total instances: 720, Series during experiment: 6, Windows: 120
    Collecting ground truth and context...
    Detected to_univariate case: 6 flat series -> 1 series x 6 variates
    Organizing data into arrays...
    Saved predictions (quantiles) to /fslarge/scratch/users/h61084/codes/fine_time/outputs/task_finetuning/tasks/frozen/chronos_bolt/univariate/current_velocity/5T/short/run_0/predictions.npz
    Computing per-window metrics...
    Saved metrics to /fslarge/scratch/users/h61084/codes/fine_time/outputs/task_finetuning/tasks/frozen/chronos_bolt/univariate/current_velocity/5T/short/run_0/metrics.npz
    Saved aggregate metrics to /fslarge/scratch/users/h61084/codes/fine_time/outputs/task_finetuning/tasks/frozen/chronos_bolt/univariate/current_velocity/5T/short/run_0/metrics_summary.json
    Metrics summary (averaged over all series/windows/variates):
      MSE: 3.0384
      MAE: 0.5639
      RMSE: 0.6738
      MAPE: 0.4497
      sMAPE: 0.3494
      MASE: 0.4309
      ND: 0.3037
      CRPS: 0.2377
  Output: /fslarge/scratch/users/h61084/codes/fine_time/outputs/task_finetuning/tasks/frozen/chronos_bolt/univariate/current_velocity/5T/short/run_0

============================================================
All experiments completed!
Results saved to: /scratch/users/h61084/codes/fine_time/outputs/task_finetuning/tasks/frozen
============================================================
[84/90] evaluate chronos_bolt task_finetuned on current_velocity/5T/short
Loading configuration...

============================================================
Dataset: current_velocity/5T
Model: amazon/chronos-bolt-base
Terms: ['short']
Instance normalization: none
============================================================
Loading Chronos-Bolt model: amazon/chronos-bolt-base from /fslarge/scratch/users/h61084/codes/fine_time/outputs/task_finetuning/checkpoints/chronos_bolt/current_velocity/5T/short/run_0/finetuned-ckpt...
[2026-09-29 11:04:59 UTC] resources selected_device {"device": "cuda", "model": "chronos_bolt", "stage": "forecast"}

--- Term: short ---
  Config: prediction_length=36, test_length=4320, val_length=4320
  Dataset info:
    - Frequency: 5T
    - Num series: 1
    - Target dim: 6
    - Target mode: univariate
    - Series length: min=26486, max=26486, avg=26486.0
    - Test split: 4320 steps
    - Prediction length: 36
    - Windows: 120
TIME run allocation action=new run=/fslarge/scratch/users/h61084/codes/fine_time/outputs/task_finetuning/tasks/inference/chronos_bolt/univariate/current_velocity/5T/short/run_1 launch_id=selena_fine_time_20260929T092621Z_11326 slurm_job_id=3607388 launched_at=2026-09-29T11:05:01.296604+00:00
  Preparing input batches from Test split data...
    Total instances to forecast: 720
  Running predictions (Batch size: 32)...
    Processed 320/720...
    Processed 640/720...
TIME run allocation action=new run=/fslarge/scratch/users/h61084/codes/fine_time/outputs/task_finetuning/tasks/task_finetuned/chronos_bolt/univariate/current_velocity/5T/short/run_0 launch_id=selena_fine_time_20260929T092621Z_11326 slurm_job_id=3607388 launched_at=2026-09-29T11:05:02.164913+00:00
    Total instances: 720, Series during experiment: 6, Windows: 120
    Collecting ground truth and context...
    Detected to_univariate case: 6 flat series -> 1 series x 6 variates
    Organizing data into arrays...
    Saved predictions (quantiles) to /fslarge/scratch/users/h61084/codes/fine_time/outputs/task_finetuning/tasks/task_finetuned/chronos_bolt/univariate/current_velocity/5T/short/run_0/predictions.npz
    Computing per-window metrics...
    Saved metrics to /fslarge/scratch/users/h61084/codes/fine_time/outputs/task_finetuning/tasks/task_finetuned/chronos_bolt/univariate/current_velocity/5T/short/run_0/metrics.npz
    Saved aggregate metrics to /fslarge/scratch/users/h61084/codes/fine_time/outputs/task_finetuning/tasks/task_finetuned/chronos_bolt/univariate/current_velocity/5T/short/run_0/metrics_summary.json
    Metrics summary (averaged over all series/windows/variates):
      MSE: 3.1732
      MAE: 0.5623
      RMSE: 0.6741
      MAPE: 0.4315
      sMAPE: 0.3439
      MASE: 0.3842
      ND: 0.2943
      CRPS: 0.2322
  Output: /fslarge/scratch/users/h61084/codes/fine_time/outputs/task_finetuning/tasks/task_finetuned/chronos_bolt/univariate/current_velocity/5T/short/run_0

============================================================
All experiments completed!
Results saved to: /scratch/users/h61084/codes/fine_time/outputs/task_finetuning/tasks/task_finetuned
============================================================
[85/90] evaluate chronos_bolt frozen on current_velocity/H/long
Loading configuration...

============================================================
Dataset: current_velocity/H
Model: amazon/chronos-bolt-base
Terms: ['long']
Instance normalization: none
============================================================
Loading Chronos-Bolt model: amazon/chronos-bolt-base from /fslarge/scratch/users/h61084/weights/chronos-bolt-base...
[2026-09-29 11:05:02 UTC] resources selected_device {"device": "cuda", "model": "chronos_bolt", "stage": "forecast"}

--- Term: long ---
  Config: prediction_length=336, test_length=672, val_length=672
  Dataset info:
    - Frequency: H
    - Num series: 21
    - Target dim: 6
    - Target mode: univariate
    - Series length: min=2208, max=5587, avg=3502.3
    - Test split: 672 steps
    - Prediction length: 336
    - Windows: 2
TIME run allocation action=new run=/fslarge/scratch/users/h61084/codes/fine_time/outputs/task_finetuning/tasks/inference/chronos_bolt/univariate/current_velocity/H/long/run_0 launch_id=selena_fine_time_20260929T092621Z_11326 slurm_job_id=3607388 launched_at=2026-09-29T11:05:02.832985+00:00
  Preparing input batches from Test split data...
    Total instances to forecast: 252
  Running predictions (Batch size: 32)...
TIME run allocation action=new run=/fslarge/scratch/users/h61084/codes/fine_time/outputs/task_finetuning/tasks/frozen/chronos_bolt/univariate/current_velocity/H/long/run_0 launch_id=selena_fine_time_20260929T092621Z_11326 slurm_job_id=3607388 launched_at=2026-09-29T11:05:13.812811+00:00
    Total instances: 252, Series during experiment: 126, Windows: 2
    Collecting ground truth and context...
    Detected to_univariate case: 126 flat series -> 21 series x 6 variates
    Organizing data into arrays...
    Saved predictions (quantiles) to /fslarge/scratch/users/h61084/codes/fine_time/outputs/task_finetuning/tasks/frozen/chronos_bolt/univariate/current_velocity/H/long/run_0/predictions.npz
    Computing per-window metrics...
    Saved metrics to /fslarge/scratch/users/h61084/codes/fine_time/outputs/task_finetuning/tasks/frozen/chronos_bolt/univariate/current_velocity/H/long/run_0/metrics.npz
    Saved aggregate metrics to /fslarge/scratch/users/h61084/codes/fine_time/outputs/task_finetuning/tasks/frozen/chronos_bolt/univariate/current_velocity/H/long/run_0/metrics_summary.json
    Metrics summary (averaged over all series/windows/variates):
      MSE: 11.8038
      MAE: 1.2344
      RMSE: 1.5632
      MAPE: 2119241958802.5740
      sMAPE: 0.6646
      MASE: 1.6267
      ND: 0.4879
      CRPS: 0.3939
  Output: /fslarge/scratch/users/h61084/codes/fine_time/outputs/task_finetuning/tasks/frozen/chronos_bolt/univariate/current_velocity/H/long/run_0

============================================================
All experiments completed!
Results saved to: /scratch/users/h61084/codes/fine_time/outputs/task_finetuning/tasks/frozen
============================================================
[85/90] evaluate chronos_bolt task_finetuned on current_velocity/H/long
Loading configuration...

============================================================
Dataset: current_velocity/H
Model: amazon/chronos-bolt-base
Terms: ['long']
Instance normalization: none
============================================================
Loading Chronos-Bolt model: amazon/chronos-bolt-base from /fslarge/scratch/users/h61084/codes/fine_time/outputs/task_finetuning/checkpoints/chronos_bolt/current_velocity/H/long/run_0/finetuned-ckpt...
[2026-09-29 11:05:13 UTC] resources selected_device {"device": "cuda", "model": "chronos_bolt", "stage": "forecast"}

--- Term: long ---
  Config: prediction_length=336, test_length=672, val_length=672
  Dataset info:
    - Frequency: H
    - Num series: 21
    - Target dim: 6
    - Target mode: univariate
    - Series length: min=2208, max=5587, avg=3502.3
    - Test split: 672 steps
    - Prediction length: 336
    - Windows: 2
TIME run allocation action=new run=/fslarge/scratch/users/h61084/codes/fine_time/outputs/task_finetuning/tasks/inference/chronos_bolt/univariate/current_velocity/H/long/run_1 launch_id=selena_fine_time_20260929T092621Z_11326 slurm_job_id=3607388 launched_at=2026-09-29T11:05:15.659116+00:00
  Preparing input batches from Test split data...
    Total instances to forecast: 252
  Running predictions (Batch size: 32)...
TIME run allocation action=new run=/fslarge/scratch/users/h61084/codes/fine_time/outputs/task_finetuning/tasks/task_finetuned/chronos_bolt/univariate/current_velocity/H/long/run_0 launch_id=selena_fine_time_20260929T092621Z_11326 slurm_job_id=3607388 launched_at=2026-09-29T11:05:26.619540+00:00
    Total instances: 252, Series during experiment: 126, Windows: 2
    Collecting ground truth and context...
    Detected to_univariate case: 126 flat series -> 21 series x 6 variates
    Organizing data into arrays...
    Saved predictions (quantiles) to /fslarge/scratch/users/h61084/codes/fine_time/outputs/task_finetuning/tasks/task_finetuned/chronos_bolt/univariate/current_velocity/H/long/run_0/predictions.npz
    Computing per-window metrics...
    Saved metrics to /fslarge/scratch/users/h61084/codes/fine_time/outputs/task_finetuning/tasks/task_finetuned/chronos_bolt/univariate/current_velocity/H/long/run_0/metrics.npz
    Saved aggregate metrics to /fslarge/scratch/users/h61084/codes/fine_time/outputs/task_finetuning/tasks/task_finetuned/chronos_bolt/univariate/current_velocity/H/long/run_0/metrics_summary.json
    Metrics summary (averaged over all series/windows/variates):
      MSE: 11.2747
      MAE: 1.1651
      RMSE: 1.4805
      MAPE: 2187701307008.8215
      sMAPE: 0.5969
      MASE: 1.3980
      ND: 0.4335
      CRPS: 0.3524
  Output: /fslarge/scratch/users/h61084/codes/fine_time/outputs/task_finetuning/tasks/task_finetuned/chronos_bolt/univariate/current_velocity/H/long/run_0

============================================================
All experiments completed!
Results saved to: /scratch/users/h61084/codes/fine_time/outputs/task_finetuning/tasks/task_finetuned
============================================================
[86/90] evaluate chronos_bolt frozen on current_velocity/H/medium
Loading configuration...

============================================================
Dataset: current_velocity/H
Model: amazon/chronos-bolt-base
Terms: ['medium']
Instance normalization: none
============================================================
Loading Chronos-Bolt model: amazon/chronos-bolt-base from /fslarge/scratch/users/h61084/weights/chronos-bolt-base...
[2026-09-29 11:05:26 UTC] resources selected_device {"device": "cuda", "model": "chronos_bolt", "stage": "forecast"}

--- Term: medium ---
  Config: prediction_length=168, test_length=672, val_length=672
  Dataset info:
    - Frequency: H
    - Num series: 21
    - Target dim: 6
    - Target mode: univariate
    - Series length: min=2208, max=5587, avg=3502.3
    - Test split: 672 steps
    - Prediction length: 168
    - Windows: 4
TIME run allocation action=new run=/fslarge/scratch/users/h61084/codes/fine_time/outputs/task_finetuning/tasks/inference/chronos_bolt/univariate/current_velocity/H/medium/run_0 launch_id=selena_fine_time_20260929T092621Z_11326 slurm_job_id=3607388 launched_at=2026-09-29T11:05:27.166118+00:00
  Preparing input batches from Test split data...
    Total instances to forecast: 504
  Running predictions (Batch size: 32)...
    Processed 320/504...
TIME run allocation action=new run=/fslarge/scratch/users/h61084/codes/fine_time/outputs/task_finetuning/tasks/frozen/chronos_bolt/univariate/current_velocity/H/medium/run_0 launch_id=selena_fine_time_20260929T092621Z_11326 slurm_job_id=3607388 launched_at=2026-09-29T11:05:36.287475+00:00
    Total instances: 504, Series during experiment: 126, Windows: 4
    Collecting ground truth and context...
    Detected to_univariate case: 126 flat series -> 21 series x 6 variates
    Organizing data into arrays...
    Saved predictions (quantiles) to /fslarge/scratch/users/h61084/codes/fine_time/outputs/task_finetuning/tasks/frozen/chronos_bolt/univariate/current_velocity/H/medium/run_0/predictions.npz
    Computing per-window metrics...
    Saved metrics to /fslarge/scratch/users/h61084/codes/fine_time/outputs/task_finetuning/tasks/frozen/chronos_bolt/univariate/current_velocity/H/medium/run_0/metrics.npz
    Saved aggregate metrics to /fslarge/scratch/users/h61084/codes/fine_time/outputs/task_finetuning/tasks/frozen/chronos_bolt/univariate/current_velocity/H/medium/run_0/metrics_summary.json
    Metrics summary (averaged over all series/windows/variates):
      MSE: 10.8432
      MAE: 1.1585
      RMSE: 1.4553
      MAPE: 2082794964917.6562
      sMAPE: 0.6425
      MASE: 1.4834
      ND: 0.4845
      CRPS: 0.3849
  Output: /fslarge/scratch/users/h61084/codes/fine_time/outputs/task_finetuning/tasks/frozen/chronos_bolt/univariate/current_velocity/H/medium/run_0

============================================================
All experiments completed!
Results saved to: /scratch/users/h61084/codes/fine_time/outputs/task_finetuning/tasks/frozen
============================================================
[86/90] evaluate chronos_bolt task_finetuned on current_velocity/H/medium
Loading configuration...

============================================================
Dataset: current_velocity/H
Model: amazon/chronos-bolt-base
Terms: ['medium']
Instance normalization: none
============================================================
Loading Chronos-Bolt model: amazon/chronos-bolt-base from /fslarge/scratch/users/h61084/codes/fine_time/outputs/task_finetuning/checkpoints/chronos_bolt/current_velocity/H/medium/run_0/finetuned-ckpt...
[2026-09-29 11:05:36 UTC] resources selected_device {"device": "cuda", "model": "chronos_bolt", "stage": "forecast"}

--- Term: medium ---
  Config: prediction_length=168, test_length=672, val_length=672
  Dataset info:
    - Frequency: H
    - Num series: 21
    - Target dim: 6
    - Target mode: univariate
    - Series length: min=2208, max=5587, avg=3502.3
    - Test split: 672 steps
    - Prediction length: 168
    - Windows: 4
TIME run allocation action=new run=/fslarge/scratch/users/h61084/codes/fine_time/outputs/task_finetuning/tasks/inference/chronos_bolt/univariate/current_velocity/H/medium/run_1 launch_id=selena_fine_time_20260929T092621Z_11326 slurm_job_id=3607388 launched_at=2026-09-29T11:05:38.744684+00:00
  Preparing input batches from Test split data...
    Total instances to forecast: 504
  Running predictions (Batch size: 32)...
    Processed 320/504...
TIME run allocation action=new run=/fslarge/scratch/users/h61084/codes/fine_time/outputs/task_finetuning/tasks/task_finetuned/chronos_bolt/univariate/current_velocity/H/medium/run_0 launch_id=selena_fine_time_20260929T092621Z_11326 slurm_job_id=3607388 launched_at=2026-09-29T11:05:48.016408+00:00
    Total instances: 504, Series during experiment: 126, Windows: 4
    Collecting ground truth and context...
    Detected to_univariate case: 126 flat series -> 21 series x 6 variates
    Organizing data into arrays...
    Saved predictions (quantiles) to /fslarge/scratch/users/h61084/codes/fine_time/outputs/task_finetuning/tasks/task_finetuned/chronos_bolt/univariate/current_velocity/H/medium/run_0/predictions.npz
    Computing per-window metrics...
    Saved metrics to /fslarge/scratch/users/h61084/codes/fine_time/outputs/task_finetuning/tasks/task_finetuned/chronos_bolt/univariate/current_velocity/H/medium/run_0/metrics.npz
    Saved aggregate metrics to /fslarge/scratch/users/h61084/codes/fine_time/outputs/task_finetuning/tasks/task_finetuned/chronos_bolt/univariate/current_velocity/H/medium/run_0/metrics_summary.json
    Metrics summary (averaged over all series/windows/variates):
      MSE: 10.5663
      MAE: 1.0965
      RMSE: 1.3795
      MAPE: 2150489446259.5957
      sMAPE: 0.5796
      MASE: 1.2163
      ND: 0.4184
      CRPS: 0.3325
  Output: /fslarge/scratch/users/h61084/codes/fine_time/outputs/task_finetuning/tasks/task_finetuned/chronos_bolt/univariate/current_velocity/H/medium/run_0

============================================================
All experiments completed!
Results saved to: /scratch/users/h61084/codes/fine_time/outputs/task_finetuning/tasks/task_finetuned
============================================================
[87/90] evaluate chronos_bolt frozen on current_velocity/H/short
Loading configuration...

============================================================
Dataset: current_velocity/H
Model: amazon/chronos-bolt-base
Terms: ['short']
Instance normalization: none
============================================================
Loading Chronos-Bolt model: amazon/chronos-bolt-base from /fslarge/scratch/users/h61084/weights/chronos-bolt-base...
[2026-09-29 11:05:48 UTC] resources selected_device {"device": "cuda", "model": "chronos_bolt", "stage": "forecast"}

--- Term: short ---
  Config: prediction_length=24, test_length=672, val_length=672
  Dataset info:
    - Frequency: H
    - Num series: 21
    - Target dim: 6
    - Target mode: univariate
    - Series length: min=2208, max=5587, avg=3502.3
    - Test split: 672 steps
    - Prediction length: 24
    - Windows: 28
TIME run allocation action=new run=/fslarge/scratch/users/h61084/codes/fine_time/outputs/task_finetuning/tasks/inference/chronos_bolt/univariate/current_velocity/H/short/run_0 launch_id=selena_fine_time_20260929T092621Z_11326 slurm_job_id=3607388 launched_at=2026-09-29T11:05:48.685985+00:00
  Preparing input batches from Test split data...
    Total instances to forecast: 3528
  Running predictions (Batch size: 32)...
    Processed 320/3528...
    Processed 640/3528...
    Processed 960/3528...
    Processed 1280/3528...
    Processed 1600/3528...
    Processed 1920/3528...
    Processed 2240/3528...
    Processed 2560/3528...
    Processed 2880/3528...
    Processed 3200/3528...
    Processed 3520/3528...
TIME run allocation action=new run=/fslarge/scratch/users/h61084/codes/fine_time/outputs/task_finetuning/tasks/frozen/chronos_bolt/univariate/current_velocity/H/short/run_0 launch_id=selena_fine_time_20260929T092621Z_11326 slurm_job_id=3607388 launched_at=2026-09-29T11:05:52.790944+00:00
    Total instances: 3528, Series during experiment: 126, Windows: 28
    Collecting ground truth and context...
    Detected to_univariate case: 126 flat series -> 21 series x 6 variates
    Organizing data into arrays...
    Saved predictions (quantiles) to /fslarge/scratch/users/h61084/codes/fine_time/outputs/task_finetuning/tasks/frozen/chronos_bolt/univariate/current_velocity/H/short/run_0/predictions.npz
    Computing per-window metrics...
    Saved metrics to /fslarge/scratch/users/h61084/codes/fine_time/outputs/task_finetuning/tasks/frozen/chronos_bolt/univariate/current_velocity/H/short/run_0/metrics.npz
    Saved aggregate metrics to /fslarge/scratch/users/h61084/codes/fine_time/outputs/task_finetuning/tasks/frozen/chronos_bolt/univariate/current_velocity/H/short/run_0/metrics_summary.json
    Metrics summary (averaged over all series/windows/variates):
      MSE: 6.7285
      MAE: 0.8328
      RMSE: 1.0341
      MAPE: 2160691041360.9495
      sMAPE: 0.4754
      MASE: 0.8281
      ND: 0.3649
      CRPS: 0.2873
  Output: /fslarge/scratch/users/h61084/codes/fine_time/outputs/task_finetuning/tasks/frozen/chronos_bolt/univariate/current_velocity/H/short/run_0

============================================================
All experiments completed!
Results saved to: /scratch/users/h61084/codes/fine_time/outputs/task_finetuning/tasks/frozen
============================================================
[87/90] evaluate chronos_bolt task_finetuned on current_velocity/H/short
Loading configuration...

============================================================
Dataset: current_velocity/H
Model: amazon/chronos-bolt-base
Terms: ['short']
Instance normalization: none
============================================================
Loading Chronos-Bolt model: amazon/chronos-bolt-base from /fslarge/scratch/users/h61084/codes/fine_time/outputs/task_finetuning/checkpoints/chronos_bolt/current_velocity/H/short/run_0/finetuned-ckpt...
[2026-09-29 11:05:53 UTC] resources selected_device {"device": "cuda", "model": "chronos_bolt", "stage": "forecast"}

--- Term: short ---
  Config: prediction_length=24, test_length=672, val_length=672
  Dataset info:
    - Frequency: H
    - Num series: 21
    - Target dim: 6
    - Target mode: univariate
    - Series length: min=2208, max=5587, avg=3502.3
    - Test split: 672 steps
    - Prediction length: 24
    - Windows: 28
TIME run allocation action=new run=/fslarge/scratch/users/h61084/codes/fine_time/outputs/task_finetuning/tasks/inference/chronos_bolt/univariate/current_velocity/H/short/run_1 launch_id=selena_fine_time_20260929T092621Z_11326 slurm_job_id=3607388 launched_at=2026-09-29T11:05:55.556850+00:00
  Preparing input batches from Test split data...
    Total instances to forecast: 3528
  Running predictions (Batch size: 32)...
    Processed 320/3528...
    Processed 640/3528...
    Processed 960/3528...
    Processed 1280/3528...
    Processed 1600/3528...
    Processed 1920/3528...
    Processed 2240/3528...
    Processed 2560/3528...
    Processed 2880/3528...
    Processed 3200/3528...
    Processed 3520/3528...
TIME run allocation action=new run=/fslarge/scratch/users/h61084/codes/fine_time/outputs/task_finetuning/tasks/task_finetuned/chronos_bolt/univariate/current_velocity/H/short/run_0 launch_id=selena_fine_time_20260929T092621Z_11326 slurm_job_id=3607388 launched_at=2026-09-29T11:05:59.662628+00:00
    Total instances: 3528, Series during experiment: 126, Windows: 28
    Collecting ground truth and context...
    Detected to_univariate case: 126 flat series -> 21 series x 6 variates
    Organizing data into arrays...
    Saved predictions (quantiles) to /fslarge/scratch/users/h61084/codes/fine_time/outputs/task_finetuning/tasks/task_finetuned/chronos_bolt/univariate/current_velocity/H/short/run_0/predictions.npz
    Computing per-window metrics...
    Saved metrics to /fslarge/scratch/users/h61084/codes/fine_time/outputs/task_finetuning/tasks/task_finetuned/chronos_bolt/univariate/current_velocity/H/short/run_0/metrics.npz
    Saved aggregate metrics to /fslarge/scratch/users/h61084/codes/fine_time/outputs/task_finetuning/tasks/task_finetuned/chronos_bolt/univariate/current_velocity/H/short/run_0/metrics_summary.json
    Metrics summary (averaged over all series/windows/variates):
      MSE: 6.5899
      MAE: 0.8061
      RMSE: 1.0035
      MAPE: 1974609358967.1514
      sMAPE: 0.4498
      MASE: 0.7477
      ND: 0.3420
      CRPS: 0.2687
  Output: /fslarge/scratch/users/h61084/codes/fine_time/outputs/task_finetuning/tasks/task_finetuned/chronos_bolt/univariate/current_velocity/H/short/run_0

============================================================
All experiments completed!
Results saved to: /scratch/users/h61084/codes/fine_time/outputs/task_finetuning/tasks/task_finetuned
============================================================
[88/90] evaluate chronos_bolt frozen on epf_electricity_price/H/long
Loading configuration...

============================================================
Dataset: epf_electricity_price/H
Model: amazon/chronos-bolt-base
Terms: ['long']
Instance normalization: none
============================================================
Loading Chronos-Bolt model: amazon/chronos-bolt-base from /fslarge/scratch/users/h61084/weights/chronos-bolt-base...
[2026-09-29 11:06:00 UTC] resources selected_device {"device": "cuda", "model": "chronos_bolt", "stage": "forecast"}

--- Term: long ---
  Config: prediction_length=168, test_length=2520, val_length=2520
  Dataset info:
    - Frequency: H
    - Num series: 5
    - Target dim: 1
    - Target mode: univariate
    - Series length: min=52416, max=52416, avg=52416.0
    - Test split: 2520 steps
    - Prediction length: 168
    - Windows: 15
TIME run allocation action=new run=/fslarge/scratch/users/h61084/codes/fine_time/outputs/task_finetuning/tasks/inference/chronos_bolt/univariate/epf_electricity_price/H/long/run_0 launch_id=selena_fine_time_20260929T092621Z_11326 slurm_job_id=3607388 launched_at=2026-09-29T11:06:01.021535+00:00
  Preparing input batches from Test split data...
    Total instances to forecast: 75
  Running predictions (Batch size: 32)...
TIME run allocation action=new run=/fslarge/scratch/users/h61084/codes/fine_time/outputs/task_finetuning/tasks/frozen/chronos_bolt/univariate/epf_electricity_price/H/long/run_0 launch_id=selena_fine_time_20260929T092621Z_11326 slurm_job_id=3607388 launched_at=2026-09-29T11:06:02.412603+00:00
    Total instances: 75, Series during experiment: 5, Windows: 15
    Collecting ground truth and context...
    Organizing data into arrays...
    Saved predictions (quantiles) to /fslarge/scratch/users/h61084/codes/fine_time/outputs/task_finetuning/tasks/frozen/chronos_bolt/univariate/epf_electricity_price/H/long/run_0/predictions.npz
    Computing per-window metrics...
    Saved metrics to /fslarge/scratch/users/h61084/codes/fine_time/outputs/task_finetuning/tasks/frozen/chronos_bolt/univariate/epf_electricity_price/H/long/run_0/metrics.npz
    Saved aggregate metrics to /fslarge/scratch/users/h61084/codes/fine_time/outputs/task_finetuning/tasks/frozen/chronos_bolt/univariate/epf_electricity_price/H/long/run_0/metrics_summary.json
    Metrics summary (averaged over all series/windows/variates):
      MSE: 241.9496
      MAE: 9.0736
      RMSE: 12.4090
      MAPE: 1.6789
      sMAPE: 0.2250
      MASE: 1.4696
      ND: 0.2150
      CRPS: 0.1742
  Output: /fslarge/scratch/users/h61084/codes/fine_time/outputs/task_finetuning/tasks/frozen/chronos_bolt/univariate/epf_electricity_price/H/long/run_0

============================================================
All experiments completed!
Results saved to: /scratch/users/h61084/codes/fine_time/outputs/task_finetuning/tasks/frozen
============================================================
[88/90] evaluate chronos_bolt task_finetuned on epf_electricity_price/H/long
Loading configuration...

============================================================
Dataset: epf_electricity_price/H
Model: amazon/chronos-bolt-base
Terms: ['long']
Instance normalization: none
============================================================
Loading Chronos-Bolt model: amazon/chronos-bolt-base from /fslarge/scratch/users/h61084/codes/fine_time/outputs/task_finetuning/checkpoints/chronos_bolt/epf_electricity_price/H/long/run_0/finetuned-ckpt...
[2026-09-29 11:06:02 UTC] resources selected_device {"device": "cuda", "model": "chronos_bolt", "stage": "forecast"}

--- Term: long ---
  Config: prediction_length=168, test_length=2520, val_length=2520
  Dataset info:
    - Frequency: H
    - Num series: 5
    - Target dim: 1
    - Target mode: univariate
    - Series length: min=52416, max=52416, avg=52416.0
    - Test split: 2520 steps
    - Prediction length: 168
    - Windows: 15
TIME run allocation action=new run=/fslarge/scratch/users/h61084/codes/fine_time/outputs/task_finetuning/tasks/inference/chronos_bolt/univariate/epf_electricity_price/H/long/run_1 launch_id=selena_fine_time_20260929T092621Z_11326 slurm_job_id=3607388 launched_at=2026-09-29T11:06:04.371169+00:00
  Preparing input batches from Test split data...
    Total instances to forecast: 75
  Running predictions (Batch size: 32)...
TIME run allocation action=new run=/fslarge/scratch/users/h61084/codes/fine_time/outputs/task_finetuning/tasks/task_finetuned/chronos_bolt/univariate/epf_electricity_price/H/long/run_0 launch_id=selena_fine_time_20260929T092621Z_11326 slurm_job_id=3607388 launched_at=2026-09-29T11:06:05.747219+00:00
    Total instances: 75, Series during experiment: 5, Windows: 15
    Collecting ground truth and context...
    Organizing data into arrays...
    Saved predictions (quantiles) to /fslarge/scratch/users/h61084/codes/fine_time/outputs/task_finetuning/tasks/task_finetuned/chronos_bolt/univariate/epf_electricity_price/H/long/run_0/predictions.npz
    Computing per-window metrics...
    Saved metrics to /fslarge/scratch/users/h61084/codes/fine_time/outputs/task_finetuning/tasks/task_finetuned/chronos_bolt/univariate/epf_electricity_price/H/long/run_0/metrics.npz
    Saved aggregate metrics to /fslarge/scratch/users/h61084/codes/fine_time/outputs/task_finetuning/tasks/task_finetuned/chronos_bolt/univariate/epf_electricity_price/H/long/run_0/metrics_summary.json
    Metrics summary (averaged over all series/windows/variates):
      MSE: 213.9931
      MAE: 8.4157
      RMSE: 11.7038
      MAPE: 1.6403
      sMAPE: 0.2108
      MASE: 1.3678
      ND: 0.1991
      CRPS: 0.1633
  Output: /fslarge/scratch/users/h61084/codes/fine_time/outputs/task_finetuning/tasks/task_finetuned/chronos_bolt/univariate/epf_electricity_price/H/long/run_0

============================================================
All experiments completed!
Results saved to: /scratch/users/h61084/codes/fine_time/outputs/task_finetuning/tasks/task_finetuned
============================================================
[89/90] evaluate chronos_bolt frozen on epf_electricity_price/H/medium
Loading configuration...

============================================================
Dataset: epf_electricity_price/H
Model: amazon/chronos-bolt-base
Terms: ['medium']
Instance normalization: none
============================================================
Loading Chronos-Bolt model: amazon/chronos-bolt-base from /fslarge/scratch/users/h61084/weights/chronos-bolt-base...
[2026-09-29 11:06:05 UTC] resources selected_device {"device": "cuda", "model": "chronos_bolt", "stage": "forecast"}

--- Term: medium ---
  Config: prediction_length=72, test_length=2520, val_length=2520
  Dataset info:
    - Frequency: H
    - Num series: 5
    - Target dim: 1
    - Target mode: univariate
    - Series length: min=52416, max=52416, avg=52416.0
    - Test split: 2520 steps
    - Prediction length: 72
    - Windows: 35
TIME run allocation action=new run=/fslarge/scratch/users/h61084/codes/fine_time/outputs/task_finetuning/tasks/inference/chronos_bolt/univariate/epf_electricity_price/H/medium/run_0 launch_id=selena_fine_time_20260929T092621Z_11326 slurm_job_id=3607388 launched_at=2026-09-29T11:06:06.647671+00:00
  Preparing input batches from Test split data...
    Total instances to forecast: 175
  Running predictions (Batch size: 32)...
TIME run allocation action=new run=/fslarge/scratch/users/h61084/codes/fine_time/outputs/task_finetuning/tasks/frozen/chronos_bolt/univariate/epf_electricity_price/H/medium/run_0 launch_id=selena_fine_time_20260929T092621Z_11326 slurm_job_id=3607388 launched_at=2026-09-29T11:06:08.335989+00:00
    Total instances: 175, Series during experiment: 5, Windows: 35
    Collecting ground truth and context...
    Organizing data into arrays...
    Saved predictions (quantiles) to /fslarge/scratch/users/h61084/codes/fine_time/outputs/task_finetuning/tasks/frozen/chronos_bolt/univariate/epf_electricity_price/H/medium/run_0/predictions.npz
    Computing per-window metrics...
    Saved metrics to /fslarge/scratch/users/h61084/codes/fine_time/outputs/task_finetuning/tasks/frozen/chronos_bolt/univariate/epf_electricity_price/H/medium/run_0/metrics.npz
    Saved aggregate metrics to /fslarge/scratch/users/h61084/codes/fine_time/outputs/task_finetuning/tasks/frozen/chronos_bolt/univariate/epf_electricity_price/H/medium/run_0/metrics_summary.json
    Metrics summary (averaged over all series/windows/variates):
      MSE: 196.4117
      MAE: 7.8488
      RMSE: 10.3060
      MAPE: 1.6921
      sMAPE: 0.1945
      MASE: 1.2502
      ND: 0.1935
      CRPS: 0.1560
  Output: /fslarge/scratch/users/h61084/codes/fine_time/outputs/task_finetuning/tasks/frozen/chronos_bolt/univariate/epf_electricity_price/H/medium/run_0

============================================================
All experiments completed!
Results saved to: /scratch/users/h61084/codes/fine_time/outputs/task_finetuning/tasks/frozen
============================================================
[89/90] evaluate chronos_bolt task_finetuned on epf_electricity_price/H/medium
Loading configuration...

============================================================
Dataset: epf_electricity_price/H
Model: amazon/chronos-bolt-base
Terms: ['medium']
Instance normalization: none
============================================================
Loading Chronos-Bolt model: amazon/chronos-bolt-base from /fslarge/scratch/users/h61084/codes/fine_time/outputs/task_finetuning/checkpoints/chronos_bolt/epf_electricity_price/H/medium/run_0/finetuned-ckpt...
[2026-09-29 11:06:08 UTC] resources selected_device {"device": "cuda", "model": "chronos_bolt", "stage": "forecast"}

--- Term: medium ---
  Config: prediction_length=72, test_length=2520, val_length=2520
  Dataset info:
    - Frequency: H
    - Num series: 5
    - Target dim: 1
    - Target mode: univariate
    - Series length: min=52416, max=52416, avg=52416.0
    - Test split: 2520 steps
    - Prediction length: 72
    - Windows: 35
TIME run allocation action=new run=/fslarge/scratch/users/h61084/codes/fine_time/outputs/task_finetuning/tasks/inference/chronos_bolt/univariate/epf_electricity_price/H/medium/run_1 launch_id=selena_fine_time_20260929T092621Z_11326 slurm_job_id=3607388 launched_at=2026-09-29T11:06:10.188400+00:00
  Preparing input batches from Test split data...
    Total instances to forecast: 175
  Running predictions (Batch size: 32)...
TIME run allocation action=new run=/fslarge/scratch/users/h61084/codes/fine_time/outputs/task_finetuning/tasks/task_finetuned/chronos_bolt/univariate/epf_electricity_price/H/medium/run_0 launch_id=selena_fine_time_20260929T092621Z_11326 slurm_job_id=3607388 launched_at=2026-09-29T11:06:11.968789+00:00
    Total instances: 175, Series during experiment: 5, Windows: 35
    Collecting ground truth and context...
    Organizing data into arrays...
    Saved predictions (quantiles) to /fslarge/scratch/users/h61084/codes/fine_time/outputs/task_finetuning/tasks/task_finetuned/chronos_bolt/univariate/epf_electricity_price/H/medium/run_0/predictions.npz
    Computing per-window metrics...
    Saved metrics to /fslarge/scratch/users/h61084/codes/fine_time/outputs/task_finetuning/tasks/task_finetuned/chronos_bolt/univariate/epf_electricity_price/H/medium/run_0/metrics.npz
    Saved aggregate metrics to /fslarge/scratch/users/h61084/codes/fine_time/outputs/task_finetuning/tasks/task_finetuned/chronos_bolt/univariate/epf_electricity_price/H/medium/run_0/metrics_summary.json
    Metrics summary (averaged over all series/windows/variates):
      MSE: 178.1461
      MAE: 7.3765
      RMSE: 9.7472
      MAPE: 1.5725
      sMAPE: 0.1872
      MASE: 1.1882
      ND: 0.1797
      CRPS: 0.1466
  Output: /fslarge/scratch/users/h61084/codes/fine_time/outputs/task_finetuning/tasks/task_finetuned/chronos_bolt/univariate/epf_electricity_price/H/medium/run_0

============================================================
All experiments completed!
Results saved to: /scratch/users/h61084/codes/fine_time/outputs/task_finetuning/tasks/task_finetuned
============================================================
[90/90] evaluate chronos_bolt frozen on epf_electricity_price/H/short
Loading configuration...

============================================================
Dataset: epf_electricity_price/H
Model: amazon/chronos-bolt-base
Terms: ['short']
Instance normalization: none
============================================================
Loading Chronos-Bolt model: amazon/chronos-bolt-base from /fslarge/scratch/users/h61084/weights/chronos-bolt-base...
[2026-09-29 11:06:12 UTC] resources selected_device {"device": "cuda", "model": "chronos_bolt", "stage": "forecast"}

--- Term: short ---
  Config: prediction_length=24, test_length=2520, val_length=2520
  Dataset info:
    - Frequency: H
    - Num series: 5
    - Target dim: 1
    - Target mode: univariate
    - Series length: min=52416, max=52416, avg=52416.0
    - Test split: 2520 steps
    - Prediction length: 24
    - Windows: 105
TIME run allocation action=new run=/fslarge/scratch/users/h61084/codes/fine_time/outputs/task_finetuning/tasks/inference/chronos_bolt/univariate/epf_electricity_price/H/short/run_0 launch_id=selena_fine_time_20260929T092621Z_11326 slurm_job_id=3607388 launched_at=2026-09-29T11:06:12.471420+00:00
  Preparing input batches from Test split data...
    Total instances to forecast: 525
  Running predictions (Batch size: 32)...
    Processed 320/525...
TIME run allocation action=new run=/fslarge/scratch/users/h61084/codes/fine_time/outputs/task_finetuning/tasks/frozen/chronos_bolt/univariate/epf_electricity_price/H/short/run_0 launch_id=selena_fine_time_20260929T092621Z_11326 slurm_job_id=3607388 launched_at=2026-09-29T11:06:13.102762+00:00
    Total instances: 525, Series during experiment: 5, Windows: 105
    Collecting ground truth and context...
    Organizing data into arrays...
    Saved predictions (quantiles) to /fslarge/scratch/users/h61084/codes/fine_time/outputs/task_finetuning/tasks/frozen/chronos_bolt/univariate/epf_electricity_price/H/short/run_0/predictions.npz
    Computing per-window metrics...
    Saved metrics to /fslarge/scratch/users/h61084/codes/fine_time/outputs/task_finetuning/tasks/frozen/chronos_bolt/univariate/epf_electricity_price/H/short/run_0/metrics.npz
    Saved aggregate metrics to /fslarge/scratch/users/h61084/codes/fine_time/outputs/task_finetuning/tasks/frozen/chronos_bolt/univariate/epf_electricity_price/H/short/run_0/metrics_summary.json
    Metrics summary (averaged over all series/windows/variates):
      MSE: 126.7529
      MAE: 6.2887
      RMSE: 7.8819
      MAPE: 1.1943
      sMAPE: 0.1605
      MASE: 0.9865
      ND: 0.1631
      CRPS: 0.1305
  Output: /fslarge/scratch/users/h61084/codes/fine_time/outputs/task_finetuning/tasks/frozen/chronos_bolt/univariate/epf_electricity_price/H/short/run_0

============================================================
All experiments completed!
Results saved to: /scratch/users/h61084/codes/fine_time/outputs/task_finetuning/tasks/frozen
============================================================
[90/90] evaluate chronos_bolt task_finetuned on epf_electricity_price/H/short
Loading configuration...

============================================================
Dataset: epf_electricity_price/H
Model: amazon/chronos-bolt-base
Terms: ['short']
Instance normalization: none
============================================================
Loading Chronos-Bolt model: amazon/chronos-bolt-base from /fslarge/scratch/users/h61084/codes/fine_time/outputs/task_finetuning/checkpoints/chronos_bolt/epf_electricity_price/H/short/run_0/finetuned-ckpt...
[2026-09-29 11:06:13 UTC] resources selected_device {"device": "cuda", "model": "chronos_bolt", "stage": "forecast"}

--- Term: short ---
  Config: prediction_length=24, test_length=2520, val_length=2520
  Dataset info:
    - Frequency: H
    - Num series: 5
    - Target dim: 1
    - Target mode: univariate
    - Series length: min=52416, max=52416, avg=52416.0
    - Test split: 2520 steps
    - Prediction length: 24
    - Windows: 105
TIME run allocation action=new run=/fslarge/scratch/users/h61084/codes/fine_time/outputs/task_finetuning/tasks/inference/chronos_bolt/univariate/epf_electricity_price/H/short/run_1 launch_id=selena_fine_time_20260929T092621Z_11326 slurm_job_id=3607388 launched_at=2026-09-29T11:06:15.093890+00:00
  Preparing input batches from Test split data...
    Total instances to forecast: 525
  Running predictions (Batch size: 32)...
    Processed 320/525...
TIME run allocation action=new run=/fslarge/scratch/users/h61084/codes/fine_time/outputs/task_finetuning/tasks/task_finetuned/chronos_bolt/univariate/epf_electricity_price/H/short/run_0 launch_id=selena_fine_time_20260929T092621Z_11326 slurm_job_id=3607388 launched_at=2026-09-29T11:06:15.724263+00:00
    Total instances: 525, Series during experiment: 5, Windows: 105
    Collecting ground truth and context...
    Organizing data into arrays...
    Saved predictions (quantiles) to /fslarge/scratch/users/h61084/codes/fine_time/outputs/task_finetuning/tasks/task_finetuned/chronos_bolt/univariate/epf_electricity_price/H/short/run_0/predictions.npz
    Computing per-window metrics...
    Saved metrics to /fslarge/scratch/users/h61084/codes/fine_time/outputs/task_finetuning/tasks/task_finetuned/chronos_bolt/univariate/epf_electricity_price/H/short/run_0/metrics.npz
    Saved aggregate metrics to /fslarge/scratch/users/h61084/codes/fine_time/outputs/task_finetuning/tasks/task_finetuned/chronos_bolt/univariate/epf_electricity_price/H/short/run_0/metrics_summary.json
    Metrics summary (averaged over all series/windows/variates):
      MSE: 124.5730
      MAE: 6.1604
      RMSE: 7.6763
      MAPE: 1.2499
      sMAPE: 0.1618
      MASE: 0.9694
      ND: 0.1591
      CRPS: 0.1271
  Output: /fslarge/scratch/users/h61084/codes/fine_time/outputs/task_finetuning/tasks/task_finetuned/chronos_bolt/univariate/epf_electricity_price/H/short/run_0

============================================================
All experiments completed!
Results saved to: /scratch/users/h61084/codes/fine_time/outputs/task_finetuning/tasks/task_finetuned
============================================================
2026-09-29 13:06:18 | task model=chronos_bolt states=frozen,task_finetuned target_mode=univariate completed status=success
2026-09-29 13:06:18 | stage evaluate completed status=success
2026-09-29 13:06:18 | workflow fine_time completed status=success exit_code=0
