[2026-09-29 11:03:46 UTC] resources allocation {"CUDA_VISIBLE_DEVICES": "0", "SLURM_CPUS_PER_TASK": "8", "SLURM_JOB_GPUS": "0,1,2,3", "SLURM_JOB_ID": "3607389", "SLURM_MEM_PER_CPU": "unset", "SLURM_MEM_PER_NODE": "80000", "SLURM_STEP_GPUS": "0", "SLURM_STEP_ID": "0", "TIME_DEVICE": "unset", "cpu_count": 8, "host": "sean0013"}
[2026-09-29 11:03:46 UTC] resources RAM {"MemAvailable_MiB": 371425.328125, "MemTotal_MiB": 386622.875, "cgroup_reason": "memory.max is unlimited", "cgroup_status": "unlimited"}
[2026-09-29 11:03:46 UTC] resources nvidia_inventory {"columns": "index,uuid,name,driver,total_MiB,free_MiB,used_MiB", "devices": ["0, GPU-dbd5c613-e4b4-d9ff-3ea2-7c34bb769b45, NVIDIA H100 NVL, 560.35.05, 95830, 95350, 1"]}
[2026-09-29 11:03:52 UTC] resources torch {"cuda_available": true, "note": "visibility probe; CPU-only stages need not use an allocated GPU", "version": "2.9.1+cu128", "visible_gpu_count": 1}
[2026-09-29 11:03:52 UTC] resources cuda_device {"capability": "9.0", "free_MiB": 94825.125, "logical_index": 0, "name": "NVIDIA H100 NVL", "total_MiB": 95350.1875}
2026-09-29 13:03:53 | workflow fine_time started launch_id=selena_fine_time_20260929T092621Z_11326 task=ts_icl slurm_job_id=3607389 slurm_array_job_id=none slurm_array_task_id=none
2026-09-29 13:03:53 | stage train started
2026-09-29 13:03:53 | task model=ts_icl independent_per_task_fine_tuning=true profile=small started
TIME run allocation action=skip run=/fslarge/scratch/users/h61084/codes/fine_time/outputs/task_finetuning/checkpoints/ts_icl/Australia_Solar/H/long/run_0 source_launch=selena_fine_time_20260928T232415Z_26013 launch_id=selena_fine_time_20260929T092621Z_11326 slurm_job_id=3607389 launched_at=2026-09-29T11:03:58.283531+00:00
[1/90] skip completed Australia_Solar/H/long
TIME run allocation action=skip run=/fslarge/scratch/users/h61084/codes/fine_time/outputs/task_finetuning/checkpoints/ts_icl/Australia_Solar/H/medium/run_0 source_launch=selena_fine_time_20260928T232415Z_26013 launch_id=selena_fine_time_20260929T092621Z_11326 slurm_job_id=3607389 launched_at=2026-09-29T11:03:58.287754+00:00
[2/90] skip completed Australia_Solar/H/medium
TIME run allocation action=skip run=/fslarge/scratch/users/h61084/codes/fine_time/outputs/task_finetuning/checkpoints/ts_icl/Australia_Solar/H/short/run_0 source_launch=selena_fine_time_20260928T232415Z_26013 launch_id=selena_fine_time_20260929T092621Z_11326 slurm_job_id=3607389 launched_at=2026-09-29T11:03:58.291855+00:00
[3/90] skip completed Australia_Solar/H/short
TIME run allocation action=skip run=/fslarge/scratch/users/h61084/codes/fine_time/outputs/task_finetuning/checkpoints/ts_icl/Auto_Production_SF/M/short/run_0 source_launch=selena_fine_time_20260928T232415Z_26013 launch_id=selena_fine_time_20260929T092621Z_11326 slurm_job_id=3607389 launched_at=2026-09-29T11:03:58.296078+00:00
[4/90] skip completed Auto_Production_SF/M/short
TIME run allocation action=skip run=/fslarge/scratch/users/h61084/codes/fine_time/outputs/task_finetuning/checkpoints/ts_icl/CPHL/15T/long/run_0 source_launch=selena_fine_time_20260928T232415Z_26013 launch_id=selena_fine_time_20260929T092621Z_11326 slurm_job_id=3607389 launched_at=2026-09-29T11:03:58.300102+00:00
[5/90] skip completed CPHL/15T/long
TIME run allocation action=skip run=/fslarge/scratch/users/h61084/codes/fine_time/outputs/task_finetuning/checkpoints/ts_icl/CPHL/15T/medium/run_0 source_launch=selena_fine_time_20260928T232415Z_26013 launch_id=selena_fine_time_20260929T092621Z_11326 slurm_job_id=3607389 launched_at=2026-09-29T11:03:58.303777+00:00
[6/90] skip completed CPHL/15T/medium
TIME run allocation action=skip run=/fslarge/scratch/users/h61084/codes/fine_time/outputs/task_finetuning/checkpoints/ts_icl/CPHL/15T/short/run_0 source_launch=selena_fine_time_20260928T232415Z_26013 launch_id=selena_fine_time_20260929T092621Z_11326 slurm_job_id=3607389 launched_at=2026-09-29T11:03:58.307490+00:00
[7/90] skip completed CPHL/15T/short
TIME run allocation action=skip run=/fslarge/scratch/users/h61084/codes/fine_time/outputs/task_finetuning/checkpoints/ts_icl/CPHL/30T/long/run_0 source_launch=selena_fine_time_20260928T232415Z_26013 launch_id=selena_fine_time_20260929T092621Z_11326 slurm_job_id=3607389 launched_at=2026-09-29T11:03:58.311209+00:00
[8/90] skip completed CPHL/30T/long
TIME run allocation action=skip run=/fslarge/scratch/users/h61084/codes/fine_time/outputs/task_finetuning/checkpoints/ts_icl/CPHL/30T/medium/run_0 source_launch=selena_fine_time_20260928T232415Z_26013 launch_id=selena_fine_time_20260929T092621Z_11326 slurm_job_id=3607389 launched_at=2026-09-29T11:03:58.315035+00:00
[9/90] skip completed CPHL/30T/medium
TIME run allocation action=skip run=/fslarge/scratch/users/h61084/codes/fine_time/outputs/task_finetuning/checkpoints/ts_icl/CPHL/30T/short/run_0 source_launch=selena_fine_time_20260928T232415Z_26013 launch_id=selena_fine_time_20260929T092621Z_11326 slurm_job_id=3607389 launched_at=2026-09-29T11:03:58.318654+00:00
[10/90] skip completed CPHL/30T/short
TIME run allocation action=skip run=/fslarge/scratch/users/h61084/codes/fine_time/outputs/task_finetuning/checkpoints/ts_icl/CPHL/H/long/run_0 source_launch=selena_fine_time_20260928T232415Z_26013 launch_id=selena_fine_time_20260929T092621Z_11326 slurm_job_id=3607389 launched_at=2026-09-29T11:03:58.322580+00:00
[11/90] skip completed CPHL/H/long
TIME run allocation action=skip run=/fslarge/scratch/users/h61084/codes/fine_time/outputs/task_finetuning/checkpoints/ts_icl/CPHL/H/medium/run_0 source_launch=selena_fine_time_20260928T232415Z_26013 launch_id=selena_fine_time_20260929T092621Z_11326 slurm_job_id=3607389 launched_at=2026-09-29T11:03:58.326237+00:00
[12/90] skip completed CPHL/H/medium
TIME run allocation action=skip run=/fslarge/scratch/users/h61084/codes/fine_time/outputs/task_finetuning/checkpoints/ts_icl/CPHL/H/short/run_0 source_launch=selena_fine_time_20260928T232415Z_26013 launch_id=selena_fine_time_20260929T092621Z_11326 slurm_job_id=3607389 launched_at=2026-09-29T11:03:58.330125+00:00
[13/90] skip completed CPHL/H/short
TIME run allocation action=skip run=/fslarge/scratch/users/h61084/codes/fine_time/outputs/task_finetuning/checkpoints/ts_icl/Coastal_T_S/15T/long/run_0 source_launch=selena_fine_time_20260928T232415Z_26013 launch_id=selena_fine_time_20260929T092621Z_11326 slurm_job_id=3607389 launched_at=2026-09-29T11:03:58.334031+00:00
[14/90] skip completed Coastal_T_S/15T/long
TIME run allocation action=skip run=/fslarge/scratch/users/h61084/codes/fine_time/outputs/task_finetuning/checkpoints/ts_icl/Coastal_T_S/15T/medium/run_0 source_launch=selena_fine_time_20260928T232415Z_26013 launch_id=selena_fine_time_20260929T092621Z_11326 slurm_job_id=3607389 launched_at=2026-09-29T11:03:58.337803+00:00
[15/90] skip completed Coastal_T_S/15T/medium
TIME run allocation action=skip run=/fslarge/scratch/users/h61084/codes/fine_time/outputs/task_finetuning/checkpoints/ts_icl/Coastal_T_S/15T/short/run_0 source_launch=selena_fine_time_20260928T232415Z_26013 launch_id=selena_fine_time_20260929T092621Z_11326 slurm_job_id=3607389 launched_at=2026-09-29T11:03:58.341426+00:00
[16/90] skip completed Coastal_T_S/15T/short
TIME run allocation action=skip run=/fslarge/scratch/users/h61084/codes/fine_time/outputs/task_finetuning/checkpoints/ts_icl/Coastal_T_S/20T/long/run_0 source_launch=selena_fine_time_20260928T232415Z_26013 launch_id=selena_fine_time_20260929T092621Z_11326 slurm_job_id=3607389 launched_at=2026-09-29T11:03:58.345478+00:00
[17/90] skip completed Coastal_T_S/20T/long
TIME run allocation action=skip run=/fslarge/scratch/users/h61084/codes/fine_time/outputs/task_finetuning/checkpoints/ts_icl/Coastal_T_S/20T/medium/run_0 source_launch=selena_fine_time_20260928T232415Z_26013 launch_id=selena_fine_time_20260929T092621Z_11326 slurm_job_id=3607389 launched_at=2026-09-29T11:03:58.349147+00:00
[18/90] skip completed Coastal_T_S/20T/medium
TIME run allocation action=skip run=/fslarge/scratch/users/h61084/codes/fine_time/outputs/task_finetuning/checkpoints/ts_icl/Coastal_T_S/20T/short/run_0 source_launch=selena_fine_time_20260928T232415Z_26013 launch_id=selena_fine_time_20260929T092621Z_11326 slurm_job_id=3607389 launched_at=2026-09-29T11:03:58.352806+00:00
[19/90] skip completed Coastal_T_S/20T/short
TIME run allocation action=skip run=/fslarge/scratch/users/h61084/codes/fine_time/outputs/task_finetuning/checkpoints/ts_icl/Coastal_T_S/H/long/run_0 source_launch=selena_fine_time_20260928T232415Z_26013 launch_id=selena_fine_time_20260929T092621Z_11326 slurm_job_id=3607389 launched_at=2026-09-29T11:03:58.356724+00:00
[20/90] skip completed Coastal_T_S/H/long
TIME run allocation action=skip run=/fslarge/scratch/users/h61084/codes/fine_time/outputs/task_finetuning/checkpoints/ts_icl/Coastal_T_S/H/medium/run_0 source_launch=selena_fine_time_20260928T232415Z_26013 launch_id=selena_fine_time_20260929T092621Z_11326 slurm_job_id=3607389 launched_at=2026-09-29T11:03:58.360451+00:00
[21/90] skip completed Coastal_T_S/H/medium
TIME run allocation action=skip run=/fslarge/scratch/users/h61084/codes/fine_time/outputs/task_finetuning/checkpoints/ts_icl/Coastal_T_S/H/short/run_0 source_launch=selena_fine_time_20260928T232415Z_26013 launch_id=selena_fine_time_20260929T092621Z_11326 slurm_job_id=3607389 launched_at=2026-09-29T11:03:58.364194+00:00
[22/90] skip completed Coastal_T_S/H/short
TIME run allocation action=skip run=/fslarge/scratch/users/h61084/codes/fine_time/outputs/task_finetuning/checkpoints/ts_icl/Commodity_Import/M/short/run_0 source_launch=selena_fine_time_20260928T232415Z_26013 launch_id=selena_fine_time_20260929T092621Z_11326 slurm_job_id=3607389 launched_at=2026-09-29T11:03:58.368079+00:00
[23/90] skip completed Commodity_Import/M/short
TIME run allocation action=skip run=/fslarge/scratch/users/h61084/codes/fine_time/outputs/task_finetuning/checkpoints/ts_icl/Commodity_Production/M/short/run_0 source_launch=selena_fine_time_20260928T232415Z_26013 launch_id=selena_fine_time_20260929T092621Z_11326 slurm_job_id=3607389 launched_at=2026-09-29T11:03:58.372007+00:00
[24/90] skip completed Commodity_Production/M/short
TIME run allocation action=skip run=/fslarge/scratch/users/h61084/codes/fine_time/outputs/task_finetuning/checkpoints/ts_icl/Crypto/D/short/run_0 source_launch=selena_fine_time_20260928T232415Z_26013 launch_id=selena_fine_time_20260929T092621Z_11326 slurm_job_id=3607389 launched_at=2026-09-29T11:03:58.375925+00:00
[25/90] skip completed Crypto/D/short
TIME run allocation action=skip run=/fslarge/scratch/users/h61084/codes/fine_time/outputs/task_finetuning/checkpoints/ts_icl/ECDC_COVID/D/short/run_0 source_launch=selena_fine_time_20260928T232415Z_26013 launch_id=selena_fine_time_20260929T092621Z_11326 slurm_job_id=3607389 launched_at=2026-09-29T11:03:58.379656+00:00
[26/90] skip completed ECDC_COVID/D/short
TIME run allocation action=skip run=/fslarge/scratch/users/h61084/codes/fine_time/outputs/task_finetuning/checkpoints/ts_icl/ECDC_COVID/W/short/run_0 source_launch=selena_fine_time_20260928T232415Z_26013 launch_id=selena_fine_time_20260929T092621Z_11326 slurm_job_id=3607389 launched_at=2026-09-29T11:03:58.383398+00:00
[27/90] skip completed ECDC_COVID/W/short
TIME run allocation action=skip run=/fslarge/scratch/users/h61084/codes/fine_time/outputs/task_finetuning/checkpoints/ts_icl/EWELD_Load/15T/long/run_0 source_launch=selena_fine_time_20260928T232415Z_26013 launch_id=selena_fine_time_20260929T092621Z_11326 slurm_job_id=3607389 launched_at=2026-09-29T11:03:58.387124+00:00
[28/90] skip completed EWELD_Load/15T/long
TIME run allocation action=skip run=/fslarge/scratch/users/h61084/codes/fine_time/outputs/task_finetuning/checkpoints/ts_icl/EWELD_Load/15T/medium/run_0 source_launch=selena_fine_time_20260928T232415Z_26013 launch_id=selena_fine_time_20260929T092621Z_11326 slurm_job_id=3607389 launched_at=2026-09-29T11:03:58.390714+00:00
[29/90] skip completed EWELD_Load/15T/medium
TIME run allocation action=skip run=/fslarge/scratch/users/h61084/codes/fine_time/outputs/task_finetuning/checkpoints/ts_icl/EWELD_Load/15T/short/run_0 source_launch=selena_fine_time_20260928T232415Z_26013 launch_id=selena_fine_time_20260929T092621Z_11326 slurm_job_id=3607389 launched_at=2026-09-29T11:03:58.394570+00:00
[30/90] skip completed EWELD_Load/15T/short
TIME run allocation action=skip run=/fslarge/scratch/users/h61084/codes/fine_time/outputs/task_finetuning/checkpoints/ts_icl/Finland_Traffic/15T/long/run_0 source_launch=selena_fine_time_20260928T232415Z_26013 launch_id=selena_fine_time_20260929T092621Z_11326 slurm_job_id=3607389 launched_at=2026-09-29T11:03:58.398581+00:00
[31/90] skip completed Finland_Traffic/15T/long
TIME run allocation action=skip run=/fslarge/scratch/users/h61084/codes/fine_time/outputs/task_finetuning/checkpoints/ts_icl/Finland_Traffic/15T/medium/run_0 source_launch=selena_fine_time_20260928T232415Z_26013 launch_id=selena_fine_time_20260929T092621Z_11326 slurm_job_id=3607389 launched_at=2026-09-29T11:03:58.402249+00:00
[32/90] skip completed Finland_Traffic/15T/medium
TIME run allocation action=skip run=/fslarge/scratch/users/h61084/codes/fine_time/outputs/task_finetuning/checkpoints/ts_icl/Finland_Traffic/15T/short/run_0 source_launch=selena_fine_time_20260928T232415Z_26013 launch_id=selena_fine_time_20260929T092621Z_11326 slurm_job_id=3607389 launched_at=2026-09-29T11:03:58.405971+00:00
[33/90] skip completed Finland_Traffic/15T/short
TIME run allocation action=skip run=/fslarge/scratch/users/h61084/codes/fine_time/outputs/task_finetuning/checkpoints/ts_icl/Global_Influenza/W/short/run_0 source_launch=selena_fine_time_20260929T082942Z_17617 launch_id=selena_fine_time_20260929T092621Z_11326 slurm_job_id=3607389 launched_at=2026-09-29T11:03:58.409836+00:00
[34/90] skip completed Global_Influenza/W/short
TIME run allocation action=skip run=/fslarge/scratch/users/h61084/codes/fine_time/outputs/task_finetuning/checkpoints/ts_icl/Global_Price/Q/short/run_0 source_launch=selena_fine_time_20260929T082942Z_17617 launch_id=selena_fine_time_20260929T092621Z_11326 slurm_job_id=3607389 launched_at=2026-09-29T11:03:58.413908+00:00
[35/90] skip completed Global_Price/Q/short
TIME run allocation action=skip run=/fslarge/scratch/users/h61084/codes/fine_time/outputs/task_finetuning/checkpoints/ts_icl/Housing_Inventory/M/short/run_0 source_launch=selena_fine_time_20260929T082942Z_17617 launch_id=selena_fine_time_20260929T092621Z_11326 slurm_job_id=3607389 launched_at=2026-09-29T11:03:58.417780+00:00
[36/90] skip completed Housing_Inventory/M/short
TIME run allocation action=skip run=/fslarge/scratch/users/h61084/codes/fine_time/outputs/task_finetuning/checkpoints/ts_icl/JOLTS/M/short/run_0 source_launch=selena_fine_time_20260929T082942Z_17617 launch_id=selena_fine_time_20260929T092621Z_11326 slurm_job_id=3607389 launched_at=2026-09-29T11:03:58.421655+00:00
[37/90] skip completed JOLTS/M/short
TIME run allocation action=skip run=/fslarge/scratch/users/h61084/codes/fine_time/outputs/task_finetuning/checkpoints/ts_icl/Job_Claims/W/short/run_0 source_launch=selena_fine_time_20260929T082942Z_17617 launch_id=selena_fine_time_20260929T092621Z_11326 slurm_job_id=3607389 launched_at=2026-09-29T11:03:58.425535+00:00
[38/90] skip completed Job_Claims/W/short
TIME run allocation action=skip run=/fslarge/scratch/users/h61084/codes/fine_time/outputs/task_finetuning/checkpoints/ts_icl/MetroPT-3/5T/long/run_0 source_launch=selena_fine_time_20260929T082942Z_17617 launch_id=selena_fine_time_20260929T092621Z_11326 slurm_job_id=3607389 launched_at=2026-09-29T11:03:58.429584+00:00
[39/90] skip completed MetroPT-3/5T/long
TIME run allocation action=skip run=/fslarge/scratch/users/h61084/codes/fine_time/outputs/task_finetuning/checkpoints/ts_icl/MetroPT-3/5T/medium/run_0 source_launch=selena_fine_time_20260929T082942Z_17617 launch_id=selena_fine_time_20260929T092621Z_11326 slurm_job_id=3607389 launched_at=2026-09-29T11:03:58.433348+00:00
[40/90] skip completed MetroPT-3/5T/medium
TIME run allocation action=skip run=/fslarge/scratch/users/h61084/codes/fine_time/outputs/task_finetuning/checkpoints/ts_icl/MetroPT-3/5T/short/run_0 source_launch=selena_fine_time_20260929T082942Z_17617 launch_id=selena_fine_time_20260929T092621Z_11326 slurm_job_id=3607389 launched_at=2026-09-29T11:03:58.437123+00:00
[41/90] skip completed MetroPT-3/5T/short
TIME run allocation action=skip run=/fslarge/scratch/users/h61084/codes/fine_time/outputs/task_finetuning/checkpoints/ts_icl/NE_China_Wind/H/long/run_0 source_launch=selena_fine_time_20260929T082942Z_17617 launch_id=selena_fine_time_20260929T092621Z_11326 slurm_job_id=3607389 launched_at=2026-09-29T11:03:58.440873+00:00
[42/90] skip completed NE_China_Wind/H/long
TIME run allocation action=skip run=/fslarge/scratch/users/h61084/codes/fine_time/outputs/task_finetuning/checkpoints/ts_icl/NE_China_Wind/H/medium/run_0 source_launch=selena_fine_time_20260929T082942Z_17617 launch_id=selena_fine_time_20260929T092621Z_11326 slurm_job_id=3607389 launched_at=2026-09-29T11:03:58.444404+00:00
[43/90] skip completed NE_China_Wind/H/medium
TIME run allocation action=skip run=/fslarge/scratch/users/h61084/codes/fine_time/outputs/task_finetuning/checkpoints/ts_icl/NE_China_Wind/H/short/run_0 source_launch=selena_fine_time_20260929T082942Z_17617 launch_id=selena_fine_time_20260929T092621Z_11326 slurm_job_id=3607389 launched_at=2026-09-29T11:03:58.448777+00:00
[44/90] skip completed NE_China_Wind/H/short
TIME run allocation action=skip run=/fslarge/scratch/users/h61084/codes/fine_time/outputs/task_finetuning/checkpoints/ts_icl/Oil_Price/B/short/run_0 source_launch=selena_fine_time_20260929T082942Z_17617 launch_id=selena_fine_time_20260929T092621Z_11326 slurm_job_id=3607389 launched_at=2026-09-29T11:03:58.452624+00:00
[45/90] skip completed Oil_Price/B/short
TIME run allocation action=skip run=/fslarge/scratch/users/h61084/codes/fine_time/outputs/task_finetuning/checkpoints/ts_icl/Online_Retail_2_UCI/D/short/run_0 source_launch=selena_fine_time_20260929T082942Z_17617 launch_id=selena_fine_time_20260929T092621Z_11326 slurm_job_id=3607389 launched_at=2026-09-29T11:03:58.456329+00:00
[46/90] skip completed Online_Retail_2_UCI/D/short
TIME run allocation action=skip run=/fslarge/scratch/users/h61084/codes/fine_time/outputs/task_finetuning/checkpoints/ts_icl/OpenElectricity_NEM/5T/long/run_0 source_launch=selena_fine_time_20260929T082942Z_17617 launch_id=selena_fine_time_20260929T092621Z_11326 slurm_job_id=3607389 launched_at=2026-09-29T11:03:58.460172+00:00
[47/90] skip completed OpenElectricity_NEM/5T/long
TIME run allocation action=skip run=/fslarge/scratch/users/h61084/codes/fine_time/outputs/task_finetuning/checkpoints/ts_icl/OpenElectricity_NEM/5T/medium/run_0 source_launch=selena_fine_time_20260929T082942Z_17617 launch_id=selena_fine_time_20260929T092621Z_11326 slurm_job_id=3607389 launched_at=2026-09-29T11:03:58.463834+00:00
[48/90] skip completed OpenElectricity_NEM/5T/medium
TIME run allocation action=skip run=/fslarge/scratch/users/h61084/codes/fine_time/outputs/task_finetuning/checkpoints/ts_icl/OpenElectricity_NEM/5T/short/run_0 source_launch=selena_fine_time_20260929T082942Z_17617 launch_id=selena_fine_time_20260929T092621Z_11326 slurm_job_id=3607389 launched_at=2026-09-29T11:03:58.467435+00:00
[49/90] skip completed OpenElectricity_NEM/5T/short
TIME run allocation action=skip run=/fslarge/scratch/users/h61084/codes/fine_time/outputs/task_finetuning/checkpoints/ts_icl/Port_Activity/D/short/run_0 source_launch=selena_fine_time_20260929T082942Z_17617 launch_id=selena_fine_time_20260929T092621Z_11326 slurm_job_id=3607389 launched_at=2026-09-29T11:03:58.471520+00:00
[50/90] skip completed Port_Activity/D/short
TIME run allocation action=skip run=/fslarge/scratch/users/h61084/codes/fine_time/outputs/task_finetuning/checkpoints/ts_icl/Port_Activity/W/short/run_0 source_launch=selena_fine_time_20260929T082942Z_17617 launch_id=selena_fine_time_20260929T092621Z_11326 slurm_job_id=3607389 launched_at=2026-09-29T11:03:58.475221+00:00
[51/90] skip completed Port_Activity/W/short
TIME run allocation action=skip run=/fslarge/scratch/users/h61084/codes/fine_time/outputs/task_finetuning/checkpoints/ts_icl/SG_Carpark/15T/long/run_0 source_launch=selena_fine_time_20260929T082942Z_17617 launch_id=selena_fine_time_20260929T092621Z_11326 slurm_job_id=3607389 launched_at=2026-09-29T11:03:58.478972+00:00
[52/90] skip completed SG_Carpark/15T/long
TIME run allocation action=skip run=/fslarge/scratch/users/h61084/codes/fine_time/outputs/task_finetuning/checkpoints/ts_icl/SG_Carpark/15T/medium/run_0 source_launch=selena_fine_time_20260929T082942Z_17617 launch_id=selena_fine_time_20260929T092621Z_11326 slurm_job_id=3607389 launched_at=2026-09-29T11:03:58.482507+00:00
[53/90] skip completed SG_Carpark/15T/medium
TIME run allocation action=skip run=/fslarge/scratch/users/h61084/codes/fine_time/outputs/task_finetuning/checkpoints/ts_icl/SG_Carpark/15T/short/run_0 source_launch=selena_fine_time_20260929T082942Z_17617 launch_id=selena_fine_time_20260929T092621Z_11326 slurm_job_id=3607389 launched_at=2026-09-29T11:03:58.486083+00:00
[54/90] skip completed SG_Carpark/15T/short
TIME run allocation action=skip run=/fslarge/scratch/users/h61084/codes/fine_time/outputs/task_finetuning/checkpoints/ts_icl/SG_PM25/H/long/run_0 source_launch=selena_fine_time_20260929T082942Z_17617 launch_id=selena_fine_time_20260929T092621Z_11326 slurm_job_id=3607389 launched_at=2026-09-29T11:03:58.490117+00:00
[55/90] skip completed SG_PM25/H/long
TIME run allocation action=skip run=/fslarge/scratch/users/h61084/codes/fine_time/outputs/task_finetuning/checkpoints/ts_icl/SG_PM25/H/medium/run_0 source_launch=selena_fine_time_20260929T082942Z_17617 launch_id=selena_fine_time_20260929T092621Z_11326 slurm_job_id=3607389 launched_at=2026-09-29T11:03:58.493726+00:00
[56/90] skip completed SG_PM25/H/medium
TIME run allocation action=skip run=/fslarge/scratch/users/h61084/codes/fine_time/outputs/task_finetuning/checkpoints/ts_icl/SG_PM25/H/short/run_0 source_launch=selena_fine_time_20260929T082942Z_17617 launch_id=selena_fine_time_20260929T092621Z_11326 slurm_job_id=3607389 launched_at=2026-09-29T11:03:58.497393+00:00
[57/90] skip completed SG_PM25/H/short
TIME run allocation action=skip run=/fslarge/scratch/users/h61084/codes/fine_time/outputs/task_finetuning/checkpoints/ts_icl/SG_Weather/D/long/run_0 source_launch=selena_fine_time_20260929T082942Z_17617 launch_id=selena_fine_time_20260929T092621Z_11326 slurm_job_id=3607389 launched_at=2026-09-29T11:03:58.501218+00:00
[58/90] skip completed SG_Weather/D/long
TIME run allocation action=skip run=/fslarge/scratch/users/h61084/codes/fine_time/outputs/task_finetuning/checkpoints/ts_icl/SG_Weather/D/medium/run_0 source_launch=selena_fine_time_20260929T082942Z_17617 launch_id=selena_fine_time_20260929T092621Z_11326 slurm_job_id=3607389 launched_at=2026-09-29T11:03:58.504794+00:00
[59/90] skip completed SG_Weather/D/medium
TIME run allocation action=skip run=/fslarge/scratch/users/h61084/codes/fine_time/outputs/task_finetuning/checkpoints/ts_icl/SG_Weather/D/short/run_0 source_launch=selena_fine_time_20260929T082942Z_17617 launch_id=selena_fine_time_20260929T092621Z_11326 slurm_job_id=3607389 launched_at=2026-09-29T11:03:58.508668+00:00
[60/90] skip completed SG_Weather/D/short
TIME run allocation action=skip run=/fslarge/scratch/users/h61084/codes/fine_time/outputs/task_finetuning/checkpoints/ts_icl/Smart_Manufacturing/H/long/run_0 source_launch=selena_fine_time_20260929T082942Z_17617 launch_id=selena_fine_time_20260929T092621Z_11326 slurm_job_id=3607389 launched_at=2026-09-29T11:03:58.512540+00:00
[61/90] skip completed Smart_Manufacturing/H/long
TIME run allocation action=skip run=/fslarge/scratch/users/h61084/codes/fine_time/outputs/task_finetuning/checkpoints/ts_icl/Smart_Manufacturing/H/medium/run_0 source_launch=selena_fine_time_20260929T082942Z_17617 launch_id=selena_fine_time_20260929T092621Z_11326 slurm_job_id=3607389 launched_at=2026-09-29T11:03:58.516052+00:00
[62/90] skip completed Smart_Manufacturing/H/medium
TIME run allocation action=skip run=/fslarge/scratch/users/h61084/codes/fine_time/outputs/task_finetuning/checkpoints/ts_icl/Smart_Manufacturing/H/short/run_0 source_launch=selena_fine_time_20260929T082942Z_17617 launch_id=selena_fine_time_20260929T092621Z_11326 slurm_job_id=3607389 launched_at=2026-09-29T11:03:58.519685+00:00
[63/90] skip completed Smart_Manufacturing/H/short
TIME run allocation action=skip run=/fslarge/scratch/users/h61084/codes/fine_time/outputs/task_finetuning/checkpoints/ts_icl/Supply_Chain_Customer/D/short/run_0 source_launch=selena_fine_time_20260929T082942Z_17617 launch_id=selena_fine_time_20260929T092621Z_11326 slurm_job_id=3607389 launched_at=2026-09-29T11:03:58.523582+00:00
[64/90] skip completed Supply_Chain_Customer/D/short
TIME run allocation action=skip run=/fslarge/scratch/users/h61084/codes/fine_time/outputs/task_finetuning/checkpoints/ts_icl/Supply_Chain_Location/D/short/run_0 source_launch=selena_fine_time_20260929T082942Z_17617 launch_id=selena_fine_time_20260929T092621Z_11326 slurm_job_id=3607389 launched_at=2026-09-29T11:03:58.527487+00:00
[65/90] skip completed Supply_Chain_Location/D/short
TIME run allocation action=skip run=/fslarge/scratch/users/h61084/codes/fine_time/outputs/task_finetuning/checkpoints/ts_icl/US_Labor/M/short/run_0 source_launch=selena_fine_time_20260929T082942Z_17617 launch_id=selena_fine_time_20260929T092621Z_11326 slurm_job_id=3607389 launched_at=2026-09-29T11:03:58.531199+00:00
[66/90] skip completed US_Labor/M/short
TIME run allocation action=skip run=/fslarge/scratch/users/h61084/codes/fine_time/outputs/task_finetuning/checkpoints/ts_icl/US_Term_Structure/B/short/run_0 source_launch=selena_fine_time_20260929T082942Z_17617 launch_id=selena_fine_time_20260929T092621Z_11326 slurm_job_id=3607389 launched_at=2026-09-29T11:03:58.535067+00:00
[67/90] skip completed US_Term_Structure/B/short
TIME run allocation action=skip run=/fslarge/scratch/users/h61084/codes/fine_time/outputs/task_finetuning/checkpoints/ts_icl/Uncertainty_1M/M/short/run_0 source_launch=selena_fine_time_20260929T082942Z_17617 launch_id=selena_fine_time_20260929T092621Z_11326 slurm_job_id=3607389 launched_at=2026-09-29T11:03:58.538758+00:00
[68/90] skip completed Uncertainty_1M/M/short
TIME run allocation action=skip run=/fslarge/scratch/users/h61084/codes/fine_time/outputs/task_finetuning/checkpoints/ts_icl/Vehicle_Sales/M/short/run_0 source_launch=selena_fine_time_20260929T082942Z_17617 launch_id=selena_fine_time_20260929T092621Z_11326 slurm_job_id=3607389 launched_at=2026-09-29T11:03:58.542516+00:00
[69/90] skip completed Vehicle_Sales/M/short
TIME run allocation action=skip run=/fslarge/scratch/users/h61084/codes/fine_time/outputs/task_finetuning/checkpoints/ts_icl/Vehicle_Supply/M/short/run_0 source_launch=selena_fine_time_20260929T082942Z_17617 launch_id=selena_fine_time_20260929T092621Z_11326 slurm_job_id=3607389 launched_at=2026-09-29T11:03:58.546173+00:00
[70/90] skip completed Vehicle_Supply/M/short
TIME run allocation action=skip run=/fslarge/scratch/users/h61084/codes/fine_time/outputs/task_finetuning/checkpoints/ts_icl/WUI_Global/Q/short/run_0 source_launch=selena_fine_time_20260929T082942Z_17617 launch_id=selena_fine_time_20260929T092621Z_11326 slurm_job_id=3607389 launched_at=2026-09-29T11:03:58.549884+00:00
[71/90] skip completed WUI_Global/Q/short
TIME run allocation action=skip run=/fslarge/scratch/users/h61084/codes/fine_time/outputs/task_finetuning/checkpoints/ts_icl/Water_Quality_Darwin/15T/long/run_0 source_launch=selena_fine_time_20260929T082942Z_17617 launch_id=selena_fine_time_20260929T092621Z_11326 slurm_job_id=3607389 launched_at=2026-09-29T11:03:58.553589+00:00
[72/90] skip completed Water_Quality_Darwin/15T/long
TIME run allocation action=skip run=/fslarge/scratch/users/h61084/codes/fine_time/outputs/task_finetuning/checkpoints/ts_icl/Water_Quality_Darwin/15T/medium/run_0 source_launch=selena_fine_time_20260929T082942Z_17617 launch_id=selena_fine_time_20260929T092621Z_11326 slurm_job_id=3607389 launched_at=2026-09-29T11:03:58.557134+00:00
[73/90] skip completed Water_Quality_Darwin/15T/medium
TIME run allocation action=skip run=/fslarge/scratch/users/h61084/codes/fine_time/outputs/task_finetuning/checkpoints/ts_icl/Water_Quality_Darwin/15T/short/run_0 source_launch=selena_fine_time_20260929T082942Z_17617 launch_id=selena_fine_time_20260929T092621Z_11326 slurm_job_id=3607389 launched_at=2026-09-29T11:03:58.560670+00:00
[74/90] skip completed Water_Quality_Darwin/15T/short
TIME run allocation action=skip run=/fslarge/scratch/users/h61084/codes/fine_time/outputs/task_finetuning/checkpoints/ts_icl/azure2019_U/5T/short/run_0 source_launch=selena_fine_time_20260929T082942Z_17617 launch_id=selena_fine_time_20260929T092621Z_11326 slurm_job_id=3607389 launched_at=2026-09-29T11:03:58.564560+00:00
[75/90] skip completed azure2019_U/5T/short
TIME run allocation action=skip run=/fslarge/scratch/users/h61084/codes/fine_time/outputs/task_finetuning/checkpoints/ts_icl/current_velocity/10T/long/run_0 source_launch=selena_fine_time_20260929T082942Z_17617 launch_id=selena_fine_time_20260929T092621Z_11326 slurm_job_id=3607389 launched_at=2026-09-29T11:03:58.568245+00:00
[76/90] skip completed current_velocity/10T/long
TIME run allocation action=skip run=/fslarge/scratch/users/h61084/codes/fine_time/outputs/task_finetuning/checkpoints/ts_icl/current_velocity/10T/medium/run_0 source_launch=selena_fine_time_20260929T082942Z_17617 launch_id=selena_fine_time_20260929T092621Z_11326 slurm_job_id=3607389 launched_at=2026-09-29T11:03:58.571811+00:00
[77/90] skip completed current_velocity/10T/medium
TIME run allocation action=skip run=/fslarge/scratch/users/h61084/codes/fine_time/outputs/task_finetuning/checkpoints/ts_icl/current_velocity/10T/short/run_0 source_launch=selena_fine_time_20260929T082942Z_17617 launch_id=selena_fine_time_20260929T092621Z_11326 slurm_job_id=3607389 launched_at=2026-09-29T11:03:58.575398+00:00
[78/90] skip completed current_velocity/10T/short
TIME run allocation action=resume run=/fslarge/scratch/users/h61084/codes/fine_time/outputs/task_finetuning/checkpoints/ts_icl/current_velocity/15T/long/run_0 launch_id=selena_fine_time_20260929T092621Z_11326 slurm_job_id=3607389 launched_at=2026-09-29T11:03:58.578784+00:00 resumed_from_launch=selena_fine_time_20260929T082942Z_17617 resumed_from_job=3606313
[79/90] fine-tune ts_icl on current_velocity/15T/long
[2026-09-29 11:03:59 UTC] resources selected_device {"device": "cuda", "model": "ts_icl", "stage": "finetune"}
TIME run allocation action=new run=/fslarge/scratch/users/h61084/codes/fine_time/outputs/task_finetuning/checkpoints/ts_icl/current_velocity/15T/medium/run_0 launch_id=selena_fine_time_20260929T092621Z_11326 slurm_job_id=3607389 launched_at=2026-09-29T11:05:04.308483+00:00
[80/90] fine-tune ts_icl on current_velocity/15T/medium
[2026-09-29 11:05:04 UTC] resources selected_device {"device": "cuda", "model": "ts_icl", "stage": "finetune"}
TIME run allocation action=new run=/fslarge/scratch/users/h61084/codes/fine_time/outputs/task_finetuning/checkpoints/ts_icl/current_velocity/15T/short/run_0 launch_id=selena_fine_time_20260929T092621Z_11326 slurm_job_id=3607389 launched_at=2026-09-29T11:06:03.579654+00:00
[81/90] fine-tune ts_icl on current_velocity/15T/short
[2026-09-29 11:06:04 UTC] resources selected_device {"device": "cuda", "model": "ts_icl", "stage": "finetune"}
TIME run allocation action=new run=/fslarge/scratch/users/h61084/codes/fine_time/outputs/task_finetuning/checkpoints/ts_icl/current_velocity/5T/long/run_0 launch_id=selena_fine_time_20260929T092621Z_11326 slurm_job_id=3607389 launched_at=2026-09-29T11:07:01.841349+00:00
[82/90] fine-tune ts_icl on current_velocity/5T/long
[2026-09-29 11:07:02 UTC] resources selected_device {"device": "cuda", "model": "ts_icl", "stage": "finetune"}
TIME run allocation action=new run=/fslarge/scratch/users/h61084/codes/fine_time/outputs/task_finetuning/checkpoints/ts_icl/current_velocity/5T/medium/run_0 launch_id=selena_fine_time_20260929T092621Z_11326 slurm_job_id=3607389 launched_at=2026-09-29T11:08:13.093722+00:00
[83/90] fine-tune ts_icl on current_velocity/5T/medium
[2026-09-29 11:08:13 UTC] resources selected_device {"device": "cuda", "model": "ts_icl", "stage": "finetune"}
TIME run allocation action=new run=/fslarge/scratch/users/h61084/codes/fine_time/outputs/task_finetuning/checkpoints/ts_icl/current_velocity/5T/short/run_0 launch_id=selena_fine_time_20260929T092621Z_11326 slurm_job_id=3607389 launched_at=2026-09-29T11:09:20.387539+00:00
[84/90] fine-tune ts_icl on current_velocity/5T/short
[2026-09-29 11:09:20 UTC] resources selected_device {"device": "cuda", "model": "ts_icl", "stage": "finetune"}
TIME run allocation action=new run=/fslarge/scratch/users/h61084/codes/fine_time/outputs/task_finetuning/checkpoints/ts_icl/current_velocity/H/long/run_0 launch_id=selena_fine_time_20260929T092621Z_11326 slurm_job_id=3607389 launched_at=2026-09-29T11:10:24.233552+00:00
[85/90] fine-tune ts_icl on current_velocity/H/long
[2026-09-29 11:10:24 UTC] resources selected_device {"device": "cuda", "model": "ts_icl", "stage": "finetune"}
TIME run allocation action=new run=/fslarge/scratch/users/h61084/codes/fine_time/outputs/task_finetuning/checkpoints/ts_icl/current_velocity/H/medium/run_0 launch_id=selena_fine_time_20260929T092621Z_11326 slurm_job_id=3607389 launched_at=2026-09-29T11:10:56.111397+00:00
[86/90] fine-tune ts_icl on current_velocity/H/medium
[2026-09-29 11:10:56 UTC] resources selected_device {"device": "cuda", "model": "ts_icl", "stage": "finetune"}
TIME run allocation action=new run=/fslarge/scratch/users/h61084/codes/fine_time/outputs/task_finetuning/checkpoints/ts_icl/current_velocity/H/short/run_0 launch_id=selena_fine_time_20260929T092621Z_11326 slurm_job_id=3607389 launched_at=2026-09-29T11:11:28.601665+00:00
[87/90] fine-tune ts_icl on current_velocity/H/short
[2026-09-29 11:11:29 UTC] resources selected_device {"device": "cuda", "model": "ts_icl", "stage": "finetune"}
TIME run allocation action=new run=/fslarge/scratch/users/h61084/codes/fine_time/outputs/task_finetuning/checkpoints/ts_icl/epf_electricity_price/H/long/run_0 launch_id=selena_fine_time_20260929T092621Z_11326 slurm_job_id=3607389 launched_at=2026-09-29T11:12:01.790019+00:00
[88/90] fine-tune ts_icl on epf_electricity_price/H/long
[2026-09-29 11:12:02 UTC] resources selected_device {"device": "cuda", "model": "ts_icl", "stage": "finetune"}
TIME run allocation action=new run=/fslarge/scratch/users/h61084/codes/fine_time/outputs/task_finetuning/checkpoints/ts_icl/epf_electricity_price/H/medium/run_0 launch_id=selena_fine_time_20260929T092621Z_11326 slurm_job_id=3607389 launched_at=2026-09-29T11:13:07.623947+00:00
[89/90] fine-tune ts_icl on epf_electricity_price/H/medium
[2026-09-29 11:13:07 UTC] resources selected_device {"device": "cuda", "model": "ts_icl", "stage": "finetune"}
TIME run allocation action=new run=/fslarge/scratch/users/h61084/codes/fine_time/outputs/task_finetuning/checkpoints/ts_icl/epf_electricity_price/H/short/run_0 launch_id=selena_fine_time_20260929T092621Z_11326 slurm_job_id=3607389 launched_at=2026-09-29T11:14:11.612392+00:00
[90/90] fine-tune ts_icl on epf_electricity_price/H/short
[2026-09-29 11:14:11 UTC] resources selected_device {"device": "cuda", "model": "ts_icl", "stage": "finetune"}
2026-09-29 13:15:16 | task model=ts_icl independent_per_task_fine_tuning=true profile=small completed status=success
2026-09-29 13:15:16 | stage train completed status=success
2026-09-29 13:15:16 | stage evaluate started
2026-09-29 13:15:16 | task model=ts_icl states=frozen,task_finetuned target_mode=univariate started
[1/90] evaluate ts_icl frozen on Australia_Solar/H/long
[2026-09-29 11:15:39 UTC] resources selected_device {"device": "cuda", "model": "ts_icl", "stage": "forecast"}
Loading configuration...

============================================================
Dataset: Australia_Solar/H
Terms: ['long']
Covariate mode: none
Instance normalization: none
============================================================

--- Term: long ---
  Config: prediction_length=168, test_length=2520, val_length=2520
TIME run allocation action=new run=/fslarge/scratch/users/h61084/codes/fine_time/outputs/task_finetuning/tasks/inference/ts_icl/univariate/Australia_Solar/H/long/run_0 launch_id=selena_fine_time_20260929T092621Z_11326 slurm_job_id=3607389 launched_at=2026-09-29T11:15:39.231515+00:00
  Initializing model pipeline...
  Dataset info:
    - Frequency: H
    - Num series: 1
    - Target dim: 3
    - Target mode: univariate
    - Covariate channels: 0
    - Series length: min=35064,               max=35064, avg=35064.0
    - Test split: 2520 steps
    - Prediction length: 168
    - Windows: 15
TIME run allocation action=new run=/fslarge/scratch/users/h61084/codes/fine_time/outputs/task_finetuning/tasks/frozen/ts_icl/univariate/Australia_Solar/H/long/run_0 launch_id=selena_fine_time_20260929T092621Z_11326 slurm_job_id=3607389 launched_at=2026-09-29T11:15:41.592709+00:00
    Total instances: 45, Series during experiment: 3, Windows: 15
    Collecting ground truth and context...
    Detected to_univariate case: 3 flat series -> 1 series x 3 variates
    Organizing data into arrays...
    ⚠️  Predictions max value (1939534.75) exceeds float16 safe range.
    ⚠️  Applying scale factor: 100 (values will be divided)
    Saved predictions (quantiles) to /fslarge/scratch/users/h61084/codes/fine_time/outputs/task_finetuning/tasks/frozen/ts_icl/univariate/Australia_Solar/H/long/run_0/predictions.npz
    Computing per-window metrics...
    Saved metrics to /fslarge/scratch/users/h61084/codes/fine_time/outputs/task_finetuning/tasks/frozen/ts_icl/univariate/Australia_Solar/H/long/run_0/metrics.npz
    Saved aggregate metrics to /fslarge/scratch/users/h61084/codes/fine_time/outputs/task_finetuning/tasks/frozen/ts_icl/univariate/Australia_Solar/H/long/run_0/metrics_summary.json
    Metrics summary (averaged over all series/windows/variates):
      MSE: 25633485342.6202
      MAE: 79177.1830
      RMSE: 126170.8692
      MAPE: 19.4345
      sMAPE: 0.5105
      MASE: 1.1124
      ND: 0.2550
      CRPS: 0.1967
  Completed: 1 series × 15 windows
  Output: /fslarge/scratch/users/h61084/codes/fine_time/outputs/task_finetuning/tasks/frozen/ts_icl/univariate/Australia_Solar/H/long/run_0
  Inference time: 1.610s

============================================================
All experiments completed!
Results saved to: /scratch/users/h61084/codes/fine_time/outputs/task_finetuning/tasks/frozen
============================================================
[1/90] evaluate ts_icl task_finetuned on Australia_Solar/H/long
[2026-09-29 11:15:41 UTC] resources selected_device {"device": "cuda", "model": "ts_icl", "stage": "forecast"}
Loading configuration...

============================================================
Dataset: Australia_Solar/H
Terms: ['long']
Covariate mode: none
Instance normalization: none
============================================================

--- Term: long ---
  Config: prediction_length=168, test_length=2520, val_length=2520
TIME run allocation action=new run=/fslarge/scratch/users/h61084/codes/fine_time/outputs/task_finetuning/tasks/inference/ts_icl/univariate/Australia_Solar/H/long/run_1 launch_id=selena_fine_time_20260929T092621Z_11326 slurm_job_id=3607389 launched_at=2026-09-29T11:15:41.674610+00:00
  Initializing model pipeline...
  Dataset info:
    - Frequency: H
    - Num series: 1
    - Target dim: 3
    - Target mode: univariate
    - Covariate channels: 0
    - Series length: min=35064,               max=35064, avg=35064.0
    - Test split: 2520 steps
    - Prediction length: 168
    - Windows: 15
TIME run allocation action=new run=/fslarge/scratch/users/h61084/codes/fine_time/outputs/task_finetuning/tasks/task_finetuned/ts_icl/univariate/Australia_Solar/H/long/run_0 launch_id=selena_fine_time_20260929T092621Z_11326 slurm_job_id=3607389 launched_at=2026-09-29T11:15:43.385382+00:00
    Total instances: 45, Series during experiment: 3, Windows: 15
    Collecting ground truth and context...
    Detected to_univariate case: 3 flat series -> 1 series x 3 variates
    Organizing data into arrays...
    ⚠️  Predictions max value (1960807.50) exceeds float16 safe range.
    ⚠️  Applying scale factor: 100 (values will be divided)
    Saved predictions (quantiles) to /fslarge/scratch/users/h61084/codes/fine_time/outputs/task_finetuning/tasks/task_finetuned/ts_icl/univariate/Australia_Solar/H/long/run_0/predictions.npz
    Computing per-window metrics...
    Saved metrics to /fslarge/scratch/users/h61084/codes/fine_time/outputs/task_finetuning/tasks/task_finetuned/ts_icl/univariate/Australia_Solar/H/long/run_0/metrics.npz
    Saved aggregate metrics to /fslarge/scratch/users/h61084/codes/fine_time/outputs/task_finetuning/tasks/task_finetuned/ts_icl/univariate/Australia_Solar/H/long/run_0/metrics_summary.json
    Metrics summary (averaged over all series/windows/variates):
      MSE: 25493362981.3319
      MAE: 78873.5671
      RMSE: 125812.8019
      MAPE: 16.2440
      sMAPE: 0.5035
      MASE: 1.1091
      ND: 0.2542
      CRPS: 0.1956
  Completed: 1 series × 15 windows
  Output: /fslarge/scratch/users/h61084/codes/fine_time/outputs/task_finetuning/tasks/task_finetuned/ts_icl/univariate/Australia_Solar/H/long/run_0
  Inference time: 1.043s

============================================================
All experiments completed!
Results saved to: /scratch/users/h61084/codes/fine_time/outputs/task_finetuning/tasks/task_finetuned
============================================================
[2/90] evaluate ts_icl frozen on Australia_Solar/H/medium
[2026-09-29 11:15:43 UTC] resources selected_device {"device": "cuda", "model": "ts_icl", "stage": "forecast"}
Loading configuration...

============================================================
Dataset: Australia_Solar/H
Terms: ['medium']
Covariate mode: none
Instance normalization: none
============================================================

--- Term: medium ---
  Config: prediction_length=72, test_length=2520, val_length=2520
TIME run allocation action=new run=/fslarge/scratch/users/h61084/codes/fine_time/outputs/task_finetuning/tasks/inference/ts_icl/univariate/Australia_Solar/H/medium/run_0 launch_id=selena_fine_time_20260929T092621Z_11326 slurm_job_id=3607389 launched_at=2026-09-29T11:15:43.480034+00:00
  Initializing model pipeline...
  Dataset info:
    - Frequency: H
    - Num series: 1
    - Target dim: 3
    - Target mode: univariate
    - Covariate channels: 0
    - Series length: min=35064,               max=35064, avg=35064.0
    - Test split: 2520 steps
    - Prediction length: 72
    - Windows: 35
TIME run allocation action=new run=/fslarge/scratch/users/h61084/codes/fine_time/outputs/task_finetuning/tasks/frozen/ts_icl/univariate/Australia_Solar/H/medium/run_0 launch_id=selena_fine_time_20260929T092621Z_11326 slurm_job_id=3607389 launched_at=2026-09-29T11:15:46.141295+00:00
    Total instances: 105, Series during experiment: 3, Windows: 35
    Collecting ground truth and context...
    Detected to_univariate case: 3 flat series -> 1 series x 3 variates
    Organizing data into arrays...
    ⚠️  Predictions max value (1995745.12) exceeds float16 safe range.
    ⚠️  Applying scale factor: 100 (values will be divided)
    Saved predictions (quantiles) to /fslarge/scratch/users/h61084/codes/fine_time/outputs/task_finetuning/tasks/frozen/ts_icl/univariate/Australia_Solar/H/medium/run_0/predictions.npz
    Computing per-window metrics...
    Saved metrics to /fslarge/scratch/users/h61084/codes/fine_time/outputs/task_finetuning/tasks/frozen/ts_icl/univariate/Australia_Solar/H/medium/run_0/metrics.npz
    Saved aggregate metrics to /fslarge/scratch/users/h61084/codes/fine_time/outputs/task_finetuning/tasks/frozen/ts_icl/univariate/Australia_Solar/H/medium/run_0/metrics_summary.json
    Metrics summary (averaged over all series/windows/variates):
      MSE: 27574729926.4131
      MAE: 83671.4865
      RMSE: 124105.9946
      MAPE: 26.5644
      sMAPE: 0.5278
      MASE: 1.1413
      ND: 0.2817
      CRPS: 0.2157
  Completed: 1 series × 35 windows
  Output: /fslarge/scratch/users/h61084/codes/fine_time/outputs/task_finetuning/tasks/frozen/ts_icl/univariate/Australia_Solar/H/medium/run_0
  Inference time: 2.299s

============================================================
All experiments completed!
Results saved to: /scratch/users/h61084/codes/fine_time/outputs/task_finetuning/tasks/frozen
============================================================
[2/90] evaluate ts_icl task_finetuned on Australia_Solar/H/medium
[2026-09-29 11:15:46 UTC] resources selected_device {"device": "cuda", "model": "ts_icl", "stage": "forecast"}
Loading configuration...

============================================================
Dataset: Australia_Solar/H
Terms: ['medium']
Covariate mode: none
Instance normalization: none
============================================================

--- Term: medium ---
  Config: prediction_length=72, test_length=2520, val_length=2520
TIME run allocation action=new run=/fslarge/scratch/users/h61084/codes/fine_time/outputs/task_finetuning/tasks/inference/ts_icl/univariate/Australia_Solar/H/medium/run_1 launch_id=selena_fine_time_20260929T092621Z_11326 slurm_job_id=3607389 launched_at=2026-09-29T11:15:46.242520+00:00
  Initializing model pipeline...
  Dataset info:
    - Frequency: H
    - Num series: 1
    - Target dim: 3
    - Target mode: univariate
    - Covariate channels: 0
    - Series length: min=35064,               max=35064, avg=35064.0
    - Test split: 2520 steps
    - Prediction length: 72
    - Windows: 35
TIME run allocation action=new run=/fslarge/scratch/users/h61084/codes/fine_time/outputs/task_finetuning/tasks/task_finetuned/ts_icl/univariate/Australia_Solar/H/medium/run_0 launch_id=selena_fine_time_20260929T092621Z_11326 slurm_job_id=3607389 launched_at=2026-09-29T11:15:49.145785+00:00
    Total instances: 105, Series during experiment: 3, Windows: 35
    Collecting ground truth and context...
    Detected to_univariate case: 3 flat series -> 1 series x 3 variates
    Organizing data into arrays...
    ⚠️  Predictions max value (2007545.38) exceeds float16 safe range.
    ⚠️  Applying scale factor: 100 (values will be divided)
    Saved predictions (quantiles) to /fslarge/scratch/users/h61084/codes/fine_time/outputs/task_finetuning/tasks/task_finetuned/ts_icl/univariate/Australia_Solar/H/medium/run_0/predictions.npz
    Computing per-window metrics...
    Saved metrics to /fslarge/scratch/users/h61084/codes/fine_time/outputs/task_finetuning/tasks/task_finetuned/ts_icl/univariate/Australia_Solar/H/medium/run_0/metrics.npz
    Saved aggregate metrics to /fslarge/scratch/users/h61084/codes/fine_time/outputs/task_finetuning/tasks/task_finetuned/ts_icl/univariate/Australia_Solar/H/medium/run_0/metrics_summary.json
    Metrics summary (averaged over all series/windows/variates):
      MSE: 27254414547.7210
      MAE: 83216.1052
      RMSE: 123518.9423
      MAPE: 19.7178
      sMAPE: 0.5190
      MASE: 1.1357
      ND: 0.2802
      CRPS: 0.2137
  Completed: 1 series × 35 windows
  Output: /fslarge/scratch/users/h61084/codes/fine_time/outputs/task_finetuning/tasks/task_finetuned/ts_icl/univariate/Australia_Solar/H/medium/run_0
  Inference time: 2.304s

============================================================
All experiments completed!
Results saved to: /scratch/users/h61084/codes/fine_time/outputs/task_finetuning/tasks/task_finetuned
============================================================
[3/90] evaluate ts_icl frozen on Australia_Solar/H/short
[2026-09-29 11:15:49 UTC] resources selected_device {"device": "cuda", "model": "ts_icl", "stage": "forecast"}
Loading configuration...

============================================================
Dataset: Australia_Solar/H
Terms: ['short']
Covariate mode: none
Instance normalization: none
============================================================

--- Term: short ---
  Config: prediction_length=24, test_length=2520, val_length=2520
TIME run allocation action=new run=/fslarge/scratch/users/h61084/codes/fine_time/outputs/task_finetuning/tasks/inference/ts_icl/univariate/Australia_Solar/H/short/run_0 launch_id=selena_fine_time_20260929T092621Z_11326 slurm_job_id=3607389 launched_at=2026-09-29T11:15:49.252048+00:00
  Initializing model pipeline...
  Dataset info:
    - Frequency: H
    - Num series: 1
    - Target dim: 3
    - Target mode: univariate
    - Covariate channels: 0
    - Series length: min=35064,               max=35064, avg=35064.0
    - Test split: 2520 steps
    - Prediction length: 24
    - Windows: 105
    Processed 315/315...
TIME run allocation action=new run=/fslarge/scratch/users/h61084/codes/fine_time/outputs/task_finetuning/tasks/frozen/ts_icl/univariate/Australia_Solar/H/short/run_0 launch_id=selena_fine_time_20260929T092621Z_11326 slurm_job_id=3607389 launched_at=2026-09-29T11:15:55.804438+00:00
    Total instances: 315, Series during experiment: 3, Windows: 105
    Collecting ground truth and context...
    Detected to_univariate case: 3 flat series -> 1 series x 3 variates
    Organizing data into arrays...
    ⚠️  Predictions max value (1970096.25) exceeds float16 safe range.
    ⚠️  Applying scale factor: 100 (values will be divided)
    Saved predictions (quantiles) to /fslarge/scratch/users/h61084/codes/fine_time/outputs/task_finetuning/tasks/frozen/ts_icl/univariate/Australia_Solar/H/short/run_0/predictions.npz
    Computing per-window metrics...
    Saved metrics to /fslarge/scratch/users/h61084/codes/fine_time/outputs/task_finetuning/tasks/frozen/ts_icl/univariate/Australia_Solar/H/short/run_0/metrics.npz
    Saved aggregate metrics to /fslarge/scratch/users/h61084/codes/fine_time/outputs/task_finetuning/tasks/frozen/ts_icl/univariate/Australia_Solar/H/short/run_0/metrics_summary.json
    Metrics summary (averaged over all series/windows/variates):
      MSE: 26552610859.4568
      MAE: 80541.3429
      RMSE: 107337.3613
      MAPE: 30.6654
      sMAPE: 0.5142
      MASE: 1.0643
      ND: 0.3170
      CRPS: 0.2507
  Completed: 1 series × 105 windows
  Output: /fslarge/scratch/users/h61084/codes/fine_time/outputs/task_finetuning/tasks/frozen/ts_icl/univariate/Australia_Solar/H/short/run_0
  Inference time: 6.174s

============================================================
All experiments completed!
Results saved to: /scratch/users/h61084/codes/fine_time/outputs/task_finetuning/tasks/frozen
============================================================
[3/90] evaluate ts_icl task_finetuned on Australia_Solar/H/short
[2026-09-29 11:15:55 UTC] resources selected_device {"device": "cuda", "model": "ts_icl", "stage": "forecast"}
Loading configuration...

============================================================
Dataset: Australia_Solar/H
Terms: ['short']
Covariate mode: none
Instance normalization: none
============================================================

--- Term: short ---
  Config: prediction_length=24, test_length=2520, val_length=2520
TIME run allocation action=new run=/fslarge/scratch/users/h61084/codes/fine_time/outputs/task_finetuning/tasks/inference/ts_icl/univariate/Australia_Solar/H/short/run_1 launch_id=selena_fine_time_20260929T092621Z_11326 slurm_job_id=3607389 launched_at=2026-09-29T11:15:55.979855+00:00
  Initializing model pipeline...
  Dataset info:
    - Frequency: H
    - Num series: 1
    - Target dim: 3
    - Target mode: univariate
    - Covariate channels: 0
    - Series length: min=35064,               max=35064, avg=35064.0
    - Test split: 2520 steps
    - Prediction length: 24
    - Windows: 105
    Processed 315/315...
TIME run allocation action=new run=/fslarge/scratch/users/h61084/codes/fine_time/outputs/task_finetuning/tasks/task_finetuned/ts_icl/univariate/Australia_Solar/H/short/run_0 launch_id=selena_fine_time_20260929T092621Z_11326 slurm_job_id=3607389 launched_at=2026-09-29T11:16:02.749875+00:00
    Total instances: 315, Series during experiment: 3, Windows: 105
    Collecting ground truth and context...
    Detected to_univariate case: 3 flat series -> 1 series x 3 variates
    Organizing data into arrays...
    ⚠️  Predictions max value (1969115.62) exceeds float16 safe range.
    ⚠️  Applying scale factor: 100 (values will be divided)
    Saved predictions (quantiles) to /fslarge/scratch/users/h61084/codes/fine_time/outputs/task_finetuning/tasks/task_finetuned/ts_icl/univariate/Australia_Solar/H/short/run_0/predictions.npz
    Computing per-window metrics...
    Saved metrics to /fslarge/scratch/users/h61084/codes/fine_time/outputs/task_finetuning/tasks/task_finetuned/ts_icl/univariate/Australia_Solar/H/short/run_0/metrics.npz
    Saved aggregate metrics to /fslarge/scratch/users/h61084/codes/fine_time/outputs/task_finetuning/tasks/task_finetuned/ts_icl/univariate/Australia_Solar/H/short/run_0/metrics_summary.json
    Metrics summary (averaged over all series/windows/variates):
      MSE: 26252162118.1986
      MAE: 80250.2102
      RMSE: 106947.8852
      MAPE: 22.1544
      sMAPE: 0.5044
      MASE: 1.0585
      ND: 0.3144
      CRPS: 0.2472
  Completed: 1 series × 105 windows
  Output: /fslarge/scratch/users/h61084/codes/fine_time/outputs/task_finetuning/tasks/task_finetuned/ts_icl/univariate/Australia_Solar/H/short/run_0
  Inference time: 6.154s

============================================================
All experiments completed!
Results saved to: /scratch/users/h61084/codes/fine_time/outputs/task_finetuning/tasks/task_finetuned
============================================================
[4/90] evaluate ts_icl frozen on Auto_Production_SF/M/short
[2026-09-29 11:16:02 UTC] resources selected_device {"device": "cuda", "model": "ts_icl", "stage": "forecast"}
Loading configuration...

============================================================
Dataset: Auto_Production_SF/M
Terms: ['short']
Covariate mode: none
Instance normalization: none
============================================================

--- Term: short ---
  Config: prediction_length=12, test_length=60, val_length=12
TIME run allocation action=new run=/fslarge/scratch/users/h61084/codes/fine_time/outputs/task_finetuning/tasks/inference/ts_icl/univariate/Auto_Production_SF/M/short/run_0 launch_id=selena_fine_time_20260929T092621Z_11326 slurm_job_id=3607389 launched_at=2026-09-29T11:16:02.936181+00:00
  Initializing model pipeline...
  Dataset info:
    - Frequency: M
    - Num series: 1
    - Target dim: 1
    - Target mode: univariate
    - Covariate channels: 0
    - Series length: min=367,               max=367, avg=367.0
    - Test split: 60 steps
    - Prediction length: 12
    - Windows: 5
TIME run allocation action=new run=/fslarge/scratch/users/h61084/codes/fine_time/outputs/task_finetuning/tasks/frozen/ts_icl/univariate/Auto_Production_SF/M/short/run_0 launch_id=selena_fine_time_20260929T092621Z_11326 slurm_job_id=3607389 launched_at=2026-09-29T11:16:03.405517+00:00
    Total instances: 5, Series during experiment: 1, Windows: 5
    Collecting ground truth and context...
    Organizing data into arrays...
    Saved predictions (quantiles) to /fslarge/scratch/users/h61084/codes/fine_time/outputs/task_finetuning/tasks/frozen/ts_icl/univariate/Auto_Production_SF/M/short/run_0/predictions.npz
    Computing per-window metrics...
    Saved metrics to /fslarge/scratch/users/h61084/codes/fine_time/outputs/task_finetuning/tasks/frozen/ts_icl/univariate/Auto_Production_SF/M/short/run_0/metrics.npz
    Saved aggregate metrics to /fslarge/scratch/users/h61084/codes/fine_time/outputs/task_finetuning/tasks/frozen/ts_icl/univariate/Auto_Production_SF/M/short/run_0/metrics_summary.json
    Metrics summary (averaged over all series/windows/variates):
      MSE: 20.0699
      MAE: 3.5014
      RMSE: 4.3114
      MAPE: 0.0362
      sMAPE: 0.0358
      MASE: 0.8833
      ND: 0.0351
      CRPS: 0.0274
  Completed: 1 series × 5 windows
  Output: /fslarge/scratch/users/h61084/codes/fine_time/outputs/task_finetuning/tasks/frozen/ts_icl/univariate/Auto_Production_SF/M/short/run_0
  Inference time: 0.103s

============================================================
All experiments completed!
Results saved to: /scratch/users/h61084/codes/fine_time/outputs/task_finetuning/tasks/frozen
============================================================
[4/90] evaluate ts_icl task_finetuned on Auto_Production_SF/M/short
[2026-09-29 11:16:03 UTC] resources selected_device {"device": "cuda", "model": "ts_icl", "stage": "forecast"}
Loading configuration...

============================================================
Dataset: Auto_Production_SF/M
Terms: ['short']
Covariate mode: none
Instance normalization: none
============================================================

--- Term: short ---
  Config: prediction_length=12, test_length=60, val_length=12
TIME run allocation action=new run=/fslarge/scratch/users/h61084/codes/fine_time/outputs/task_finetuning/tasks/inference/ts_icl/univariate/Auto_Production_SF/M/short/run_1 launch_id=selena_fine_time_20260929T092621Z_11326 slurm_job_id=3607389 launched_at=2026-09-29T11:16:03.439047+00:00
  Initializing model pipeline...
  Dataset info:
    - Frequency: M
    - Num series: 1
    - Target dim: 1
    - Target mode: univariate
    - Covariate channels: 0
    - Series length: min=367,               max=367, avg=367.0
    - Test split: 60 steps
    - Prediction length: 12
    - Windows: 5
TIME run allocation action=new run=/fslarge/scratch/users/h61084/codes/fine_time/outputs/task_finetuning/tasks/task_finetuned/ts_icl/univariate/Auto_Production_SF/M/short/run_0 launch_id=selena_fine_time_20260929T092621Z_11326 slurm_job_id=3607389 launched_at=2026-09-29T11:16:04.149286+00:00
    Total instances: 5, Series during experiment: 1, Windows: 5
    Collecting ground truth and context...
    Organizing data into arrays...
    Saved predictions (quantiles) to /fslarge/scratch/users/h61084/codes/fine_time/outputs/task_finetuning/tasks/task_finetuned/ts_icl/univariate/Auto_Production_SF/M/short/run_0/predictions.npz
    Computing per-window metrics...
    Saved metrics to /fslarge/scratch/users/h61084/codes/fine_time/outputs/task_finetuning/tasks/task_finetuned/ts_icl/univariate/Auto_Production_SF/M/short/run_0/metrics.npz
    Saved aggregate metrics to /fslarge/scratch/users/h61084/codes/fine_time/outputs/task_finetuning/tasks/task_finetuned/ts_icl/univariate/Auto_Production_SF/M/short/run_0/metrics_summary.json
    Metrics summary (averaged over all series/windows/variates):
      MSE: 20.2852
      MAE: 3.4896
      RMSE: 4.3597
      MAPE: 0.0361
      sMAPE: 0.0357
      MASE: 0.8802
      ND: 0.0350
      CRPS: 0.0277
  Completed: 1 series × 5 windows
  Output: /fslarge/scratch/users/h61084/codes/fine_time/outputs/task_finetuning/tasks/task_finetuned/ts_icl/univariate/Auto_Production_SF/M/short/run_0
  Inference time: 0.085s

============================================================
All experiments completed!
Results saved to: /scratch/users/h61084/codes/fine_time/outputs/task_finetuning/tasks/task_finetuned
============================================================
[5/90] evaluate ts_icl frozen on CPHL/15T/long
[2026-09-29 11:16:04 UTC] resources selected_device {"device": "cuda", "model": "ts_icl", "stage": "forecast"}
Loading configuration...

============================================================
Dataset: CPHL/15T
Terms: ['long']
Covariate mode: none
Instance normalization: none
============================================================

--- Term: long ---
  Config: prediction_length=288, test_length=1440, val_length=1440
TIME run allocation action=new run=/fslarge/scratch/users/h61084/codes/fine_time/outputs/task_finetuning/tasks/inference/ts_icl/univariate/CPHL/15T/long/run_0 launch_id=selena_fine_time_20260929T092621Z_11326 slurm_job_id=3607389 launched_at=2026-09-29T11:16:04.193595+00:00
  Initializing model pipeline...
  Dataset info:
    - Frequency: 15T
    - Num series: 2
    - Target dim: 1
    - Target mode: univariate
    - Covariate channels: 0
    - Series length: min=9956,               max=10831, avg=10393.5
    - Test split: 1440 steps
    - Prediction length: 288
    - Windows: 5
TIME run allocation action=new run=/fslarge/scratch/users/h61084/codes/fine_time/outputs/task_finetuning/tasks/frozen/ts_icl/univariate/CPHL/15T/long/run_0 launch_id=selena_fine_time_20260929T092621Z_11326 slurm_job_id=3607389 launched_at=2026-09-29T11:16:04.951605+00:00
    Total instances: 10, Series during experiment: 2, Windows: 5
    Collecting ground truth and context...
    Organizing data into arrays...
    Saved predictions (quantiles) to /fslarge/scratch/users/h61084/codes/fine_time/outputs/task_finetuning/tasks/frozen/ts_icl/univariate/CPHL/15T/long/run_0/predictions.npz
    Computing per-window metrics...
    Saved metrics to /fslarge/scratch/users/h61084/codes/fine_time/outputs/task_finetuning/tasks/frozen/ts_icl/univariate/CPHL/15T/long/run_0/metrics.npz
    Saved aggregate metrics to /fslarge/scratch/users/h61084/codes/fine_time/outputs/task_finetuning/tasks/frozen/ts_icl/univariate/CPHL/15T/long/run_0/metrics_summary.json
    Metrics summary (averaged over all series/windows/variates):
      MSE: 0.1242
      MAE: 0.2359
      RMSE: 0.3083
      MAPE: 0.4078
      sMAPE: 0.3192
      MASE: 1.1912
      ND: 0.3302
      CRPS: 0.2688
  Completed: 2 series × 5 windows
  Output: /fslarge/scratch/users/h61084/codes/fine_time/outputs/task_finetuning/tasks/frozen/ts_icl/univariate/CPHL/15T/long/run_0
  Inference time: 0.276s

============================================================
All experiments completed!
Results saved to: /scratch/users/h61084/codes/fine_time/outputs/task_finetuning/tasks/frozen
============================================================
[5/90] evaluate ts_icl task_finetuned on CPHL/15T/long
[2026-09-29 11:16:04 UTC] resources selected_device {"device": "cuda", "model": "ts_icl", "stage": "forecast"}
Loading configuration...

============================================================
Dataset: CPHL/15T
Terms: ['long']
Covariate mode: none
Instance normalization: none
============================================================

--- Term: long ---
  Config: prediction_length=288, test_length=1440, val_length=1440
TIME run allocation action=new run=/fslarge/scratch/users/h61084/codes/fine_time/outputs/task_finetuning/tasks/inference/ts_icl/univariate/CPHL/15T/long/run_1 launch_id=selena_fine_time_20260929T092621Z_11326 slurm_job_id=3607389 launched_at=2026-09-29T11:16:04.990763+00:00
  Initializing model pipeline...
  Dataset info:
    - Frequency: 15T
    - Num series: 2
    - Target dim: 1
    - Target mode: univariate
    - Covariate channels: 0
    - Series length: min=9956,               max=10831, avg=10393.5
    - Test split: 1440 steps
    - Prediction length: 288
    - Windows: 5
TIME run allocation action=new run=/fslarge/scratch/users/h61084/codes/fine_time/outputs/task_finetuning/tasks/task_finetuned/ts_icl/univariate/CPHL/15T/long/run_0 launch_id=selena_fine_time_20260929T092621Z_11326 slurm_job_id=3607389 launched_at=2026-09-29T11:16:05.893793+00:00
    Total instances: 10, Series during experiment: 2, Windows: 5
    Collecting ground truth and context...
    Organizing data into arrays...
    Saved predictions (quantiles) to /fslarge/scratch/users/h61084/codes/fine_time/outputs/task_finetuning/tasks/task_finetuned/ts_icl/univariate/CPHL/15T/long/run_0/predictions.npz
    Computing per-window metrics...
    Saved metrics to /fslarge/scratch/users/h61084/codes/fine_time/outputs/task_finetuning/tasks/task_finetuned/ts_icl/univariate/CPHL/15T/long/run_0/metrics.npz
    Saved aggregate metrics to /fslarge/scratch/users/h61084/codes/fine_time/outputs/task_finetuning/tasks/task_finetuned/ts_icl/univariate/CPHL/15T/long/run_0/metrics_summary.json
    Metrics summary (averaged over all series/windows/variates):
      MSE: 0.1238
      MAE: 0.2332
      RMSE: 0.3073
      MAPE: 0.3949
      sMAPE: 0.3168
      MASE: 1.1767
      ND: 0.3249
      CRPS: 0.2641
  Completed: 2 series × 5 windows
  Output: /fslarge/scratch/users/h61084/codes/fine_time/outputs/task_finetuning/tasks/task_finetuned/ts_icl/univariate/CPHL/15T/long/run_0
  Inference time: 0.273s

============================================================
All experiments completed!
Results saved to: /scratch/users/h61084/codes/fine_time/outputs/task_finetuning/tasks/task_finetuned
============================================================
[6/90] evaluate ts_icl frozen on CPHL/15T/medium
[2026-09-29 11:16:05 UTC] resources selected_device {"device": "cuda", "model": "ts_icl", "stage": "forecast"}
Loading configuration...

============================================================
Dataset: CPHL/15T
Terms: ['medium']
Covariate mode: none
Instance normalization: none
============================================================

--- Term: medium ---
  Config: prediction_length=96, test_length=1440, val_length=1440
TIME run allocation action=new run=/fslarge/scratch/users/h61084/codes/fine_time/outputs/task_finetuning/tasks/inference/ts_icl/univariate/CPHL/15T/medium/run_0 launch_id=selena_fine_time_20260929T092621Z_11326 slurm_job_id=3607389 launched_at=2026-09-29T11:16:05.937548+00:00
  Initializing model pipeline...
  Dataset info:
    - Frequency: 15T
    - Num series: 2
    - Target dim: 1
    - Target mode: univariate
    - Covariate channels: 0
    - Series length: min=9956,               max=10831, avg=10393.5
    - Test split: 1440 steps
    - Prediction length: 96
    - Windows: 15
TIME run allocation action=new run=/fslarge/scratch/users/h61084/codes/fine_time/outputs/task_finetuning/tasks/frozen/ts_icl/univariate/CPHL/15T/medium/run_0 launch_id=selena_fine_time_20260929T092621Z_11326 slurm_job_id=3607389 launched_at=2026-09-29T11:16:07.008063+00:00
    Total instances: 30, Series during experiment: 2, Windows: 15
    Collecting ground truth and context...
    Organizing data into arrays...
    Saved predictions (quantiles) to /fslarge/scratch/users/h61084/codes/fine_time/outputs/task_finetuning/tasks/frozen/ts_icl/univariate/CPHL/15T/medium/run_0/predictions.npz
    Computing per-window metrics...
    Saved metrics to /fslarge/scratch/users/h61084/codes/fine_time/outputs/task_finetuning/tasks/frozen/ts_icl/univariate/CPHL/15T/medium/run_0/metrics.npz
    Saved aggregate metrics to /fslarge/scratch/users/h61084/codes/fine_time/outputs/task_finetuning/tasks/frozen/ts_icl/univariate/CPHL/15T/medium/run_0/metrics_summary.json
    Metrics summary (averaged over all series/windows/variates):
      MSE: 0.1202
      MAE: 0.2200
      RMSE: 0.2767
      MAPE: 0.3692
      sMAPE: 0.2933
      MASE: 1.0818
      ND: 0.3018
      CRPS: 0.2417
  Completed: 2 series × 15 windows
  Output: /fslarge/scratch/users/h61084/codes/fine_time/outputs/task_finetuning/tasks/frozen/ts_icl/univariate/CPHL/15T/medium/run_0
  Inference time: 0.735s

============================================================
All experiments completed!
Results saved to: /scratch/users/h61084/codes/fine_time/outputs/task_finetuning/tasks/frozen
============================================================
[6/90] evaluate ts_icl task_finetuned on CPHL/15T/medium
[2026-09-29 11:16:07 UTC] resources selected_device {"device": "cuda", "model": "ts_icl", "stage": "forecast"}
Loading configuration...

============================================================
Dataset: CPHL/15T
Terms: ['medium']
Covariate mode: none
Instance normalization: none
============================================================

--- Term: medium ---
  Config: prediction_length=96, test_length=1440, val_length=1440
TIME run allocation action=new run=/fslarge/scratch/users/h61084/codes/fine_time/outputs/task_finetuning/tasks/inference/ts_icl/univariate/CPHL/15T/medium/run_1 launch_id=selena_fine_time_20260929T092621Z_11326 slurm_job_id=3607389 launched_at=2026-09-29T11:16:07.054065+00:00
  Initializing model pipeline...
  Dataset info:
    - Frequency: 15T
    - Num series: 2
    - Target dim: 1
    - Target mode: univariate
    - Covariate channels: 0
    - Series length: min=9956,               max=10831, avg=10393.5
    - Test split: 1440 steps
    - Prediction length: 96
    - Windows: 15
TIME run allocation action=new run=/fslarge/scratch/users/h61084/codes/fine_time/outputs/task_finetuning/tasks/task_finetuned/ts_icl/univariate/CPHL/15T/medium/run_0 launch_id=selena_fine_time_20260929T092621Z_11326 slurm_job_id=3607389 launched_at=2026-09-29T11:16:08.440073+00:00
    Total instances: 30, Series during experiment: 2, Windows: 15
    Collecting ground truth and context...
    Organizing data into arrays...
    Saved predictions (quantiles) to /fslarge/scratch/users/h61084/codes/fine_time/outputs/task_finetuning/tasks/task_finetuned/ts_icl/univariate/CPHL/15T/medium/run_0/predictions.npz
    Computing per-window metrics...
    Saved metrics to /fslarge/scratch/users/h61084/codes/fine_time/outputs/task_finetuning/tasks/task_finetuned/ts_icl/univariate/CPHL/15T/medium/run_0/metrics.npz
    Saved aggregate metrics to /fslarge/scratch/users/h61084/codes/fine_time/outputs/task_finetuning/tasks/task_finetuned/ts_icl/univariate/CPHL/15T/medium/run_0/metrics_summary.json
    Metrics summary (averaged over all series/windows/variates):
      MSE: 0.1203
      MAE: 0.2197
      RMSE: 0.2765
      MAPE: 0.3645
      sMAPE: 0.2940
      MASE: 1.0808
      ND: 0.3005
      CRPS: 0.2402
  Completed: 2 series × 15 windows
  Output: /fslarge/scratch/users/h61084/codes/fine_time/outputs/task_finetuning/tasks/task_finetuned/ts_icl/univariate/CPHL/15T/medium/run_0
  Inference time: 0.735s

============================================================
All experiments completed!
Results saved to: /scratch/users/h61084/codes/fine_time/outputs/task_finetuning/tasks/task_finetuned
============================================================
[7/90] evaluate ts_icl frozen on CPHL/15T/short
[2026-09-29 11:16:08 UTC] resources selected_device {"device": "cuda", "model": "ts_icl", "stage": "forecast"}
Loading configuration...

============================================================
Dataset: CPHL/15T
Terms: ['short']
Covariate mode: none
Instance normalization: none
============================================================

--- Term: short ---
  Config: prediction_length=12, test_length=1440, val_length=1440
TIME run allocation action=new run=/fslarge/scratch/users/h61084/codes/fine_time/outputs/task_finetuning/tasks/inference/ts_icl/univariate/CPHL/15T/short/run_0 launch_id=selena_fine_time_20260929T092621Z_11326 slurm_job_id=3607389 launched_at=2026-09-29T11:16:08.488430+00:00
  Initializing model pipeline...
  Dataset info:
    - Frequency: 15T
    - Num series: 2
    - Target dim: 1
    - Target mode: univariate
    - Covariate channels: 0
    - Series length: min=9956,               max=10831, avg=10393.5
    - Test split: 1440 steps
    - Prediction length: 12
    - Windows: 120
TIME run allocation action=new run=/fslarge/scratch/users/h61084/codes/fine_time/outputs/task_finetuning/tasks/frozen/ts_icl/univariate/CPHL/15T/short/run_0 launch_id=selena_fine_time_20260929T092621Z_11326 slurm_job_id=3607389 launched_at=2026-09-29T11:16:14.586934+00:00
    Total instances: 240, Series during experiment: 2, Windows: 120
    Collecting ground truth and context...
    Organizing data into arrays...
    Saved predictions (quantiles) to /fslarge/scratch/users/h61084/codes/fine_time/outputs/task_finetuning/tasks/frozen/ts_icl/univariate/CPHL/15T/short/run_0/predictions.npz
    Computing per-window metrics...
    Saved metrics to /fslarge/scratch/users/h61084/codes/fine_time/outputs/task_finetuning/tasks/frozen/ts_icl/univariate/CPHL/15T/short/run_0/metrics.npz
    Saved aggregate metrics to /fslarge/scratch/users/h61084/codes/fine_time/outputs/task_finetuning/tasks/frozen/ts_icl/univariate/CPHL/15T/short/run_0/metrics_summary.json
    Metrics summary (averaged over all series/windows/variates):
      MSE: 0.0621
      MAE: 0.1384
      RMSE: 0.1619
      MAPE: 0.2036
      sMAPE: 0.1804
      MASE: 0.6590
      ND: 0.1933
      CRPS: 0.1538
  Completed: 2 series × 120 windows
  Output: /fslarge/scratch/users/h61084/codes/fine_time/outputs/task_finetuning/tasks/frozen/ts_icl/univariate/CPHL/15T/short/run_0
  Inference time: 5.761s

============================================================
All experiments completed!
Results saved to: /scratch/users/h61084/codes/fine_time/outputs/task_finetuning/tasks/frozen
============================================================
[7/90] evaluate ts_icl task_finetuned on CPHL/15T/short
[2026-09-29 11:16:14 UTC] resources selected_device {"device": "cuda", "model": "ts_icl", "stage": "forecast"}
Loading configuration...

============================================================
Dataset: CPHL/15T
Terms: ['short']
Covariate mode: none
Instance normalization: none
============================================================

--- Term: short ---
  Config: prediction_length=12, test_length=1440, val_length=1440
TIME run allocation action=new run=/fslarge/scratch/users/h61084/codes/fine_time/outputs/task_finetuning/tasks/inference/ts_icl/univariate/CPHL/15T/short/run_1 launch_id=selena_fine_time_20260929T092621Z_11326 slurm_job_id=3607389 launched_at=2026-09-29T11:16:14.687724+00:00
  Initializing model pipeline...
  Dataset info:
    - Frequency: 15T
    - Num series: 2
    - Target dim: 1
    - Target mode: univariate
    - Covariate channels: 0
    - Series length: min=9956,               max=10831, avg=10393.5
    - Test split: 1440 steps
    - Prediction length: 12
    - Windows: 120
TIME run allocation action=new run=/fslarge/scratch/users/h61084/codes/fine_time/outputs/task_finetuning/tasks/task_finetuned/ts_icl/univariate/CPHL/15T/short/run_0 launch_id=selena_fine_time_20260929T092621Z_11326 slurm_job_id=3607389 launched_at=2026-09-29T11:16:20.984395+00:00
    Total instances: 240, Series during experiment: 2, Windows: 120
    Collecting ground truth and context...
    Organizing data into arrays...
    Saved predictions (quantiles) to /fslarge/scratch/users/h61084/codes/fine_time/outputs/task_finetuning/tasks/task_finetuned/ts_icl/univariate/CPHL/15T/short/run_0/predictions.npz
    Computing per-window metrics...
    Saved metrics to /fslarge/scratch/users/h61084/codes/fine_time/outputs/task_finetuning/tasks/task_finetuned/ts_icl/univariate/CPHL/15T/short/run_0/metrics.npz
    Saved aggregate metrics to /fslarge/scratch/users/h61084/codes/fine_time/outputs/task_finetuning/tasks/task_finetuned/ts_icl/univariate/CPHL/15T/short/run_0/metrics_summary.json
    Metrics summary (averaged over all series/windows/variates):
      MSE: 0.0622
      MAE: 0.1380
      RMSE: 0.1617
      MAPE: 0.2016
      sMAPE: 0.1800
      MASE: 0.6574
      ND: 0.1918
      CRPS: 0.1527
  Completed: 2 series × 120 windows
  Output: /fslarge/scratch/users/h61084/codes/fine_time/outputs/task_finetuning/tasks/task_finetuned/ts_icl/univariate/CPHL/15T/short/run_0
  Inference time: 5.734s

============================================================
All experiments completed!
Results saved to: /scratch/users/h61084/codes/fine_time/outputs/task_finetuning/tasks/task_finetuned
============================================================
[8/90] evaluate ts_icl frozen on CPHL/30T/long
[2026-09-29 11:16:21 UTC] resources selected_device {"device": "cuda", "model": "ts_icl", "stage": "forecast"}
Loading configuration...

============================================================
Dataset: CPHL/30T
Terms: ['long']
Covariate mode: none
Instance normalization: none
============================================================

--- Term: long ---
  Config: prediction_length=144, test_length=1440, val_length=1440
TIME run allocation action=new run=/fslarge/scratch/users/h61084/codes/fine_time/outputs/task_finetuning/tasks/inference/ts_icl/univariate/CPHL/30T/long/run_0 launch_id=selena_fine_time_20260929T092621Z_11326 slurm_job_id=3607389 launched_at=2026-09-29T11:16:21.093400+00:00
  Initializing model pipeline...
  Dataset info:
    - Frequency: 30T
    - Num series: 2
    - Target dim: 1
    - Target mode: univariate
    - Covariate channels: 0
    - Series length: min=11808,               max=17566, avg=14687.0
    - Test split: 1440 steps
    - Prediction length: 144
    - Windows: 10
TIME run allocation action=new run=/fslarge/scratch/users/h61084/codes/fine_time/outputs/task_finetuning/tasks/frozen/ts_icl/univariate/CPHL/30T/long/run_0 launch_id=selena_fine_time_20260929T092621Z_11326 slurm_job_id=3607389 launched_at=2026-09-29T11:16:21.924184+00:00
    Total instances: 20, Series during experiment: 2, Windows: 10
    Collecting ground truth and context...
    Organizing data into arrays...
    Saved predictions (quantiles) to /fslarge/scratch/users/h61084/codes/fine_time/outputs/task_finetuning/tasks/frozen/ts_icl/univariate/CPHL/30T/long/run_0/predictions.npz
    Computing per-window metrics...
    Saved metrics to /fslarge/scratch/users/h61084/codes/fine_time/outputs/task_finetuning/tasks/frozen/ts_icl/univariate/CPHL/30T/long/run_0/metrics.npz
    Saved aggregate metrics to /fslarge/scratch/users/h61084/codes/fine_time/outputs/task_finetuning/tasks/frozen/ts_icl/univariate/CPHL/30T/long/run_0/metrics_summary.json
    Metrics summary (averaged over all series/windows/variates):
      MSE: 0.8836
      MAE: 0.5732
      RMSE: 0.7042
      MAPE: 0.5435
      sMAPE: 0.4011
      MASE: 1.8205
      ND: 0.3797
      CRPS: 0.2881
  Completed: 2 series × 10 windows
  Output: /fslarge/scratch/users/h61084/codes/fine_time/outputs/task_finetuning/tasks/frozen/ts_icl/univariate/CPHL/30T/long/run_0
  Inference time: 0.494s

============================================================
All experiments completed!
Results saved to: /scratch/users/h61084/codes/fine_time/outputs/task_finetuning/tasks/frozen
============================================================
[8/90] evaluate ts_icl task_finetuned on CPHL/30T/long
[2026-09-29 11:16:21 UTC] resources selected_device {"device": "cuda", "model": "ts_icl", "stage": "forecast"}
Loading configuration...

============================================================
Dataset: CPHL/30T
Terms: ['long']
Covariate mode: none
Instance normalization: none
============================================================

--- Term: long ---
  Config: prediction_length=144, test_length=1440, val_length=1440
TIME run allocation action=new run=/fslarge/scratch/users/h61084/codes/fine_time/outputs/task_finetuning/tasks/inference/ts_icl/univariate/CPHL/30T/long/run_1 launch_id=selena_fine_time_20260929T092621Z_11326 slurm_job_id=3607389 launched_at=2026-09-29T11:16:21.967731+00:00
  Initializing model pipeline...
  Dataset info:
    - Frequency: 30T
    - Num series: 2
    - Target dim: 1
    - Target mode: univariate
    - Covariate channels: 0
    - Series length: min=11808,               max=17566, avg=14687.0
    - Test split: 1440 steps
    - Prediction length: 144
    - Windows: 10
TIME run allocation action=new run=/fslarge/scratch/users/h61084/codes/fine_time/outputs/task_finetuning/tasks/task_finetuned/ts_icl/univariate/CPHL/30T/long/run_0 launch_id=selena_fine_time_20260929T092621Z_11326 slurm_job_id=3607389 launched_at=2026-09-29T11:16:23.130611+00:00
    Total instances: 20, Series during experiment: 2, Windows: 10
    Collecting ground truth and context...
    Organizing data into arrays...
    Saved predictions (quantiles) to /fslarge/scratch/users/h61084/codes/fine_time/outputs/task_finetuning/tasks/task_finetuned/ts_icl/univariate/CPHL/30T/long/run_0/predictions.npz
    Computing per-window metrics...
    Saved metrics to /fslarge/scratch/users/h61084/codes/fine_time/outputs/task_finetuning/tasks/task_finetuned/ts_icl/univariate/CPHL/30T/long/run_0/metrics.npz
    Saved aggregate metrics to /fslarge/scratch/users/h61084/codes/fine_time/outputs/task_finetuning/tasks/task_finetuned/ts_icl/univariate/CPHL/30T/long/run_0/metrics_summary.json
    Metrics summary (averaged over all series/windows/variates):
      MSE: 0.8813
      MAE: 0.5723
      RMSE: 0.7030
      MAPE: 0.5424
      sMAPE: 0.3998
      MASE: 1.8155
      ND: 0.3779
      CRPS: 0.2860
  Completed: 2 series × 10 windows
  Output: /fslarge/scratch/users/h61084/codes/fine_time/outputs/task_finetuning/tasks/task_finetuned/ts_icl/univariate/CPHL/30T/long/run_0
  Inference time: 0.492s

============================================================
All experiments completed!
Results saved to: /scratch/users/h61084/codes/fine_time/outputs/task_finetuning/tasks/task_finetuned
============================================================
[9/90] evaluate ts_icl frozen on CPHL/30T/medium
[2026-09-29 11:16:23 UTC] resources selected_device {"device": "cuda", "model": "ts_icl", "stage": "forecast"}
Loading configuration...

============================================================
Dataset: CPHL/30T
Terms: ['medium']
Covariate mode: none
Instance normalization: none
============================================================

--- Term: medium ---
  Config: prediction_length=48, test_length=1440, val_length=1440
TIME run allocation action=new run=/fslarge/scratch/users/h61084/codes/fine_time/outputs/task_finetuning/tasks/inference/ts_icl/univariate/CPHL/30T/medium/run_0 launch_id=selena_fine_time_20260929T092621Z_11326 slurm_job_id=3607389 launched_at=2026-09-29T11:16:23.179013+00:00
  Initializing model pipeline...
  Dataset info:
    - Frequency: 30T
    - Num series: 2
    - Target dim: 1
    - Target mode: univariate
    - Covariate channels: 0
    - Series length: min=11808,               max=17566, avg=14687.0
    - Test split: 1440 steps
    - Prediction length: 48
    - Windows: 30
TIME run allocation action=new run=/fslarge/scratch/users/h61084/codes/fine_time/outputs/task_finetuning/tasks/frozen/ts_icl/univariate/CPHL/30T/medium/run_0 launch_id=selena_fine_time_20260929T092621Z_11326 slurm_job_id=3607389 launched_at=2026-09-29T11:16:24.916089+00:00
    Total instances: 60, Series during experiment: 2, Windows: 30
    Collecting ground truth and context...
    Organizing data into arrays...
    Saved predictions (quantiles) to /fslarge/scratch/users/h61084/codes/fine_time/outputs/task_finetuning/tasks/frozen/ts_icl/univariate/CPHL/30T/medium/run_0/predictions.npz
    Computing per-window metrics...
    Saved metrics to /fslarge/scratch/users/h61084/codes/fine_time/outputs/task_finetuning/tasks/frozen/ts_icl/univariate/CPHL/30T/medium/run_0/metrics.npz
    Saved aggregate metrics to /fslarge/scratch/users/h61084/codes/fine_time/outputs/task_finetuning/tasks/frozen/ts_icl/univariate/CPHL/30T/medium/run_0/metrics_summary.json
    Metrics summary (averaged over all series/windows/variates):
      MSE: 0.7614
      MAE: 0.5196
      RMSE: 0.6341
      MAPE: 0.4484
      sMAPE: 0.3376
      MASE: 1.5526
      ND: 0.3301
      CRPS: 0.2519
  Completed: 2 series × 30 windows
  Output: /fslarge/scratch/users/h61084/codes/fine_time/outputs/task_finetuning/tasks/frozen/ts_icl/univariate/CPHL/30T/medium/run_0
  Inference time: 1.400s

============================================================
All experiments completed!
Results saved to: /scratch/users/h61084/codes/fine_time/outputs/task_finetuning/tasks/frozen
============================================================
[9/90] evaluate ts_icl task_finetuned on CPHL/30T/medium
[2026-09-29 11:16:24 UTC] resources selected_device {"device": "cuda", "model": "ts_icl", "stage": "forecast"}
Loading configuration...

============================================================
Dataset: CPHL/30T
Terms: ['medium']
Covariate mode: none
Instance normalization: none
============================================================

--- Term: medium ---
  Config: prediction_length=48, test_length=1440, val_length=1440
TIME run allocation action=new run=/fslarge/scratch/users/h61084/codes/fine_time/outputs/task_finetuning/tasks/inference/ts_icl/univariate/CPHL/30T/medium/run_1 launch_id=selena_fine_time_20260929T092621Z_11326 slurm_job_id=3607389 launched_at=2026-09-29T11:16:24.970708+00:00
  Initializing model pipeline...
  Dataset info:
    - Frequency: 30T
    - Num series: 2
    - Target dim: 1
    - Target mode: univariate
    - Covariate channels: 0
    - Series length: min=11808,               max=17566, avg=14687.0
    - Test split: 1440 steps
    - Prediction length: 48
    - Windows: 30
TIME run allocation action=new run=/fslarge/scratch/users/h61084/codes/fine_time/outputs/task_finetuning/tasks/task_finetuned/ts_icl/univariate/CPHL/30T/medium/run_0 launch_id=selena_fine_time_20260929T092621Z_11326 slurm_job_id=3607389 launched_at=2026-09-29T11:16:26.940535+00:00
    Total instances: 60, Series during experiment: 2, Windows: 30
    Collecting ground truth and context...
    Organizing data into arrays...
    Saved predictions (quantiles) to /fslarge/scratch/users/h61084/codes/fine_time/outputs/task_finetuning/tasks/task_finetuned/ts_icl/univariate/CPHL/30T/medium/run_0/predictions.npz
    Computing per-window metrics...
    Saved metrics to /fslarge/scratch/users/h61084/codes/fine_time/outputs/task_finetuning/tasks/task_finetuned/ts_icl/univariate/CPHL/30T/medium/run_0/metrics.npz
    Saved aggregate metrics to /fslarge/scratch/users/h61084/codes/fine_time/outputs/task_finetuning/tasks/task_finetuned/ts_icl/univariate/CPHL/30T/medium/run_0/metrics_summary.json
    Metrics summary (averaged over all series/windows/variates):
      MSE: 0.7580
      MAE: 0.5184
      RMSE: 0.6325
      MAPE: 0.4466
      sMAPE: 0.3362
      MASE: 1.5465
      ND: 0.3284
      CRPS: 0.2505
  Completed: 2 series × 30 windows
  Output: /fslarge/scratch/users/h61084/codes/fine_time/outputs/task_finetuning/tasks/task_finetuned/ts_icl/univariate/CPHL/30T/medium/run_0
  Inference time: 1.401s

============================================================
All experiments completed!
Results saved to: /scratch/users/h61084/codes/fine_time/outputs/task_finetuning/tasks/task_finetuned
============================================================
[10/90] evaluate ts_icl frozen on CPHL/30T/short
[2026-09-29 11:16:26 UTC] resources selected_device {"device": "cuda", "model": "ts_icl", "stage": "forecast"}
Loading configuration...

============================================================
Dataset: CPHL/30T
Terms: ['short']
Covariate mode: none
Instance normalization: none
============================================================

--- Term: short ---
  Config: prediction_length=12, test_length=1440, val_length=1440
TIME run allocation action=new run=/fslarge/scratch/users/h61084/codes/fine_time/outputs/task_finetuning/tasks/inference/ts_icl/univariate/CPHL/30T/short/run_0 launch_id=selena_fine_time_20260929T092621Z_11326 slurm_job_id=3607389 launched_at=2026-09-29T11:16:27.016296+00:00
  Initializing model pipeline...
  Dataset info:
    - Frequency: 30T
    - Num series: 2
    - Target dim: 1
    - Target mode: univariate
    - Covariate channels: 0
    - Series length: min=11808,               max=17566, avg=14687.0
    - Test split: 1440 steps
    - Prediction length: 12
    - Windows: 120
TIME run allocation action=new run=/fslarge/scratch/users/h61084/codes/fine_time/outputs/task_finetuning/tasks/frozen/ts_icl/univariate/CPHL/30T/short/run_0 launch_id=selena_fine_time_20260929T092621Z_11326 slurm_job_id=3607389 launched_at=2026-09-29T11:16:33.102555+00:00
    Total instances: 240, Series during experiment: 2, Windows: 120
    Collecting ground truth and context...
    Organizing data into arrays...
    Saved predictions (quantiles) to /fslarge/scratch/users/h61084/codes/fine_time/outputs/task_finetuning/tasks/frozen/ts_icl/univariate/CPHL/30T/short/run_0/predictions.npz
    Computing per-window metrics...
    Saved metrics to /fslarge/scratch/users/h61084/codes/fine_time/outputs/task_finetuning/tasks/frozen/ts_icl/univariate/CPHL/30T/short/run_0/metrics.npz
    Saved aggregate metrics to /fslarge/scratch/users/h61084/codes/fine_time/outputs/task_finetuning/tasks/frozen/ts_icl/univariate/CPHL/30T/short/run_0/metrics_summary.json
    Metrics summary (averaged over all series/windows/variates):
      MSE: 0.6342
      MAE: 0.4636
      RMSE: 0.5599
      MAPE: 0.3838
      sMAPE: 0.2971
      MASE: 1.3880
      ND: 0.2924
      CRPS: 0.2265
  Completed: 2 series × 120 windows
  Output: /fslarge/scratch/users/h61084/codes/fine_time/outputs/task_finetuning/tasks/frozen/ts_icl/univariate/CPHL/30T/short/run_0
  Inference time: 5.480s

============================================================
All experiments completed!
Results saved to: /scratch/users/h61084/codes/fine_time/outputs/task_finetuning/tasks/frozen
============================================================
[10/90] evaluate ts_icl task_finetuned on CPHL/30T/short
[2026-09-29 11:16:33 UTC] resources selected_device {"device": "cuda", "model": "ts_icl", "stage": "forecast"}
Loading configuration...

============================================================
Dataset: CPHL/30T
Terms: ['short']
Covariate mode: none
Instance normalization: none
============================================================

--- Term: short ---
  Config: prediction_length=12, test_length=1440, val_length=1440
TIME run allocation action=new run=/fslarge/scratch/users/h61084/codes/fine_time/outputs/task_finetuning/tasks/inference/ts_icl/univariate/CPHL/30T/short/run_1 launch_id=selena_fine_time_20260929T092621Z_11326 slurm_job_id=3607389 launched_at=2026-09-29T11:16:33.209180+00:00
  Initializing model pipeline...
  Dataset info:
    - Frequency: 30T
    - Num series: 2
    - Target dim: 1
    - Target mode: univariate
    - Covariate channels: 0
    - Series length: min=11808,               max=17566, avg=14687.0
    - Test split: 1440 steps
    - Prediction length: 12
    - Windows: 120
TIME run allocation action=new run=/fslarge/scratch/users/h61084/codes/fine_time/outputs/task_finetuning/tasks/task_finetuned/ts_icl/univariate/CPHL/30T/short/run_0 launch_id=selena_fine_time_20260929T092621Z_11326 slurm_job_id=3607389 launched_at=2026-09-29T11:16:39.291867+00:00
    Total instances: 240, Series during experiment: 2, Windows: 120
    Collecting ground truth and context...
    Organizing data into arrays...
    Saved predictions (quantiles) to /fslarge/scratch/users/h61084/codes/fine_time/outputs/task_finetuning/tasks/task_finetuned/ts_icl/univariate/CPHL/30T/short/run_0/predictions.npz
    Computing per-window metrics...
    Saved metrics to /fslarge/scratch/users/h61084/codes/fine_time/outputs/task_finetuning/tasks/task_finetuned/ts_icl/univariate/CPHL/30T/short/run_0/metrics.npz
    Saved aggregate metrics to /fslarge/scratch/users/h61084/codes/fine_time/outputs/task_finetuning/tasks/task_finetuned/ts_icl/univariate/CPHL/30T/short/run_0/metrics_summary.json
    Metrics summary (averaged over all series/windows/variates):
      MSE: 0.6321
      MAE: 0.4623
      RMSE: 0.5588
      MAPE: 0.3821
      sMAPE: 0.2958
      MASE: 1.3823
      ND: 0.2908
      CRPS: 0.2254
  Completed: 2 series × 120 windows
  Output: /fslarge/scratch/users/h61084/codes/fine_time/outputs/task_finetuning/tasks/task_finetuned/ts_icl/univariate/CPHL/30T/short/run_0
  Inference time: 5.482s

============================================================
All experiments completed!
Results saved to: /scratch/users/h61084/codes/fine_time/outputs/task_finetuning/tasks/task_finetuned
============================================================
[11/90] evaluate ts_icl frozen on CPHL/H/long
[2026-09-29 11:16:39 UTC] resources selected_device {"device": "cuda", "model": "ts_icl", "stage": "forecast"}
Loading configuration...

============================================================
Dataset: CPHL/H
Terms: ['long']
Covariate mode: none
Instance normalization: none
============================================================

--- Term: long ---
  Config: prediction_length=336, test_length=672, val_length=672
TIME run allocation action=new run=/fslarge/scratch/users/h61084/codes/fine_time/outputs/task_finetuning/tasks/inference/ts_icl/univariate/CPHL/H/long/run_0 launch_id=selena_fine_time_20260929T092621Z_11326 slurm_job_id=3607389 launched_at=2026-09-29T11:16:39.405191+00:00
  Initializing model pipeline...
  Dataset info:
    - Frequency: H
    - Num series: 4
    - Target dim: 1
    - Target mode: univariate
    - Covariate channels: 0
    - Series length: min=2490,               max=8783, avg=4971.2
    - Test split: 672 steps
    - Prediction length: 336
    - Windows: 2
TIME run allocation action=new run=/fslarge/scratch/users/h61084/codes/fine_time/outputs/task_finetuning/tasks/frozen/ts_icl/univariate/CPHL/H/long/run_0 launch_id=selena_fine_time_20260929T092621Z_11326 slurm_job_id=3607389 launched_at=2026-09-29T11:16:39.997670+00:00
    Total instances: 8, Series during experiment: 4, Windows: 2
    Collecting ground truth and context...
    Organizing data into arrays...
    Saved predictions (quantiles) to /fslarge/scratch/users/h61084/codes/fine_time/outputs/task_finetuning/tasks/frozen/ts_icl/univariate/CPHL/H/long/run_0/predictions.npz
    Computing per-window metrics...
    Saved metrics to /fslarge/scratch/users/h61084/codes/fine_time/outputs/task_finetuning/tasks/frozen/ts_icl/univariate/CPHL/H/long/run_0/metrics.npz
    Saved aggregate metrics to /fslarge/scratch/users/h61084/codes/fine_time/outputs/task_finetuning/tasks/frozen/ts_icl/univariate/CPHL/H/long/run_0/metrics_summary.json
    Metrics summary (averaged over all series/windows/variates):
      MSE: 0.5153
      MAE: 0.4527
      RMSE: 0.5693
      MAPE: 0.4969
      sMAPE: 0.4453
      MASE: 2.0108
      ND: 0.4233
      CRPS: 0.3313
  Completed: 4 series × 2 windows
  Output: /fslarge/scratch/users/h61084/codes/fine_time/outputs/task_finetuning/tasks/frozen/ts_icl/univariate/CPHL/H/long/run_0
  Inference time: 0.250s

============================================================
All experiments completed!
Results saved to: /scratch/users/h61084/codes/fine_time/outputs/task_finetuning/tasks/frozen
============================================================
[11/90] evaluate ts_icl task_finetuned on CPHL/H/long
[2026-09-29 11:16:40 UTC] resources selected_device {"device": "cuda", "model": "ts_icl", "stage": "forecast"}
Loading configuration...

============================================================
Dataset: CPHL/H
Terms: ['long']
Covariate mode: none
Instance normalization: none
============================================================

--- Term: long ---
  Config: prediction_length=336, test_length=672, val_length=672
TIME run allocation action=new run=/fslarge/scratch/users/h61084/codes/fine_time/outputs/task_finetuning/tasks/inference/ts_icl/univariate/CPHL/H/long/run_1 launch_id=selena_fine_time_20260929T092621Z_11326 slurm_job_id=3607389 launched_at=2026-09-29T11:16:40.035571+00:00
  Initializing model pipeline...
  Dataset info:
    - Frequency: H
    - Num series: 4
    - Target dim: 1
    - Target mode: univariate
    - Covariate channels: 0
    - Series length: min=2490,               max=8783, avg=4971.2
    - Test split: 672 steps
    - Prediction length: 336
    - Windows: 2
TIME run allocation action=new run=/fslarge/scratch/users/h61084/codes/fine_time/outputs/task_finetuning/tasks/task_finetuned/ts_icl/univariate/CPHL/H/long/run_0 launch_id=selena_fine_time_20260929T092621Z_11326 slurm_job_id=3607389 launched_at=2026-09-29T11:16:40.911814+00:00
    Total instances: 8, Series during experiment: 4, Windows: 2
    Collecting ground truth and context...
    Organizing data into arrays...
    Saved predictions (quantiles) to /fslarge/scratch/users/h61084/codes/fine_time/outputs/task_finetuning/tasks/task_finetuned/ts_icl/univariate/CPHL/H/long/run_0/predictions.npz
    Computing per-window metrics...
    Saved metrics to /fslarge/scratch/users/h61084/codes/fine_time/outputs/task_finetuning/tasks/task_finetuned/ts_icl/univariate/CPHL/H/long/run_0/metrics.npz
    Saved aggregate metrics to /fslarge/scratch/users/h61084/codes/fine_time/outputs/task_finetuning/tasks/task_finetuned/ts_icl/univariate/CPHL/H/long/run_0/metrics_summary.json
    Metrics summary (averaged over all series/windows/variates):
      MSE: 0.5200
      MAE: 0.4540
      RMSE: 0.5713
      MAPE: 0.4927
      sMAPE: 0.4468
      MASE: 2.0137
      ND: 0.4232
      CRPS: 0.3318
  Completed: 4 series × 2 windows
  Output: /fslarge/scratch/users/h61084/codes/fine_time/outputs/task_finetuning/tasks/task_finetuned/ts_icl/univariate/CPHL/H/long/run_0
  Inference time: 0.248s

============================================================
All experiments completed!
Results saved to: /scratch/users/h61084/codes/fine_time/outputs/task_finetuning/tasks/task_finetuned
============================================================
[12/90] evaluate ts_icl frozen on CPHL/H/medium
[2026-09-29 11:16:40 UTC] resources selected_device {"device": "cuda", "model": "ts_icl", "stage": "forecast"}
Loading configuration...

============================================================
Dataset: CPHL/H
Terms: ['medium']
Covariate mode: none
Instance normalization: none
============================================================

--- Term: medium ---
  Config: prediction_length=168, test_length=672, val_length=672
TIME run allocation action=new run=/fslarge/scratch/users/h61084/codes/fine_time/outputs/task_finetuning/tasks/inference/ts_icl/univariate/CPHL/H/medium/run_0 launch_id=selena_fine_time_20260929T092621Z_11326 slurm_job_id=3607389 launched_at=2026-09-29T11:16:40.953990+00:00
  Initializing model pipeline...
  Dataset info:
    - Frequency: H
    - Num series: 4
    - Target dim: 1
    - Target mode: univariate
    - Covariate channels: 0
    - Series length: min=2490,               max=8783, avg=4971.2
    - Test split: 672 steps
    - Prediction length: 168
    - Windows: 4
TIME run allocation action=new run=/fslarge/scratch/users/h61084/codes/fine_time/outputs/task_finetuning/tasks/frozen/ts_icl/univariate/CPHL/H/medium/run_0 launch_id=selena_fine_time_20260929T092621Z_11326 slurm_job_id=3607389 launched_at=2026-09-29T11:16:41.771245+00:00
    Total instances: 16, Series during experiment: 4, Windows: 4
    Collecting ground truth and context...
    Organizing data into arrays...
    Saved predictions (quantiles) to /fslarge/scratch/users/h61084/codes/fine_time/outputs/task_finetuning/tasks/frozen/ts_icl/univariate/CPHL/H/medium/run_0/predictions.npz
    Computing per-window metrics...
    Saved metrics to /fslarge/scratch/users/h61084/codes/fine_time/outputs/task_finetuning/tasks/frozen/ts_icl/univariate/CPHL/H/medium/run_0/metrics.npz
    Saved aggregate metrics to /fslarge/scratch/users/h61084/codes/fine_time/outputs/task_finetuning/tasks/frozen/ts_icl/univariate/CPHL/H/medium/run_0/metrics_summary.json
    Metrics summary (averaged over all series/windows/variates):
      MSE: 0.4866
      MAE: 0.4328
      RMSE: 0.5371
      MAPE: 0.4598
      sMAPE: 0.4108
      MASE: 1.8098
      ND: 0.3874
      CRPS: 0.2993
  Completed: 4 series × 4 windows
  Output: /fslarge/scratch/users/h61084/codes/fine_time/outputs/task_finetuning/tasks/frozen/ts_icl/univariate/CPHL/H/medium/run_0
  Inference time: 0.476s

============================================================
All experiments completed!
Results saved to: /scratch/users/h61084/codes/fine_time/outputs/task_finetuning/tasks/frozen
============================================================
[12/90] evaluate ts_icl task_finetuned on CPHL/H/medium
[2026-09-29 11:16:41 UTC] resources selected_device {"device": "cuda", "model": "ts_icl", "stage": "forecast"}
Loading configuration...

============================================================
Dataset: CPHL/H
Terms: ['medium']
Covariate mode: none
Instance normalization: none
============================================================

--- Term: medium ---
  Config: prediction_length=168, test_length=672, val_length=672
TIME run allocation action=new run=/fslarge/scratch/users/h61084/codes/fine_time/outputs/task_finetuning/tasks/inference/ts_icl/univariate/CPHL/H/medium/run_1 launch_id=selena_fine_time_20260929T092621Z_11326 slurm_job_id=3607389 launched_at=2026-09-29T11:16:41.812801+00:00
  Initializing model pipeline...
  Dataset info:
    - Frequency: H
    - Num series: 4
    - Target dim: 1
    - Target mode: univariate
    - Covariate channels: 0
    - Series length: min=2490,               max=8783, avg=4971.2
    - Test split: 672 steps
    - Prediction length: 168
    - Windows: 4
TIME run allocation action=new run=/fslarge/scratch/users/h61084/codes/fine_time/outputs/task_finetuning/tasks/task_finetuned/ts_icl/univariate/CPHL/H/medium/run_0 launch_id=selena_fine_time_20260929T092621Z_11326 slurm_job_id=3607389 launched_at=2026-09-29T11:16:42.924865+00:00
    Total instances: 16, Series during experiment: 4, Windows: 4
    Collecting ground truth and context...
    Organizing data into arrays...
    Saved predictions (quantiles) to /fslarge/scratch/users/h61084/codes/fine_time/outputs/task_finetuning/tasks/task_finetuned/ts_icl/univariate/CPHL/H/medium/run_0/predictions.npz
    Computing per-window metrics...
    Saved metrics to /fslarge/scratch/users/h61084/codes/fine_time/outputs/task_finetuning/tasks/task_finetuned/ts_icl/univariate/CPHL/H/medium/run_0/metrics.npz
    Saved aggregate metrics to /fslarge/scratch/users/h61084/codes/fine_time/outputs/task_finetuning/tasks/task_finetuned/ts_icl/univariate/CPHL/H/medium/run_0/metrics_summary.json
    Metrics summary (averaged over all series/windows/variates):
      MSE: 0.4913
      MAE: 0.4336
      RMSE: 0.5385
      MAPE: 0.4552
      sMAPE: 0.4114
      MASE: 1.8097
      ND: 0.3860
      CRPS: 0.2991
  Completed: 4 series × 4 windows
  Output: /fslarge/scratch/users/h61084/codes/fine_time/outputs/task_finetuning/tasks/task_finetuned/ts_icl/univariate/CPHL/H/medium/run_0
  Inference time: 0.475s

============================================================
All experiments completed!
Results saved to: /scratch/users/h61084/codes/fine_time/outputs/task_finetuning/tasks/task_finetuned
============================================================
[13/90] evaluate ts_icl frozen on CPHL/H/short
[2026-09-29 11:16:42 UTC] resources selected_device {"device": "cuda", "model": "ts_icl", "stage": "forecast"}
Loading configuration...

============================================================
Dataset: CPHL/H
Terms: ['short']
Covariate mode: none
Instance normalization: none
============================================================

--- Term: short ---
  Config: prediction_length=24, test_length=672, val_length=672
TIME run allocation action=new run=/fslarge/scratch/users/h61084/codes/fine_time/outputs/task_finetuning/tasks/inference/ts_icl/univariate/CPHL/H/short/run_0 launch_id=selena_fine_time_20260929T092621Z_11326 slurm_job_id=3607389 launched_at=2026-09-29T11:16:42.969990+00:00
  Initializing model pipeline...
  Dataset info:
    - Frequency: H
    - Num series: 4
    - Target dim: 1
    - Target mode: univariate
    - Covariate channels: 0
    - Series length: min=2490,               max=8783, avg=4971.2
    - Test split: 672 steps
    - Prediction length: 24
    - Windows: 28
TIME run allocation action=new run=/fslarge/scratch/users/h61084/codes/fine_time/outputs/task_finetuning/tasks/frozen/ts_icl/univariate/CPHL/H/short/run_0 launch_id=selena_fine_time_20260929T092621Z_11326 slurm_job_id=3607389 launched_at=2026-09-29T11:16:46.425776+00:00
    Total instances: 112, Series during experiment: 4, Windows: 28
    Collecting ground truth and context...
    Organizing data into arrays...
    Saved predictions (quantiles) to /fslarge/scratch/users/h61084/codes/fine_time/outputs/task_finetuning/tasks/frozen/ts_icl/univariate/CPHL/H/short/run_0/predictions.npz
    Computing per-window metrics...
    Saved metrics to /fslarge/scratch/users/h61084/codes/fine_time/outputs/task_finetuning/tasks/frozen/ts_icl/univariate/CPHL/H/short/run_0/metrics.npz
    Saved aggregate metrics to /fslarge/scratch/users/h61084/codes/fine_time/outputs/task_finetuning/tasks/frozen/ts_icl/univariate/CPHL/H/short/run_0/metrics_summary.json
    Metrics summary (averaged over all series/windows/variates):
      MSE: 0.3584
      MAE: 0.3363
      RMSE: 0.4082
      MAPE: 0.3262
      sMAPE: 0.2882
      MASE: 1.2402
      ND: 0.2811
      CRPS: 0.2180
  Completed: 4 series × 28 windows
  Output: /fslarge/scratch/users/h61084/codes/fine_time/outputs/task_finetuning/tasks/frozen/ts_icl/univariate/CPHL/H/short/run_0
  Inference time: 3.114s

============================================================
All experiments completed!
Results saved to: /scratch/users/h61084/codes/fine_time/outputs/task_finetuning/tasks/frozen
============================================================
[13/90] evaluate ts_icl task_finetuned on CPHL/H/short
[2026-09-29 11:16:46 UTC] resources selected_device {"device": "cuda", "model": "ts_icl", "stage": "forecast"}
Loading configuration...

============================================================
Dataset: CPHL/H
Terms: ['short']
Covariate mode: none
Instance normalization: none
============================================================

--- Term: short ---
  Config: prediction_length=24, test_length=672, val_length=672
TIME run allocation action=new run=/fslarge/scratch/users/h61084/codes/fine_time/outputs/task_finetuning/tasks/inference/ts_icl/univariate/CPHL/H/short/run_1 launch_id=selena_fine_time_20260929T092621Z_11326 slurm_job_id=3607389 launched_at=2026-09-29T11:16:46.491358+00:00
  Initializing model pipeline...
  Dataset info:
    - Frequency: H
    - Num series: 4
    - Target dim: 1
    - Target mode: univariate
    - Covariate channels: 0
    - Series length: min=2490,               max=8783, avg=4971.2
    - Test split: 672 steps
    - Prediction length: 24
    - Windows: 28
TIME run allocation action=new run=/fslarge/scratch/users/h61084/codes/fine_time/outputs/task_finetuning/tasks/task_finetuned/ts_icl/univariate/CPHL/H/short/run_0 launch_id=selena_fine_time_20260929T092621Z_11326 slurm_job_id=3607389 launched_at=2026-09-29T11:16:50.185078+00:00
    Total instances: 112, Series during experiment: 4, Windows: 28
    Collecting ground truth and context...
    Organizing data into arrays...
    Saved predictions (quantiles) to /fslarge/scratch/users/h61084/codes/fine_time/outputs/task_finetuning/tasks/task_finetuned/ts_icl/univariate/CPHL/H/short/run_0/predictions.npz
    Computing per-window metrics...
    Saved metrics to /fslarge/scratch/users/h61084/codes/fine_time/outputs/task_finetuning/tasks/task_finetuned/ts_icl/univariate/CPHL/H/short/run_0/metrics.npz
    Saved aggregate metrics to /fslarge/scratch/users/h61084/codes/fine_time/outputs/task_finetuning/tasks/task_finetuned/ts_icl/univariate/CPHL/H/short/run_0/metrics_summary.json
    Metrics summary (averaged over all series/windows/variates):
      MSE: 0.3601
      MAE: 0.3369
      RMSE: 0.4090
      MAPE: 0.3251
      sMAPE: 0.2886
      MASE: 1.2417
      ND: 0.2811
      CRPS: 0.2179
  Completed: 4 series × 28 windows
  Output: /fslarge/scratch/users/h61084/codes/fine_time/outputs/task_finetuning/tasks/task_finetuned/ts_icl/univariate/CPHL/H/short/run_0
  Inference time: 3.094s

============================================================
All experiments completed!
Results saved to: /scratch/users/h61084/codes/fine_time/outputs/task_finetuning/tasks/task_finetuned
============================================================
[14/90] evaluate ts_icl frozen on Coastal_T_S/15T/long
[2026-09-29 11:16:50 UTC] resources selected_device {"device": "cuda", "model": "ts_icl", "stage": "forecast"}
Loading configuration...

============================================================
Dataset: Coastal_T_S/15T
Terms: ['long']
Covariate mode: none
Instance normalization: none
============================================================

--- Term: long ---
  Config: prediction_length=288, test_length=1440, val_length=1440
TIME run allocation action=new run=/fslarge/scratch/users/h61084/codes/fine_time/outputs/task_finetuning/tasks/inference/ts_icl/univariate/Coastal_T_S/15T/long/run_0 launch_id=selena_fine_time_20260929T092621Z_11326 slurm_job_id=3607389 launched_at=2026-09-29T11:16:50.289468+00:00
  Initializing model pipeline...
  Dataset info:
    - Frequency: 15T
    - Num series: 5
    - Target dim: 3
    - Target mode: univariate
    - Covariate channels: 0
    - Series length: min=16686,               max=23134, avg=20870.2
    - Test split: 1440 steps
    - Prediction length: 288
    - Windows: 5
TIME run allocation action=new run=/fslarge/scratch/users/h61084/codes/fine_time/outputs/task_finetuning/tasks/frozen/ts_icl/univariate/Coastal_T_S/15T/long/run_0 launch_id=selena_fine_time_20260929T092621Z_11326 slurm_job_id=3607389 launched_at=2026-09-29T11:16:52.609784+00:00
    Total instances: 75, Series during experiment: 15, Windows: 5
    Collecting ground truth and context...
    Detected to_univariate case: 15 flat series -> 5 series x 3 variates
    Organizing data into arrays...
    Saved predictions (quantiles) to /fslarge/scratch/users/h61084/codes/fine_time/outputs/task_finetuning/tasks/frozen/ts_icl/univariate/Coastal_T_S/15T/long/run_0/predictions.npz
    Computing per-window metrics...
    Saved metrics to /fslarge/scratch/users/h61084/codes/fine_time/outputs/task_finetuning/tasks/frozen/ts_icl/univariate/Coastal_T_S/15T/long/run_0/metrics.npz
    Saved aggregate metrics to /fslarge/scratch/users/h61084/codes/fine_time/outputs/task_finetuning/tasks/frozen/ts_icl/univariate/Coastal_T_S/15T/long/run_0/metrics_summary.json
    Metrics summary (averaged over all series/windows/variates):
      MSE: 140.7787
      MAE: 4.6981
      RMSE: 5.4699
      MAPE: 0.1283
      sMAPE: 0.1192
      MASE: 1.3953
      ND: 0.1151
      CRPS: 0.0686
  Completed: 5 series × 5 windows
  Output: /fslarge/scratch/users/h61084/codes/fine_time/outputs/task_finetuning/tasks/frozen/ts_icl/univariate/Coastal_T_S/15T/long/run_0
  Inference time: 1.929s

============================================================
All experiments completed!
Results saved to: /scratch/users/h61084/codes/fine_time/outputs/task_finetuning/tasks/frozen
============================================================
[14/90] evaluate ts_icl task_finetuned on Coastal_T_S/15T/long
[2026-09-29 11:16:52 UTC] resources selected_device {"device": "cuda", "model": "ts_icl", "stage": "forecast"}
Loading configuration...

============================================================
Dataset: Coastal_T_S/15T
Terms: ['long']
Covariate mode: none
Instance normalization: none
============================================================

--- Term: long ---
  Config: prediction_length=288, test_length=1440, val_length=1440
TIME run allocation action=new run=/fslarge/scratch/users/h61084/codes/fine_time/outputs/task_finetuning/tasks/inference/ts_icl/univariate/Coastal_T_S/15T/long/run_1 launch_id=selena_fine_time_20260929T092621Z_11326 slurm_job_id=3607389 launched_at=2026-09-29T11:16:52.706704+00:00
  Initializing model pipeline...
  Dataset info:
    - Frequency: 15T
    - Num series: 5
    - Target dim: 3
    - Target mode: univariate
    - Covariate channels: 0
    - Series length: min=16686,               max=23134, avg=20870.2
    - Test split: 1440 steps
    - Prediction length: 288
    - Windows: 5
TIME run allocation action=new run=/fslarge/scratch/users/h61084/codes/fine_time/outputs/task_finetuning/tasks/task_finetuned/ts_icl/univariate/Coastal_T_S/15T/long/run_0 launch_id=selena_fine_time_20260929T092621Z_11326 slurm_job_id=3607389 launched_at=2026-09-29T11:16:55.410230+00:00
    Total instances: 75, Series during experiment: 15, Windows: 5
    Collecting ground truth and context...
    Detected to_univariate case: 15 flat series -> 5 series x 3 variates
    Organizing data into arrays...
    Saved predictions (quantiles) to /fslarge/scratch/users/h61084/codes/fine_time/outputs/task_finetuning/tasks/task_finetuned/ts_icl/univariate/Coastal_T_S/15T/long/run_0/predictions.npz
    Computing per-window metrics...
    Saved metrics to /fslarge/scratch/users/h61084/codes/fine_time/outputs/task_finetuning/tasks/task_finetuned/ts_icl/univariate/Coastal_T_S/15T/long/run_0/metrics.npz
    Saved aggregate metrics to /fslarge/scratch/users/h61084/codes/fine_time/outputs/task_finetuning/tasks/task_finetuned/ts_icl/univariate/Coastal_T_S/15T/long/run_0/metrics_summary.json
    Metrics summary (averaged over all series/windows/variates):
      MSE: 140.5457
      MAE: 4.6998
      RMSE: 5.4655
      MAPE: 0.1288
      sMAPE: 0.1193
      MASE: 1.3969
      ND: 0.1151
      CRPS: 0.0683
  Completed: 5 series × 5 windows
  Output: /fslarge/scratch/users/h61084/codes/fine_time/outputs/task_finetuning/tasks/task_finetuned/ts_icl/univariate/Coastal_T_S/15T/long/run_0
  Inference time: 1.929s

============================================================
All experiments completed!
Results saved to: /scratch/users/h61084/codes/fine_time/outputs/task_finetuning/tasks/task_finetuned
============================================================
[15/90] evaluate ts_icl frozen on Coastal_T_S/15T/medium
[2026-09-29 11:16:55 UTC] resources selected_device {"device": "cuda", "model": "ts_icl", "stage": "forecast"}
Loading configuration...

============================================================
Dataset: Coastal_T_S/15T
Terms: ['medium']
Covariate mode: none
Instance normalization: none
============================================================

--- Term: medium ---
  Config: prediction_length=96, test_length=1440, val_length=1440
TIME run allocation action=new run=/fslarge/scratch/users/h61084/codes/fine_time/outputs/task_finetuning/tasks/inference/ts_icl/univariate/Coastal_T_S/15T/medium/run_0 launch_id=selena_fine_time_20260929T092621Z_11326 slurm_job_id=3607389 launched_at=2026-09-29T11:16:55.512030+00:00
  Initializing model pipeline...
  Dataset info:
    - Frequency: 15T
    - Num series: 5
    - Target dim: 3
    - Target mode: univariate
    - Covariate channels: 0
    - Series length: min=16686,               max=23134, avg=20870.2
    - Test split: 1440 steps
    - Prediction length: 96
    - Windows: 15
TIME run allocation action=new run=/fslarge/scratch/users/h61084/codes/fine_time/outputs/task_finetuning/tasks/frozen/ts_icl/univariate/Coastal_T_S/15T/medium/run_0 launch_id=selena_fine_time_20260929T092621Z_11326 slurm_job_id=3607389 launched_at=2026-09-29T11:17:01.578411+00:00
    Total instances: 225, Series during experiment: 15, Windows: 15
    Collecting ground truth and context...
    Detected to_univariate case: 15 flat series -> 5 series x 3 variates
    Organizing data into arrays...
    Saved predictions (quantiles) to /fslarge/scratch/users/h61084/codes/fine_time/outputs/task_finetuning/tasks/frozen/ts_icl/univariate/Coastal_T_S/15T/medium/run_0/predictions.npz
    Computing per-window metrics...
    Saved metrics to /fslarge/scratch/users/h61084/codes/fine_time/outputs/task_finetuning/tasks/frozen/ts_icl/univariate/Coastal_T_S/15T/medium/run_0/metrics.npz
    Saved aggregate metrics to /fslarge/scratch/users/h61084/codes/fine_time/outputs/task_finetuning/tasks/frozen/ts_icl/univariate/Coastal_T_S/15T/medium/run_0/metrics_summary.json
    Metrics summary (averaged over all series/windows/variates):
      MSE: 138.1957
      MAE: 4.6632
      RMSE: 5.4266
      MAPE: 0.1278
      sMAPE: 0.1178
      MASE: 1.2691
      ND: 0.1137
      CRPS: 0.0676
  Completed: 5 series × 15 windows
  Output: /fslarge/scratch/users/h61084/codes/fine_time/outputs/task_finetuning/tasks/frozen/ts_icl/univariate/Coastal_T_S/15T/medium/run_0
  Inference time: 5.510s

============================================================
All experiments completed!
Results saved to: /scratch/users/h61084/codes/fine_time/outputs/task_finetuning/tasks/frozen
============================================================
[15/90] evaluate ts_icl task_finetuned on Coastal_T_S/15T/medium
[2026-09-29 11:17:01 UTC] resources selected_device {"device": "cuda", "model": "ts_icl", "stage": "forecast"}
Loading configuration...

============================================================
Dataset: Coastal_T_S/15T
Terms: ['medium']
Covariate mode: none
Instance normalization: none
============================================================

--- Term: medium ---
  Config: prediction_length=96, test_length=1440, val_length=1440
TIME run allocation action=new run=/fslarge/scratch/users/h61084/codes/fine_time/outputs/task_finetuning/tasks/inference/ts_icl/univariate/Coastal_T_S/15T/medium/run_1 launch_id=selena_fine_time_20260929T092621Z_11326 slurm_job_id=3607389 launched_at=2026-09-29T11:17:01.720557+00:00
  Initializing model pipeline...
  Dataset info:
    - Frequency: 15T
    - Num series: 5
    - Target dim: 3
    - Target mode: univariate
    - Covariate channels: 0
    - Series length: min=16686,               max=23134, avg=20870.2
    - Test split: 1440 steps
    - Prediction length: 96
    - Windows: 15
TIME run allocation action=new run=/fslarge/scratch/users/h61084/codes/fine_time/outputs/task_finetuning/tasks/task_finetuned/ts_icl/univariate/Coastal_T_S/15T/medium/run_0 launch_id=selena_fine_time_20260929T092621Z_11326 slurm_job_id=3607389 launched_at=2026-09-29T11:17:07.954164+00:00
    Total instances: 225, Series during experiment: 15, Windows: 15
    Collecting ground truth and context...
    Detected to_univariate case: 15 flat series -> 5 series x 3 variates
    Organizing data into arrays...
    Saved predictions (quantiles) to /fslarge/scratch/users/h61084/codes/fine_time/outputs/task_finetuning/tasks/task_finetuned/ts_icl/univariate/Coastal_T_S/15T/medium/run_0/predictions.npz
    Computing per-window metrics...
    Saved metrics to /fslarge/scratch/users/h61084/codes/fine_time/outputs/task_finetuning/tasks/task_finetuned/ts_icl/univariate/Coastal_T_S/15T/medium/run_0/metrics.npz
    Saved aggregate metrics to /fslarge/scratch/users/h61084/codes/fine_time/outputs/task_finetuning/tasks/task_finetuned/ts_icl/univariate/Coastal_T_S/15T/medium/run_0/metrics_summary.json
    Metrics summary (averaged over all series/windows/variates):
      MSE: 138.5148
      MAE: 4.6628
      RMSE: 5.4315
      MAPE: 0.1270
      sMAPE: 0.1178
      MASE: 1.2696
      ND: 0.1137
      CRPS: 0.0673
  Completed: 5 series × 15 windows
  Output: /fslarge/scratch/users/h61084/codes/fine_time/outputs/task_finetuning/tasks/task_finetuned/ts_icl/univariate/Coastal_T_S/15T/medium/run_0
  Inference time: 5.467s

============================================================
All experiments completed!
Results saved to: /scratch/users/h61084/codes/fine_time/outputs/task_finetuning/tasks/task_finetuned
============================================================
[16/90] evaluate ts_icl frozen on Coastal_T_S/15T/short
[2026-09-29 11:17:08 UTC] resources selected_device {"device": "cuda", "model": "ts_icl", "stage": "forecast"}
Loading configuration...

============================================================
Dataset: Coastal_T_S/15T
Terms: ['short']
Covariate mode: none
Instance normalization: none
============================================================

--- Term: short ---
  Config: prediction_length=12, test_length=1440, val_length=1440
TIME run allocation action=new run=/fslarge/scratch/users/h61084/codes/fine_time/outputs/task_finetuning/tasks/inference/ts_icl/univariate/Coastal_T_S/15T/short/run_0 launch_id=selena_fine_time_20260929T092621Z_11326 slurm_job_id=3607389 launched_at=2026-09-29T11:17:08.100933+00:00
  Initializing model pipeline...
  Dataset info:
    - Frequency: 15T
    - Num series: 5
    - Target dim: 3
    - Target mode: univariate
    - Covariate channels: 0
    - Series length: min=16686,               max=23134, avg=20870.2
    - Test split: 1440 steps
    - Prediction length: 12
    - Windows: 120
    Processed 320/1800...
    Processed 640/1800...
    Processed 960/1800...
    Processed 1280/1800...
    Processed 1600/1800...
TIME run allocation action=new run=/fslarge/scratch/users/h61084/codes/fine_time/outputs/task_finetuning/tasks/frozen/ts_icl/univariate/Coastal_T_S/15T/short/run_0 launch_id=selena_fine_time_20260929T092621Z_11326 slurm_job_id=3607389 launched_at=2026-09-29T11:17:51.364586+00:00
    Total instances: 1800, Series during experiment: 15, Windows: 120
    Collecting ground truth and context...
    Detected to_univariate case: 15 flat series -> 5 series x 3 variates
    Organizing data into arrays...
    Saved predictions (quantiles) to /fslarge/scratch/users/h61084/codes/fine_time/outputs/task_finetuning/tasks/frozen/ts_icl/univariate/Coastal_T_S/15T/short/run_0/predictions.npz
    Computing per-window metrics...
    Saved metrics to /fslarge/scratch/users/h61084/codes/fine_time/outputs/task_finetuning/tasks/frozen/ts_icl/univariate/Coastal_T_S/15T/short/run_0/metrics.npz
    Saved aggregate metrics to /fslarge/scratch/users/h61084/codes/fine_time/outputs/task_finetuning/tasks/frozen/ts_icl/univariate/Coastal_T_S/15T/short/run_0/metrics_summary.json
    Metrics summary (averaged over all series/windows/variates):
      MSE: 140.8303
      MAE: 4.6245
      RMSE: 5.4081
      MAPE: 0.1244
      sMAPE: 0.1163
      MASE: 1.1429
      ND: 0.1133
      CRPS: 0.0676
  Completed: 5 series × 120 windows
  Output: /fslarge/scratch/users/h61084/codes/fine_time/outputs/task_finetuning/tasks/frozen/ts_icl/univariate/Coastal_T_S/15T/short/run_0
  Inference time: 42.876s

============================================================
All experiments completed!
Results saved to: /scratch/users/h61084/codes/fine_time/outputs/task_finetuning/tasks/frozen
============================================================
[16/90] evaluate ts_icl task_finetuned on Coastal_T_S/15T/short
[2026-09-29 11:17:51 UTC] resources selected_device {"device": "cuda", "model": "ts_icl", "stage": "forecast"}
Loading configuration...

============================================================
Dataset: Coastal_T_S/15T
Terms: ['short']
Covariate mode: none
Instance normalization: none
============================================================

--- Term: short ---
  Config: prediction_length=12, test_length=1440, val_length=1440
TIME run allocation action=new run=/fslarge/scratch/users/h61084/codes/fine_time/outputs/task_finetuning/tasks/inference/ts_icl/univariate/Coastal_T_S/15T/short/run_1 launch_id=selena_fine_time_20260929T092621Z_11326 slurm_job_id=3607389 launched_at=2026-09-29T11:17:52.000255+00:00
  Initializing model pipeline...
  Dataset info:
    - Frequency: 15T
    - Num series: 5
    - Target dim: 3
    - Target mode: univariate
    - Covariate channels: 0
    - Series length: min=16686,               max=23134, avg=20870.2
    - Test split: 1440 steps
    - Prediction length: 12
    - Windows: 120
    Processed 320/1800...
    Processed 640/1800...
    Processed 960/1800...
    Processed 1280/1800...
    Processed 1600/1800...
TIME run allocation action=new run=/fslarge/scratch/users/h61084/codes/fine_time/outputs/task_finetuning/tasks/task_finetuned/ts_icl/univariate/Coastal_T_S/15T/short/run_0 launch_id=selena_fine_time_20260929T092621Z_11326 slurm_job_id=3607389 launched_at=2026-09-29T11:18:35.650633+00:00
    Total instances: 1800, Series during experiment: 15, Windows: 120
    Collecting ground truth and context...
    Detected to_univariate case: 15 flat series -> 5 series x 3 variates
    Organizing data into arrays...
    Saved predictions (quantiles) to /fslarge/scratch/users/h61084/codes/fine_time/outputs/task_finetuning/tasks/task_finetuned/ts_icl/univariate/Coastal_T_S/15T/short/run_0/predictions.npz
    Computing per-window metrics...
    Saved metrics to /fslarge/scratch/users/h61084/codes/fine_time/outputs/task_finetuning/tasks/task_finetuned/ts_icl/univariate/Coastal_T_S/15T/short/run_0/metrics.npz
    Saved aggregate metrics to /fslarge/scratch/users/h61084/codes/fine_time/outputs/task_finetuning/tasks/task_finetuned/ts_icl/univariate/Coastal_T_S/15T/short/run_0/metrics_summary.json
    Metrics summary (averaged over all series/windows/variates):
      MSE: 140.3712
      MAE: 4.6237
      RMSE: 5.4013
      MAPE: 0.1247
      sMAPE: 0.1163
      MASE: 1.1416
      ND: 0.1133
      CRPS: 0.0673
  Completed: 5 series × 120 windows
  Output: /fslarge/scratch/users/h61084/codes/fine_time/outputs/task_finetuning/tasks/task_finetuned/ts_icl/univariate/Coastal_T_S/15T/short/run_0
  Inference time: 43.024s

============================================================
All experiments completed!
Results saved to: /scratch/users/h61084/codes/fine_time/outputs/task_finetuning/tasks/task_finetuned
============================================================
[17/90] evaluate ts_icl frozen on Coastal_T_S/20T/long
[2026-09-29 11:18:36 UTC] resources selected_device {"device": "cuda", "model": "ts_icl", "stage": "forecast"}
Loading configuration...

============================================================
Dataset: Coastal_T_S/20T
Terms: ['long']
Covariate mode: none
Instance normalization: none
============================================================

--- Term: long ---
  Config: prediction_length=216, test_length=1080, val_length=1080
TIME run allocation action=new run=/fslarge/scratch/users/h61084/codes/fine_time/outputs/task_finetuning/tasks/inference/ts_icl/univariate/Coastal_T_S/20T/long/run_0 launch_id=selena_fine_time_20260929T092621Z_11326 slurm_job_id=3607389 launched_at=2026-09-29T11:18:36.303402+00:00
  Initializing model pipeline...
  Dataset info:
    - Frequency: 20T
    - Num series: 1
    - Target dim: 3
    - Target mode: univariate
    - Covariate channels: 0
    - Series length: min=8198,               max=8198, avg=8198.0
    - Test split: 1080 steps
    - Prediction length: 216
    - Windows: 5
TIME run allocation action=new run=/fslarge/scratch/users/h61084/codes/fine_time/outputs/task_finetuning/tasks/frozen/ts_icl/univariate/Coastal_T_S/20T/long/run_0 launch_id=selena_fine_time_20260929T092621Z_11326 slurm_job_id=3607389 launched_at=2026-09-29T11:18:37.029077+00:00
    Total instances: 15, Series during experiment: 3, Windows: 5
    Collecting ground truth and context...
    Detected to_univariate case: 3 flat series -> 1 series x 3 variates
    Organizing data into arrays...
    Saved predictions (quantiles) to /fslarge/scratch/users/h61084/codes/fine_time/outputs/task_finetuning/tasks/frozen/ts_icl/univariate/Coastal_T_S/20T/long/run_0/predictions.npz
    Computing per-window metrics...
    Saved metrics to /fslarge/scratch/users/h61084/codes/fine_time/outputs/task_finetuning/tasks/frozen/ts_icl/univariate/Coastal_T_S/20T/long/run_0/metrics.npz
    Saved aggregate metrics to /fslarge/scratch/users/h61084/codes/fine_time/outputs/task_finetuning/tasks/frozen/ts_icl/univariate/Coastal_T_S/20T/long/run_0/metrics_summary.json
    Metrics summary (averaged over all series/windows/variates):
      MSE: 0.1077
      MAE: 0.2288
      RMSE: 0.2901
      MAPE: 0.0095
      sMAPE: 0.0095
      MASE: 1.7467
      ND: 0.0095
      CRPS: 0.0076
  Completed: 1 series × 5 windows
  Output: /fslarge/scratch/users/h61084/codes/fine_time/outputs/task_finetuning/tasks/frozen/ts_icl/univariate/Coastal_T_S/20T/long/run_0
  Inference time: 0.379s

============================================================
All experiments completed!
Results saved to: /scratch/users/h61084/codes/fine_time/outputs/task_finetuning/tasks/frozen
============================================================
[17/90] evaluate ts_icl task_finetuned on Coastal_T_S/20T/long
[2026-09-29 11:18:37 UTC] resources selected_device {"device": "cuda", "model": "ts_icl", "stage": "forecast"}
Loading configuration...

============================================================
Dataset: Coastal_T_S/20T
Terms: ['long']
Covariate mode: none
Instance normalization: none
============================================================

--- Term: long ---
  Config: prediction_length=216, test_length=1080, val_length=1080
TIME run allocation action=new run=/fslarge/scratch/users/h61084/codes/fine_time/outputs/task_finetuning/tasks/inference/ts_icl/univariate/Coastal_T_S/20T/long/run_1 launch_id=selena_fine_time_20260929T092621Z_11326 slurm_job_id=3607389 launched_at=2026-09-29T11:18:37.075879+00:00
  Initializing model pipeline...
  Dataset info:
    - Frequency: 20T
    - Num series: 1
    - Target dim: 3
    - Target mode: univariate
    - Covariate channels: 0
    - Series length: min=8198,               max=8198, avg=8198.0
    - Test split: 1080 steps
    - Prediction length: 216
    - Windows: 5
TIME run allocation action=new run=/fslarge/scratch/users/h61084/codes/fine_time/outputs/task_finetuning/tasks/task_finetuned/ts_icl/univariate/Coastal_T_S/20T/long/run_0 launch_id=selena_fine_time_20260929T092621Z_11326 slurm_job_id=3607389 launched_at=2026-09-29T11:18:38.027945+00:00
    Total instances: 15, Series during experiment: 3, Windows: 5
    Collecting ground truth and context...
    Detected to_univariate case: 3 flat series -> 1 series x 3 variates
    Organizing data into arrays...
    Saved predictions (quantiles) to /fslarge/scratch/users/h61084/codes/fine_time/outputs/task_finetuning/tasks/task_finetuned/ts_icl/univariate/Coastal_T_S/20T/long/run_0/predictions.npz
    Computing per-window metrics...
    Saved metrics to /fslarge/scratch/users/h61084/codes/fine_time/outputs/task_finetuning/tasks/task_finetuned/ts_icl/univariate/Coastal_T_S/20T/long/run_0/metrics.npz
    Saved aggregate metrics to /fslarge/scratch/users/h61084/codes/fine_time/outputs/task_finetuning/tasks/task_finetuned/ts_icl/univariate/Coastal_T_S/20T/long/run_0/metrics_summary.json
    Metrics summary (averaged over all series/windows/variates):
      MSE: 0.1053
      MAE: 0.2259
      RMSE: 0.2866
      MAPE: 0.0093
      sMAPE: 0.0093
      MASE: 1.7258
      ND: 0.0093
      CRPS: 0.0075
  Completed: 1 series × 5 windows
  Output: /fslarge/scratch/users/h61084/codes/fine_time/outputs/task_finetuning/tasks/task_finetuned/ts_icl/univariate/Coastal_T_S/20T/long/run_0
  Inference time: 0.380s

============================================================
All experiments completed!
Results saved to: /scratch/users/h61084/codes/fine_time/outputs/task_finetuning/tasks/task_finetuned
============================================================
[18/90] evaluate ts_icl frozen on Coastal_T_S/20T/medium
[2026-09-29 11:18:38 UTC] resources selected_device {"device": "cuda", "model": "ts_icl", "stage": "forecast"}
Loading configuration...

============================================================
Dataset: Coastal_T_S/20T
Terms: ['medium']
Covariate mode: none
Instance normalization: none
============================================================

--- Term: medium ---
  Config: prediction_length=72, test_length=1080, val_length=1080
TIME run allocation action=new run=/fslarge/scratch/users/h61084/codes/fine_time/outputs/task_finetuning/tasks/inference/ts_icl/univariate/Coastal_T_S/20T/medium/run_0 launch_id=selena_fine_time_20260929T092621Z_11326 slurm_job_id=3607389 launched_at=2026-09-29T11:18:38.079189+00:00
  Initializing model pipeline...
  Dataset info:
    - Frequency: 20T
    - Num series: 1
    - Target dim: 3
    - Target mode: univariate
    - Covariate channels: 0
    - Series length: min=8198,               max=8198, avg=8198.0
    - Test split: 1080 steps
    - Prediction length: 72
    - Windows: 15
TIME run allocation action=new run=/fslarge/scratch/users/h61084/codes/fine_time/outputs/task_finetuning/tasks/frozen/ts_icl/univariate/Coastal_T_S/20T/medium/run_0 launch_id=selena_fine_time_20260929T092621Z_11326 slurm_job_id=3607389 launched_at=2026-09-29T11:18:39.513768+00:00
    Total instances: 45, Series during experiment: 3, Windows: 15
    Collecting ground truth and context...
    Detected to_univariate case: 3 flat series -> 1 series x 3 variates
    Organizing data into arrays...
    Saved predictions (quantiles) to /fslarge/scratch/users/h61084/codes/fine_time/outputs/task_finetuning/tasks/frozen/ts_icl/univariate/Coastal_T_S/20T/medium/run_0/predictions.npz
    Computing per-window metrics...
    Saved metrics to /fslarge/scratch/users/h61084/codes/fine_time/outputs/task_finetuning/tasks/frozen/ts_icl/univariate/Coastal_T_S/20T/medium/run_0/metrics.npz
    Saved aggregate metrics to /fslarge/scratch/users/h61084/codes/fine_time/outputs/task_finetuning/tasks/frozen/ts_icl/univariate/Coastal_T_S/20T/medium/run_0/metrics_summary.json
    Metrics summary (averaged over all series/windows/variates):
      MSE: 0.0449
      MAE: 0.1574
      RMSE: 0.1907
      MAPE: 0.0066
      sMAPE: 0.0066
      MASE: 1.2497
      ND: 0.0066
      CRPS: 0.0051
  Completed: 1 series × 15 windows
  Output: /fslarge/scratch/users/h61084/codes/fine_time/outputs/task_finetuning/tasks/frozen/ts_icl/univariate/Coastal_T_S/20T/medium/run_0
  Inference time: 1.090s

============================================================
All experiments completed!
Results saved to: /scratch/users/h61084/codes/fine_time/outputs/task_finetuning/tasks/frozen
============================================================
[18/90] evaluate ts_icl task_finetuned on Coastal_T_S/20T/medium
[2026-09-29 11:18:39 UTC] resources selected_device {"device": "cuda", "model": "ts_icl", "stage": "forecast"}
Loading configuration...

============================================================
Dataset: Coastal_T_S/20T
Terms: ['medium']
Covariate mode: none
Instance normalization: none
============================================================

--- Term: medium ---
  Config: prediction_length=72, test_length=1080, val_length=1080
TIME run allocation action=new run=/fslarge/scratch/users/h61084/codes/fine_time/outputs/task_finetuning/tasks/inference/ts_icl/univariate/Coastal_T_S/20T/medium/run_1 launch_id=selena_fine_time_20260929T092621Z_11326 slurm_job_id=3607389 launched_at=2026-09-29T11:18:39.569124+00:00
  Initializing model pipeline...
  Dataset info:
    - Frequency: 20T
    - Num series: 1
    - Target dim: 3
    - Target mode: univariate
    - Covariate channels: 0
    - Series length: min=8198,               max=8198, avg=8198.0
    - Test split: 1080 steps
    - Prediction length: 72
    - Windows: 15
TIME run allocation action=new run=/fslarge/scratch/users/h61084/codes/fine_time/outputs/task_finetuning/tasks/task_finetuned/ts_icl/univariate/Coastal_T_S/20T/medium/run_0 launch_id=selena_fine_time_20260929T092621Z_11326 slurm_job_id=3607389 launched_at=2026-09-29T11:18:41.263344+00:00
    Total instances: 45, Series during experiment: 3, Windows: 15
    Collecting ground truth and context...
    Detected to_univariate case: 3 flat series -> 1 series x 3 variates
    Organizing data into arrays...
    Saved predictions (quantiles) to /fslarge/scratch/users/h61084/codes/fine_time/outputs/task_finetuning/tasks/task_finetuned/ts_icl/univariate/Coastal_T_S/20T/medium/run_0/predictions.npz
    Computing per-window metrics...
    Saved metrics to /fslarge/scratch/users/h61084/codes/fine_time/outputs/task_finetuning/tasks/task_finetuned/ts_icl/univariate/Coastal_T_S/20T/medium/run_0/metrics.npz
    Saved aggregate metrics to /fslarge/scratch/users/h61084/codes/fine_time/outputs/task_finetuning/tasks/task_finetuned/ts_icl/univariate/Coastal_T_S/20T/medium/run_0/metrics_summary.json
    Metrics summary (averaged over all series/windows/variates):
      MSE: 0.0439
      MAE: 0.1557
      RMSE: 0.1888
      MAPE: 0.0065
      sMAPE: 0.0065
      MASE: 1.2363
      ND: 0.0065
      CRPS: 0.0051
  Completed: 1 series × 15 windows
  Output: /fslarge/scratch/users/h61084/codes/fine_time/outputs/task_finetuning/tasks/task_finetuned/ts_icl/univariate/Coastal_T_S/20T/medium/run_0
  Inference time: 1.093s

============================================================
All experiments completed!
Results saved to: /scratch/users/h61084/codes/fine_time/outputs/task_finetuning/tasks/task_finetuned
============================================================
[19/90] evaluate ts_icl frozen on Coastal_T_S/20T/short
[2026-09-29 11:18:41 UTC] resources selected_device {"device": "cuda", "model": "ts_icl", "stage": "forecast"}
Loading configuration...

============================================================
Dataset: Coastal_T_S/20T
Terms: ['short']
Covariate mode: none
Instance normalization: none
============================================================

--- Term: short ---
  Config: prediction_length=9, test_length=1080, val_length=1080
TIME run allocation action=new run=/fslarge/scratch/users/h61084/codes/fine_time/outputs/task_finetuning/tasks/inference/ts_icl/univariate/Coastal_T_S/20T/short/run_0 launch_id=selena_fine_time_20260929T092621Z_11326 slurm_job_id=3607389 launched_at=2026-09-29T11:18:41.323079+00:00
  Initializing model pipeline...
  Dataset info:
    - Frequency: 20T
    - Num series: 1
    - Target dim: 3
    - Target mode: univariate
    - Covariate channels: 0
    - Series length: min=8198,               max=8198, avg=8198.0
    - Test split: 1080 steps
    - Prediction length: 9
    - Windows: 120
    Processed 320/360...
TIME run allocation action=new run=/fslarge/scratch/users/h61084/codes/fine_time/outputs/task_finetuning/tasks/frozen/ts_icl/univariate/Coastal_T_S/20T/short/run_0 launch_id=selena_fine_time_20260929T092621Z_11326 slurm_job_id=3607389 launched_at=2026-09-29T11:18:50.232413+00:00
    Total instances: 360, Series during experiment: 3, Windows: 120
    Collecting ground truth and context...
    Detected to_univariate case: 3 flat series -> 1 series x 3 variates
    Organizing data into arrays...
    Saved predictions (quantiles) to /fslarge/scratch/users/h61084/codes/fine_time/outputs/task_finetuning/tasks/frozen/ts_icl/univariate/Coastal_T_S/20T/short/run_0/predictions.npz
    Computing per-window metrics...
    Saved metrics to /fslarge/scratch/users/h61084/codes/fine_time/outputs/task_finetuning/tasks/frozen/ts_icl/univariate/Coastal_T_S/20T/short/run_0/metrics.npz
    Saved aggregate metrics to /fslarge/scratch/users/h61084/codes/fine_time/outputs/task_finetuning/tasks/frozen/ts_icl/univariate/Coastal_T_S/20T/short/run_0/metrics_summary.json
    Metrics summary (averaged over all series/windows/variates):
      MSE: 0.0106
      MAE: 0.0720
      RMSE: 0.0827
      MAPE: 0.0030
      sMAPE: 0.0030
      MASE: 0.5645
      ND: 0.0030
      CRPS: 0.0023
  Completed: 1 series × 120 windows
  Output: /fslarge/scratch/users/h61084/codes/fine_time/outputs/task_finetuning/tasks/frozen/ts_icl/univariate/Coastal_T_S/20T/short/run_0
  Inference time: 8.565s

============================================================
All experiments completed!
Results saved to: /scratch/users/h61084/codes/fine_time/outputs/task_finetuning/tasks/frozen
============================================================
[19/90] evaluate ts_icl task_finetuned on Coastal_T_S/20T/short
[2026-09-29 11:18:50 UTC] resources selected_device {"device": "cuda", "model": "ts_icl", "stage": "forecast"}
Loading configuration...

============================================================
Dataset: Coastal_T_S/20T
Terms: ['short']
Covariate mode: none
Instance normalization: none
============================================================

--- Term: short ---
  Config: prediction_length=9, test_length=1080, val_length=1080
TIME run allocation action=new run=/fslarge/scratch/users/h61084/codes/fine_time/outputs/task_finetuning/tasks/inference/ts_icl/univariate/Coastal_T_S/20T/short/run_1 launch_id=selena_fine_time_20260929T092621Z_11326 slurm_job_id=3607389 launched_at=2026-09-29T11:18:50.367769+00:00
  Initializing model pipeline...
  Dataset info:
    - Frequency: 20T
    - Num series: 1
    - Target dim: 3
    - Target mode: univariate
    - Covariate channels: 0
    - Series length: min=8198,               max=8198, avg=8198.0
    - Test split: 1080 steps
    - Prediction length: 9
    - Windows: 120
    Processed 320/360...
TIME run allocation action=new run=/fslarge/scratch/users/h61084/codes/fine_time/outputs/task_finetuning/tasks/task_finetuned/ts_icl/univariate/Coastal_T_S/20T/short/run_0 launch_id=selena_fine_time_20260929T092621Z_11326 slurm_job_id=3607389 launched_at=2026-09-29T11:18:59.497480+00:00
    Total instances: 360, Series during experiment: 3, Windows: 120
    Collecting ground truth and context...
    Detected to_univariate case: 3 flat series -> 1 series x 3 variates
    Organizing data into arrays...
    Saved predictions (quantiles) to /fslarge/scratch/users/h61084/codes/fine_time/outputs/task_finetuning/tasks/task_finetuned/ts_icl/univariate/Coastal_T_S/20T/short/run_0/predictions.npz
    Computing per-window metrics...
    Saved metrics to /fslarge/scratch/users/h61084/codes/fine_time/outputs/task_finetuning/tasks/task_finetuned/ts_icl/univariate/Coastal_T_S/20T/short/run_0/metrics.npz
    Saved aggregate metrics to /fslarge/scratch/users/h61084/codes/fine_time/outputs/task_finetuning/tasks/task_finetuned/ts_icl/univariate/Coastal_T_S/20T/short/run_0/metrics_summary.json
    Metrics summary (averaged over all series/windows/variates):
      MSE: 0.0103
      MAE: 0.0700
      RMSE: 0.0807
      MAPE: 0.0029
      sMAPE: 0.0029
      MASE: 0.5486
      ND: 0.0029
      CRPS: 0.0023
  Completed: 1 series × 120 windows
  Output: /fslarge/scratch/users/h61084/codes/fine_time/outputs/task_finetuning/tasks/task_finetuned/ts_icl/univariate/Coastal_T_S/20T/short/run_0
  Inference time: 8.566s

============================================================
All experiments completed!
Results saved to: /scratch/users/h61084/codes/fine_time/outputs/task_finetuning/tasks/task_finetuned
============================================================
[20/90] evaluate ts_icl frozen on Coastal_T_S/H/long
[2026-09-29 11:18:59 UTC] resources selected_device {"device": "cuda", "model": "ts_icl", "stage": "forecast"}
Loading configuration...

============================================================
Dataset: Coastal_T_S/H
Terms: ['long']
Covariate mode: none
Instance normalization: none
============================================================

--- Term: long ---
  Config: prediction_length=336, test_length=672, val_length=672
TIME run allocation action=new run=/fslarge/scratch/users/h61084/codes/fine_time/outputs/task_finetuning/tasks/inference/ts_icl/univariate/Coastal_T_S/H/long/run_0 launch_id=selena_fine_time_20260929T092621Z_11326 slurm_job_id=3607389 launched_at=2026-09-29T11:18:59.683816+00:00
  Initializing model pipeline...
  Dataset info:
    - Frequency: H
    - Num series: 24
    - Target dim: 3
    - Target mode: univariate
    - Covariate channels: 0
    - Series length: min=2733,               max=8784, avg=5488.8
    - Test split: 672 steps
    - Prediction length: 336
    - Windows: 2
TIME run allocation action=new run=/fslarge/scratch/users/h61084/codes/fine_time/outputs/task_finetuning/tasks/frozen/ts_icl/univariate/Coastal_T_S/H/long/run_0 launch_id=selena_fine_time_20260929T092621Z_11326 slurm_job_id=3607389 launched_at=2026-09-29T11:19:04.726444+00:00
    Total instances: 144, Series during experiment: 72, Windows: 2
    Collecting ground truth and context...
    Detected to_univariate case: 72 flat series -> 24 series x 3 variates
    Organizing data into arrays...
    Saved predictions (quantiles) to /fslarge/scratch/users/h61084/codes/fine_time/outputs/task_finetuning/tasks/frozen/ts_icl/univariate/Coastal_T_S/H/long/run_0/predictions.npz
    Computing per-window metrics...
    Saved metrics to /fslarge/scratch/users/h61084/codes/fine_time/outputs/task_finetuning/tasks/frozen/ts_icl/univariate/Coastal_T_S/H/long/run_0/metrics.npz
    Saved aggregate metrics to /fslarge/scratch/users/h61084/codes/fine_time/outputs/task_finetuning/tasks/frozen/ts_icl/univariate/Coastal_T_S/H/long/run_0/metrics_summary.json
    Metrics summary (averaged over all series/windows/variates):
      MSE: 23.7223
      MAE: 1.4988
      RMSE: 1.8977
      MAPE: 0.0473
      sMAPE: 0.0418
      MASE: 2.3337
      ND: 0.0423
      CRPS: 0.0336
  Completed: 24 series × 2 windows
  Output: /fslarge/scratch/users/h61084/codes/fine_time/outputs/task_finetuning/tasks/frozen/ts_icl/univariate/Coastal_T_S/H/long/run_0
  Inference time: 4.629s

============================================================
All experiments completed!
Results saved to: /scratch/users/h61084/codes/fine_time/outputs/task_finetuning/tasks/frozen
============================================================
[20/90] evaluate ts_icl task_finetuned on Coastal_T_S/H/long
[2026-09-29 11:19:04 UTC] resources selected_device {"device": "cuda", "model": "ts_icl", "stage": "forecast"}
Loading configuration...

============================================================
Dataset: Coastal_T_S/H
Terms: ['long']
Covariate mode: none
Instance normalization: none
============================================================

--- Term: long ---
  Config: prediction_length=336, test_length=672, val_length=672
TIME run allocation action=new run=/fslarge/scratch/users/h61084/codes/fine_time/outputs/task_finetuning/tasks/inference/ts_icl/univariate/Coastal_T_S/H/long/run_1 launch_id=selena_fine_time_20260929T092621Z_11326 slurm_job_id=3607389 launched_at=2026-09-29T11:19:04.851842+00:00
  Initializing model pipeline...
  Dataset info:
    - Frequency: H
    - Num series: 24
    - Target dim: 3
    - Target mode: univariate
    - Covariate channels: 0
    - Series length: min=2733,               max=8784, avg=5488.8
    - Test split: 672 steps
    - Prediction length: 336
    - Windows: 2
TIME run allocation action=new run=/fslarge/scratch/users/h61084/codes/fine_time/outputs/task_finetuning/tasks/task_finetuned/ts_icl/univariate/Coastal_T_S/H/long/run_0 launch_id=selena_fine_time_20260929T092621Z_11326 slurm_job_id=3607389 launched_at=2026-09-29T11:19:10.257829+00:00
    Total instances: 144, Series during experiment: 72, Windows: 2
    Collecting ground truth and context...
    Detected to_univariate case: 72 flat series -> 24 series x 3 variates
    Organizing data into arrays...
    Saved predictions (quantiles) to /fslarge/scratch/users/h61084/codes/fine_time/outputs/task_finetuning/tasks/task_finetuned/ts_icl/univariate/Coastal_T_S/H/long/run_0/predictions.npz
    Computing per-window metrics...
    Saved metrics to /fslarge/scratch/users/h61084/codes/fine_time/outputs/task_finetuning/tasks/task_finetuned/ts_icl/univariate/Coastal_T_S/H/long/run_0/metrics.npz
    Saved aggregate metrics to /fslarge/scratch/users/h61084/codes/fine_time/outputs/task_finetuning/tasks/task_finetuned/ts_icl/univariate/Coastal_T_S/H/long/run_0/metrics_summary.json
    Metrics summary (averaged over all series/windows/variates):
      MSE: 23.6933
      MAE: 1.4929
      RMSE: 1.8931
      MAPE: 0.0472
      sMAPE: 0.0417
      MASE: 2.3192
      ND: 0.0421
      CRPS: 0.0335
  Completed: 24 series × 2 windows
  Output: /fslarge/scratch/users/h61084/codes/fine_time/outputs/task_finetuning/tasks/task_finetuned/ts_icl/univariate/Coastal_T_S/H/long/run_0
  Inference time: 4.627s

============================================================
All experiments completed!
Results saved to: /scratch/users/h61084/codes/fine_time/outputs/task_finetuning/tasks/task_finetuned
============================================================
[21/90] evaluate ts_icl frozen on Coastal_T_S/H/medium
[2026-09-29 11:19:10 UTC] resources selected_device {"device": "cuda", "model": "ts_icl", "stage": "forecast"}
Loading configuration...

============================================================
Dataset: Coastal_T_S/H
Terms: ['medium']
Covariate mode: none
Instance normalization: none
============================================================

--- Term: medium ---
  Config: prediction_length=168, test_length=672, val_length=672
TIME run allocation action=new run=/fslarge/scratch/users/h61084/codes/fine_time/outputs/task_finetuning/tasks/inference/ts_icl/univariate/Coastal_T_S/H/medium/run_0 launch_id=selena_fine_time_20260929T092621Z_11326 slurm_job_id=3607389 launched_at=2026-09-29T11:19:10.386310+00:00
  Initializing model pipeline...
  Dataset info:
    - Frequency: H
    - Num series: 24
    - Target dim: 3
    - Target mode: univariate
    - Covariate channels: 0
    - Series length: min=2733,               max=8784, avg=5488.8
    - Test split: 672 steps
    - Prediction length: 168
    - Windows: 4
TIME run allocation action=new run=/fslarge/scratch/users/h61084/codes/fine_time/outputs/task_finetuning/tasks/frozen/ts_icl/univariate/Coastal_T_S/H/medium/run_0 launch_id=selena_fine_time_20260929T092621Z_11326 slurm_job_id=3607389 launched_at=2026-09-29T11:19:19.620320+00:00
    Total instances: 288, Series during experiment: 72, Windows: 4
    Collecting ground truth and context...
    Detected to_univariate case: 72 flat series -> 24 series x 3 variates
    Organizing data into arrays...
    Saved predictions (quantiles) to /fslarge/scratch/users/h61084/codes/fine_time/outputs/task_finetuning/tasks/frozen/ts_icl/univariate/Coastal_T_S/H/medium/run_0/predictions.npz
    Computing per-window metrics...
    Saved metrics to /fslarge/scratch/users/h61084/codes/fine_time/outputs/task_finetuning/tasks/frozen/ts_icl/univariate/Coastal_T_S/H/medium/run_0/metrics.npz
    Saved aggregate metrics to /fslarge/scratch/users/h61084/codes/fine_time/outputs/task_finetuning/tasks/frozen/ts_icl/univariate/Coastal_T_S/H/medium/run_0/metrics_summary.json
    Metrics summary (averaged over all series/windows/variates):
      MSE: 21.4807
      MAE: 1.3721
      RMSE: 1.7067
      MAPE: 0.0411
      sMAPE: 0.0365
      MASE: 1.6380
      ND: 0.0389
      CRPS: 0.0310
  Completed: 24 series × 4 windows
  Output: /fslarge/scratch/users/h61084/codes/fine_time/outputs/task_finetuning/tasks/frozen/ts_icl/univariate/Coastal_T_S/H/medium/run_0
  Inference time: 8.819s

============================================================
All experiments completed!
Results saved to: /scratch/users/h61084/codes/fine_time/outputs/task_finetuning/tasks/frozen
============================================================
[21/90] evaluate ts_icl task_finetuned on Coastal_T_S/H/medium
[2026-09-29 11:19:19 UTC] resources selected_device {"device": "cuda", "model": "ts_icl", "stage": "forecast"}
Loading configuration...

============================================================
Dataset: Coastal_T_S/H
Terms: ['medium']
Covariate mode: none
Instance normalization: none
============================================================

--- Term: medium ---
  Config: prediction_length=168, test_length=672, val_length=672
TIME run allocation action=new run=/fslarge/scratch/users/h61084/codes/fine_time/outputs/task_finetuning/tasks/inference/ts_icl/univariate/Coastal_T_S/H/medium/run_1 launch_id=selena_fine_time_20260929T092621Z_11326 slurm_job_id=3607389 launched_at=2026-09-29T11:19:19.783543+00:00
  Initializing model pipeline...
  Dataset info:
    - Frequency: H
    - Num series: 24
    - Target dim: 3
    - Target mode: univariate
    - Covariate channels: 0
    - Series length: min=2733,               max=8784, avg=5488.8
    - Test split: 672 steps
    - Prediction length: 168
    - Windows: 4
TIME run allocation action=new run=/fslarge/scratch/users/h61084/codes/fine_time/outputs/task_finetuning/tasks/task_finetuned/ts_icl/univariate/Coastal_T_S/H/medium/run_0 launch_id=selena_fine_time_20260929T092621Z_11326 slurm_job_id=3607389 launched_at=2026-09-29T11:19:29.256897+00:00
    Total instances: 288, Series during experiment: 72, Windows: 4
    Collecting ground truth and context...
    Detected to_univariate case: 72 flat series -> 24 series x 3 variates
    Organizing data into arrays...
    Saved predictions (quantiles) to /fslarge/scratch/users/h61084/codes/fine_time/outputs/task_finetuning/tasks/task_finetuned/ts_icl/univariate/Coastal_T_S/H/medium/run_0/predictions.npz
    Computing per-window metrics...
    Saved metrics to /fslarge/scratch/users/h61084/codes/fine_time/outputs/task_finetuning/tasks/task_finetuned/ts_icl/univariate/Coastal_T_S/H/medium/run_0/metrics.npz
    Saved aggregate metrics to /fslarge/scratch/users/h61084/codes/fine_time/outputs/task_finetuning/tasks/task_finetuned/ts_icl/univariate/Coastal_T_S/H/medium/run_0/metrics_summary.json
    Metrics summary (averaged over all series/windows/variates):
      MSE: 21.5092
      MAE: 1.3651
      RMSE: 1.7028
      MAPE: 0.0408
      sMAPE: 0.0362
      MASE: 1.6288
      ND: 0.0387
      CRPS: 0.0309
  Completed: 24 series × 4 windows
  Output: /fslarge/scratch/users/h61084/codes/fine_time/outputs/task_finetuning/tasks/task_finetuned/ts_icl/univariate/Coastal_T_S/H/medium/run_0
  Inference time: 8.826s

============================================================
All experiments completed!
Results saved to: /scratch/users/h61084/codes/fine_time/outputs/task_finetuning/tasks/task_finetuned
============================================================
[22/90] evaluate ts_icl frozen on Coastal_T_S/H/short
[2026-09-29 11:19:29 UTC] resources selected_device {"device": "cuda", "model": "ts_icl", "stage": "forecast"}
Loading configuration...

============================================================
Dataset: Coastal_T_S/H
Terms: ['short']
Covariate mode: none
Instance normalization: none
============================================================

--- Term: short ---
  Config: prediction_length=24, test_length=672, val_length=672
TIME run allocation action=new run=/fslarge/scratch/users/h61084/codes/fine_time/outputs/task_finetuning/tasks/inference/ts_icl/univariate/Coastal_T_S/H/short/run_0 launch_id=selena_fine_time_20260929T092621Z_11326 slurm_job_id=3607389 launched_at=2026-09-29T11:19:29.424889+00:00
  Initializing model pipeline...
  Dataset info:
    - Frequency: H
    - Num series: 24
    - Target dim: 3
    - Target mode: univariate
    - Covariate channels: 0
    - Series length: min=2733,               max=8784, avg=5488.8
    - Test split: 672 steps
    - Prediction length: 24
    - Windows: 28
    Processed 320/2016...
    Processed 640/2016...
    Processed 960/2016...
    Processed 1280/2016...
    Processed 1600/2016...
    Processed 1920/2016...
TIME run allocation action=new run=/fslarge/scratch/users/h61084/codes/fine_time/outputs/task_finetuning/tasks/frozen/ts_icl/univariate/Coastal_T_S/H/short/run_0 launch_id=selena_fine_time_20260929T092621Z_11326 slurm_job_id=3607389 launched_at=2026-09-29T11:20:22.261154+00:00
    Total instances: 2016, Series during experiment: 72, Windows: 28
    Collecting ground truth and context...
    Detected to_univariate case: 72 flat series -> 24 series x 3 variates
    Organizing data into arrays...
    Saved predictions (quantiles) to /fslarge/scratch/users/h61084/codes/fine_time/outputs/task_finetuning/tasks/frozen/ts_icl/univariate/Coastal_T_S/H/short/run_0/predictions.npz
    Computing per-window metrics...
    Saved metrics to /fslarge/scratch/users/h61084/codes/fine_time/outputs/task_finetuning/tasks/frozen/ts_icl/univariate/Coastal_T_S/H/short/run_0/metrics.npz
    Saved aggregate metrics to /fslarge/scratch/users/h61084/codes/fine_time/outputs/task_finetuning/tasks/frozen/ts_icl/univariate/Coastal_T_S/H/short/run_0/metrics_summary.json
    Metrics summary (averaged over all series/windows/variates):
      MSE: 14.8776
      MAE: 1.1126
      RMSE: 1.3756
      MAPE: 0.0303
      sMAPE: 0.0285
      MASE: 0.9438
      ND: 0.0282
      CRPS: 0.0223
  Completed: 24 series × 28 windows
  Output: /fslarge/scratch/users/h61084/codes/fine_time/outputs/task_finetuning/tasks/frozen/ts_icl/univariate/Coastal_T_S/H/short/run_0
  Inference time: 52.419s

============================================================
All experiments completed!
Results saved to: /scratch/users/h61084/codes/fine_time/outputs/task_finetuning/tasks/frozen
============================================================
[22/90] evaluate ts_icl task_finetuned on Coastal_T_S/H/short
[2026-09-29 11:20:22 UTC] resources selected_device {"device": "cuda", "model": "ts_icl", "stage": "forecast"}
Loading configuration...

============================================================
Dataset: Coastal_T_S/H
Terms: ['short']
Covariate mode: none
Instance normalization: none
============================================================

--- Term: short ---
  Config: prediction_length=24, test_length=672, val_length=672
TIME run allocation action=new run=/fslarge/scratch/users/h61084/codes/fine_time/outputs/task_finetuning/tasks/inference/ts_icl/univariate/Coastal_T_S/H/short/run_1 launch_id=selena_fine_time_20260929T092621Z_11326 slurm_job_id=3607389 launched_at=2026-09-29T11:20:22.873369+00:00
  Initializing model pipeline...
  Dataset info:
    - Frequency: H
    - Num series: 24
    - Target dim: 3
    - Target mode: univariate
    - Covariate channels: 0
    - Series length: min=2733,               max=8784, avg=5488.8
    - Test split: 672 steps
    - Prediction length: 24
    - Windows: 28
    Processed 320/2016...
    Processed 640/2016...
    Processed 960/2016...
    Processed 1280/2016...
    Processed 1600/2016...
    Processed 1920/2016...
TIME run allocation action=new run=/fslarge/scratch/users/h61084/codes/fine_time/outputs/task_finetuning/tasks/task_finetuned/ts_icl/univariate/Coastal_T_S/H/short/run_0 launch_id=selena_fine_time_20260929T092621Z_11326 slurm_job_id=3607389 launched_at=2026-09-29T11:21:15.895798+00:00
    Total instances: 2016, Series during experiment: 72, Windows: 28
    Collecting ground truth and context...
    Detected to_univariate case: 72 flat series -> 24 series x 3 variates
    Organizing data into arrays...
    Saved predictions (quantiles) to /fslarge/scratch/users/h61084/codes/fine_time/outputs/task_finetuning/tasks/task_finetuned/ts_icl/univariate/Coastal_T_S/H/short/run_0/predictions.npz
    Computing per-window metrics...
    Saved metrics to /fslarge/scratch/users/h61084/codes/fine_time/outputs/task_finetuning/tasks/task_finetuned/ts_icl/univariate/Coastal_T_S/H/short/run_0/metrics.npz
    Saved aggregate metrics to /fslarge/scratch/users/h61084/codes/fine_time/outputs/task_finetuning/tasks/task_finetuned/ts_icl/univariate/Coastal_T_S/H/short/run_0/metrics_summary.json
    Metrics summary (averaged over all series/windows/variates):
      MSE: 14.8682
      MAE: 1.1100
      RMSE: 1.3732
      MAPE: 0.0302
      sMAPE: 0.0284
      MASE: 0.9430
      ND: 0.0280
      CRPS: 0.0222
  Completed: 24 series × 28 windows
  Output: /fslarge/scratch/users/h61084/codes/fine_time/outputs/task_finetuning/tasks/task_finetuned/ts_icl/univariate/Coastal_T_S/H/short/run_0
  Inference time: 52.333s

============================================================
All experiments completed!
Results saved to: /scratch/users/h61084/codes/fine_time/outputs/task_finetuning/tasks/task_finetuned
============================================================
[23/90] evaluate ts_icl frozen on Commodity_Import/M/short
[2026-09-29 11:21:16 UTC] resources selected_device {"device": "cuda", "model": "ts_icl", "stage": "forecast"}
Loading configuration...

============================================================
Dataset: Commodity_Import/M
Terms: ['short']
Covariate mode: none
Instance normalization: none
============================================================

--- Term: short ---
  Config: prediction_length=12, test_length=60, val_length=12
TIME run allocation action=new run=/fslarge/scratch/users/h61084/codes/fine_time/outputs/task_finetuning/tasks/inference/ts_icl/univariate/Commodity_Import/M/short/run_0 launch_id=selena_fine_time_20260929T092621Z_11326 slurm_job_id=3607389 launched_at=2026-09-29T11:21:16.508787+00:00
  Initializing model pipeline...
  Dataset info:
    - Frequency: M
    - Num series: 8
    - Target dim: 1
    - Target mode: univariate
    - Covariate channels: 0
    - Series length: min=254,               max=1240, avg=697.2
    - Test split: 60 steps
    - Prediction length: 12
    - Windows: 5
TIME run allocation action=new run=/fslarge/scratch/users/h61084/codes/fine_time/outputs/task_finetuning/tasks/frozen/ts_icl/univariate/Commodity_Import/M/short/run_0 launch_id=selena_fine_time_20260929T092621Z_11326 slurm_job_id=3607389 launched_at=2026-09-29T11:21:17.357432+00:00
    Total instances: 40, Series during experiment: 8, Windows: 5
    Collecting ground truth and context...
    Organizing data into arrays...
    Saved predictions (quantiles) to /fslarge/scratch/users/h61084/codes/fine_time/outputs/task_finetuning/tasks/frozen/ts_icl/univariate/Commodity_Import/M/short/run_0/predictions.npz
    Computing per-window metrics...
    Saved metrics to /fslarge/scratch/users/h61084/codes/fine_time/outputs/task_finetuning/tasks/frozen/ts_icl/univariate/Commodity_Import/M/short/run_0/metrics.npz
    Saved aggregate metrics to /fslarge/scratch/users/h61084/codes/fine_time/outputs/task_finetuning/tasks/frozen/ts_icl/univariate/Commodity_Import/M/short/run_0/metrics_summary.json
    Metrics summary (averaged over all series/windows/variates):
      MSE: 1722639.4124
      MAE: 519.2990
      RMSE: 622.3143
      MAPE: 0.3668
      sMAPE: 0.2335
      MASE: 1.4264
      ND: 0.2788
      CRPS: 0.2218
  Completed: 8 series × 5 windows
  Output: /fslarge/scratch/users/h61084/codes/fine_time/outputs/task_finetuning/tasks/frozen/ts_icl/univariate/Commodity_Import/M/short/run_0
  Inference time: 0.508s

============================================================
All experiments completed!
Results saved to: /scratch/users/h61084/codes/fine_time/outputs/task_finetuning/tasks/frozen
============================================================
[23/90] evaluate ts_icl task_finetuned on Commodity_Import/M/short
[2026-09-29 11:21:17 UTC] resources selected_device {"device": "cuda", "model": "ts_icl", "stage": "forecast"}
Loading configuration...

============================================================
Dataset: Commodity_Import/M
Terms: ['short']
Covariate mode: none
Instance normalization: none
============================================================

--- Term: short ---
  Config: prediction_length=12, test_length=60, val_length=12
TIME run allocation action=new run=/fslarge/scratch/users/h61084/codes/fine_time/outputs/task_finetuning/tasks/inference/ts_icl/univariate/Commodity_Import/M/short/run_1 launch_id=selena_fine_time_20260929T092621Z_11326 slurm_job_id=3607389 launched_at=2026-09-29T11:21:17.400930+00:00
  Initializing model pipeline...
  Dataset info:
    - Frequency: M
    - Num series: 8
    - Target dim: 1
    - Target mode: univariate
    - Covariate channels: 0
    - Series length: min=254,               max=1240, avg=697.2
    - Test split: 60 steps
    - Prediction length: 12
    - Windows: 5
TIME run allocation action=new run=/fslarge/scratch/users/h61084/codes/fine_time/outputs/task_finetuning/tasks/task_finetuned/ts_icl/univariate/Commodity_Import/M/short/run_0 launch_id=selena_fine_time_20260929T092621Z_11326 slurm_job_id=3607389 launched_at=2026-09-29T11:21:18.474785+00:00
    Total instances: 40, Series during experiment: 8, Windows: 5
    Collecting ground truth and context...
    Organizing data into arrays...
    Saved predictions (quantiles) to /fslarge/scratch/users/h61084/codes/fine_time/outputs/task_finetuning/tasks/task_finetuned/ts_icl/univariate/Commodity_Import/M/short/run_0/predictions.npz
    Computing per-window metrics...
    Saved metrics to /fslarge/scratch/users/h61084/codes/fine_time/outputs/task_finetuning/tasks/task_finetuned/ts_icl/univariate/Commodity_Import/M/short/run_0/metrics.npz
    Saved aggregate metrics to /fslarge/scratch/users/h61084/codes/fine_time/outputs/task_finetuning/tasks/task_finetuned/ts_icl/univariate/Commodity_Import/M/short/run_0/metrics_summary.json
    Metrics summary (averaged over all series/windows/variates):
      MSE: 1705720.5240
      MAE: 517.8067
      RMSE: 621.5944
      MAPE: 0.3800
      sMAPE: 0.2359
      MASE: 1.4159
      ND: 0.2873
      CRPS: 0.2281
  Completed: 8 series × 5 windows
  Output: /fslarge/scratch/users/h61084/codes/fine_time/outputs/task_finetuning/tasks/task_finetuned/ts_icl/univariate/Commodity_Import/M/short/run_0
  Inference time: 0.494s

============================================================
All experiments completed!
Results saved to: /scratch/users/h61084/codes/fine_time/outputs/task_finetuning/tasks/task_finetuned
============================================================
[24/90] evaluate ts_icl frozen on Commodity_Production/M/short
[2026-09-29 11:21:18 UTC] resources selected_device {"device": "cuda", "model": "ts_icl", "stage": "forecast"}
Loading configuration...

============================================================
Dataset: Commodity_Production/M
Terms: ['short']
Covariate mode: none
Instance normalization: none
============================================================

--- Term: short ---
  Config: prediction_length=12, test_length=60, val_length=12
TIME run allocation action=new run=/fslarge/scratch/users/h61084/codes/fine_time/outputs/task_finetuning/tasks/inference/ts_icl/univariate/Commodity_Production/M/short/run_0 launch_id=selena_fine_time_20260929T092621Z_11326 slurm_job_id=3607389 launched_at=2026-09-29T11:21:18.539784+00:00
  Initializing model pipeline...
  Dataset info:
    - Frequency: M
    - Num series: 32
    - Target dim: 1
    - Target mode: univariate
    - Covariate channels: 0
    - Series length: min=120,               max=648, avg=325.1
    - Test split: 60 steps
    - Prediction length: 12
    - Windows: 5
TIME run allocation action=new run=/fslarge/scratch/users/h61084/codes/fine_time/outputs/task_finetuning/tasks/frozen/ts_icl/univariate/Commodity_Production/M/short/run_0 launch_id=selena_fine_time_20260929T092621Z_11326 slurm_job_id=3607389 launched_at=2026-09-29T11:21:20.754165+00:00
    Total instances: 160, Series during experiment: 32, Windows: 5
    Collecting ground truth and context...
    Organizing data into arrays...
    Saved predictions (quantiles) to /fslarge/scratch/users/h61084/codes/fine_time/outputs/task_finetuning/tasks/frozen/ts_icl/univariate/Commodity_Production/M/short/run_0/predictions.npz
    Computing per-window metrics...
    Saved metrics to /fslarge/scratch/users/h61084/codes/fine_time/outputs/task_finetuning/tasks/frozen/ts_icl/univariate/Commodity_Production/M/short/run_0/metrics.npz
    Saved aggregate metrics to /fslarge/scratch/users/h61084/codes/fine_time/outputs/task_finetuning/tasks/frozen/ts_icl/univariate/Commodity_Production/M/short/run_0/metrics_summary.json
    Metrics summary (averaged over all series/windows/variates):
      MSE: 54963.7442
      MAE: 66.8284
      RMSE: 79.1090
      MAPE: 0.2175
      sMAPE: 0.1640
      MASE: 0.9422
      ND: 0.1612
      CRPS: 0.1250
  Completed: 32 series × 5 windows
  Output: /fslarge/scratch/users/h61084/codes/fine_time/outputs/task_finetuning/tasks/frozen/ts_icl/univariate/Commodity_Production/M/short/run_0
  Inference time: 1.871s

============================================================
All experiments completed!
Results saved to: /scratch/users/h61084/codes/fine_time/outputs/task_finetuning/tasks/frozen
============================================================
[24/90] evaluate ts_icl task_finetuned on Commodity_Production/M/short
[2026-09-29 11:21:20 UTC] resources selected_device {"device": "cuda", "model": "ts_icl", "stage": "forecast"}
Loading configuration...

============================================================
Dataset: Commodity_Production/M
Terms: ['short']
Covariate mode: none
Instance normalization: none
============================================================

--- Term: short ---
  Config: prediction_length=12, test_length=60, val_length=12
TIME run allocation action=new run=/fslarge/scratch/users/h61084/codes/fine_time/outputs/task_finetuning/tasks/inference/ts_icl/univariate/Commodity_Production/M/short/run_1 launch_id=selena_fine_time_20260929T092621Z_11326 slurm_job_id=3607389 launched_at=2026-09-29T11:21:20.828173+00:00
  Initializing model pipeline...
  Dataset info:
    - Frequency: M
    - Num series: 32
    - Target dim: 1
    - Target mode: univariate
    - Covariate channels: 0
    - Series length: min=120,               max=648, avg=325.1
    - Test split: 60 steps
    - Prediction length: 12
    - Windows: 5
TIME run allocation action=new run=/fslarge/scratch/users/h61084/codes/fine_time/outputs/task_finetuning/tasks/task_finetuned/ts_icl/univariate/Commodity_Production/M/short/run_0 launch_id=selena_fine_time_20260929T092621Z_11326 slurm_job_id=3607389 launched_at=2026-09-29T11:21:23.252250+00:00
    Total instances: 160, Series during experiment: 32, Windows: 5
    Collecting ground truth and context...
    Organizing data into arrays...
    Saved predictions (quantiles) to /fslarge/scratch/users/h61084/codes/fine_time/outputs/task_finetuning/tasks/task_finetuned/ts_icl/univariate/Commodity_Production/M/short/run_0/predictions.npz
    Computing per-window metrics...
    Saved metrics to /fslarge/scratch/users/h61084/codes/fine_time/outputs/task_finetuning/tasks/task_finetuned/ts_icl/univariate/Commodity_Production/M/short/run_0/metrics.npz
    Saved aggregate metrics to /fslarge/scratch/users/h61084/codes/fine_time/outputs/task_finetuning/tasks/task_finetuned/ts_icl/univariate/Commodity_Production/M/short/run_0/metrics_summary.json
    Metrics summary (averaged over all series/windows/variates):
      MSE: 54468.7991
      MAE: 66.8173
      RMSE: 79.1109
      MAPE: 0.2183
      sMAPE: 0.1632
      MASE: 0.9351
      ND: 0.1611
      CRPS: 0.1250
  Completed: 32 series × 5 windows
  Output: /fslarge/scratch/users/h61084/codes/fine_time/outputs/task_finetuning/tasks/task_finetuned/ts_icl/univariate/Commodity_Production/M/short/run_0
  Inference time: 1.844s

============================================================
All experiments completed!
Results saved to: /scratch/users/h61084/codes/fine_time/outputs/task_finetuning/tasks/task_finetuned
============================================================
[25/90] evaluate ts_icl frozen on Crypto/D/short
[2026-09-29 11:21:23 UTC] resources selected_device {"device": "cuda", "model": "ts_icl", "stage": "forecast"}
Loading configuration...

============================================================
Dataset: Crypto/D
Terms: ['short']
Covariate mode: none
Instance normalization: none
============================================================

--- Term: short ---
  Config: prediction_length=30, test_length=273, val_length=92
TIME run allocation action=new run=/fslarge/scratch/users/h61084/codes/fine_time/outputs/task_finetuning/tasks/inference/ts_icl/univariate/Crypto/D/short/run_0 launch_id=selena_fine_time_20260929T092621Z_11326 slurm_job_id=3607389 launched_at=2026-09-29T11:21:23.340272+00:00
  Initializing model pipeline...
  Dataset info:
    - Frequency: D
    - Num series: 1
    - Target dim: 4
    - Target mode: univariate
    - Covariate channels: 0
    - Series length: min=2842,               max=2842, avg=2842.0
    - Test split: 273 steps
    - Prediction length: 30
    - Windows: 9
TIME run allocation action=new run=/fslarge/scratch/users/h61084/codes/fine_time/outputs/task_finetuning/tasks/frozen/ts_icl/univariate/Crypto/D/short/run_0 launch_id=selena_fine_time_20260929T092621Z_11326 slurm_job_id=3607389 launched_at=2026-09-29T11:21:24.685882+00:00
    Total instances: 36, Series during experiment: 4, Windows: 9
    Collecting ground truth and context...
    Detected to_univariate case: 4 flat series -> 1 series x 4 variates
    Organizing data into arrays...
    ⚠️  Predictions max value (130982.32) exceeds float16 safe range.
    ⚠️  Applying scale factor: 10 (values will be divided)
    Saved predictions (quantiles) to /fslarge/scratch/users/h61084/codes/fine_time/outputs/task_finetuning/tasks/frozen/ts_icl/univariate/Crypto/D/short/run_0/predictions.npz
    Computing per-window metrics...
    Saved metrics to /fslarge/scratch/users/h61084/codes/fine_time/outputs/task_finetuning/tasks/frozen/ts_icl/univariate/Crypto/D/short/run_0/metrics.npz
    Saved aggregate metrics to /fslarge/scratch/users/h61084/codes/fine_time/outputs/task_finetuning/tasks/frozen/ts_icl/univariate/Crypto/D/short/run_0/metrics_summary.json
    Metrics summary (averaged over all series/windows/variates):
      MSE: 13951502.9075
      MAE: 1490.4351
      RMSE: 1754.5660
      MAPE: 0.0913
      sMAPE: 0.0922
      MASE: 6.3987
      ND: 0.0927
      CRPS: 0.0757
  Completed: 1 series × 9 windows
  Output: /fslarge/scratch/users/h61084/codes/fine_time/outputs/task_finetuning/tasks/frozen/ts_icl/univariate/Crypto/D/short/run_0
  Inference time: 0.849s

============================================================
All experiments completed!
Results saved to: /scratch/users/h61084/codes/fine_time/outputs/task_finetuning/tasks/frozen
============================================================
[25/90] evaluate ts_icl task_finetuned on Crypto/D/short
[2026-09-29 11:21:24 UTC] resources selected_device {"device": "cuda", "model": "ts_icl", "stage": "forecast"}
Loading configuration...

============================================================
Dataset: Crypto/D
Terms: ['short']
Covariate mode: none
Instance normalization: none
============================================================

--- Term: short ---
  Config: prediction_length=30, test_length=273, val_length=92
TIME run allocation action=new run=/fslarge/scratch/users/h61084/codes/fine_time/outputs/task_finetuning/tasks/inference/ts_icl/univariate/Crypto/D/short/run_1 launch_id=selena_fine_time_20260929T092621Z_11326 slurm_job_id=3607389 launched_at=2026-09-29T11:21:24.736825+00:00
  Initializing model pipeline...
  Dataset info:
    - Frequency: D
    - Num series: 1
    - Target dim: 4
    - Target mode: univariate
    - Covariate channels: 0
    - Series length: min=2842,               max=2842, avg=2842.0
    - Test split: 273 steps
    - Prediction length: 30
    - Windows: 9
TIME run allocation action=new run=/fslarge/scratch/users/h61084/codes/fine_time/outputs/task_finetuning/tasks/task_finetuned/ts_icl/univariate/Crypto/D/short/run_0 launch_id=selena_fine_time_20260929T092621Z_11326 slurm_job_id=3607389 launched_at=2026-09-29T11:21:26.197368+00:00
    Total instances: 36, Series during experiment: 4, Windows: 9
    Collecting ground truth and context...
    Detected to_univariate case: 4 flat series -> 1 series x 4 variates
    Organizing data into arrays...
    ⚠️  Predictions max value (130792.02) exceeds float16 safe range.
    ⚠️  Applying scale factor: 10 (values will be divided)
    Saved predictions (quantiles) to /fslarge/scratch/users/h61084/codes/fine_time/outputs/task_finetuning/tasks/task_finetuned/ts_icl/univariate/Crypto/D/short/run_0/predictions.npz
    Computing per-window metrics...
    Saved metrics to /fslarge/scratch/users/h61084/codes/fine_time/outputs/task_finetuning/tasks/task_finetuned/ts_icl/univariate/Crypto/D/short/run_0/metrics.npz
    Saved aggregate metrics to /fslarge/scratch/users/h61084/codes/fine_time/outputs/task_finetuning/tasks/task_finetuned/ts_icl/univariate/Crypto/D/short/run_0/metrics_summary.json
    Metrics summary (averaged over all series/windows/variates):
      MSE: 13967086.7715
      MAE: 1492.1973
      RMSE: 1760.5032
      MAPE: 0.0915
      sMAPE: 0.0926
      MASE: 6.4084
      ND: 0.0930
      CRPS: 0.0758
  Completed: 1 series × 9 windows
  Output: /fslarge/scratch/users/h61084/codes/fine_time/outputs/task_finetuning/tasks/task_finetuned/ts_icl/univariate/Crypto/D/short/run_0
  Inference time: 0.848s

============================================================
All experiments completed!
Results saved to: /scratch/users/h61084/codes/fine_time/outputs/task_finetuning/tasks/task_finetuned
============================================================
[26/90] evaluate ts_icl frozen on ECDC_COVID/D/short
[2026-09-29 11:21:26 UTC] resources selected_device {"device": "cuda", "model": "ts_icl", "stage": "forecast"}
Loading configuration...

============================================================
Dataset: ECDC_COVID/D
Terms: ['short']
Covariate mode: none
Instance normalization: none
============================================================

--- Term: short ---
  Config: prediction_length=30, test_length=150, val_length=30
TIME run allocation action=new run=/fslarge/scratch/users/h61084/codes/fine_time/outputs/task_finetuning/tasks/inference/ts_icl/univariate/ECDC_COVID/D/short/run_0 launch_id=selena_fine_time_20260929T092621Z_11326 slurm_job_id=3607389 launched_at=2026-09-29T11:21:26.249331+00:00
  Initializing model pipeline...
  Dataset info:
    - Frequency: D
    - Num series: 9
    - Target dim: 1
    - Target mode: univariate
    - Covariate channels: 0
    - Series length: min=794,               max=1229, avg=1116.6
    - Test split: 150 steps
    - Prediction length: 30
    - Windows: 5
TIME run allocation action=new run=/fslarge/scratch/users/h61084/codes/fine_time/outputs/task_finetuning/tasks/frozen/ts_icl/univariate/ECDC_COVID/D/short/run_0 launch_id=selena_fine_time_20260929T092621Z_11326 slurm_job_id=3607389 launched_at=2026-09-29T11:21:27.222513+00:00
    Total instances: 45, Series during experiment: 9, Windows: 5
    Collecting ground truth and context...
    Organizing data into arrays...
    Saved predictions (quantiles) to /fslarge/scratch/users/h61084/codes/fine_time/outputs/task_finetuning/tasks/frozen/ts_icl/univariate/ECDC_COVID/D/short/run_0/predictions.npz
    Computing per-window metrics...
    Saved metrics to /fslarge/scratch/users/h61084/codes/fine_time/outputs/task_finetuning/tasks/frozen/ts_icl/univariate/ECDC_COVID/D/short/run_0/metrics.npz
    Saved aggregate metrics to /fslarge/scratch/users/h61084/codes/fine_time/outputs/task_finetuning/tasks/frozen/ts_icl/univariate/ECDC_COVID/D/short/run_0/metrics_summary.json
    Metrics summary (averaged over all series/windows/variates):
      MSE: 54432.1388
      MAE: 128.8028
      RMSE: 150.4587
      MAPE: 0.5665
      sMAPE: 0.3210
      MASE: 3.2760
      ND: 0.4230
      CRPS: 0.3235
  Completed: 9 series × 5 windows
  Output: /fslarge/scratch/users/h61084/codes/fine_time/outputs/task_finetuning/tasks/frozen/ts_icl/univariate/ECDC_COVID/D/short/run_0
  Inference time: 0.630s

============================================================
All experiments completed!
Results saved to: /scratch/users/h61084/codes/fine_time/outputs/task_finetuning/tasks/frozen
============================================================
[26/90] evaluate ts_icl task_finetuned on ECDC_COVID/D/short
[2026-09-29 11:21:27 UTC] resources selected_device {"device": "cuda", "model": "ts_icl", "stage": "forecast"}
Loading configuration...

============================================================
Dataset: ECDC_COVID/D
Terms: ['short']
Covariate mode: none
Instance normalization: none
============================================================

--- Term: short ---
  Config: prediction_length=30, test_length=150, val_length=30
TIME run allocation action=new run=/fslarge/scratch/users/h61084/codes/fine_time/outputs/task_finetuning/tasks/inference/ts_icl/univariate/ECDC_COVID/D/short/run_1 launch_id=selena_fine_time_20260929T092621Z_11326 slurm_job_id=3607389 launched_at=2026-09-29T11:21:27.271501+00:00
  Initializing model pipeline...
  Dataset info:
    - Frequency: D
    - Num series: 9
    - Target dim: 1
    - Target mode: univariate
    - Covariate channels: 0
    - Series length: min=794,               max=1229, avg=1116.6
    - Test split: 150 steps
    - Prediction length: 30
    - Windows: 5
TIME run allocation action=new run=/fslarge/scratch/users/h61084/codes/fine_time/outputs/task_finetuning/tasks/task_finetuned/ts_icl/univariate/ECDC_COVID/D/short/run_0 launch_id=selena_fine_time_20260929T092621Z_11326 slurm_job_id=3607389 launched_at=2026-09-29T11:21:28.438419+00:00
    Total instances: 45, Series during experiment: 9, Windows: 5
    Collecting ground truth and context...
    Organizing data into arrays...
    Saved predictions (quantiles) to /fslarge/scratch/users/h61084/codes/fine_time/outputs/task_finetuning/tasks/task_finetuned/ts_icl/univariate/ECDC_COVID/D/short/run_0/predictions.npz
    Computing per-window metrics...
    Saved metrics to /fslarge/scratch/users/h61084/codes/fine_time/outputs/task_finetuning/tasks/task_finetuned/ts_icl/univariate/ECDC_COVID/D/short/run_0/metrics.npz
    Saved aggregate metrics to /fslarge/scratch/users/h61084/codes/fine_time/outputs/task_finetuning/tasks/task_finetuned/ts_icl/univariate/ECDC_COVID/D/short/run_0/metrics_summary.json
    Metrics summary (averaged over all series/windows/variates):
      MSE: 54243.1794
      MAE: 129.0181
      RMSE: 150.5851
      MAPE: 0.5914
      sMAPE: 0.3223
      MASE: 3.2709
      ND: 0.4419
      CRPS: 0.3378
  Completed: 9 series × 5 windows
  Output: /fslarge/scratch/users/h61084/codes/fine_time/outputs/task_finetuning/tasks/task_finetuned/ts_icl/univariate/ECDC_COVID/D/short/run_0
  Inference time: 0.612s

============================================================
All experiments completed!
Results saved to: /scratch/users/h61084/codes/fine_time/outputs/task_finetuning/tasks/task_finetuned
============================================================
[27/90] evaluate ts_icl frozen on ECDC_COVID/W/short
[2026-09-29 11:21:28 UTC] resources selected_device {"device": "cuda", "model": "ts_icl", "stage": "forecast"}
Loading configuration...

============================================================
Dataset: ECDC_COVID/W
Terms: ['short']
Covariate mode: none
Instance normalization: none
============================================================

--- Term: short ---
  Config: prediction_length=13, test_length=52, val_length=13
TIME run allocation action=new run=/fslarge/scratch/users/h61084/codes/fine_time/outputs/task_finetuning/tasks/inference/ts_icl/univariate/ECDC_COVID/W/short/run_0 launch_id=selena_fine_time_20260929T092621Z_11326 slurm_job_id=3607389 launched_at=2026-09-29T11:21:28.491875+00:00
  Initializing model pipeline...
  Dataset info:
    - Frequency: W
    - Num series: 16
    - Target dim: 1
    - Target mode: univariate
    - Covariate channels: 0
    - Series length: min=114,               max=196, avg=165.4
    - Test split: 52 steps
    - Prediction length: 13
    - Windows: 4
TIME run allocation action=new run=/fslarge/scratch/users/h61084/codes/fine_time/outputs/task_finetuning/tasks/frozen/ts_icl/univariate/ECDC_COVID/W/short/run_0 launch_id=selena_fine_time_20260929T092621Z_11326 slurm_job_id=3607389 launched_at=2026-09-29T11:21:29.584092+00:00
    Total instances: 64, Series during experiment: 16, Windows: 4
    Collecting ground truth and context...
    Organizing data into arrays...
    Saved predictions (quantiles) to /fslarge/scratch/users/h61084/codes/fine_time/outputs/task_finetuning/tasks/frozen/ts_icl/univariate/ECDC_COVID/W/short/run_0/predictions.npz
    Computing per-window metrics...
    Saved metrics to /fslarge/scratch/users/h61084/codes/fine_time/outputs/task_finetuning/tasks/frozen/ts_icl/univariate/ECDC_COVID/W/short/run_0/metrics.npz
    Saved aggregate metrics to /fslarge/scratch/users/h61084/codes/fine_time/outputs/task_finetuning/tasks/frozen/ts_icl/univariate/ECDC_COVID/W/short/run_0/metrics_summary.json
    Metrics summary (averaged over all series/windows/variates):
      MSE: 2753977.8990
      MAE: 674.2487
      RMSE: 772.7467
      MAPE: 1.6960
      sMAPE: 0.5688
      MASE: 1.8729
      ND: 0.8898
      CRPS: 0.7339
  Completed: 16 series × 4 windows
  Output: /fslarge/scratch/users/h61084/codes/fine_time/outputs/task_finetuning/tasks/frozen/ts_icl/univariate/ECDC_COVID/W/short/run_0
  Inference time: 0.749s

============================================================
All experiments completed!
Results saved to: /scratch/users/h61084/codes/fine_time/outputs/task_finetuning/tasks/frozen
============================================================
[27/90] evaluate ts_icl task_finetuned on ECDC_COVID/W/short
[2026-09-29 11:21:29 UTC] resources selected_device {"device": "cuda", "model": "ts_icl", "stage": "forecast"}
Loading configuration...

============================================================
Dataset: ECDC_COVID/W
Terms: ['short']
Covariate mode: none
Instance normalization: none
============================================================

--- Term: short ---
  Config: prediction_length=13, test_length=52, val_length=13
TIME run allocation action=new run=/fslarge/scratch/users/h61084/codes/fine_time/outputs/task_finetuning/tasks/inference/ts_icl/univariate/ECDC_COVID/W/short/run_1 launch_id=selena_fine_time_20260929T092621Z_11326 slurm_job_id=3607389 launched_at=2026-09-29T11:21:29.633938+00:00
  Initializing model pipeline...
  Dataset info:
    - Frequency: W
    - Num series: 16
    - Target dim: 1
    - Target mode: univariate
    - Covariate channels: 0
    - Series length: min=114,               max=196, avg=165.4
    - Test split: 52 steps
    - Prediction length: 13
    - Windows: 4
TIME run allocation action=new run=/fslarge/scratch/users/h61084/codes/fine_time/outputs/task_finetuning/tasks/task_finetuned/ts_icl/univariate/ECDC_COVID/W/short/run_0 launch_id=selena_fine_time_20260929T092621Z_11326 slurm_job_id=3607389 launched_at=2026-09-29T11:21:30.990104+00:00
    Total instances: 64, Series during experiment: 16, Windows: 4
    Collecting ground truth and context...
    Organizing data into arrays...
    Saved predictions (quantiles) to /fslarge/scratch/users/h61084/codes/fine_time/outputs/task_finetuning/tasks/task_finetuned/ts_icl/univariate/ECDC_COVID/W/short/run_0/predictions.npz
    Computing per-window metrics...
    Saved metrics to /fslarge/scratch/users/h61084/codes/fine_time/outputs/task_finetuning/tasks/task_finetuned/ts_icl/univariate/ECDC_COVID/W/short/run_0/metrics.npz
    Saved aggregate metrics to /fslarge/scratch/users/h61084/codes/fine_time/outputs/task_finetuning/tasks/task_finetuned/ts_icl/univariate/ECDC_COVID/W/short/run_0/metrics_summary.json
    Metrics summary (averaged over all series/windows/variates):
      MSE: 2733418.2410
      MAE: 673.3703
      RMSE: 771.6284
      MAPE: 1.7205
      sMAPE: 0.5695
      MASE: 1.8775
      ND: 0.9003
      CRPS: 0.7461
  Completed: 16 series × 4 windows
  Output: /fslarge/scratch/users/h61084/codes/fine_time/outputs/task_finetuning/tasks/task_finetuned/ts_icl/univariate/ECDC_COVID/W/short/run_0
  Inference time: 0.732s

============================================================
All experiments completed!
Results saved to: /scratch/users/h61084/codes/fine_time/outputs/task_finetuning/tasks/task_finetuned
============================================================
[28/90] evaluate ts_icl frozen on EWELD_Load/15T/long
[2026-09-29 11:21:31 UTC] resources selected_device {"device": "cuda", "model": "ts_icl", "stage": "forecast"}
Loading configuration...

============================================================
Dataset: EWELD_Load/15T
Terms: ['long']
Covariate mode: none
Instance normalization: none
============================================================

--- Term: long ---
  Config: prediction_length=672, test_length=1344, val_length=1344
TIME run allocation action=new run=/fslarge/scratch/users/h61084/codes/fine_time/outputs/task_finetuning/tasks/inference/ts_icl/univariate/EWELD_Load/15T/long/run_0 launch_id=selena_fine_time_20260929T092621Z_11326 slurm_job_id=3607389 launched_at=2026-09-29T11:21:31.131355+00:00
  Initializing model pipeline...
  Dataset info:
    - Frequency: 15T
    - Num series: 1
    - Target dim: 10
    - Target mode: univariate
    - Covariate channels: 0
    - Series length: min=20544,               max=20544, avg=20544.0
    - Test split: 1344 steps
    - Prediction length: 672
    - Windows: 2
TIME run allocation action=new run=/fslarge/scratch/users/h61084/codes/fine_time/outputs/task_finetuning/tasks/frozen/ts_icl/univariate/EWELD_Load/15T/long/run_0 launch_id=selena_fine_time_20260929T092621Z_11326 slurm_job_id=3607389 launched_at=2026-09-29T11:21:32.128776+00:00
    Total instances: 20, Series during experiment: 10, Windows: 2
    Collecting ground truth and context...
    Detected to_univariate case: 10 flat series -> 1 series x 10 variates
    Organizing data into arrays...
    Saved predictions (quantiles) to /fslarge/scratch/users/h61084/codes/fine_time/outputs/task_finetuning/tasks/frozen/ts_icl/univariate/EWELD_Load/15T/long/run_0/predictions.npz
    Computing per-window metrics...
    Saved metrics to /fslarge/scratch/users/h61084/codes/fine_time/outputs/task_finetuning/tasks/frozen/ts_icl/univariate/EWELD_Load/15T/long/run_0/metrics.npz
    Saved aggregate metrics to /fslarge/scratch/users/h61084/codes/fine_time/outputs/task_finetuning/tasks/frozen/ts_icl/univariate/EWELD_Load/15T/long/run_0/metrics_summary.json
    Metrics summary (averaged over all series/windows/variates):
      MSE: 1392.1342
      MAE: 15.8035
      RMSE: 21.4135
      MAPE: 0.4381
      sMAPE: 0.3346
      MASE: 0.7579
      ND: 0.2365
      CRPS: 0.1876
  Completed: 1 series × 2 windows
  Output: /fslarge/scratch/users/h61084/codes/fine_time/outputs/task_finetuning/tasks/frozen/ts_icl/univariate/EWELD_Load/15T/long/run_0
  Inference time: 0.583s

============================================================
All experiments completed!
Results saved to: /scratch/users/h61084/codes/fine_time/outputs/task_finetuning/tasks/frozen
============================================================
[28/90] evaluate ts_icl task_finetuned on EWELD_Load/15T/long
[2026-09-29 11:21:32 UTC] resources selected_device {"device": "cuda", "model": "ts_icl", "stage": "forecast"}
Loading configuration...

============================================================
Dataset: EWELD_Load/15T
Terms: ['long']
Covariate mode: none
Instance normalization: none
============================================================

--- Term: long ---
  Config: prediction_length=672, test_length=1344, val_length=1344
TIME run allocation action=new run=/fslarge/scratch/users/h61084/codes/fine_time/outputs/task_finetuning/tasks/inference/ts_icl/univariate/EWELD_Load/15T/long/run_1 launch_id=selena_fine_time_20260929T092621Z_11326 slurm_job_id=3607389 launched_at=2026-09-29T11:21:32.238206+00:00
  Initializing model pipeline...
  Dataset info:
    - Frequency: 15T
    - Num series: 1
    - Target dim: 10
    - Target mode: univariate
    - Covariate channels: 0
    - Series length: min=20544,               max=20544, avg=20544.0
    - Test split: 1344 steps
    - Prediction length: 672
    - Windows: 2
TIME run allocation action=new run=/fslarge/scratch/users/h61084/codes/fine_time/outputs/task_finetuning/tasks/task_finetuned/ts_icl/univariate/EWELD_Load/15T/long/run_0 launch_id=selena_fine_time_20260929T092621Z_11326 slurm_job_id=3607389 launched_at=2026-09-29T11:21:33.386304+00:00
    Total instances: 20, Series during experiment: 10, Windows: 2
    Collecting ground truth and context...
    Detected to_univariate case: 10 flat series -> 1 series x 10 variates
    Organizing data into arrays...
    Saved predictions (quantiles) to /fslarge/scratch/users/h61084/codes/fine_time/outputs/task_finetuning/tasks/task_finetuned/ts_icl/univariate/EWELD_Load/15T/long/run_0/predictions.npz
    Computing per-window metrics...
    Saved metrics to /fslarge/scratch/users/h61084/codes/fine_time/outputs/task_finetuning/tasks/task_finetuned/ts_icl/univariate/EWELD_Load/15T/long/run_0/metrics.npz
    Saved aggregate metrics to /fslarge/scratch/users/h61084/codes/fine_time/outputs/task_finetuning/tasks/task_finetuned/ts_icl/univariate/EWELD_Load/15T/long/run_0/metrics_summary.json
    Metrics summary (averaged over all series/windows/variates):
      MSE: 1387.8387
      MAE: 15.7895
      RMSE: 21.3845
      MAPE: 0.4342
      sMAPE: 0.3390
      MASE: 0.7557
      ND: 0.2353
      CRPS: 0.1867
  Completed: 1 series × 2 windows
  Output: /fslarge/scratch/users/h61084/codes/fine_time/outputs/task_finetuning/tasks/task_finetuned/ts_icl/univariate/EWELD_Load/15T/long/run_0
  Inference time: 0.562s

============================================================
All experiments completed!
Results saved to: /scratch/users/h61084/codes/fine_time/outputs/task_finetuning/tasks/task_finetuned
============================================================
[29/90] evaluate ts_icl frozen on EWELD_Load/15T/medium
[2026-09-29 11:21:33 UTC] resources selected_device {"device": "cuda", "model": "ts_icl", "stage": "forecast"}
Loading configuration...

============================================================
Dataset: EWELD_Load/15T
Terms: ['medium']
Covariate mode: none
Instance normalization: none
============================================================

--- Term: medium ---
  Config: prediction_length=96, test_length=1344, val_length=1344
TIME run allocation action=new run=/fslarge/scratch/users/h61084/codes/fine_time/outputs/task_finetuning/tasks/inference/ts_icl/univariate/EWELD_Load/15T/medium/run_0 launch_id=selena_fine_time_20260929T092621Z_11326 slurm_job_id=3607389 launched_at=2026-09-29T11:21:33.500030+00:00
  Initializing model pipeline...
  Dataset info:
    - Frequency: 15T
    - Num series: 1
    - Target dim: 10
    - Target mode: univariate
    - Covariate channels: 0
    - Series length: min=20544,               max=20544, avg=20544.0
    - Test split: 1344 steps
    - Prediction length: 96
    - Windows: 14
TIME run allocation action=new run=/fslarge/scratch/users/h61084/codes/fine_time/outputs/task_finetuning/tasks/frozen/ts_icl/univariate/EWELD_Load/15T/medium/run_0 launch_id=selena_fine_time_20260929T092621Z_11326 slurm_job_id=3607389 launched_at=2026-09-29T11:21:37.275056+00:00
    Total instances: 140, Series during experiment: 10, Windows: 14
    Collecting ground truth and context...
    Detected to_univariate case: 10 flat series -> 1 series x 10 variates
    Organizing data into arrays...
    Saved predictions (quantiles) to /fslarge/scratch/users/h61084/codes/fine_time/outputs/task_finetuning/tasks/frozen/ts_icl/univariate/EWELD_Load/15T/medium/run_0/predictions.npz
    Computing per-window metrics...
    Saved metrics to /fslarge/scratch/users/h61084/codes/fine_time/outputs/task_finetuning/tasks/frozen/ts_icl/univariate/EWELD_Load/15T/medium/run_0/metrics.npz
    Saved aggregate metrics to /fslarge/scratch/users/h61084/codes/fine_time/outputs/task_finetuning/tasks/frozen/ts_icl/univariate/EWELD_Load/15T/medium/run_0/metrics_summary.json
    Metrics summary (averaged over all series/windows/variates):
      MSE: 1263.0092
      MAE: 14.4729
      RMSE: 19.3504
      MAPE: 0.3673
      sMAPE: 0.2981
      MASE: 0.6500
      ND: 0.2189
      CRPS: 0.1731
  Completed: 1 series × 14 windows
  Output: /fslarge/scratch/users/h61084/codes/fine_time/outputs/task_finetuning/tasks/frozen/ts_icl/univariate/EWELD_Load/15T/medium/run_0
  Inference time: 3.414s

============================================================
All experiments completed!
Results saved to: /scratch/users/h61084/codes/fine_time/outputs/task_finetuning/tasks/frozen
============================================================
[29/90] evaluate ts_icl task_finetuned on EWELD_Load/15T/medium
[2026-09-29 11:21:37 UTC] resources selected_device {"device": "cuda", "model": "ts_icl", "stage": "forecast"}
Loading configuration...

============================================================
Dataset: EWELD_Load/15T
Terms: ['medium']
Covariate mode: none
Instance normalization: none
============================================================

--- Term: medium ---
  Config: prediction_length=96, test_length=1344, val_length=1344
TIME run allocation action=new run=/fslarge/scratch/users/h61084/codes/fine_time/outputs/task_finetuning/tasks/inference/ts_icl/univariate/EWELD_Load/15T/medium/run_1 launch_id=selena_fine_time_20260929T092621Z_11326 slurm_job_id=3607389 launched_at=2026-09-29T11:21:37.409088+00:00
  Initializing model pipeline...
  Dataset info:
    - Frequency: 15T
    - Num series: 1
    - Target dim: 10
    - Target mode: univariate
    - Covariate channels: 0
    - Series length: min=20544,               max=20544, avg=20544.0
    - Test split: 1344 steps
    - Prediction length: 96
    - Windows: 14
TIME run allocation action=new run=/fslarge/scratch/users/h61084/codes/fine_time/outputs/task_finetuning/tasks/task_finetuned/ts_icl/univariate/EWELD_Load/15T/medium/run_0 launch_id=selena_fine_time_20260929T092621Z_11326 slurm_job_id=3607389 launched_at=2026-09-29T11:21:41.409182+00:00
    Total instances: 140, Series during experiment: 10, Windows: 14
    Collecting ground truth and context...
    Detected to_univariate case: 10 flat series -> 1 series x 10 variates
    Organizing data into arrays...
    Saved predictions (quantiles) to /fslarge/scratch/users/h61084/codes/fine_time/outputs/task_finetuning/tasks/task_finetuned/ts_icl/univariate/EWELD_Load/15T/medium/run_0/predictions.npz
    Computing per-window metrics...
    Saved metrics to /fslarge/scratch/users/h61084/codes/fine_time/outputs/task_finetuning/tasks/task_finetuned/ts_icl/univariate/EWELD_Load/15T/medium/run_0/metrics.npz
    Saved aggregate metrics to /fslarge/scratch/users/h61084/codes/fine_time/outputs/task_finetuning/tasks/task_finetuned/ts_icl/univariate/EWELD_Load/15T/medium/run_0/metrics_summary.json
    Metrics summary (averaged over all series/windows/variates):
      MSE: 1263.3039
      MAE: 14.4623
      RMSE: 19.3452
      MAPE: 0.3656
      sMAPE: 0.3051
      MASE: 0.6489
      ND: 0.2185
      CRPS: 0.1732
  Completed: 1 series × 14 windows
  Output: /fslarge/scratch/users/h61084/codes/fine_time/outputs/task_finetuning/tasks/task_finetuned/ts_icl/univariate/EWELD_Load/15T/medium/run_0
  Inference time: 3.413s

============================================================
All experiments completed!
Results saved to: /scratch/users/h61084/codes/fine_time/outputs/task_finetuning/tasks/task_finetuned
============================================================
[30/90] evaluate ts_icl frozen on EWELD_Load/15T/short
[2026-09-29 11:21:41 UTC] resources selected_device {"device": "cuda", "model": "ts_icl", "stage": "forecast"}
Loading configuration...

============================================================
Dataset: EWELD_Load/15T
Terms: ['short']
Covariate mode: none
Instance normalization: none
============================================================

--- Term: short ---
  Config: prediction_length=24, test_length=1344, val_length=1344
TIME run allocation action=new run=/fslarge/scratch/users/h61084/codes/fine_time/outputs/task_finetuning/tasks/inference/ts_icl/univariate/EWELD_Load/15T/short/run_0 launch_id=selena_fine_time_20260929T092621Z_11326 slurm_job_id=3607389 launched_at=2026-09-29T11:21:41.668578+00:00
  Initializing model pipeline...
  Dataset info:
    - Frequency: 15T
    - Num series: 1
    - Target dim: 10
    - Target mode: univariate
    - Covariate channels: 0
    - Series length: min=20544,               max=20544, avg=20544.0
    - Test split: 1344 steps
    - Prediction length: 24
    - Windows: 56
    Processed 320/560...
TIME run allocation action=new run=/fslarge/scratch/users/h61084/codes/fine_time/outputs/task_finetuning/tasks/frozen/ts_icl/univariate/EWELD_Load/15T/short/run_0 launch_id=selena_fine_time_20260929T092621Z_11326 slurm_job_id=3607389 launched_at=2026-09-29T11:21:56.020088+00:00
    Total instances: 560, Series during experiment: 10, Windows: 56
    Collecting ground truth and context...
    Detected to_univariate case: 10 flat series -> 1 series x 10 variates
    Organizing data into arrays...
    Saved predictions (quantiles) to /fslarge/scratch/users/h61084/codes/fine_time/outputs/task_finetuning/tasks/frozen/ts_icl/univariate/EWELD_Load/15T/short/run_0/predictions.npz
    Computing per-window metrics...
    Saved metrics to /fslarge/scratch/users/h61084/codes/fine_time/outputs/task_finetuning/tasks/frozen/ts_icl/univariate/EWELD_Load/15T/short/run_0/metrics.npz
    Saved aggregate metrics to /fslarge/scratch/users/h61084/codes/fine_time/outputs/task_finetuning/tasks/frozen/ts_icl/univariate/EWELD_Load/15T/short/run_0/metrics_summary.json
    Metrics summary (averaged over all series/windows/variates):
      MSE: 1182.3066
      MAE: 13.2897
      RMSE: 16.7327
      MAPE: 0.3259
      sMAPE: 0.2715
      MASE: 0.5592
      ND: 0.2998
      CRPS: 0.2572
  Completed: 1 series × 56 windows
  Output: /fslarge/scratch/users/h61084/codes/fine_time/outputs/task_finetuning/tasks/frozen/ts_icl/univariate/EWELD_Load/15T/short/run_0
  Inference time: 13.620s

============================================================
All experiments completed!
Results saved to: /scratch/users/h61084/codes/fine_time/outputs/task_finetuning/tasks/frozen
============================================================
[30/90] evaluate ts_icl task_finetuned on EWELD_Load/15T/short
[2026-09-29 11:21:56 UTC] resources selected_device {"device": "cuda", "model": "ts_icl", "stage": "forecast"}
Loading configuration...

============================================================
Dataset: EWELD_Load/15T
Terms: ['short']
Covariate mode: none
Instance normalization: none
============================================================

--- Term: short ---
  Config: prediction_length=24, test_length=1344, val_length=1344
TIME run allocation action=new run=/fslarge/scratch/users/h61084/codes/fine_time/outputs/task_finetuning/tasks/inference/ts_icl/univariate/EWELD_Load/15T/short/run_1 launch_id=selena_fine_time_20260929T092621Z_11326 slurm_job_id=3607389 launched_at=2026-09-29T11:21:56.277389+00:00
  Initializing model pipeline...
  Dataset info:
    - Frequency: 15T
    - Num series: 1
    - Target dim: 10
    - Target mode: univariate
    - Covariate channels: 0
    - Series length: min=20544,               max=20544, avg=20544.0
    - Test split: 1344 steps
    - Prediction length: 24
    - Windows: 56
    Processed 320/560...
TIME run allocation action=new run=/fslarge/scratch/users/h61084/codes/fine_time/outputs/task_finetuning/tasks/task_finetuned/ts_icl/univariate/EWELD_Load/15T/short/run_0 launch_id=selena_fine_time_20260929T092621Z_11326 slurm_job_id=3607389 launched_at=2026-09-29T11:22:10.285639+00:00
    Total instances: 560, Series during experiment: 10, Windows: 56
    Collecting ground truth and context...
    Detected to_univariate case: 10 flat series -> 1 series x 10 variates
    Organizing data into arrays...
    Saved predictions (quantiles) to /fslarge/scratch/users/h61084/codes/fine_time/outputs/task_finetuning/tasks/task_finetuned/ts_icl/univariate/EWELD_Load/15T/short/run_0/predictions.npz
    Computing per-window metrics...
    Saved metrics to /fslarge/scratch/users/h61084/codes/fine_time/outputs/task_finetuning/tasks/task_finetuned/ts_icl/univariate/EWELD_Load/15T/short/run_0/metrics.npz
    Saved aggregate metrics to /fslarge/scratch/users/h61084/codes/fine_time/outputs/task_finetuning/tasks/task_finetuned/ts_icl/univariate/EWELD_Load/15T/short/run_0/metrics_summary.json
    Metrics summary (averaged over all series/windows/variates):
      MSE: 1180.8118
      MAE: 13.2797
      RMSE: 16.7221
      MAPE: 0.3267
      sMAPE: 0.2784
      MASE: 0.5584
      ND: 0.2721
      CRPS: 0.2556
  Completed: 1 series × 56 windows
  Output: /fslarge/scratch/users/h61084/codes/fine_time/outputs/task_finetuning/tasks/task_finetuned/ts_icl/univariate/EWELD_Load/15T/short/run_0
  Inference time: 13.372s

============================================================
All experiments completed!
Results saved to: /scratch/users/h61084/codes/fine_time/outputs/task_finetuning/tasks/task_finetuned
============================================================
[31/90] evaluate ts_icl frozen on Finland_Traffic/15T/long
[2026-09-29 11:22:10 UTC] resources selected_device {"device": "cuda", "model": "ts_icl", "stage": "forecast"}
Loading configuration...

============================================================
Dataset: Finland_Traffic/15T
Terms: ['long']
Covariate mode: none
Instance normalization: none
============================================================

--- Term: long ---
  Config: prediction_length=672, test_length=2976, val_length=2880
TIME run allocation action=new run=/fslarge/scratch/users/h61084/codes/fine_time/outputs/task_finetuning/tasks/inference/ts_icl/univariate/Finland_Traffic/15T/long/run_0 launch_id=selena_fine_time_20260929T092621Z_11326 slurm_job_id=3607389 launched_at=2026-09-29T11:22:10.593155+00:00
  Initializing model pipeline...
  Dataset info:
    - Frequency: 15T
    - Num series: 1
    - Target dim: 1
    - Target mode: univariate
    - Covariate channels: 0
    - Series length: min=35136,               max=35136, avg=35136.0
    - Test split: 2976 steps
    - Prediction length: 672
    - Windows: 4
TIME run allocation action=new run=/fslarge/scratch/users/h61084/codes/fine_time/outputs/task_finetuning/tasks/frozen/ts_icl/univariate/Finland_Traffic/15T/long/run_0 launch_id=selena_fine_time_20260929T092621Z_11326 slurm_job_id=3607389 launched_at=2026-09-29T11:22:11.133088+00:00
    Total instances: 4, Series during experiment: 1, Windows: 4
    Collecting ground truth and context...
    Organizing data into arrays...
    Saved predictions (quantiles) to /fslarge/scratch/users/h61084/codes/fine_time/outputs/task_finetuning/tasks/frozen/ts_icl/univariate/Finland_Traffic/15T/long/run_0/predictions.npz
    Computing per-window metrics...
    Saved metrics to /fslarge/scratch/users/h61084/codes/fine_time/outputs/task_finetuning/tasks/frozen/ts_icl/univariate/Finland_Traffic/15T/long/run_0/metrics.npz
    Saved aggregate metrics to /fslarge/scratch/users/h61084/codes/fine_time/outputs/task_finetuning/tasks/frozen/ts_icl/univariate/Finland_Traffic/15T/long/run_0/metrics_summary.json
    Metrics summary (averaged over all series/windows/variates):
      MSE: 1803.7999
      MAE: 24.9325
      RMSE: 39.6595
      MAPE: 0.3711
      sMAPE: 0.2374
      MASE: 0.6049
      ND: 0.1928
      CRPS: 0.1582
  Completed: 1 series × 4 windows
  Output: /fslarge/scratch/users/h61084/codes/fine_time/outputs/task_finetuning/tasks/frozen/ts_icl/univariate/Finland_Traffic/15T/long/run_0
  Inference time: 0.150s

============================================================
All experiments completed!
Results saved to: /scratch/users/h61084/codes/fine_time/outputs/task_finetuning/tasks/frozen
============================================================
[31/90] evaluate ts_icl task_finetuned on Finland_Traffic/15T/long
[2026-09-29 11:22:11 UTC] resources selected_device {"device": "cuda", "model": "ts_icl", "stage": "forecast"}
Loading configuration...

============================================================
Dataset: Finland_Traffic/15T
Terms: ['long']
Covariate mode: none
Instance normalization: none
============================================================

--- Term: long ---
  Config: prediction_length=672, test_length=2976, val_length=2880
TIME run allocation action=new run=/fslarge/scratch/users/h61084/codes/fine_time/outputs/task_finetuning/tasks/inference/ts_icl/univariate/Finland_Traffic/15T/long/run_1 launch_id=selena_fine_time_20260929T092621Z_11326 slurm_job_id=3607389 launched_at=2026-09-29T11:22:11.173746+00:00
  Initializing model pipeline...
  Dataset info:
    - Frequency: 15T
    - Num series: 1
    - Target dim: 1
    - Target mode: univariate
    - Covariate channels: 0
    - Series length: min=35136,               max=35136, avg=35136.0
    - Test split: 2976 steps
    - Prediction length: 672
    - Windows: 4
TIME run allocation action=new run=/fslarge/scratch/users/h61084/codes/fine_time/outputs/task_finetuning/tasks/task_finetuned/ts_icl/univariate/Finland_Traffic/15T/long/run_0 launch_id=selena_fine_time_20260929T092621Z_11326 slurm_job_id=3607389 launched_at=2026-09-29T11:22:11.885069+00:00
    Total instances: 4, Series during experiment: 1, Windows: 4
    Collecting ground truth and context...
    Organizing data into arrays...
    Saved predictions (quantiles) to /fslarge/scratch/users/h61084/codes/fine_time/outputs/task_finetuning/tasks/task_finetuned/ts_icl/univariate/Finland_Traffic/15T/long/run_0/predictions.npz
    Computing per-window metrics...
    Saved metrics to /fslarge/scratch/users/h61084/codes/fine_time/outputs/task_finetuning/tasks/task_finetuned/ts_icl/univariate/Finland_Traffic/15T/long/run_0/metrics.npz
    Saved aggregate metrics to /fslarge/scratch/users/h61084/codes/fine_time/outputs/task_finetuning/tasks/task_finetuned/ts_icl/univariate/Finland_Traffic/15T/long/run_0/metrics_summary.json
    Metrics summary (averaged over all series/windows/variates):
      MSE: 1857.5729
      MAE: 25.2085
      RMSE: 40.0431
      MAPE: 0.3808
      sMAPE: 0.2382
      MASE: 0.6116
      ND: 0.1950
      CRPS: 0.1590
  Completed: 1 series × 4 windows
  Output: /fslarge/scratch/users/h61084/codes/fine_time/outputs/task_finetuning/tasks/task_finetuned/ts_icl/univariate/Finland_Traffic/15T/long/run_0
  Inference time: 0.133s

============================================================
All experiments completed!
Results saved to: /scratch/users/h61084/codes/fine_time/outputs/task_finetuning/tasks/task_finetuned
============================================================
[32/90] evaluate ts_icl frozen on Finland_Traffic/15T/medium
[2026-09-29 11:22:11 UTC] resources selected_device {"device": "cuda", "model": "ts_icl", "stage": "forecast"}
Loading configuration...

============================================================
Dataset: Finland_Traffic/15T
Terms: ['medium']
Covariate mode: none
Instance normalization: none
============================================================

--- Term: medium ---
  Config: prediction_length=96, test_length=2976, val_length=2880
TIME run allocation action=new run=/fslarge/scratch/users/h61084/codes/fine_time/outputs/task_finetuning/tasks/inference/ts_icl/univariate/Finland_Traffic/15T/medium/run_0 launch_id=selena_fine_time_20260929T092621Z_11326 slurm_job_id=3607389 launched_at=2026-09-29T11:22:11.931299+00:00
  Initializing model pipeline...
  Dataset info:
    - Frequency: 15T
    - Num series: 1
    - Target dim: 1
    - Target mode: univariate
    - Covariate channels: 0
    - Series length: min=35136,               max=35136, avg=35136.0
    - Test split: 2976 steps
    - Prediction length: 96
    - Windows: 31
TIME run allocation action=new run=/fslarge/scratch/users/h61084/codes/fine_time/outputs/task_finetuning/tasks/frozen/ts_icl/univariate/Finland_Traffic/15T/medium/run_0 launch_id=selena_fine_time_20260929T092621Z_11326 slurm_job_id=3607389 launched_at=2026-09-29T11:22:13.025955+00:00
    Total instances: 31, Series during experiment: 1, Windows: 31
    Collecting ground truth and context...
    Organizing data into arrays...
    Saved predictions (quantiles) to /fslarge/scratch/users/h61084/codes/fine_time/outputs/task_finetuning/tasks/frozen/ts_icl/univariate/Finland_Traffic/15T/medium/run_0/predictions.npz
    Computing per-window metrics...
    Saved metrics to /fslarge/scratch/users/h61084/codes/fine_time/outputs/task_finetuning/tasks/frozen/ts_icl/univariate/Finland_Traffic/15T/medium/run_0/metrics.npz
    Saved aggregate metrics to /fslarge/scratch/users/h61084/codes/fine_time/outputs/task_finetuning/tasks/frozen/ts_icl/univariate/Finland_Traffic/15T/medium/run_0/metrics_summary.json
    Metrics summary (averaged over all series/windows/variates):
      MSE: 1261.8301
      MAE: 21.3380
      RMSE: 30.3176
      MAPE: 0.2862
      sMAPE: 0.2135
      MASE: 0.5188
      ND: 0.1711
      CRPS: 0.1359
  Completed: 1 series × 31 windows
  Output: /fslarge/scratch/users/h61084/codes/fine_time/outputs/task_finetuning/tasks/frozen/ts_icl/univariate/Finland_Traffic/15T/medium/run_0
  Inference time: 0.746s

============================================================
All experiments completed!
Results saved to: /scratch/users/h61084/codes/fine_time/outputs/task_finetuning/tasks/frozen
============================================================
[32/90] evaluate ts_icl task_finetuned on Finland_Traffic/15T/medium
[2026-09-29 11:22:13 UTC] resources selected_device {"device": "cuda", "model": "ts_icl", "stage": "forecast"}
Loading configuration...

============================================================
Dataset: Finland_Traffic/15T
Terms: ['medium']
Covariate mode: none
Instance normalization: none
============================================================

--- Term: medium ---
  Config: prediction_length=96, test_length=2976, val_length=2880
TIME run allocation action=new run=/fslarge/scratch/users/h61084/codes/fine_time/outputs/task_finetuning/tasks/inference/ts_icl/univariate/Finland_Traffic/15T/medium/run_1 launch_id=selena_fine_time_20260929T092621Z_11326 slurm_job_id=3607389 launched_at=2026-09-29T11:22:13.075489+00:00
  Initializing model pipeline...
  Dataset info:
    - Frequency: 15T
    - Num series: 1
    - Target dim: 1
    - Target mode: univariate
    - Covariate channels: 0
    - Series length: min=35136,               max=35136, avg=35136.0
    - Test split: 2976 steps
    - Prediction length: 96
    - Windows: 31
TIME run allocation action=new run=/fslarge/scratch/users/h61084/codes/fine_time/outputs/task_finetuning/tasks/task_finetuned/ts_icl/univariate/Finland_Traffic/15T/medium/run_0 launch_id=selena_fine_time_20260929T092621Z_11326 slurm_job_id=3607389 launched_at=2026-09-29T11:22:14.395128+00:00
    Total instances: 31, Series during experiment: 1, Windows: 31
    Collecting ground truth and context...
    Organizing data into arrays...
    Saved predictions (quantiles) to /fslarge/scratch/users/h61084/codes/fine_time/outputs/task_finetuning/tasks/task_finetuned/ts_icl/univariate/Finland_Traffic/15T/medium/run_0/predictions.npz
    Computing per-window metrics...
    Saved metrics to /fslarge/scratch/users/h61084/codes/fine_time/outputs/task_finetuning/tasks/task_finetuned/ts_icl/univariate/Finland_Traffic/15T/medium/run_0/metrics.npz
    Saved aggregate metrics to /fslarge/scratch/users/h61084/codes/fine_time/outputs/task_finetuning/tasks/task_finetuned/ts_icl/univariate/Finland_Traffic/15T/medium/run_0/metrics_summary.json
    Metrics summary (averaged over all series/windows/variates):
      MSE: 1291.8964
      MAE: 21.5000
      RMSE: 30.5595
      MAPE: 0.2872
      sMAPE: 0.2128
      MASE: 0.5227
      ND: 0.1729
      CRPS: 0.1362
  Completed: 1 series × 31 windows
  Output: /fslarge/scratch/users/h61084/codes/fine_time/outputs/task_finetuning/tasks/task_finetuned/ts_icl/univariate/Finland_Traffic/15T/medium/run_0
  Inference time: 0.746s

============================================================
All experiments completed!
Results saved to: /scratch/users/h61084/codes/fine_time/outputs/task_finetuning/tasks/task_finetuned
============================================================
[33/90] evaluate ts_icl frozen on Finland_Traffic/15T/short
[2026-09-29 11:22:14 UTC] resources selected_device {"device": "cuda", "model": "ts_icl", "stage": "forecast"}
Loading configuration...

============================================================
Dataset: Finland_Traffic/15T
Terms: ['short']
Covariate mode: none
Instance normalization: none
============================================================

--- Term: short ---
  Config: prediction_length=16, test_length=2976, val_length=2880
TIME run allocation action=new run=/fslarge/scratch/users/h61084/codes/fine_time/outputs/task_finetuning/tasks/inference/ts_icl/univariate/Finland_Traffic/15T/short/run_0 launch_id=selena_fine_time_20260929T092621Z_11326 slurm_job_id=3607389 launched_at=2026-09-29T11:22:14.463449+00:00
  Initializing model pipeline...
  Dataset info:
    - Frequency: 15T
    - Num series: 1
    - Target dim: 1
    - Target mode: univariate
    - Covariate channels: 0
    - Series length: min=35136,               max=35136, avg=35136.0
    - Test split: 2976 steps
    - Prediction length: 16
    - Windows: 186
TIME run allocation action=new run=/fslarge/scratch/users/h61084/codes/fine_time/outputs/task_finetuning/tasks/frozen/ts_icl/univariate/Finland_Traffic/15T/short/run_0 launch_id=selena_fine_time_20260929T092621Z_11326 slurm_job_id=3607389 launched_at=2026-09-29T11:22:19.235828+00:00
    Total instances: 186, Series during experiment: 1, Windows: 186
    Collecting ground truth and context...
    Organizing data into arrays...
    Saved predictions (quantiles) to /fslarge/scratch/users/h61084/codes/fine_time/outputs/task_finetuning/tasks/frozen/ts_icl/univariate/Finland_Traffic/15T/short/run_0/predictions.npz
    Computing per-window metrics...
    Saved metrics to /fslarge/scratch/users/h61084/codes/fine_time/outputs/task_finetuning/tasks/frozen/ts_icl/univariate/Finland_Traffic/15T/short/run_0/metrics.npz
    Saved aggregate metrics to /fslarge/scratch/users/h61084/codes/fine_time/outputs/task_finetuning/tasks/frozen/ts_icl/univariate/Finland_Traffic/15T/short/run_0/metrics_summary.json
    Metrics summary (averaged over all series/windows/variates):
      MSE: 862.8355
      MAE: 17.9488
      RMSE: 21.8407
      MAPE: 0.2560
      sMAPE: 0.1935
      MASE: 0.4364
      ND: 0.2271
      CRPS: 0.1778
  Completed: 1 series × 186 windows
  Output: /fslarge/scratch/users/h61084/codes/fine_time/outputs/task_finetuning/tasks/frozen/ts_icl/univariate/Finland_Traffic/15T/short/run_0
  Inference time: 4.425s

============================================================
All experiments completed!
Results saved to: /scratch/users/h61084/codes/fine_time/outputs/task_finetuning/tasks/frozen
============================================================
[33/90] evaluate ts_icl task_finetuned on Finland_Traffic/15T/short
[2026-09-29 11:22:19 UTC] resources selected_device {"device": "cuda", "model": "ts_icl", "stage": "forecast"}
Loading configuration...

============================================================
Dataset: Finland_Traffic/15T
Terms: ['short']
Covariate mode: none
Instance normalization: none
============================================================

--- Term: short ---
  Config: prediction_length=16, test_length=2976, val_length=2880
TIME run allocation action=new run=/fslarge/scratch/users/h61084/codes/fine_time/outputs/task_finetuning/tasks/inference/ts_icl/univariate/Finland_Traffic/15T/short/run_1 launch_id=selena_fine_time_20260929T092621Z_11326 slurm_job_id=3607389 launched_at=2026-09-29T11:22:19.339229+00:00
  Initializing model pipeline...
  Dataset info:
    - Frequency: 15T
    - Num series: 1
    - Target dim: 1
    - Target mode: univariate
    - Covariate channels: 0
    - Series length: min=35136,               max=35136, avg=35136.0
    - Test split: 2976 steps
    - Prediction length: 16
    - Windows: 186
TIME run allocation action=new run=/fslarge/scratch/users/h61084/codes/fine_time/outputs/task_finetuning/tasks/task_finetuned/ts_icl/univariate/Finland_Traffic/15T/short/run_0 launch_id=selena_fine_time_20260929T092621Z_11326 slurm_job_id=3607389 launched_at=2026-09-29T11:22:24.338888+00:00
    Total instances: 186, Series during experiment: 1, Windows: 186
    Collecting ground truth and context...
    Organizing data into arrays...
    Saved predictions (quantiles) to /fslarge/scratch/users/h61084/codes/fine_time/outputs/task_finetuning/tasks/task_finetuned/ts_icl/univariate/Finland_Traffic/15T/short/run_0/predictions.npz
    Computing per-window metrics...
    Saved metrics to /fslarge/scratch/users/h61084/codes/fine_time/outputs/task_finetuning/tasks/task_finetuned/ts_icl/univariate/Finland_Traffic/15T/short/run_0/metrics.npz
    Saved aggregate metrics to /fslarge/scratch/users/h61084/codes/fine_time/outputs/task_finetuning/tasks/task_finetuned/ts_icl/univariate/Finland_Traffic/15T/short/run_0/metrics_summary.json
    Metrics summary (averaged over all series/windows/variates):
      MSE: 860.3870
      MAE: 17.7411
      RMSE: 21.6868
      MAPE: 0.2380
      sMAPE: 0.1889
      MASE: 0.4313
      ND: 0.2200
      CRPS: 0.1727
  Completed: 1 series × 186 windows
  Output: /fslarge/scratch/users/h61084/codes/fine_time/outputs/task_finetuning/tasks/task_finetuned/ts_icl/univariate/Finland_Traffic/15T/short/run_0
  Inference time: 4.420s

============================================================
All experiments completed!
Results saved to: /scratch/users/h61084/codes/fine_time/outputs/task_finetuning/tasks/task_finetuned
============================================================
[34/90] evaluate ts_icl frozen on Global_Influenza/W/short
[2026-09-29 11:22:24 UTC] resources selected_device {"device": "cuda", "model": "ts_icl", "stage": "forecast"}
Loading configuration...

============================================================
Dataset: Global_Influenza/W
Terms: ['short']
Covariate mode: none
Instance normalization: none
============================================================

--- Term: short ---
  Config: prediction_length=13, test_length=52, val_length=13
TIME run allocation action=new run=/fslarge/scratch/users/h61084/codes/fine_time/outputs/task_finetuning/tasks/inference/ts_icl/univariate/Global_Influenza/W/short/run_0 launch_id=selena_fine_time_20260929T092621Z_11326 slurm_job_id=3607389 launched_at=2026-09-29T11:22:24.467887+00:00
  Initializing model pipeline...
  Dataset info:
    - Frequency: W
    - Num series: 15
    - Target dim: 4
    - Target mode: univariate
    - Covariate channels: 0
    - Series length: min=154,               max=210, avg=205.6
    - Test split: 52 steps
    - Prediction length: 13
    - Windows: 4
TIME run allocation action=new run=/fslarge/scratch/users/h61084/codes/fine_time/outputs/task_finetuning/tasks/frozen/ts_icl/univariate/Global_Influenza/W/short/run_0 launch_id=selena_fine_time_20260929T092621Z_11326 slurm_job_id=3607389 launched_at=2026-09-29T11:22:27.556416+00:00
    Total instances: 240, Series during experiment: 60, Windows: 4
    Collecting ground truth and context...
    Detected to_univariate case: 60 flat series -> 15 series x 4 variates
    Organizing data into arrays...
    ⚠️  Predictions max value (101161.20) exceeds float16 safe range.
    ⚠️  Applying scale factor: 10 (values will be divided)
    Saved predictions (quantiles) to /fslarge/scratch/users/h61084/codes/fine_time/outputs/task_finetuning/tasks/frozen/ts_icl/univariate/Global_Influenza/W/short/run_0/predictions.npz
    Computing per-window metrics...
    Saved metrics to /fslarge/scratch/users/h61084/codes/fine_time/outputs/task_finetuning/tasks/frozen/ts_icl/univariate/Global_Influenza/W/short/run_0/metrics.npz
    Saved aggregate metrics to /fslarge/scratch/users/h61084/codes/fine_time/outputs/task_finetuning/tasks/frozen/ts_icl/univariate/Global_Influenza/W/short/run_0/metrics_summary.json
    Metrics summary (averaged over all series/windows/variates):
      MSE: 3247863.6702
      MAE: 509.4105
      RMSE: 629.7399
      MAPE: 0.6950
      sMAPE: 0.4856
      MASE: 2.9685
      ND: 0.5066
      CRPS: 0.4121
  Completed: 15 series × 4 windows
  Output: /fslarge/scratch/users/h61084/codes/fine_time/outputs/task_finetuning/tasks/frozen/ts_icl/univariate/Global_Influenza/W/short/run_0
  Inference time: 2.740s

============================================================
All experiments completed!
Results saved to: /scratch/users/h61084/codes/fine_time/outputs/task_finetuning/tasks/frozen
============================================================
[34/90] evaluate ts_icl task_finetuned on Global_Influenza/W/short
[2026-09-29 11:22:27 UTC] resources selected_device {"device": "cuda", "model": "ts_icl", "stage": "forecast"}
Loading configuration...

============================================================
Dataset: Global_Influenza/W
Terms: ['short']
Covariate mode: none
Instance normalization: none
============================================================

--- Term: short ---
  Config: prediction_length=13, test_length=52, val_length=13
TIME run allocation action=new run=/fslarge/scratch/users/h61084/codes/fine_time/outputs/task_finetuning/tasks/inference/ts_icl/univariate/Global_Influenza/W/short/run_1 launch_id=selena_fine_time_20260929T092621Z_11326 slurm_job_id=3607389 launched_at=2026-09-29T11:22:27.653574+00:00
  Initializing model pipeline...
  Dataset info:
    - Frequency: W
    - Num series: 15
    - Target dim: 4
    - Target mode: univariate
    - Covariate channels: 0
    - Series length: min=154,               max=210, avg=205.6
    - Test split: 52 steps
    - Prediction length: 13
    - Windows: 4
TIME run allocation action=new run=/fslarge/scratch/users/h61084/codes/fine_time/outputs/task_finetuning/tasks/task_finetuned/ts_icl/univariate/Global_Influenza/W/short/run_0 launch_id=selena_fine_time_20260929T092621Z_11326 slurm_job_id=3607389 launched_at=2026-09-29T11:22:30.947542+00:00
    Total instances: 240, Series during experiment: 60, Windows: 4
    Collecting ground truth and context...
    Detected to_univariate case: 60 flat series -> 15 series x 4 variates
    Organizing data into arrays...
    ⚠️  Predictions max value (101099.94) exceeds float16 safe range.
    ⚠️  Applying scale factor: 10 (values will be divided)
    Saved predictions (quantiles) to /fslarge/scratch/users/h61084/codes/fine_time/outputs/task_finetuning/tasks/task_finetuned/ts_icl/univariate/Global_Influenza/W/short/run_0/predictions.npz
    Computing per-window metrics...
    Saved metrics to /fslarge/scratch/users/h61084/codes/fine_time/outputs/task_finetuning/tasks/task_finetuned/ts_icl/univariate/Global_Influenza/W/short/run_0/metrics.npz
    Saved aggregate metrics to /fslarge/scratch/users/h61084/codes/fine_time/outputs/task_finetuning/tasks/task_finetuned/ts_icl/univariate/Global_Influenza/W/short/run_0/metrics_summary.json
    Metrics summary (averaged over all series/windows/variates):
      MSE: 3204578.7397
      MAE: 506.3532
      RMSE: 626.1094
      MAPE: 0.7174
      sMAPE: 0.4862
      MASE: 2.9610
      ND: 0.5180
      CRPS: 0.4219
  Completed: 15 series × 4 windows
  Output: /fslarge/scratch/users/h61084/codes/fine_time/outputs/task_finetuning/tasks/task_finetuned/ts_icl/univariate/Global_Influenza/W/short/run_0
  Inference time: 2.725s

============================================================
All experiments completed!
Results saved to: /scratch/users/h61084/codes/fine_time/outputs/task_finetuning/tasks/task_finetuned
============================================================
[35/90] evaluate ts_icl frozen on Global_Price/Q/short
[2026-09-29 11:22:31 UTC] resources selected_device {"device": "cuda", "model": "ts_icl", "stage": "forecast"}
Loading configuration...

============================================================
Dataset: Global_Price/Q
Terms: ['short']
Covariate mode: none
Instance normalization: none
============================================================

--- Term: short ---
  Config: prediction_length=4, test_length=20, val_length=8
TIME run allocation action=new run=/fslarge/scratch/users/h61084/codes/fine_time/outputs/task_finetuning/tasks/inference/ts_icl/univariate/Global_Price/Q/short/run_0 launch_id=selena_fine_time_20260929T092621Z_11326 slurm_job_id=3607389 launched_at=2026-09-29T11:22:31.051088+00:00
  Initializing model pipeline...
  Dataset info:
    - Frequency: Q
    - Num series: 1
    - Target dim: 60
    - Target mode: univariate
    - Covariate channels: 0
    - Series length: min=142,               max=142, avg=142.0
    - Test split: 20 steps
    - Prediction length: 4
    - Windows: 5
    Processed 300/300...
TIME run allocation action=new run=/fslarge/scratch/users/h61084/codes/fine_time/outputs/task_finetuning/tasks/frozen/ts_icl/univariate/Global_Price/Q/short/run_0 launch_id=selena_fine_time_20260929T092621Z_11326 slurm_job_id=3607389 launched_at=2026-09-29T11:22:34.767671+00:00
    Total instances: 300, Series during experiment: 60, Windows: 5
    Collecting ground truth and context...
    Detected to_univariate case: 60 flat series -> 1 series x 60 variates
    Organizing data into arrays...
    Saved predictions (quantiles) to /fslarge/scratch/users/h61084/codes/fine_time/outputs/task_finetuning/tasks/frozen/ts_icl/univariate/Global_Price/Q/short/run_0/predictions.npz
    Computing per-window metrics...
    Saved metrics to /fslarge/scratch/users/h61084/codes/fine_time/outputs/task_finetuning/tasks/frozen/ts_icl/univariate/Global_Price/Q/short/run_0/metrics.npz
    Saved aggregate metrics to /fslarge/scratch/users/h61084/codes/fine_time/outputs/task_finetuning/tasks/frozen/ts_icl/univariate/Global_Price/Q/short/run_0/metrics_summary.json
    Metrics summary (averaged over all series/windows/variates):
      MSE: 1409198.0047
      MAE: 275.8798
      RMSE: 320.1379
      MAPE: 0.1790
      sMAPE: 0.1899
      MASE: 1.5345
      ND: 0.1801
      CRPS: 0.1458
  Completed: 1 series × 5 windows
  Output: /fslarge/scratch/users/h61084/codes/fine_time/outputs/task_finetuning/tasks/frozen/ts_icl/univariate/Global_Price/Q/short/run_0
  Inference time: 3.370s

============================================================
All experiments completed!
Results saved to: /scratch/users/h61084/codes/fine_time/outputs/task_finetuning/tasks/frozen
============================================================
[35/90] evaluate ts_icl task_finetuned on Global_Price/Q/short
[2026-09-29 11:22:34 UTC] resources selected_device {"device": "cuda", "model": "ts_icl", "stage": "forecast"}
Loading configuration...

============================================================
Dataset: Global_Price/Q
Terms: ['short']
Covariate mode: none
Instance normalization: none
============================================================

--- Term: short ---
  Config: prediction_length=4, test_length=20, val_length=8
TIME run allocation action=new run=/fslarge/scratch/users/h61084/codes/fine_time/outputs/task_finetuning/tasks/inference/ts_icl/univariate/Global_Price/Q/short/run_1 launch_id=selena_fine_time_20260929T092621Z_11326 slurm_job_id=3607389 launched_at=2026-09-29T11:22:34.874152+00:00
  Initializing model pipeline...
  Dataset info:
    - Frequency: Q
    - Num series: 1
    - Target dim: 60
    - Target mode: univariate
    - Covariate channels: 0
    - Series length: min=142,               max=142, avg=142.0
    - Test split: 20 steps
    - Prediction length: 4
    - Windows: 5
    Processed 300/300...
TIME run allocation action=new run=/fslarge/scratch/users/h61084/codes/fine_time/outputs/task_finetuning/tasks/task_finetuned/ts_icl/univariate/Global_Price/Q/short/run_0 launch_id=selena_fine_time_20260929T092621Z_11326 slurm_job_id=3607389 launched_at=2026-09-29T11:22:39.094797+00:00
    Total instances: 300, Series during experiment: 60, Windows: 5
    Collecting ground truth and context...
    Detected to_univariate case: 60 flat series -> 1 series x 60 variates
    Organizing data into arrays...
    Saved predictions (quantiles) to /fslarge/scratch/users/h61084/codes/fine_time/outputs/task_finetuning/tasks/task_finetuned/ts_icl/univariate/Global_Price/Q/short/run_0/predictions.npz
    Computing per-window metrics...
    Saved metrics to /fslarge/scratch/users/h61084/codes/fine_time/outputs/task_finetuning/tasks/task_finetuned/ts_icl/univariate/Global_Price/Q/short/run_0/metrics.npz
    Saved aggregate metrics to /fslarge/scratch/users/h61084/codes/fine_time/outputs/task_finetuning/tasks/task_finetuned/ts_icl/univariate/Global_Price/Q/short/run_0/metrics_summary.json
    Metrics summary (averaged over all series/windows/variates):
      MSE: 1402466.3360
      MAE: 278.6025
      RMSE: 322.8185
      MAPE: 0.1806
      sMAPE: 0.1898
      MASE: 1.5470
      ND: 0.1813
      CRPS: 0.1467
  Completed: 1 series × 5 windows
  Output: /fslarge/scratch/users/h61084/codes/fine_time/outputs/task_finetuning/tasks/task_finetuned/ts_icl/univariate/Global_Price/Q/short/run_0
  Inference time: 3.358s

============================================================
All experiments completed!
Results saved to: /scratch/users/h61084/codes/fine_time/outputs/task_finetuning/tasks/task_finetuned
============================================================
[36/90] evaluate ts_icl frozen on Housing_Inventory/M/short
[2026-09-29 11:22:39 UTC] resources selected_device {"device": "cuda", "model": "ts_icl", "stage": "forecast"}
Loading configuration...

============================================================
Dataset: Housing_Inventory/M
Terms: ['short']
Covariate mode: none
Instance normalization: none
============================================================

--- Term: short ---
  Config: prediction_length=12, test_length=36, val_length=12
TIME run allocation action=new run=/fslarge/scratch/users/h61084/codes/fine_time/outputs/task_finetuning/tasks/inference/ts_icl/univariate/Housing_Inventory/M/short/run_0 launch_id=selena_fine_time_20260929T092621Z_11326 slurm_job_id=3607389 launched_at=2026-09-29T11:22:39.207900+00:00
  Initializing model pipeline...
  Dataset info:
    - Frequency: M
    - Num series: 1
    - Target dim: 4
    - Target mode: univariate
    - Covariate channels: 0
    - Series length: min=114,               max=114, avg=114.0
    - Test split: 36 steps
    - Prediction length: 12
    - Windows: 3
TIME run allocation action=new run=/fslarge/scratch/users/h61084/codes/fine_time/outputs/task_finetuning/tasks/frozen/ts_icl/univariate/Housing_Inventory/M/short/run_0 launch_id=selena_fine_time_20260929T092621Z_11326 slurm_job_id=3607389 launched_at=2026-09-29T11:22:39.708027+00:00
    Total instances: 12, Series during experiment: 4, Windows: 3
    Collecting ground truth and context...
    Detected to_univariate case: 4 flat series -> 1 series x 4 variates
    Organizing data into arrays...
    ⚠️  Predictions max value (1189209.75) exceeds float16 safe range.
    ⚠️  Applying scale factor: 100 (values will be divided)
    Saved predictions (quantiles) to /fslarge/scratch/users/h61084/codes/fine_time/outputs/task_finetuning/tasks/frozen/ts_icl/univariate/Housing_Inventory/M/short/run_0/predictions.npz
    Computing per-window metrics...
    Saved metrics to /fslarge/scratch/users/h61084/codes/fine_time/outputs/task_finetuning/tasks/frozen/ts_icl/univariate/Housing_Inventory/M/short/run_0/metrics.npz
    Saved aggregate metrics to /fslarge/scratch/users/h61084/codes/fine_time/outputs/task_finetuning/tasks/frozen/ts_icl/univariate/Housing_Inventory/M/short/run_0/metrics_summary.json
    Metrics summary (averaged over all series/windows/variates):
      MSE: 4081737329.3869
      MAE: 30245.8174
      RMSE: 33557.2549
      MAPE: 0.0648
      sMAPE: 0.0648
      MASE: 0.5194
      ND: 0.0655
      CRPS: 0.0503
  Completed: 1 series × 3 windows
  Output: /fslarge/scratch/users/h61084/codes/fine_time/outputs/task_finetuning/tasks/frozen/ts_icl/univariate/Housing_Inventory/M/short/run_0
  Inference time: 0.156s

============================================================
All experiments completed!
Results saved to: /scratch/users/h61084/codes/fine_time/outputs/task_finetuning/tasks/frozen
============================================================
[36/90] evaluate ts_icl task_finetuned on Housing_Inventory/M/short
[2026-09-29 11:22:39 UTC] resources selected_device {"device": "cuda", "model": "ts_icl", "stage": "forecast"}
Loading configuration...

============================================================
Dataset: Housing_Inventory/M
Terms: ['short']
Covariate mode: none
Instance normalization: none
============================================================

--- Term: short ---
  Config: prediction_length=12, test_length=36, val_length=12
TIME run allocation action=new run=/fslarge/scratch/users/h61084/codes/fine_time/outputs/task_finetuning/tasks/inference/ts_icl/univariate/Housing_Inventory/M/short/run_1 launch_id=selena_fine_time_20260929T092621Z_11326 slurm_job_id=3607389 launched_at=2026-09-29T11:22:39.746183+00:00
  Initializing model pipeline...
  Dataset info:
    - Frequency: M
    - Num series: 1
    - Target dim: 4
    - Target mode: univariate
    - Covariate channels: 0
    - Series length: min=114,               max=114, avg=114.0
    - Test split: 36 steps
    - Prediction length: 12
    - Windows: 3
TIME run allocation action=new run=/fslarge/scratch/users/h61084/codes/fine_time/outputs/task_finetuning/tasks/task_finetuned/ts_icl/univariate/Housing_Inventory/M/short/run_0 launch_id=selena_fine_time_20260929T092621Z_11326 slurm_job_id=3607389 launched_at=2026-09-29T11:22:40.456342+00:00
    Total instances: 12, Series during experiment: 4, Windows: 3
    Collecting ground truth and context...
    Detected to_univariate case: 4 flat series -> 1 series x 4 variates
    Organizing data into arrays...
    ⚠️  Predictions max value (1187529.75) exceeds float16 safe range.
    ⚠️  Applying scale factor: 100 (values will be divided)
    Saved predictions (quantiles) to /fslarge/scratch/users/h61084/codes/fine_time/outputs/task_finetuning/tasks/task_finetuned/ts_icl/univariate/Housing_Inventory/M/short/run_0/predictions.npz
    Computing per-window metrics...
    Saved metrics to /fslarge/scratch/users/h61084/codes/fine_time/outputs/task_finetuning/tasks/task_finetuned/ts_icl/univariate/Housing_Inventory/M/short/run_0/metrics.npz
    Saved aggregate metrics to /fslarge/scratch/users/h61084/codes/fine_time/outputs/task_finetuning/tasks/task_finetuned/ts_icl/univariate/Housing_Inventory/M/short/run_0/metrics_summary.json
    Metrics summary (averaged over all series/windows/variates):
      MSE: 4128245954.4379
      MAE: 30341.7679
      RMSE: 33829.0473
      MAPE: 0.0653
      sMAPE: 0.0657
      MASE: 0.5211
      ND: 0.0659
      CRPS: 0.0506
  Completed: 1 series × 3 windows
  Output: /fslarge/scratch/users/h61084/codes/fine_time/outputs/task_finetuning/tasks/task_finetuned/ts_icl/univariate/Housing_Inventory/M/short/run_0
  Inference time: 0.155s

============================================================
All experiments completed!
Results saved to: /scratch/users/h61084/codes/fine_time/outputs/task_finetuning/tasks/task_finetuned
============================================================
[37/90] evaluate ts_icl frozen on JOLTS/M/short
[2026-09-29 11:22:40 UTC] resources selected_device {"device": "cuda", "model": "ts_icl", "stage": "forecast"}
Loading configuration...

============================================================
Dataset: JOLTS/M
Terms: ['short']
Covariate mode: none
Instance normalization: none
============================================================

--- Term: short ---
  Config: prediction_length=12, test_length=60, val_length=12
TIME run allocation action=new run=/fslarge/scratch/users/h61084/codes/fine_time/outputs/task_finetuning/tasks/inference/ts_icl/univariate/JOLTS/M/short/run_0 launch_id=selena_fine_time_20260929T092621Z_11326 slurm_job_id=3607389 launched_at=2026-09-29T11:22:40.503154+00:00
  Initializing model pipeline...
  Dataset info:
    - Frequency: M
    - Num series: 1
    - Target dim: 6
    - Target mode: univariate
    - Covariate channels: 0
    - Series length: min=297,               max=297, avg=297.0
    - Test split: 60 steps
    - Prediction length: 12
    - Windows: 5
TIME run allocation action=new run=/fslarge/scratch/users/h61084/codes/fine_time/outputs/task_finetuning/tasks/frozen/ts_icl/univariate/JOLTS/M/short/run_0 launch_id=selena_fine_time_20260929T092621Z_11326 slurm_job_id=3607389 launched_at=2026-09-29T11:22:41.284563+00:00
    Total instances: 30, Series during experiment: 6, Windows: 5
    Collecting ground truth and context...
    Detected to_univariate case: 6 flat series -> 1 series x 6 variates
    Organizing data into arrays...
    Saved predictions (quantiles) to /fslarge/scratch/users/h61084/codes/fine_time/outputs/task_finetuning/tasks/frozen/ts_icl/univariate/JOLTS/M/short/run_0/predictions.npz
    Computing per-window metrics...
    Saved metrics to /fslarge/scratch/users/h61084/codes/fine_time/outputs/task_finetuning/tasks/frozen/ts_icl/univariate/JOLTS/M/short/run_0/metrics.npz
    Saved aggregate metrics to /fslarge/scratch/users/h61084/codes/fine_time/outputs/task_finetuning/tasks/frozen/ts_icl/univariate/JOLTS/M/short/run_0/metrics_summary.json
    Metrics summary (averaged over all series/windows/variates):
      MSE: 353319.6593
      MAE: 326.4235
      RMSE: 393.9018
      MAPE: 0.0799
      sMAPE: 0.0803
      MASE: 1.0652
      ND: 0.0803
      CRPS: 0.0650
  Completed: 1 series × 5 windows
  Output: /fslarge/scratch/users/h61084/codes/fine_time/outputs/task_finetuning/tasks/frozen/ts_icl/univariate/JOLTS/M/short/run_0
  Inference time: 0.359s

============================================================
All experiments completed!
Results saved to: /scratch/users/h61084/codes/fine_time/outputs/task_finetuning/tasks/frozen
============================================================
[37/90] evaluate ts_icl task_finetuned on JOLTS/M/short
[2026-09-29 11:22:41 UTC] resources selected_device {"device": "cuda", "model": "ts_icl", "stage": "forecast"}
Loading configuration...

============================================================
Dataset: JOLTS/M
Terms: ['short']
Covariate mode: none
Instance normalization: none
============================================================

--- Term: short ---
  Config: prediction_length=12, test_length=60, val_length=12
TIME run allocation action=new run=/fslarge/scratch/users/h61084/codes/fine_time/outputs/task_finetuning/tasks/inference/ts_icl/univariate/JOLTS/M/short/run_1 launch_id=selena_fine_time_20260929T092621Z_11326 slurm_job_id=3607389 launched_at=2026-09-29T11:22:41.339137+00:00
  Initializing model pipeline...
  Dataset info:
    - Frequency: M
    - Num series: 1
    - Target dim: 6
    - Target mode: univariate
    - Covariate channels: 0
    - Series length: min=297,               max=297, avg=297.0
    - Test split: 60 steps
    - Prediction length: 12
    - Windows: 5
TIME run allocation action=new run=/fslarge/scratch/users/h61084/codes/fine_time/outputs/task_finetuning/tasks/task_finetuned/ts_icl/univariate/JOLTS/M/short/run_0 launch_id=selena_fine_time_20260929T092621Z_11326 slurm_job_id=3607389 launched_at=2026-09-29T11:22:42.303573+00:00
    Total instances: 30, Series during experiment: 6, Windows: 5
    Collecting ground truth and context...
    Detected to_univariate case: 6 flat series -> 1 series x 6 variates
    Organizing data into arrays...
    Saved predictions (quantiles) to /fslarge/scratch/users/h61084/codes/fine_time/outputs/task_finetuning/tasks/task_finetuned/ts_icl/univariate/JOLTS/M/short/run_0/predictions.npz
    Computing per-window metrics...
    Saved metrics to /fslarge/scratch/users/h61084/codes/fine_time/outputs/task_finetuning/tasks/task_finetuned/ts_icl/univariate/JOLTS/M/short/run_0/metrics.npz
    Saved aggregate metrics to /fslarge/scratch/users/h61084/codes/fine_time/outputs/task_finetuning/tasks/task_finetuned/ts_icl/univariate/JOLTS/M/short/run_0/metrics_summary.json
    Metrics summary (averaged over all series/windows/variates):
      MSE: 354911.1494
      MAE: 327.9810
      RMSE: 395.3424
      MAPE: 0.0802
      sMAPE: 0.0803
      MASE: 1.0670
      ND: 0.0804
      CRPS: 0.0649
  Completed: 1 series × 5 windows
  Output: /fslarge/scratch/users/h61084/codes/fine_time/outputs/task_finetuning/tasks/task_finetuned/ts_icl/univariate/JOLTS/M/short/run_0
  Inference time: 0.364s

============================================================
All experiments completed!
Results saved to: /scratch/users/h61084/codes/fine_time/outputs/task_finetuning/tasks/task_finetuned
============================================================
[38/90] evaluate ts_icl frozen on Job_Claims/W/short
[2026-09-29 11:22:42 UTC] resources selected_device {"device": "cuda", "model": "ts_icl", "stage": "forecast"}
Loading configuration...

============================================================
Dataset: Job_Claims/W
Terms: ['short']
Covariate mode: none
Instance normalization: none
============================================================

--- Term: short ---
  Config: prediction_length=13, test_length=52, val_length=13
TIME run allocation action=new run=/fslarge/scratch/users/h61084/codes/fine_time/outputs/task_finetuning/tasks/inference/ts_icl/univariate/Job_Claims/W/short/run_0 launch_id=selena_fine_time_20260929T092621Z_11326 slurm_job_id=3607389 launched_at=2026-09-29T11:22:42.364536+00:00
  Initializing model pipeline...
  Dataset info:
    - Frequency: W
    - Num series: 1
    - Target dim: 2
    - Target mode: univariate
    - Covariate channels: 0
    - Series length: min=196,               max=196, avg=196.0
    - Test split: 52 steps
    - Prediction length: 13
    - Windows: 4
TIME run allocation action=new run=/fslarge/scratch/users/h61084/codes/fine_time/outputs/task_finetuning/tasks/frozen/ts_icl/univariate/Job_Claims/W/short/run_0 launch_id=selena_fine_time_20260929T092621Z_11326 slurm_job_id=3607389 launched_at=2026-09-29T11:22:42.820502+00:00
    Total instances: 8, Series during experiment: 2, Windows: 4
    Collecting ground truth and context...
    Detected to_univariate case: 2 flat series -> 1 series x 2 variates
    Organizing data into arrays...
    ⚠️  Predictions max value (2039636.00) exceeds float16 safe range.
    ⚠️  Applying scale factor: 100 (values will be divided)
    Saved predictions (quantiles) to /fslarge/scratch/users/h61084/codes/fine_time/outputs/task_finetuning/tasks/frozen/ts_icl/univariate/Job_Claims/W/short/run_0/predictions.npz
    Computing per-window metrics...
    Saved metrics to /fslarge/scratch/users/h61084/codes/fine_time/outputs/task_finetuning/tasks/frozen/ts_icl/univariate/Job_Claims/W/short/run_0/metrics.npz
    Saved aggregate metrics to /fslarge/scratch/users/h61084/codes/fine_time/outputs/task_finetuning/tasks/frozen/ts_icl/univariate/Job_Claims/W/short/run_0/metrics_summary.json
    Metrics summary (averaged over all series/windows/variates):
      MSE: 584168288.0829
      MAE: 15750.9817
      RMSE: 19132.3169
      MAPE: 0.0223
      sMAPE: 0.0226
      MASE: 2.8235
      ND: 0.0225
      CRPS: 0.0174
  Completed: 1 series × 4 windows
  Output: /fslarge/scratch/users/h61084/codes/fine_time/outputs/task_finetuning/tasks/frozen/ts_icl/univariate/Job_Claims/W/short/run_0
  Inference time: 0.111s

============================================================
All experiments completed!
Results saved to: /scratch/users/h61084/codes/fine_time/outputs/task_finetuning/tasks/frozen
============================================================
[38/90] evaluate ts_icl task_finetuned on Job_Claims/W/short
[2026-09-29 11:22:42 UTC] resources selected_device {"device": "cuda", "model": "ts_icl", "stage": "forecast"}
Loading configuration...

============================================================
Dataset: Job_Claims/W
Terms: ['short']
Covariate mode: none
Instance normalization: none
============================================================

--- Term: short ---
  Config: prediction_length=13, test_length=52, val_length=13
TIME run allocation action=new run=/fslarge/scratch/users/h61084/codes/fine_time/outputs/task_finetuning/tasks/inference/ts_icl/univariate/Job_Claims/W/short/run_1 launch_id=selena_fine_time_20260929T092621Z_11326 slurm_job_id=3607389 launched_at=2026-09-29T11:22:42.857439+00:00
  Initializing model pipeline...
  Dataset info:
    - Frequency: W
    - Num series: 1
    - Target dim: 2
    - Target mode: univariate
    - Covariate channels: 0
    - Series length: min=196,               max=196, avg=196.0
    - Test split: 52 steps
    - Prediction length: 13
    - Windows: 4
TIME run allocation action=new run=/fslarge/scratch/users/h61084/codes/fine_time/outputs/task_finetuning/tasks/task_finetuned/ts_icl/univariate/Job_Claims/W/short/run_0 launch_id=selena_fine_time_20260929T092621Z_11326 slurm_job_id=3607389 launched_at=2026-09-29T11:22:43.642622+00:00
    Total instances: 8, Series during experiment: 2, Windows: 4
    Collecting ground truth and context...
    Detected to_univariate case: 2 flat series -> 1 series x 2 variates
    Organizing data into arrays...
    ⚠️  Predictions max value (2034400.12) exceeds float16 safe range.
    ⚠️  Applying scale factor: 100 (values will be divided)
    Saved predictions (quantiles) to /fslarge/scratch/users/h61084/codes/fine_time/outputs/task_finetuning/tasks/task_finetuned/ts_icl/univariate/Job_Claims/W/short/run_0/predictions.npz
    Computing per-window metrics...
    Saved metrics to /fslarge/scratch/users/h61084/codes/fine_time/outputs/task_finetuning/tasks/task_finetuned/ts_icl/univariate/Job_Claims/W/short/run_0/metrics.npz
    Saved aggregate metrics to /fslarge/scratch/users/h61084/codes/fine_time/outputs/task_finetuning/tasks/task_finetuned/ts_icl/univariate/Job_Claims/W/short/run_0/metrics_summary.json
    Metrics summary (averaged over all series/windows/variates):
      MSE: 574653382.2088
      MAE: 15587.4031
      RMSE: 18966.2478
      MAPE: 0.0222
      sMAPE: 0.0225
      MASE: 2.7999
      ND: 0.0224
      CRPS: 0.0173
  Completed: 1 series × 4 windows
  Output: /fslarge/scratch/users/h61084/codes/fine_time/outputs/task_finetuning/tasks/task_finetuned/ts_icl/univariate/Job_Claims/W/short/run_0
  Inference time: 0.111s

============================================================
All experiments completed!
Results saved to: /scratch/users/h61084/codes/fine_time/outputs/task_finetuning/tasks/task_finetuned
============================================================
[39/90] evaluate ts_icl frozen on MetroPT-3/5T/long
[2026-09-29 11:22:43 UTC] resources selected_device {"device": "cuda", "model": "ts_icl", "stage": "forecast"}
Loading configuration...

============================================================
Dataset: MetroPT-3/5T
Terms: ['long']
Covariate mode: none
Instance normalization: none
============================================================

--- Term: long ---
  Config: prediction_length=576, test_length=1728, val_length=1728
TIME run allocation action=new run=/fslarge/scratch/users/h61084/codes/fine_time/outputs/task_finetuning/tasks/inference/ts_icl/univariate/MetroPT-3/5T/long/run_0 launch_id=selena_fine_time_20260929T092621Z_11326 slurm_job_id=3607389 launched_at=2026-09-29T11:22:43.716237+00:00
  Initializing model pipeline...
  Dataset info:
    - Frequency: 5T
    - Num series: 1
    - Target dim: 6
    - Target mode: univariate
    - Covariate channels: 0
    - Series length: min=17809,               max=17809, avg=17809.0
    - Test split: 1728 steps
    - Prediction length: 576
    - Windows: 3
TIME run allocation action=new run=/fslarge/scratch/users/h61084/codes/fine_time/outputs/task_finetuning/tasks/frozen/ts_icl/univariate/MetroPT-3/5T/long/run_0 launch_id=selena_fine_time_20260929T092621Z_11326 slurm_job_id=3607389 launched_at=2026-09-29T11:22:44.480471+00:00
    Total instances: 18, Series during experiment: 6, Windows: 3
    Collecting ground truth and context...
    Detected to_univariate case: 6 flat series -> 1 series x 6 variates
    Organizing data into arrays...
    Saved predictions (quantiles) to /fslarge/scratch/users/h61084/codes/fine_time/outputs/task_finetuning/tasks/frozen/ts_icl/univariate/MetroPT-3/5T/long/run_0/predictions.npz
    Computing per-window metrics...
    Saved metrics to /fslarge/scratch/users/h61084/codes/fine_time/outputs/task_finetuning/tasks/frozen/ts_icl/univariate/MetroPT-3/5T/long/run_0/metrics.npz
    Saved aggregate metrics to /fslarge/scratch/users/h61084/codes/fine_time/outputs/task_finetuning/tasks/frozen/ts_icl/univariate/MetroPT-3/5T/long/run_0/metrics_summary.json
    Metrics summary (averaged over all series/windows/variates):
      MSE: 3.4005
      MAE: 1.1593
      RMSE: 1.5333
      MAPE: 3.5854
      sMAPE: 0.5168
      MASE: 0.6980
      ND: 0.3366
      CRPS: 0.2530
  Completed: 1 series × 3 windows
  Output: /fslarge/scratch/users/h61084/codes/fine_time/outputs/task_finetuning/tasks/frozen/ts_icl/univariate/MetroPT-3/5T/long/run_0
  Inference time: 0.405s

============================================================
All experiments completed!
Results saved to: /scratch/users/h61084/codes/fine_time/outputs/task_finetuning/tasks/frozen
============================================================
[39/90] evaluate ts_icl task_finetuned on MetroPT-3/5T/long
[2026-09-29 11:22:44 UTC] resources selected_device {"device": "cuda", "model": "ts_icl", "stage": "forecast"}
Loading configuration...

============================================================
Dataset: MetroPT-3/5T
Terms: ['long']
Covariate mode: none
Instance normalization: none
============================================================

--- Term: long ---
  Config: prediction_length=576, test_length=1728, val_length=1728
TIME run allocation action=new run=/fslarge/scratch/users/h61084/codes/fine_time/outputs/task_finetuning/tasks/inference/ts_icl/univariate/MetroPT-3/5T/long/run_1 launch_id=selena_fine_time_20260929T092621Z_11326 slurm_job_id=3607389 launched_at=2026-09-29T11:22:44.550921+00:00
  Initializing model pipeline...
  Dataset info:
    - Frequency: 5T
    - Num series: 1
    - Target dim: 6
    - Target mode: univariate
    - Covariate channels: 0
    - Series length: min=17809,               max=17809, avg=17809.0
    - Test split: 1728 steps
    - Prediction length: 576
    - Windows: 3
TIME run allocation action=new run=/fslarge/scratch/users/h61084/codes/fine_time/outputs/task_finetuning/tasks/task_finetuned/ts_icl/univariate/MetroPT-3/5T/long/run_0 launch_id=selena_fine_time_20260929T092621Z_11326 slurm_job_id=3607389 launched_at=2026-09-29T11:22:45.518758+00:00
    Total instances: 18, Series during experiment: 6, Windows: 3
    Collecting ground truth and context...
    Detected to_univariate case: 6 flat series -> 1 series x 6 variates
    Organizing data into arrays...
    Saved predictions (quantiles) to /fslarge/scratch/users/h61084/codes/fine_time/outputs/task_finetuning/tasks/task_finetuned/ts_icl/univariate/MetroPT-3/5T/long/run_0/predictions.npz
    Computing per-window metrics...
    Saved metrics to /fslarge/scratch/users/h61084/codes/fine_time/outputs/task_finetuning/tasks/task_finetuned/ts_icl/univariate/MetroPT-3/5T/long/run_0/metrics.npz
    Saved aggregate metrics to /fslarge/scratch/users/h61084/codes/fine_time/outputs/task_finetuning/tasks/task_finetuned/ts_icl/univariate/MetroPT-3/5T/long/run_0/metrics_summary.json
    Metrics summary (averaged over all series/windows/variates):
      MSE: 3.4106
      MAE: 1.1581
      RMSE: 1.5357
      MAPE: 3.4802
      sMAPE: 0.5124
      MASE: 0.6958
      ND: 0.3360
      CRPS: 0.2526
  Completed: 1 series × 3 windows
  Output: /fslarge/scratch/users/h61084/codes/fine_time/outputs/task_finetuning/tasks/task_finetuned/ts_icl/univariate/MetroPT-3/5T/long/run_0
  Inference time: 0.384s

============================================================
All experiments completed!
Results saved to: /scratch/users/h61084/codes/fine_time/outputs/task_finetuning/tasks/task_finetuned
============================================================
[40/90] evaluate ts_icl frozen on MetroPT-3/5T/medium
[2026-09-29 11:22:45 UTC] resources selected_device {"device": "cuda", "model": "ts_icl", "stage": "forecast"}
Loading configuration...

============================================================
Dataset: MetroPT-3/5T
Terms: ['medium']
Covariate mode: none
Instance normalization: none
============================================================

--- Term: medium ---
  Config: prediction_length=288, test_length=1728, val_length=1728
TIME run allocation action=new run=/fslarge/scratch/users/h61084/codes/fine_time/outputs/task_finetuning/tasks/inference/ts_icl/univariate/MetroPT-3/5T/medium/run_0 launch_id=selena_fine_time_20260929T092621Z_11326 slurm_job_id=3607389 launched_at=2026-09-29T11:22:45.593762+00:00
  Initializing model pipeline...
  Dataset info:
    - Frequency: 5T
    - Num series: 1
    - Target dim: 6
    - Target mode: univariate
    - Covariate channels: 0
    - Series length: min=17809,               max=17809, avg=17809.0
    - Test split: 1728 steps
    - Prediction length: 288
    - Windows: 6
TIME run allocation action=new run=/fslarge/scratch/users/h61084/codes/fine_time/outputs/task_finetuning/tasks/frozen/ts_icl/univariate/MetroPT-3/5T/medium/run_0 launch_id=selena_fine_time_20260929T092621Z_11326 slurm_job_id=3607389 launched_at=2026-09-29T11:22:46.680093+00:00
    Total instances: 36, Series during experiment: 6, Windows: 6
    Collecting ground truth and context...
    Detected to_univariate case: 6 flat series -> 1 series x 6 variates
    Organizing data into arrays...
    Saved predictions (quantiles) to /fslarge/scratch/users/h61084/codes/fine_time/outputs/task_finetuning/tasks/frozen/ts_icl/univariate/MetroPT-3/5T/medium/run_0/predictions.npz
    Computing per-window metrics...
    Saved metrics to /fslarge/scratch/users/h61084/codes/fine_time/outputs/task_finetuning/tasks/frozen/ts_icl/univariate/MetroPT-3/5T/medium/run_0/metrics.npz
    Saved aggregate metrics to /fslarge/scratch/users/h61084/codes/fine_time/outputs/task_finetuning/tasks/frozen/ts_icl/univariate/MetroPT-3/5T/medium/run_0/metrics_summary.json
    Metrics summary (averaged over all series/windows/variates):
      MSE: 3.4076
      MAE: 1.1588
      RMSE: 1.5320
      MAPE: 3.5140
      sMAPE: 0.5156
      MASE: 0.6798
      ND: 0.3343
      CRPS: 0.2506
  Completed: 1 series × 6 windows
  Output: /fslarge/scratch/users/h61084/codes/fine_time/outputs/task_finetuning/tasks/frozen/ts_icl/univariate/MetroPT-3/5T/medium/run_0
  Inference time: 0.705s

============================================================
All experiments completed!
Results saved to: /scratch/users/h61084/codes/fine_time/outputs/task_finetuning/tasks/frozen
============================================================
[40/90] evaluate ts_icl task_finetuned on MetroPT-3/5T/medium
[2026-09-29 11:22:46 UTC] resources selected_device {"device": "cuda", "model": "ts_icl", "stage": "forecast"}
Loading configuration...

============================================================
Dataset: MetroPT-3/5T
Terms: ['medium']
Covariate mode: none
Instance normalization: none
============================================================

--- Term: medium ---
  Config: prediction_length=288, test_length=1728, val_length=1728
TIME run allocation action=new run=/fslarge/scratch/users/h61084/codes/fine_time/outputs/task_finetuning/tasks/inference/ts_icl/univariate/MetroPT-3/5T/medium/run_1 launch_id=selena_fine_time_20260929T092621Z_11326 slurm_job_id=3607389 launched_at=2026-09-29T11:22:46.756229+00:00
  Initializing model pipeline...
  Dataset info:
    - Frequency: 5T
    - Num series: 1
    - Target dim: 6
    - Target mode: univariate
    - Covariate channels: 0
    - Series length: min=17809,               max=17809, avg=17809.0
    - Test split: 1728 steps
    - Prediction length: 288
    - Windows: 6
TIME run allocation action=new run=/fslarge/scratch/users/h61084/codes/fine_time/outputs/task_finetuning/tasks/task_finetuned/ts_icl/univariate/MetroPT-3/5T/medium/run_0 launch_id=selena_fine_time_20260929T092621Z_11326 slurm_job_id=3607389 launched_at=2026-09-29T11:22:48.097939+00:00
    Total instances: 36, Series during experiment: 6, Windows: 6
    Collecting ground truth and context...
    Detected to_univariate case: 6 flat series -> 1 series x 6 variates
    Organizing data into arrays...
    Saved predictions (quantiles) to /fslarge/scratch/users/h61084/codes/fine_time/outputs/task_finetuning/tasks/task_finetuned/ts_icl/univariate/MetroPT-3/5T/medium/run_0/predictions.npz
    Computing per-window metrics...
    Saved metrics to /fslarge/scratch/users/h61084/codes/fine_time/outputs/task_finetuning/tasks/task_finetuned/ts_icl/univariate/MetroPT-3/5T/medium/run_0/metrics.npz
    Saved aggregate metrics to /fslarge/scratch/users/h61084/codes/fine_time/outputs/task_finetuning/tasks/task_finetuned/ts_icl/univariate/MetroPT-3/5T/medium/run_0/metrics_summary.json
    Metrics summary (averaged over all series/windows/variates):
      MSE: 3.4056
      MAE: 1.1573
      RMSE: 1.5319
      MAPE: 3.4699
      sMAPE: 0.5161
      MASE: 0.6786
      ND: 0.3340
      CRPS: 0.2501
  Completed: 1 series × 6 windows
  Output: /fslarge/scratch/users/h61084/codes/fine_time/outputs/task_finetuning/tasks/task_finetuned/ts_icl/univariate/MetroPT-3/5T/medium/run_0
  Inference time: 0.705s

============================================================
All experiments completed!
Results saved to: /scratch/users/h61084/codes/fine_time/outputs/task_finetuning/tasks/task_finetuned
============================================================
[41/90] evaluate ts_icl frozen on MetroPT-3/5T/short
[2026-09-29 11:22:48 UTC] resources selected_device {"device": "cuda", "model": "ts_icl", "stage": "forecast"}
Loading configuration...

============================================================
Dataset: MetroPT-3/5T
Terms: ['short']
Covariate mode: none
Instance normalization: none
============================================================

--- Term: short ---
  Config: prediction_length=48, test_length=1728, val_length=1728
TIME run allocation action=new run=/fslarge/scratch/users/h61084/codes/fine_time/outputs/task_finetuning/tasks/inference/ts_icl/univariate/MetroPT-3/5T/short/run_0 launch_id=selena_fine_time_20260929T092621Z_11326 slurm_job_id=3607389 launched_at=2026-09-29T11:22:48.346299+00:00
  Initializing model pipeline...
  Dataset info:
    - Frequency: 5T
    - Num series: 1
    - Target dim: 6
    - Target mode: univariate
    - Covariate channels: 0
    - Series length: min=17809,               max=17809, avg=17809.0
    - Test split: 1728 steps
    - Prediction length: 48
    - Windows: 36
TIME run allocation action=new run=/fslarge/scratch/users/h61084/codes/fine_time/outputs/task_finetuning/tasks/frozen/ts_icl/univariate/MetroPT-3/5T/short/run_0 launch_id=selena_fine_time_20260929T092621Z_11326 slurm_job_id=3607389 launched_at=2026-09-29T11:22:52.612115+00:00
    Total instances: 216, Series during experiment: 6, Windows: 36
    Collecting ground truth and context...
    Detected to_univariate case: 6 flat series -> 1 series x 6 variates
    Organizing data into arrays...
    Saved predictions (quantiles) to /fslarge/scratch/users/h61084/codes/fine_time/outputs/task_finetuning/tasks/frozen/ts_icl/univariate/MetroPT-3/5T/short/run_0/predictions.npz
    Computing per-window metrics...
    Saved metrics to /fslarge/scratch/users/h61084/codes/fine_time/outputs/task_finetuning/tasks/frozen/ts_icl/univariate/MetroPT-3/5T/short/run_0/metrics.npz
    Saved aggregate metrics to /fslarge/scratch/users/h61084/codes/fine_time/outputs/task_finetuning/tasks/frozen/ts_icl/univariate/MetroPT-3/5T/short/run_0/metrics_summary.json
    Metrics summary (averaged over all series/windows/variates):
      MSE: 3.5096
      MAE: 1.1692
      RMSE: 1.5283
      MAPE: 3.5189
      sMAPE: 0.5158
      MASE: 0.6434
      ND: 0.3334
      CRPS: 0.2506
  Completed: 1 series × 36 windows
  Output: /fslarge/scratch/users/h61084/codes/fine_time/outputs/task_finetuning/tasks/frozen/ts_icl/univariate/MetroPT-3/5T/short/run_0
  Inference time: 3.906s

============================================================
All experiments completed!
Results saved to: /scratch/users/h61084/codes/fine_time/outputs/task_finetuning/tasks/frozen
============================================================
[41/90] evaluate ts_icl task_finetuned on MetroPT-3/5T/short
[2026-09-29 11:22:52 UTC] resources selected_device {"device": "cuda", "model": "ts_icl", "stage": "forecast"}
Loading configuration...

============================================================
Dataset: MetroPT-3/5T
Terms: ['short']
Covariate mode: none
Instance normalization: none
============================================================

--- Term: short ---
  Config: prediction_length=48, test_length=1728, val_length=1728
TIME run allocation action=new run=/fslarge/scratch/users/h61084/codes/fine_time/outputs/task_finetuning/tasks/inference/ts_icl/univariate/MetroPT-3/5T/short/run_1 launch_id=selena_fine_time_20260929T092621Z_11326 slurm_job_id=3607389 launched_at=2026-09-29T11:22:52.739710+00:00
  Initializing model pipeline...
  Dataset info:
    - Frequency: 5T
    - Num series: 1
    - Target dim: 6
    - Target mode: univariate
    - Covariate channels: 0
    - Series length: min=17809,               max=17809, avg=17809.0
    - Test split: 1728 steps
    - Prediction length: 48
    - Windows: 36
TIME run allocation action=new run=/fslarge/scratch/users/h61084/codes/fine_time/outputs/task_finetuning/tasks/task_finetuned/ts_icl/univariate/MetroPT-3/5T/short/run_0 launch_id=selena_fine_time_20260929T092621Z_11326 slurm_job_id=3607389 launched_at=2026-09-29T11:22:57.288642+00:00
    Total instances: 216, Series during experiment: 6, Windows: 36
    Collecting ground truth and context...
    Detected to_univariate case: 6 flat series -> 1 series x 6 variates
    Organizing data into arrays...
    Saved predictions (quantiles) to /fslarge/scratch/users/h61084/codes/fine_time/outputs/task_finetuning/tasks/task_finetuned/ts_icl/univariate/MetroPT-3/5T/short/run_0/predictions.npz
    Computing per-window metrics...
    Saved metrics to /fslarge/scratch/users/h61084/codes/fine_time/outputs/task_finetuning/tasks/task_finetuned/ts_icl/univariate/MetroPT-3/5T/short/run_0/metrics.npz
    Saved aggregate metrics to /fslarge/scratch/users/h61084/codes/fine_time/outputs/task_finetuning/tasks/task_finetuned/ts_icl/univariate/MetroPT-3/5T/short/run_0/metrics_summary.json
    Metrics summary (averaged over all series/windows/variates):
      MSE: 3.5188
      MAE: 1.1690
      RMSE: 1.5295
      MAPE: 3.4918
      sMAPE: 0.5160
      MASE: 0.6433
      ND: 0.3332
      CRPS: 0.2502
  Completed: 1 series × 36 windows
  Output: /fslarge/scratch/users/h61084/codes/fine_time/outputs/task_finetuning/tasks/task_finetuned/ts_icl/univariate/MetroPT-3/5T/short/run_0
  Inference time: 3.913s

============================================================
All experiments completed!
Results saved to: /scratch/users/h61084/codes/fine_time/outputs/task_finetuning/tasks/task_finetuned
============================================================
[42/90] evaluate ts_icl frozen on NE_China_Wind/H/long
[2026-09-29 11:22:57 UTC] resources selected_device {"device": "cuda", "model": "ts_icl", "stage": "forecast"}
Loading configuration...

============================================================
Dataset: NE_China_Wind/H
Terms: ['long']
Covariate mode: none
Instance normalization: none
============================================================

--- Term: long ---
  Config: prediction_length=168, test_length=720, val_length=720
TIME run allocation action=new run=/fslarge/scratch/users/h61084/codes/fine_time/outputs/task_finetuning/tasks/inference/ts_icl/univariate/NE_China_Wind/H/long/run_0 launch_id=selena_fine_time_20260929T092621Z_11326 slurm_job_id=3607389 launched_at=2026-09-29T11:22:57.413071+00:00
  Initializing model pipeline...
  Dataset info:
    - Frequency: H
    - Num series: 1
    - Target dim: 4
    - Target mode: univariate
    - Covariate channels: 0
    - Series length: min=8764,               max=8764, avg=8764.0
    - Test split: 720 steps
    - Prediction length: 168
    - Windows: 4
TIME run allocation action=new run=/fslarge/scratch/users/h61084/codes/fine_time/outputs/task_finetuning/tasks/frozen/ts_icl/univariate/NE_China_Wind/H/long/run_0 launch_id=selena_fine_time_20260929T092621Z_11326 slurm_job_id=3607389 launched_at=2026-09-29T11:22:58.162812+00:00
    Total instances: 16, Series during experiment: 4, Windows: 4
    Collecting ground truth and context...
    Detected to_univariate case: 4 flat series -> 1 series x 4 variates
    Organizing data into arrays...
    Saved predictions (quantiles) to /fslarge/scratch/users/h61084/codes/fine_time/outputs/task_finetuning/tasks/frozen/ts_icl/univariate/NE_China_Wind/H/long/run_0/predictions.npz
    Computing per-window metrics...
    Saved metrics to /fslarge/scratch/users/h61084/codes/fine_time/outputs/task_finetuning/tasks/frozen/ts_icl/univariate/NE_China_Wind/H/long/run_0/metrics.npz
    Saved aggregate metrics to /fslarge/scratch/users/h61084/codes/fine_time/outputs/task_finetuning/tasks/frozen/ts_icl/univariate/NE_China_Wind/H/long/run_0/metrics_summary.json
    Metrics summary (averaged over all series/windows/variates):
      MSE: 0.3432
      MAE: 0.4473
      RMSE: 0.5446
      MAPE: 1.1507
      sMAPE: 0.8581
      MASE: 1.1844
      ND: 0.6220
      CRPS: 0.4897
  Completed: 1 series × 4 windows
  Output: /fslarge/scratch/users/h61084/codes/fine_time/outputs/task_finetuning/tasks/frozen/ts_icl/univariate/NE_China_Wind/H/long/run_0
  Inference time: 0.403s

============================================================
All experiments completed!
Results saved to: /scratch/users/h61084/codes/fine_time/outputs/task_finetuning/tasks/frozen
============================================================
[42/90] evaluate ts_icl task_finetuned on NE_China_Wind/H/long
[2026-09-29 11:22:58 UTC] resources selected_device {"device": "cuda", "model": "ts_icl", "stage": "forecast"}
Loading configuration...

============================================================
Dataset: NE_China_Wind/H
Terms: ['long']
Covariate mode: none
Instance normalization: none
============================================================

--- Term: long ---
  Config: prediction_length=168, test_length=720, val_length=720
TIME run allocation action=new run=/fslarge/scratch/users/h61084/codes/fine_time/outputs/task_finetuning/tasks/inference/ts_icl/univariate/NE_China_Wind/H/long/run_1 launch_id=selena_fine_time_20260929T092621Z_11326 slurm_job_id=3607389 launched_at=2026-09-29T11:22:58.211566+00:00
  Initializing model pipeline...
  Dataset info:
    - Frequency: H
    - Num series: 1
    - Target dim: 4
    - Target mode: univariate
    - Covariate channels: 0
    - Series length: min=8764,               max=8764, avg=8764.0
    - Test split: 720 steps
    - Prediction length: 168
    - Windows: 4
TIME run allocation action=new run=/fslarge/scratch/users/h61084/codes/fine_time/outputs/task_finetuning/tasks/task_finetuned/ts_icl/univariate/NE_China_Wind/H/long/run_0 launch_id=selena_fine_time_20260929T092621Z_11326 slurm_job_id=3607389 launched_at=2026-09-29T11:22:59.201476+00:00
    Total instances: 16, Series during experiment: 4, Windows: 4
    Collecting ground truth and context...
    Detected to_univariate case: 4 flat series -> 1 series x 4 variates
    Organizing data into arrays...
    Saved predictions (quantiles) to /fslarge/scratch/users/h61084/codes/fine_time/outputs/task_finetuning/tasks/task_finetuned/ts_icl/univariate/NE_China_Wind/H/long/run_0/predictions.npz
    Computing per-window metrics...
    Saved metrics to /fslarge/scratch/users/h61084/codes/fine_time/outputs/task_finetuning/tasks/task_finetuned/ts_icl/univariate/NE_China_Wind/H/long/run_0/metrics.npz
    Saved aggregate metrics to /fslarge/scratch/users/h61084/codes/fine_time/outputs/task_finetuning/tasks/task_finetuned/ts_icl/univariate/NE_China_Wind/H/long/run_0/metrics_summary.json
    Metrics summary (averaged over all series/windows/variates):
      MSE: 0.3438
      MAE: 0.4471
      RMSE: 0.5450
      MAPE: 1.1393
      sMAPE: 0.8574
      MASE: 1.1809
      ND: 0.6201
      CRPS: 0.4888
  Completed: 1 series × 4 windows
  Output: /fslarge/scratch/users/h61084/codes/fine_time/outputs/task_finetuning/tasks/task_finetuned/ts_icl/univariate/NE_China_Wind/H/long/run_0
  Inference time: 0.403s

============================================================
All experiments completed!
Results saved to: /scratch/users/h61084/codes/fine_time/outputs/task_finetuning/tasks/task_finetuned
============================================================
[43/90] evaluate ts_icl frozen on NE_China_Wind/H/medium
[2026-09-29 11:22:59 UTC] resources selected_device {"device": "cuda", "model": "ts_icl", "stage": "forecast"}
Loading configuration...

============================================================
Dataset: NE_China_Wind/H
Terms: ['medium']
Covariate mode: none
Instance normalization: none
============================================================

--- Term: medium ---
  Config: prediction_length=72, test_length=720, val_length=720
TIME run allocation action=new run=/fslarge/scratch/users/h61084/codes/fine_time/outputs/task_finetuning/tasks/inference/ts_icl/univariate/NE_China_Wind/H/medium/run_0 launch_id=selena_fine_time_20260929T092621Z_11326 slurm_job_id=3607389 launched_at=2026-09-29T11:22:59.254825+00:00
  Initializing model pipeline...
  Dataset info:
    - Frequency: H
    - Num series: 1
    - Target dim: 4
    - Target mode: univariate
    - Covariate channels: 0
    - Series length: min=8764,               max=8764, avg=8764.0
    - Test split: 720 steps
    - Prediction length: 72
    - Windows: 10
TIME run allocation action=new run=/fslarge/scratch/users/h61084/codes/fine_time/outputs/task_finetuning/tasks/frozen/ts_icl/univariate/NE_China_Wind/H/medium/run_0 launch_id=selena_fine_time_20260929T092621Z_11326 slurm_job_id=3607389 launched_at=2026-09-29T11:23:00.574936+00:00
    Total instances: 40, Series during experiment: 4, Windows: 10
    Collecting ground truth and context...
    Detected to_univariate case: 4 flat series -> 1 series x 4 variates
    Organizing data into arrays...
    Saved predictions (quantiles) to /fslarge/scratch/users/h61084/codes/fine_time/outputs/task_finetuning/tasks/frozen/ts_icl/univariate/NE_China_Wind/H/medium/run_0/predictions.npz
    Computing per-window metrics...
    Saved metrics to /fslarge/scratch/users/h61084/codes/fine_time/outputs/task_finetuning/tasks/frozen/ts_icl/univariate/NE_China_Wind/H/medium/run_0/metrics.npz
    Saved aggregate metrics to /fslarge/scratch/users/h61084/codes/fine_time/outputs/task_finetuning/tasks/frozen/ts_icl/univariate/NE_China_Wind/H/medium/run_0/metrics_summary.json
    Metrics summary (averaged over all series/windows/variates):
      MSE: 0.2463
      MAE: 0.3568
      RMSE: 0.4121
      MAPE: 0.9195
      sMAPE: 0.7285
      MASE: 0.8898
      ND: 0.5354
      CRPS: 0.4308
  Completed: 1 series × 10 windows
  Output: /fslarge/scratch/users/h61084/codes/fine_time/outputs/task_finetuning/tasks/frozen/ts_icl/univariate/NE_China_Wind/H/medium/run_0
  Inference time: 0.972s

============================================================
All experiments completed!
Results saved to: /scratch/users/h61084/codes/fine_time/outputs/task_finetuning/tasks/frozen
============================================================
[43/90] evaluate ts_icl task_finetuned on NE_China_Wind/H/medium
[2026-09-29 11:23:00 UTC] resources selected_device {"device": "cuda", "model": "ts_icl", "stage": "forecast"}
Loading configuration...

============================================================
Dataset: NE_China_Wind/H
Terms: ['medium']
Covariate mode: none
Instance normalization: none
============================================================

--- Term: medium ---
  Config: prediction_length=72, test_length=720, val_length=720
TIME run allocation action=new run=/fslarge/scratch/users/h61084/codes/fine_time/outputs/task_finetuning/tasks/inference/ts_icl/univariate/NE_China_Wind/H/medium/run_1 launch_id=selena_fine_time_20260929T092621Z_11326 slurm_job_id=3607389 launched_at=2026-09-29T11:23:00.629906+00:00
  Initializing model pipeline...
  Dataset info:
    - Frequency: H
    - Num series: 1
    - Target dim: 4
    - Target mode: univariate
    - Covariate channels: 0
    - Series length: min=8764,               max=8764, avg=8764.0
    - Test split: 720 steps
    - Prediction length: 72
    - Windows: 10
TIME run allocation action=new run=/fslarge/scratch/users/h61084/codes/fine_time/outputs/task_finetuning/tasks/task_finetuned/ts_icl/univariate/NE_China_Wind/H/medium/run_0 launch_id=selena_fine_time_20260929T092621Z_11326 slurm_job_id=3607389 launched_at=2026-09-29T11:23:02.168771+00:00
    Total instances: 40, Series during experiment: 4, Windows: 10
    Collecting ground truth and context...
    Detected to_univariate case: 4 flat series -> 1 series x 4 variates
    Organizing data into arrays...
    Saved predictions (quantiles) to /fslarge/scratch/users/h61084/codes/fine_time/outputs/task_finetuning/tasks/task_finetuned/ts_icl/univariate/NE_China_Wind/H/medium/run_0/predictions.npz
    Computing per-window metrics...
    Saved metrics to /fslarge/scratch/users/h61084/codes/fine_time/outputs/task_finetuning/tasks/task_finetuned/ts_icl/univariate/NE_China_Wind/H/medium/run_0/metrics.npz
    Saved aggregate metrics to /fslarge/scratch/users/h61084/codes/fine_time/outputs/task_finetuning/tasks/task_finetuned/ts_icl/univariate/NE_China_Wind/H/medium/run_0/metrics_summary.json
    Metrics summary (averaged over all series/windows/variates):
      MSE: 0.2478
      MAE: 0.3574
      RMSE: 0.4126
      MAPE: 0.9200
      sMAPE: 0.7272
      MASE: 0.8906
      ND: 0.5353
      CRPS: 0.4305
  Completed: 1 series × 10 windows
  Output: /fslarge/scratch/users/h61084/codes/fine_time/outputs/task_finetuning/tasks/task_finetuned/ts_icl/univariate/NE_China_Wind/H/medium/run_0
  Inference time: 0.971s

============================================================
All experiments completed!
Results saved to: /scratch/users/h61084/codes/fine_time/outputs/task_finetuning/tasks/task_finetuned
============================================================
[44/90] evaluate ts_icl frozen on NE_China_Wind/H/short
[2026-09-29 11:23:02 UTC] resources selected_device {"device": "cuda", "model": "ts_icl", "stage": "forecast"}
Loading configuration...

============================================================
Dataset: NE_China_Wind/H
Terms: ['short']
Covariate mode: none
Instance normalization: none
============================================================

--- Term: short ---
  Config: prediction_length=24, test_length=720, val_length=720
TIME run allocation action=new run=/fslarge/scratch/users/h61084/codes/fine_time/outputs/task_finetuning/tasks/inference/ts_icl/univariate/NE_China_Wind/H/short/run_0 launch_id=selena_fine_time_20260929T092621Z_11326 slurm_job_id=3607389 launched_at=2026-09-29T11:23:02.229018+00:00
  Initializing model pipeline...
  Dataset info:
    - Frequency: H
    - Num series: 1
    - Target dim: 4
    - Target mode: univariate
    - Covariate channels: 0
    - Series length: min=8764,               max=8764, avg=8764.0
    - Test split: 720 steps
    - Prediction length: 24
    - Windows: 30
TIME run allocation action=new run=/fslarge/scratch/users/h61084/codes/fine_time/outputs/task_finetuning/tasks/frozen/ts_icl/univariate/NE_China_Wind/H/short/run_0 launch_id=selena_fine_time_20260929T092621Z_11326 slurm_job_id=3607389 launched_at=2026-09-29T11:23:05.438622+00:00
    Total instances: 120, Series during experiment: 4, Windows: 30
    Collecting ground truth and context...
    Detected to_univariate case: 4 flat series -> 1 series x 4 variates
    Organizing data into arrays...
    Saved predictions (quantiles) to /fslarge/scratch/users/h61084/codes/fine_time/outputs/task_finetuning/tasks/frozen/ts_icl/univariate/NE_China_Wind/H/short/run_0/predictions.npz
    Computing per-window metrics...
    Saved metrics to /fslarge/scratch/users/h61084/codes/fine_time/outputs/task_finetuning/tasks/frozen/ts_icl/univariate/NE_China_Wind/H/short/run_0/metrics.npz
    Saved aggregate metrics to /fslarge/scratch/users/h61084/codes/fine_time/outputs/task_finetuning/tasks/frozen/ts_icl/univariate/NE_China_Wind/H/short/run_0/metrics_summary.json
    Metrics summary (averaged over all series/windows/variates):
      MSE: 0.1041
      MAE: 0.2173
      RMSE: 0.2530
      MAPE: 0.8451
      sMAPE: 0.5001
      MASE: 0.5101
      ND: 0.4379
      CRPS: 0.3447
  Completed: 1 series × 30 windows
  Output: /fslarge/scratch/users/h61084/codes/fine_time/outputs/task_finetuning/tasks/frozen/ts_icl/univariate/NE_China_Wind/H/short/run_0
  Inference time: 2.861s

============================================================
All experiments completed!
Results saved to: /scratch/users/h61084/codes/fine_time/outputs/task_finetuning/tasks/frozen
============================================================
[44/90] evaluate ts_icl task_finetuned on NE_China_Wind/H/short
[2026-09-29 11:23:05 UTC] resources selected_device {"device": "cuda", "model": "ts_icl", "stage": "forecast"}
Loading configuration...

============================================================
Dataset: NE_China_Wind/H
Terms: ['short']
Covariate mode: none
Instance normalization: none
============================================================

--- Term: short ---
  Config: prediction_length=24, test_length=720, val_length=720
TIME run allocation action=new run=/fslarge/scratch/users/h61084/codes/fine_time/outputs/task_finetuning/tasks/inference/ts_icl/univariate/NE_China_Wind/H/short/run_1 launch_id=selena_fine_time_20260929T092621Z_11326 slurm_job_id=3607389 launched_at=2026-09-29T11:23:05.515048+00:00
  Initializing model pipeline...
  Dataset info:
    - Frequency: H
    - Num series: 1
    - Target dim: 4
    - Target mode: univariate
    - Covariate channels: 0
    - Series length: min=8764,               max=8764, avg=8764.0
    - Test split: 720 steps
    - Prediction length: 24
    - Windows: 30
TIME run allocation action=new run=/fslarge/scratch/users/h61084/codes/fine_time/outputs/task_finetuning/tasks/task_finetuned/ts_icl/univariate/NE_China_Wind/H/short/run_0 launch_id=selena_fine_time_20260929T092621Z_11326 slurm_job_id=3607389 launched_at=2026-09-29T11:23:08.983245+00:00
    Total instances: 120, Series during experiment: 4, Windows: 30
    Collecting ground truth and context...
    Detected to_univariate case: 4 flat series -> 1 series x 4 variates
    Organizing data into arrays...
    Saved predictions (quantiles) to /fslarge/scratch/users/h61084/codes/fine_time/outputs/task_finetuning/tasks/task_finetuned/ts_icl/univariate/NE_China_Wind/H/short/run_0/predictions.npz
    Computing per-window metrics...
    Saved metrics to /fslarge/scratch/users/h61084/codes/fine_time/outputs/task_finetuning/tasks/task_finetuned/ts_icl/univariate/NE_China_Wind/H/short/run_0/metrics.npz
    Saved aggregate metrics to /fslarge/scratch/users/h61084/codes/fine_time/outputs/task_finetuning/tasks/task_finetuned/ts_icl/univariate/NE_China_Wind/H/short/run_0/metrics_summary.json
    Metrics summary (averaged over all series/windows/variates):
      MSE: 0.1044
      MAE: 0.2179
      RMSE: 0.2536
      MAPE: 0.8496
      sMAPE: 0.5002
      MASE: 0.5113
      ND: 0.4387
      CRPS: 0.3448
  Completed: 1 series × 30 windows
  Output: /fslarge/scratch/users/h61084/codes/fine_time/outputs/task_finetuning/tasks/task_finetuned/ts_icl/univariate/NE_China_Wind/H/short/run_0
  Inference time: 2.861s

============================================================
All experiments completed!
Results saved to: /scratch/users/h61084/codes/fine_time/outputs/task_finetuning/tasks/task_finetuned
============================================================
[45/90] evaluate ts_icl frozen on Oil_Price/B/short
[2026-09-29 11:23:09 UTC] resources selected_device {"device": "cuda", "model": "ts_icl", "stage": "forecast"}
Loading configuration...

============================================================
Dataset: Oil_Price/B
Terms: ['short']
Covariate mode: none
Instance normalization: none
============================================================

--- Term: short ---
  Config: prediction_length=20, test_length=717, val_length=100
TIME run allocation action=new run=/fslarge/scratch/users/h61084/codes/fine_time/outputs/task_finetuning/tasks/inference/ts_icl/univariate/Oil_Price/B/short/run_0 launch_id=selena_fine_time_20260929T092621Z_11326 slurm_job_id=3607389 launched_at=2026-09-29T11:23:09.082035+00:00
  Initializing model pipeline...
  Dataset info:
    - Frequency: B
    - Num series: 1
    - Target dim: 12
    - Target mode: univariate
    - Covariate channels: 0
    - Series length: min=5035,               max=5035, avg=5035.0
    - Test split: 717 steps
    - Prediction length: 20
    - Windows: 35
    Processed 320/420...
TIME run allocation action=new run=/fslarge/scratch/users/h61084/codes/fine_time/outputs/task_finetuning/tasks/frozen/ts_icl/univariate/Oil_Price/B/short/run_0 launch_id=selena_fine_time_20260929T092621Z_11326 slurm_job_id=3607389 launched_at=2026-09-29T11:23:18.861755+00:00
    Total instances: 420, Series during experiment: 12, Windows: 35
    Collecting ground truth and context...
    Detected to_univariate case: 12 flat series -> 1 series x 12 variates
    Organizing data into arrays...
    Saved predictions (quantiles) to /fslarge/scratch/users/h61084/codes/fine_time/outputs/task_finetuning/tasks/frozen/ts_icl/univariate/Oil_Price/B/short/run_0/predictions.npz
    Computing per-window metrics...
    Saved metrics to /fslarge/scratch/users/h61084/codes/fine_time/outputs/task_finetuning/tasks/frozen/ts_icl/univariate/Oil_Price/B/short/run_0/metrics.npz
    Saved aggregate metrics to /fslarge/scratch/users/h61084/codes/fine_time/outputs/task_finetuning/tasks/frozen/ts_icl/univariate/Oil_Price/B/short/run_0/metrics_summary.json
    Metrics summary (averaged over all series/windows/variates):
      MSE: 3.2051
      MAE: 0.6757
      RMSE: 0.7789
      MAPE: 0.0564
      sMAPE: 0.0557
      MASE: 1.3435
      ND: 0.0560
      CRPS: 0.0451
  Completed: 1 series × 35 windows
  Output: /fslarge/scratch/users/h61084/codes/fine_time/outputs/task_finetuning/tasks/frozen/ts_icl/univariate/Oil_Price/B/short/run_0
  Inference time: 9.423s

============================================================
All experiments completed!
Results saved to: /scratch/users/h61084/codes/fine_time/outputs/task_finetuning/tasks/frozen
============================================================
[45/90] evaluate ts_icl task_finetuned on Oil_Price/B/short
[2026-09-29 11:23:18 UTC] resources selected_device {"device": "cuda", "model": "ts_icl", "stage": "forecast"}
Loading configuration...

============================================================
Dataset: Oil_Price/B
Terms: ['short']
Covariate mode: none
Instance normalization: none
============================================================

--- Term: short ---
  Config: prediction_length=20, test_length=717, val_length=100
TIME run allocation action=new run=/fslarge/scratch/users/h61084/codes/fine_time/outputs/task_finetuning/tasks/inference/ts_icl/univariate/Oil_Price/B/short/run_1 launch_id=selena_fine_time_20260929T092621Z_11326 slurm_job_id=3607389 launched_at=2026-09-29T11:23:19.021158+00:00
  Initializing model pipeline...
  Dataset info:
    - Frequency: B
    - Num series: 1
    - Target dim: 12
    - Target mode: univariate
    - Covariate channels: 0
    - Series length: min=5035,               max=5035, avg=5035.0
    - Test split: 717 steps
    - Prediction length: 20
    - Windows: 35
    Processed 320/420...
TIME run allocation action=new run=/fslarge/scratch/users/h61084/codes/fine_time/outputs/task_finetuning/tasks/task_finetuned/ts_icl/univariate/Oil_Price/B/short/run_0 launch_id=selena_fine_time_20260929T092621Z_11326 slurm_job_id=3607389 launched_at=2026-09-29T11:23:29.002605+00:00
    Total instances: 420, Series during experiment: 12, Windows: 35
    Collecting ground truth and context...
    Detected to_univariate case: 12 flat series -> 1 series x 12 variates
    Organizing data into arrays...
    Saved predictions (quantiles) to /fslarge/scratch/users/h61084/codes/fine_time/outputs/task_finetuning/tasks/task_finetuned/ts_icl/univariate/Oil_Price/B/short/run_0/predictions.npz
    Computing per-window metrics...
    Saved metrics to /fslarge/scratch/users/h61084/codes/fine_time/outputs/task_finetuning/tasks/task_finetuned/ts_icl/univariate/Oil_Price/B/short/run_0/metrics.npz
    Saved aggregate metrics to /fslarge/scratch/users/h61084/codes/fine_time/outputs/task_finetuning/tasks/task_finetuned/ts_icl/univariate/Oil_Price/B/short/run_0/metrics_summary.json
    Metrics summary (averaged over all series/windows/variates):
      MSE: 3.1695
      MAE: 0.6702
      RMSE: 0.7727
      MAPE: 0.0559
      sMAPE: 0.0553
      MASE: 1.3351
      ND: 0.0556
      CRPS: 0.0448
  Completed: 1 series × 35 windows
  Output: /fslarge/scratch/users/h61084/codes/fine_time/outputs/task_finetuning/tasks/task_finetuned/ts_icl/univariate/Oil_Price/B/short/run_0
  Inference time: 9.398s

============================================================
All experiments completed!
Results saved to: /scratch/users/h61084/codes/fine_time/outputs/task_finetuning/tasks/task_finetuned
============================================================
[46/90] evaluate ts_icl frozen on Online_Retail_2_UCI/D/short
[2026-09-29 11:23:29 UTC] resources selected_device {"device": "cuda", "model": "ts_icl", "stage": "forecast"}
Loading configuration...

============================================================
Dataset: Online_Retail_2_UCI/D
Terms: ['short']
Covariate mode: none
Instance normalization: none
============================================================

--- Term: short ---
  Config: prediction_length=30, test_length=180, val_length=90
TIME run allocation action=new run=/fslarge/scratch/users/h61084/codes/fine_time/outputs/task_finetuning/tasks/inference/ts_icl/univariate/Online_Retail_2_UCI/D/short/run_0 launch_id=selena_fine_time_20260929T092621Z_11326 slurm_job_id=3607389 launched_at=2026-09-29T11:23:29.155779+00:00
  Initializing model pipeline...
  Dataset info:
    - Frequency: D
    - Num series: 1
    - Target dim: 1
    - Target mode: univariate
    - Covariate channels: 0
    - Series length: min=739,               max=739, avg=739.0
    - Test split: 180 steps
    - Prediction length: 30
    - Windows: 6
TIME run allocation action=new run=/fslarge/scratch/users/h61084/codes/fine_time/outputs/task_finetuning/tasks/frozen/ts_icl/univariate/Online_Retail_2_UCI/D/short/run_0 launch_id=selena_fine_time_20260929T092621Z_11326 slurm_job_id=3607389 launched_at=2026-09-29T11:23:29.754412+00:00
    Total instances: 6, Series during experiment: 1, Windows: 6
    Collecting ground truth and context...
    Organizing data into arrays...
    ⚠️  Predictions max value (105359.71) exceeds float16 safe range.
    ⚠️  Applying scale factor: 10 (values will be divided)
    Saved predictions (quantiles) to /fslarge/scratch/users/h61084/codes/fine_time/outputs/task_finetuning/tasks/frozen/ts_icl/univariate/Online_Retail_2_UCI/D/short/run_0/predictions.npz
    Computing per-window metrics...
    Saved metrics to /fslarge/scratch/users/h61084/codes/fine_time/outputs/task_finetuning/tasks/frozen/ts_icl/univariate/Online_Retail_2_UCI/D/short/run_0/metrics.npz
    Saved aggregate metrics to /fslarge/scratch/users/h61084/codes/fine_time/outputs/task_finetuning/tasks/frozen/ts_icl/univariate/Online_Retail_2_UCI/D/short/run_0/metrics_summary.json
    Metrics summary (averaged over all series/windows/variates):
      MSE: 359078391.6318
      MAE: 10657.6066
      RMSE: 16811.2753
      MAPE: 0.3064
      sMAPE: 0.5687
      MASE: 0.6441
      ND: 0.3062
      CRPS: 0.2471
  Completed: 1 series × 6 windows
  Output: /fslarge/scratch/users/h61084/codes/fine_time/outputs/task_finetuning/tasks/frozen/ts_icl/univariate/Online_Retail_2_UCI/D/short/run_0
  Inference time: 0.093s

============================================================
All experiments completed!
Results saved to: /scratch/users/h61084/codes/fine_time/outputs/task_finetuning/tasks/frozen
============================================================
[46/90] evaluate ts_icl task_finetuned on Online_Retail_2_UCI/D/short
[2026-09-29 11:23:29 UTC] resources selected_device {"device": "cuda", "model": "ts_icl", "stage": "forecast"}
Loading configuration...

============================================================
Dataset: Online_Retail_2_UCI/D
Terms: ['short']
Covariate mode: none
Instance normalization: none
============================================================

--- Term: short ---
  Config: prediction_length=30, test_length=180, val_length=90
TIME run allocation action=new run=/fslarge/scratch/users/h61084/codes/fine_time/outputs/task_finetuning/tasks/inference/ts_icl/univariate/Online_Retail_2_UCI/D/short/run_1 launch_id=selena_fine_time_20260929T092621Z_11326 slurm_job_id=3607389 launched_at=2026-09-29T11:23:29.789310+00:00
  Initializing model pipeline...
  Dataset info:
    - Frequency: D
    - Num series: 1
    - Target dim: 1
    - Target mode: univariate
    - Covariate channels: 0
    - Series length: min=739,               max=739, avg=739.0
    - Test split: 180 steps
    - Prediction length: 30
    - Windows: 6
TIME run allocation action=new run=/fslarge/scratch/users/h61084/codes/fine_time/outputs/task_finetuning/tasks/task_finetuned/ts_icl/univariate/Online_Retail_2_UCI/D/short/run_0 launch_id=selena_fine_time_20260929T092621Z_11326 slurm_job_id=3607389 launched_at=2026-09-29T11:23:30.435899+00:00
    Total instances: 6, Series during experiment: 1, Windows: 6
    Collecting ground truth and context...
    Organizing data into arrays...
    ⚠️  Predictions max value (106833.93) exceeds float16 safe range.
    ⚠️  Applying scale factor: 10 (values will be divided)
    Saved predictions (quantiles) to /fslarge/scratch/users/h61084/codes/fine_time/outputs/task_finetuning/tasks/task_finetuned/ts_icl/univariate/Online_Retail_2_UCI/D/short/run_0/predictions.npz
    Computing per-window metrics...
    Saved metrics to /fslarge/scratch/users/h61084/codes/fine_time/outputs/task_finetuning/tasks/task_finetuned/ts_icl/univariate/Online_Retail_2_UCI/D/short/run_0/metrics.npz
    Saved aggregate metrics to /fslarge/scratch/users/h61084/codes/fine_time/outputs/task_finetuning/tasks/task_finetuned/ts_icl/univariate/Online_Retail_2_UCI/D/short/run_0/metrics_summary.json
    Metrics summary (averaged over all series/windows/variates):
      MSE: 354699183.2700
      MAE: 10531.2990
      RMSE: 16699.2616
      MAPE: 0.3069
      sMAPE: 0.5647
      MASE: 0.6364
      ND: 0.3029
      CRPS: 0.2450
  Completed: 1 series × 6 windows
  Output: /fslarge/scratch/users/h61084/codes/fine_time/outputs/task_finetuning/tasks/task_finetuned/ts_icl/univariate/Online_Retail_2_UCI/D/short/run_0
  Inference time: 0.090s

============================================================
All experiments completed!
Results saved to: /scratch/users/h61084/codes/fine_time/outputs/task_finetuning/tasks/task_finetuned
============================================================
[47/90] evaluate ts_icl frozen on OpenElectricity_NEM/5T/long
[2026-09-29 11:23:30 UTC] resources selected_device {"device": "cuda", "model": "ts_icl", "stage": "forecast"}
Loading configuration...

============================================================
Dataset: OpenElectricity_NEM/5T
Terms: ['long']
Covariate mode: none
Instance normalization: none
============================================================

--- Term: long ---
  Config: prediction_length=288, test_length=4032, val_length=4032
TIME run allocation action=new run=/fslarge/scratch/users/h61084/codes/fine_time/outputs/task_finetuning/tasks/inference/ts_icl/univariate/OpenElectricity_NEM/5T/long/run_0 launch_id=selena_fine_time_20260929T092621Z_11326 slurm_job_id=3607389 launched_at=2026-09-29T11:23:30.573556+00:00
  Initializing model pipeline...
  Dataset info:
    - Frequency: 5T
    - Num series: 1
    - Target dim: 10
    - Target mode: univariate
    - Covariate channels: 0
    - Series length: min=43488,               max=43488, avg=43488.0
    - Test split: 4032 steps
    - Prediction length: 288
    - Windows: 14
TIME run allocation action=new run=/fslarge/scratch/users/h61084/codes/fine_time/outputs/task_finetuning/tasks/frozen/ts_icl/univariate/OpenElectricity_NEM/5T/long/run_0 launch_id=selena_fine_time_20260929T092621Z_11326 slurm_job_id=3607389 launched_at=2026-09-29T11:23:34.557260+00:00
    Total instances: 140, Series during experiment: 10, Windows: 14
    Collecting ground truth and context...
    Detected to_univariate case: 10 flat series -> 1 series x 10 variates
    Organizing data into arrays...
    Saved predictions (quantiles) to /fslarge/scratch/users/h61084/codes/fine_time/outputs/task_finetuning/tasks/frozen/ts_icl/univariate/OpenElectricity_NEM/5T/long/run_0/predictions.npz
    Computing per-window metrics...
    Saved metrics to /fslarge/scratch/users/h61084/codes/fine_time/outputs/task_finetuning/tasks/frozen/ts_icl/univariate/OpenElectricity_NEM/5T/long/run_0/metrics.npz
    Saved aggregate metrics to /fslarge/scratch/users/h61084/codes/fine_time/outputs/task_finetuning/tasks/frozen/ts_icl/univariate/OpenElectricity_NEM/5T/long/run_0/metrics_summary.json
    Metrics summary (averaged over all series/windows/variates):
      MSE: 50546.4351
      MAE: 119.9254
      RMSE: 154.3391
      MAPE: 9.1083
      sMAPE: 0.2664
      MASE: 0.7907
      ND: 0.2939
      CRPS: 0.2384
  Completed: 1 series × 14 windows
  Output: /fslarge/scratch/users/h61084/codes/fine_time/outputs/task_finetuning/tasks/frozen/ts_icl/univariate/OpenElectricity_NEM/5T/long/run_0
  Inference time: 3.569s

============================================================
All experiments completed!
Results saved to: /scratch/users/h61084/codes/fine_time/outputs/task_finetuning/tasks/frozen
============================================================
[47/90] evaluate ts_icl task_finetuned on OpenElectricity_NEM/5T/long
[2026-09-29 11:23:34 UTC] resources selected_device {"device": "cuda", "model": "ts_icl", "stage": "forecast"}
Loading configuration...

============================================================
Dataset: OpenElectricity_NEM/5T
Terms: ['long']
Covariate mode: none
Instance normalization: none
============================================================

--- Term: long ---
  Config: prediction_length=288, test_length=4032, val_length=4032
TIME run allocation action=new run=/fslarge/scratch/users/h61084/codes/fine_time/outputs/task_finetuning/tasks/inference/ts_icl/univariate/OpenElectricity_NEM/5T/long/run_1 launch_id=selena_fine_time_20260929T092621Z_11326 slurm_job_id=3607389 launched_at=2026-09-29T11:23:34.771021+00:00
  Initializing model pipeline...
  Dataset info:
    - Frequency: 5T
    - Num series: 1
    - Target dim: 10
    - Target mode: univariate
    - Covariate channels: 0
    - Series length: min=43488,               max=43488, avg=43488.0
    - Test split: 4032 steps
    - Prediction length: 288
    - Windows: 14
TIME run allocation action=new run=/fslarge/scratch/users/h61084/codes/fine_time/outputs/task_finetuning/tasks/task_finetuned/ts_icl/univariate/OpenElectricity_NEM/5T/long/run_0 launch_id=selena_fine_time_20260929T092621Z_11326 slurm_job_id=3607389 launched_at=2026-09-29T11:23:39.011686+00:00
    Total instances: 140, Series during experiment: 10, Windows: 14
    Collecting ground truth and context...
    Detected to_univariate case: 10 flat series -> 1 series x 10 variates
    Organizing data into arrays...
    Saved predictions (quantiles) to /fslarge/scratch/users/h61084/codes/fine_time/outputs/task_finetuning/tasks/task_finetuned/ts_icl/univariate/OpenElectricity_NEM/5T/long/run_0/predictions.npz
    Computing per-window metrics...
    Saved metrics to /fslarge/scratch/users/h61084/codes/fine_time/outputs/task_finetuning/tasks/task_finetuned/ts_icl/univariate/OpenElectricity_NEM/5T/long/run_0/metrics.npz
    Saved aggregate metrics to /fslarge/scratch/users/h61084/codes/fine_time/outputs/task_finetuning/tasks/task_finetuned/ts_icl/univariate/OpenElectricity_NEM/5T/long/run_0/metrics_summary.json
    Metrics summary (averaged over all series/windows/variates):
      MSE: 50235.6397
      MAE: 119.3452
      RMSE: 153.5072
      MAPE: 9.0360
      sMAPE: 0.2668
      MASE: 0.7868
      ND: 0.2919
      CRPS: 0.2363
  Completed: 1 series × 14 windows
  Output: /fslarge/scratch/users/h61084/codes/fine_time/outputs/task_finetuning/tasks/task_finetuned/ts_icl/univariate/OpenElectricity_NEM/5T/long/run_0
  Inference time: 3.565s

============================================================
All experiments completed!
Results saved to: /scratch/users/h61084/codes/fine_time/outputs/task_finetuning/tasks/task_finetuned
============================================================
[48/90] evaluate ts_icl frozen on OpenElectricity_NEM/5T/medium
[2026-09-29 11:23:39 UTC] resources selected_device {"device": "cuda", "model": "ts_icl", "stage": "forecast"}
Loading configuration...

============================================================
Dataset: OpenElectricity_NEM/5T
Terms: ['medium']
Covariate mode: none
Instance normalization: none
============================================================

--- Term: medium ---
  Config: prediction_length=96, test_length=4032, val_length=4032
TIME run allocation action=new run=/fslarge/scratch/users/h61084/codes/fine_time/outputs/task_finetuning/tasks/inference/ts_icl/univariate/OpenElectricity_NEM/5T/medium/run_0 launch_id=selena_fine_time_20260929T092621Z_11326 slurm_job_id=3607389 launched_at=2026-09-29T11:23:39.226924+00:00
  Initializing model pipeline...
  Dataset info:
    - Frequency: 5T
    - Num series: 1
    - Target dim: 10
    - Target mode: univariate
    - Covariate channels: 0
    - Series length: min=43488,               max=43488, avg=43488.0
    - Test split: 4032 steps
    - Prediction length: 96
    - Windows: 42
    Processed 320/420...
TIME run allocation action=new run=/fslarge/scratch/users/h61084/codes/fine_time/outputs/task_finetuning/tasks/frozen/ts_icl/univariate/OpenElectricity_NEM/5T/medium/run_0 launch_id=selena_fine_time_20260929T092621Z_11326 slurm_job_id=3607389 launched_at=2026-09-29T11:23:49.789382+00:00
    Total instances: 420, Series during experiment: 10, Windows: 42
    Collecting ground truth and context...
    Detected to_univariate case: 10 flat series -> 1 series x 10 variates
    Organizing data into arrays...
    Saved predictions (quantiles) to /fslarge/scratch/users/h61084/codes/fine_time/outputs/task_finetuning/tasks/frozen/ts_icl/univariate/OpenElectricity_NEM/5T/medium/run_0/predictions.npz
    Computing per-window metrics...
    Saved metrics to /fslarge/scratch/users/h61084/codes/fine_time/outputs/task_finetuning/tasks/frozen/ts_icl/univariate/OpenElectricity_NEM/5T/medium/run_0/metrics.npz
    Saved aggregate metrics to /fslarge/scratch/users/h61084/codes/fine_time/outputs/task_finetuning/tasks/frozen/ts_icl/univariate/OpenElectricity_NEM/5T/medium/run_0/metrics_summary.json
    Metrics summary (averaged over all series/windows/variates):
      MSE: 38726.8011
      MAE: 99.3839
      RMSE: 123.4942
      MAPE: 6.2509
      sMAPE: 0.2330
      MASE: 0.6449
      ND: 0.2502
      CRPS: 0.2004
  Completed: 1 series × 42 windows
  Output: /fslarge/scratch/users/h61084/codes/fine_time/outputs/task_finetuning/tasks/frozen/ts_icl/univariate/OpenElectricity_NEM/5T/medium/run_0
  Inference time: 10.157s

============================================================
All experiments completed!
Results saved to: /scratch/users/h61084/codes/fine_time/outputs/task_finetuning/tasks/frozen
============================================================
[48/90] evaluate ts_icl task_finetuned on OpenElectricity_NEM/5T/medium
[2026-09-29 11:23:50 UTC] resources selected_device {"device": "cuda", "model": "ts_icl", "stage": "forecast"}
Loading configuration...

============================================================
Dataset: OpenElectricity_NEM/5T
Terms: ['medium']
Covariate mode: none
Instance normalization: none
============================================================

--- Term: medium ---
  Config: prediction_length=96, test_length=4032, val_length=4032
TIME run allocation action=new run=/fslarge/scratch/users/h61084/codes/fine_time/outputs/task_finetuning/tasks/inference/ts_icl/univariate/OpenElectricity_NEM/5T/medium/run_1 launch_id=selena_fine_time_20260929T092621Z_11326 slurm_job_id=3607389 launched_at=2026-09-29T11:23:50.120761+00:00
  Initializing model pipeline...
  Dataset info:
    - Frequency: 5T
    - Num series: 1
    - Target dim: 10
    - Target mode: univariate
    - Covariate channels: 0
    - Series length: min=43488,               max=43488, avg=43488.0
    - Test split: 4032 steps
    - Prediction length: 96
    - Windows: 42
    Processed 320/420...
TIME run allocation action=new run=/fslarge/scratch/users/h61084/codes/fine_time/outputs/task_finetuning/tasks/task_finetuned/ts_icl/univariate/OpenElectricity_NEM/5T/medium/run_0 launch_id=selena_fine_time_20260929T092621Z_11326 slurm_job_id=3607389 launched_at=2026-09-29T11:24:00.913949+00:00
    Total instances: 420, Series during experiment: 10, Windows: 42
    Collecting ground truth and context...
    Detected to_univariate case: 10 flat series -> 1 series x 10 variates
    Organizing data into arrays...
    Saved predictions (quantiles) to /fslarge/scratch/users/h61084/codes/fine_time/outputs/task_finetuning/tasks/task_finetuned/ts_icl/univariate/OpenElectricity_NEM/5T/medium/run_0/predictions.npz
    Computing per-window metrics...
    Saved metrics to /fslarge/scratch/users/h61084/codes/fine_time/outputs/task_finetuning/tasks/task_finetuned/ts_icl/univariate/OpenElectricity_NEM/5T/medium/run_0/metrics.npz
    Saved aggregate metrics to /fslarge/scratch/users/h61084/codes/fine_time/outputs/task_finetuning/tasks/task_finetuned/ts_icl/univariate/OpenElectricity_NEM/5T/medium/run_0/metrics_summary.json
    Metrics summary (averaged over all series/windows/variates):
      MSE: 38273.6381
      MAE: 98.5671
      RMSE: 122.6406
      MAPE: 6.1817
      sMAPE: 0.2320
      MASE: 0.6403
      ND: 0.2482
      CRPS: 0.1988
  Completed: 1 series × 42 windows
  Output: /fslarge/scratch/users/h61084/codes/fine_time/outputs/task_finetuning/tasks/task_finetuned/ts_icl/univariate/OpenElectricity_NEM/5T/medium/run_0
  Inference time: 10.165s

============================================================
All experiments completed!
Results saved to: /scratch/users/h61084/codes/fine_time/outputs/task_finetuning/tasks/task_finetuned
============================================================
[49/90] evaluate ts_icl frozen on OpenElectricity_NEM/5T/short
[2026-09-29 11:24:01 UTC] resources selected_device {"device": "cuda", "model": "ts_icl", "stage": "forecast"}
Loading configuration...

============================================================
Dataset: OpenElectricity_NEM/5T
Terms: ['short']
Covariate mode: none
Instance normalization: none
============================================================

--- Term: short ---
  Config: prediction_length=24, test_length=4032, val_length=4032
TIME run allocation action=new run=/fslarge/scratch/users/h61084/codes/fine_time/outputs/task_finetuning/tasks/inference/ts_icl/univariate/OpenElectricity_NEM/5T/short/run_0 launch_id=selena_fine_time_20260929T092621Z_11326 slurm_job_id=3607389 launched_at=2026-09-29T11:24:01.237380+00:00
  Initializing model pipeline...
  Dataset info:
    - Frequency: 5T
    - Num series: 1
    - Target dim: 10
    - Target mode: univariate
    - Covariate channels: 0
    - Series length: min=43488,               max=43488, avg=43488.0
    - Test split: 4032 steps
    - Prediction length: 24
    - Windows: 168
    Processed 320/1680...
    Processed 640/1680...
    Processed 960/1680...
    Processed 1280/1680...
    Processed 1600/1680...
TIME run allocation action=new run=/fslarge/scratch/users/h61084/codes/fine_time/outputs/task_finetuning/tasks/frozen/ts_icl/univariate/OpenElectricity_NEM/5T/short/run_0 launch_id=selena_fine_time_20260929T092621Z_11326 slurm_job_id=3607389 launched_at=2026-09-29T11:24:41.776678+00:00
    Total instances: 1680, Series during experiment: 10, Windows: 168
    Collecting ground truth and context...
    Detected to_univariate case: 10 flat series -> 1 series x 10 variates
    Organizing data into arrays...
    Saved predictions (quantiles) to /fslarge/scratch/users/h61084/codes/fine_time/outputs/task_finetuning/tasks/frozen/ts_icl/univariate/OpenElectricity_NEM/5T/short/run_0/predictions.npz
    Computing per-window metrics...
    Saved metrics to /fslarge/scratch/users/h61084/codes/fine_time/outputs/task_finetuning/tasks/frozen/ts_icl/univariate/OpenElectricity_NEM/5T/short/run_0/metrics.npz
    Saved aggregate metrics to /fslarge/scratch/users/h61084/codes/fine_time/outputs/task_finetuning/tasks/frozen/ts_icl/univariate/OpenElectricity_NEM/5T/short/run_0/metrics_summary.json
    Metrics summary (averaged over all series/windows/variates):
      MSE: 13372.5862
      MAE: 58.6463
      RMSE: 69.0528
      MAPE: 4.2428
      sMAPE: 0.1707
      MASE: 0.4242
      ND: 0.1706
      CRPS: 0.1386
  Completed: 1 series × 168 windows
  Output: /fslarge/scratch/users/h61084/codes/fine_time/outputs/task_finetuning/tasks/frozen/ts_icl/univariate/OpenElectricity_NEM/5T/short/run_0
  Inference time: 40.041s

============================================================
All experiments completed!
Results saved to: /scratch/users/h61084/codes/fine_time/outputs/task_finetuning/tasks/frozen
============================================================
[49/90] evaluate ts_icl task_finetuned on OpenElectricity_NEM/5T/short
[2026-09-29 11:24:42 UTC] resources selected_device {"device": "cuda", "model": "ts_icl", "stage": "forecast"}
Loading configuration...

============================================================
Dataset: OpenElectricity_NEM/5T
Terms: ['short']
Covariate mode: none
Instance normalization: none
============================================================

--- Term: short ---
  Config: prediction_length=24, test_length=4032, val_length=4032
TIME run allocation action=new run=/fslarge/scratch/users/h61084/codes/fine_time/outputs/task_finetuning/tasks/inference/ts_icl/univariate/OpenElectricity_NEM/5T/short/run_1 launch_id=selena_fine_time_20260929T092621Z_11326 slurm_job_id=3607389 launched_at=2026-09-29T11:24:42.577030+00:00
  Initializing model pipeline...
  Dataset info:
    - Frequency: 5T
    - Num series: 1
    - Target dim: 10
    - Target mode: univariate
    - Covariate channels: 0
    - Series length: min=43488,               max=43488, avg=43488.0
    - Test split: 4032 steps
    - Prediction length: 24
    - Windows: 168
    Processed 320/1680...
    Processed 640/1680...
    Processed 960/1680...
    Processed 1280/1680...
    Processed 1600/1680...
TIME run allocation action=new run=/fslarge/scratch/users/h61084/codes/fine_time/outputs/task_finetuning/tasks/task_finetuned/ts_icl/univariate/OpenElectricity_NEM/5T/short/run_0 launch_id=selena_fine_time_20260929T092621Z_11326 slurm_job_id=3607389 launched_at=2026-09-29T11:25:23.349232+00:00
    Total instances: 1680, Series during experiment: 10, Windows: 168
    Collecting ground truth and context...
    Detected to_univariate case: 10 flat series -> 1 series x 10 variates
    Organizing data into arrays...
    Saved predictions (quantiles) to /fslarge/scratch/users/h61084/codes/fine_time/outputs/task_finetuning/tasks/task_finetuned/ts_icl/univariate/OpenElectricity_NEM/5T/short/run_0/predictions.npz
    Computing per-window metrics...
    Saved metrics to /fslarge/scratch/users/h61084/codes/fine_time/outputs/task_finetuning/tasks/task_finetuned/ts_icl/univariate/OpenElectricity_NEM/5T/short/run_0/metrics.npz
    Saved aggregate metrics to /fslarge/scratch/users/h61084/codes/fine_time/outputs/task_finetuning/tasks/task_finetuned/ts_icl/univariate/OpenElectricity_NEM/5T/short/run_0/metrics_summary.json
    Metrics summary (averaged over all series/windows/variates):
      MSE: 13121.8095
      MAE: 57.9094
      RMSE: 68.2767
      MAPE: 4.1439
      sMAPE: 0.1691
      MASE: 0.4205
      ND: 0.1679
      CRPS: 0.1369
  Completed: 1 series × 168 windows
  Output: /fslarge/scratch/users/h61084/codes/fine_time/outputs/task_finetuning/tasks/task_finetuned/ts_icl/univariate/OpenElectricity_NEM/5T/short/run_0
  Inference time: 40.125s

============================================================
All experiments completed!
Results saved to: /scratch/users/h61084/codes/fine_time/outputs/task_finetuning/tasks/task_finetuned
============================================================
[50/90] evaluate ts_icl frozen on Port_Activity/D/short
[2026-09-29 11:25:24 UTC] resources selected_device {"device": "cuda", "model": "ts_icl", "stage": "forecast"}
Loading configuration...

============================================================
Dataset: Port_Activity/D
Terms: ['short']
Covariate mode: none
Instance normalization: none
============================================================

--- Term: short ---
  Config: prediction_length=30, test_length=365, val_length=90
TIME run allocation action=new run=/fslarge/scratch/users/h61084/codes/fine_time/outputs/task_finetuning/tasks/inference/ts_icl/univariate/Port_Activity/D/short/run_0 launch_id=selena_fine_time_20260929T092621Z_11326 slurm_job_id=3607389 launched_at=2026-09-29T11:25:24.092577+00:00
  Initializing model pipeline...
  Dataset info:
    - Frequency: D
    - Num series: 99
    - Target dim: 2
    - Target mode: univariate
    - Covariate channels: 0
    - Series length: min=2127,               max=2127, avg=2127.0
    - Test split: 365 steps
    - Prediction length: 30
    - Windows: 12
    Processed 320/2376...
    Processed 640/2376...
    Processed 960/2376...
    Processed 1280/2376...
    Processed 1600/2376...
    Processed 1920/2376...
    Processed 2240/2376...
TIME run allocation action=new run=/fslarge/scratch/users/h61084/codes/fine_time/outputs/task_finetuning/tasks/frozen/ts_icl/univariate/Port_Activity/D/short/run_0 launch_id=selena_fine_time_20260929T092621Z_11326 slurm_job_id=3607389 launched_at=2026-09-29T11:26:05.421421+00:00
    Total instances: 2376, Series during experiment: 198, Windows: 12
    Collecting ground truth and context...
    Detected to_univariate case: 198 flat series -> 99 series x 2 variates
    Organizing data into arrays...
    ⚠️  Predictions max value (536474.38) exceeds float16 safe range.
    ⚠️  Applying scale factor: 10 (values will be divided)
    Saved predictions (quantiles) to /fslarge/scratch/users/h61084/codes/fine_time/outputs/task_finetuning/tasks/frozen/ts_icl/univariate/Port_Activity/D/short/run_0/predictions.npz
    Computing per-window metrics...
    Saved metrics to /fslarge/scratch/users/h61084/codes/fine_time/outputs/task_finetuning/tasks/frozen/ts_icl/univariate/Port_Activity/D/short/run_0/metrics.npz
    Saved aggregate metrics to /fslarge/scratch/users/h61084/codes/fine_time/outputs/task_finetuning/tasks/frozen/ts_icl/univariate/Port_Activity/D/short/run_0/metrics_summary.json
    Metrics summary (averaged over all series/windows/variates):
      MSE: 941257987.9869
      MAE: 15490.3952
      RMSE: 21063.9204
      MAPE: 3.0724
      sMAPE: 0.9235
      MASE: 0.6636
      ND: 0.7555
      CRPS: 0.6014
  Completed: 99 series × 12 windows
  Output: /fslarge/scratch/users/h61084/codes/fine_time/outputs/task_finetuning/tasks/frozen/ts_icl/univariate/Port_Activity/D/short/run_0
  Inference time: 40.898s

============================================================
All experiments completed!
Results saved to: /scratch/users/h61084/codes/fine_time/outputs/task_finetuning/tasks/frozen
============================================================
[50/90] evaluate ts_icl task_finetuned on Port_Activity/D/short
[2026-09-29 11:26:06 UTC] resources selected_device {"device": "cuda", "model": "ts_icl", "stage": "forecast"}
Loading configuration...

============================================================
Dataset: Port_Activity/D
Terms: ['short']
Covariate mode: none
Instance normalization: none
============================================================

--- Term: short ---
  Config: prediction_length=30, test_length=365, val_length=90
TIME run allocation action=new run=/fslarge/scratch/users/h61084/codes/fine_time/outputs/task_finetuning/tasks/inference/ts_icl/univariate/Port_Activity/D/short/run_1 launch_id=selena_fine_time_20260929T092621Z_11326 slurm_job_id=3607389 launched_at=2026-09-29T11:26:06.090074+00:00
  Initializing model pipeline...
  Dataset info:
    - Frequency: D
    - Num series: 99
    - Target dim: 2
    - Target mode: univariate
    - Covariate channels: 0
    - Series length: min=2127,               max=2127, avg=2127.0
    - Test split: 365 steps
    - Prediction length: 30
    - Windows: 12
    Processed 320/2376...
    Processed 640/2376...
    Processed 960/2376...
    Processed 1280/2376...
    Processed 1600/2376...
    Processed 1920/2376...
    Processed 2240/2376...
TIME run allocation action=new run=/fslarge/scratch/users/h61084/codes/fine_time/outputs/task_finetuning/tasks/task_finetuned/ts_icl/univariate/Port_Activity/D/short/run_0 launch_id=selena_fine_time_20260929T092621Z_11326 slurm_job_id=3607389 launched_at=2026-09-29T11:26:47.726381+00:00
    Total instances: 2376, Series during experiment: 198, Windows: 12
    Collecting ground truth and context...
    Detected to_univariate case: 198 flat series -> 99 series x 2 variates
    Organizing data into arrays...
    ⚠️  Predictions max value (533272.44) exceeds float16 safe range.
    ⚠️  Applying scale factor: 10 (values will be divided)
    Saved predictions (quantiles) to /fslarge/scratch/users/h61084/codes/fine_time/outputs/task_finetuning/tasks/task_finetuned/ts_icl/univariate/Port_Activity/D/short/run_0/predictions.npz
    Computing per-window metrics...
    Saved metrics to /fslarge/scratch/users/h61084/codes/fine_time/outputs/task_finetuning/tasks/task_finetuned/ts_icl/univariate/Port_Activity/D/short/run_0/metrics.npz
    Saved aggregate metrics to /fslarge/scratch/users/h61084/codes/fine_time/outputs/task_finetuning/tasks/task_finetuned/ts_icl/univariate/Port_Activity/D/short/run_0/metrics_summary.json
    Metrics summary (averaged over all series/windows/variates):
      MSE: 946544658.6998
      MAE: 15461.5531
      RMSE: 21134.5658
      MAPE: 2.9419
      sMAPE: 0.9305
      MASE: 0.6622
      ND: 0.7468
      CRPS: 0.5976
  Completed: 99 series × 12 windows
  Output: /fslarge/scratch/users/h61084/codes/fine_time/outputs/task_finetuning/tasks/task_finetuned/ts_icl/univariate/Port_Activity/D/short/run_0
  Inference time: 40.983s

============================================================
All experiments completed!
Results saved to: /scratch/users/h61084/codes/fine_time/outputs/task_finetuning/tasks/task_finetuned
============================================================
[51/90] evaluate ts_icl frozen on Port_Activity/W/short
[2026-09-29 11:26:48 UTC] resources selected_device {"device": "cuda", "model": "ts_icl", "stage": "forecast"}
Loading configuration...

============================================================
Dataset: Port_Activity/W
Terms: ['short']
Covariate mode: none
Instance normalization: none
============================================================

--- Term: short ---
  Config: prediction_length=13, test_length=52, val_length=13
TIME run allocation action=new run=/fslarge/scratch/users/h61084/codes/fine_time/outputs/task_finetuning/tasks/inference/ts_icl/univariate/Port_Activity/W/short/run_0 launch_id=selena_fine_time_20260929T092621Z_11326 slurm_job_id=3607389 launched_at=2026-09-29T11:26:48.414464+00:00
  Initializing model pipeline...
  Dataset info:
    - Frequency: W
    - Num series: 99
    - Target dim: 2
    - Target mode: univariate
    - Covariate channels: 0
    - Series length: min=304,               max=304, avg=304.0
    - Test split: 52 steps
    - Prediction length: 13
    - Windows: 4
    Processed 320/792...
    Processed 640/792...
TIME run allocation action=new run=/fslarge/scratch/users/h61084/codes/fine_time/outputs/task_finetuning/tasks/frozen/ts_icl/univariate/Port_Activity/W/short/run_0 launch_id=selena_fine_time_20260929T092621Z_11326 slurm_job_id=3607389 launched_at=2026-09-29T11:26:57.728779+00:00
    Total instances: 792, Series during experiment: 198, Windows: 4
    Collecting ground truth and context...
    Detected to_univariate case: 198 flat series -> 99 series x 2 variates
    Organizing data into arrays...
    ⚠️  Predictions max value (2973387.25) exceeds float16 safe range.
    ⚠️  Applying scale factor: 100 (values will be divided)
    Saved predictions (quantiles) to /fslarge/scratch/users/h61084/codes/fine_time/outputs/task_finetuning/tasks/frozen/ts_icl/univariate/Port_Activity/W/short/run_0/predictions.npz
    Computing per-window metrics...
    Saved metrics to /fslarge/scratch/users/h61084/codes/fine_time/outputs/task_finetuning/tasks/frozen/ts_icl/univariate/Port_Activity/W/short/run_0/metrics.npz
    Saved aggregate metrics to /fslarge/scratch/users/h61084/codes/fine_time/outputs/task_finetuning/tasks/frozen/ts_icl/univariate/Port_Activity/W/short/run_0/metrics_summary.json
    Metrics summary (averaged over all series/windows/variates):
      MSE: 6154894922.7862
      MAE: 44470.8496
      RMSE: 54264.4000
      MAPE: 0.6758
      sMAPE: 0.3424
      MASE: 0.7879
      ND: 0.3442
      CRPS: 0.2675
  Completed: 99 series × 4 windows
  Output: /fslarge/scratch/users/h61084/codes/fine_time/outputs/task_finetuning/tasks/frozen/ts_icl/univariate/Port_Activity/W/short/run_0
  Inference time: 8.957s

============================================================
All experiments completed!
Results saved to: /scratch/users/h61084/codes/fine_time/outputs/task_finetuning/tasks/frozen
============================================================
[51/90] evaluate ts_icl task_finetuned on Port_Activity/W/short
[2026-09-29 11:26:57 UTC] resources selected_device {"device": "cuda", "model": "ts_icl", "stage": "forecast"}
Loading configuration...

============================================================
Dataset: Port_Activity/W
Terms: ['short']
Covariate mode: none
Instance normalization: none
============================================================

--- Term: short ---
  Config: prediction_length=13, test_length=52, val_length=13
TIME run allocation action=new run=/fslarge/scratch/users/h61084/codes/fine_time/outputs/task_finetuning/tasks/inference/ts_icl/univariate/Port_Activity/W/short/run_1 launch_id=selena_fine_time_20260929T092621Z_11326 slurm_job_id=3607389 launched_at=2026-09-29T11:26:57.958894+00:00
  Initializing model pipeline...
  Dataset info:
    - Frequency: W
    - Num series: 99
    - Target dim: 2
    - Target mode: univariate
    - Covariate channels: 0
    - Series length: min=304,               max=304, avg=304.0
    - Test split: 52 steps
    - Prediction length: 13
    - Windows: 4
    Processed 320/792...
    Processed 640/792...
TIME run allocation action=new run=/fslarge/scratch/users/h61084/codes/fine_time/outputs/task_finetuning/tasks/task_finetuned/ts_icl/univariate/Port_Activity/W/short/run_0 launch_id=selena_fine_time_20260929T092621Z_11326 slurm_job_id=3607389 launched_at=2026-09-29T11:27:07.440941+00:00
    Total instances: 792, Series during experiment: 198, Windows: 4
    Collecting ground truth and context...
    Detected to_univariate case: 198 flat series -> 99 series x 2 variates
    Organizing data into arrays...
    ⚠️  Predictions max value (2968944.75) exceeds float16 safe range.
    ⚠️  Applying scale factor: 100 (values will be divided)
    Saved predictions (quantiles) to /fslarge/scratch/users/h61084/codes/fine_time/outputs/task_finetuning/tasks/task_finetuned/ts_icl/univariate/Port_Activity/W/short/run_0/predictions.npz
    Computing per-window metrics...
    Saved metrics to /fslarge/scratch/users/h61084/codes/fine_time/outputs/task_finetuning/tasks/task_finetuned/ts_icl/univariate/Port_Activity/W/short/run_0/metrics.npz
    Saved aggregate metrics to /fslarge/scratch/users/h61084/codes/fine_time/outputs/task_finetuning/tasks/task_finetuned/ts_icl/univariate/Port_Activity/W/short/run_0/metrics_summary.json
    Metrics summary (averaged over all series/windows/variates):
      MSE: 6146719292.4030
      MAE: 44430.9155
      RMSE: 54222.4330
      MAPE: 0.6774
      sMAPE: 0.3422
      MASE: 0.7871
      ND: 0.3440
      CRPS: 0.2676
  Completed: 99 series × 4 windows
  Output: /fslarge/scratch/users/h61084/codes/fine_time/outputs/task_finetuning/tasks/task_finetuned/ts_icl/univariate/Port_Activity/W/short/run_0
  Inference time: 8.915s

============================================================
All experiments completed!
Results saved to: /scratch/users/h61084/codes/fine_time/outputs/task_finetuning/tasks/task_finetuned
============================================================
[52/90] evaluate ts_icl frozen on SG_Carpark/15T/long
[2026-09-29 11:27:07 UTC] resources selected_device {"device": "cuda", "model": "ts_icl", "stage": "forecast"}
Loading configuration...

============================================================
Dataset: SG_Carpark/15T
Terms: ['long']
Covariate mode: none
Instance normalization: none
============================================================

--- Term: long ---
  Config: prediction_length=672, test_length=672, val_length=672
TIME run allocation action=new run=/fslarge/scratch/users/h61084/codes/fine_time/outputs/task_finetuning/tasks/inference/ts_icl/univariate/SG_Carpark/15T/long/run_0 launch_id=selena_fine_time_20260929T092621Z_11326 slurm_job_id=3607389 launched_at=2026-09-29T11:27:07.687284+00:00
  Initializing model pipeline...
  Dataset info:
    - Frequency: 15T
    - Num series: 354
    - Target dim: 1
    - Target mode: univariate
    - Covariate channels: 0
    - Series length: min=14495,               max=14495, avg=14495.0
    - Test split: 672 steps
    - Prediction length: 672
    - Windows: 1
    Processed 320/354...
TIME run allocation action=new run=/fslarge/scratch/users/h61084/codes/fine_time/outputs/task_finetuning/tasks/frozen/ts_icl/univariate/SG_Carpark/15T/long/run_0 launch_id=selena_fine_time_20260929T092621Z_11326 slurm_job_id=3607389 launched_at=2026-09-29T11:27:18.296995+00:00
    Total instances: 354, Series during experiment: 354, Windows: 1
    Collecting ground truth and context...
    Organizing data into arrays...
    Saved predictions (quantiles) to /fslarge/scratch/users/h61084/codes/fine_time/outputs/task_finetuning/tasks/frozen/ts_icl/univariate/SG_Carpark/15T/long/run_0/predictions.npz
    Computing per-window metrics...
    Saved metrics to /fslarge/scratch/users/h61084/codes/fine_time/outputs/task_finetuning/tasks/frozen/ts_icl/univariate/SG_Carpark/15T/long/run_0/metrics.npz
    Saved aggregate metrics to /fslarge/scratch/users/h61084/codes/fine_time/outputs/task_finetuning/tasks/frozen/ts_icl/univariate/SG_Carpark/15T/long/run_0/metrics_summary.json
    Metrics summary (averaged over all series/windows/variates):
      MSE: 896.3040
      MAE: 12.9956
      RMSE: 18.7886
      MAPE: 0.0767
      sMAPE: 0.0754
      MASE: 0.8408
      ND: 0.0717
      CRPS: 0.0554
  Completed: 354 series × 1 windows
  Output: /fslarge/scratch/users/h61084/codes/fine_time/outputs/task_finetuning/tasks/frozen/ts_icl/univariate/SG_Carpark/15T/long/run_0
  Inference time: 9.954s

============================================================
All experiments completed!
Results saved to: /scratch/users/h61084/codes/fine_time/outputs/task_finetuning/tasks/frozen
============================================================
[52/90] evaluate ts_icl task_finetuned on SG_Carpark/15T/long
[2026-09-29 11:27:18 UTC] resources selected_device {"device": "cuda", "model": "ts_icl", "stage": "forecast"}
Loading configuration...

============================================================
Dataset: SG_Carpark/15T
Terms: ['long']
Covariate mode: none
Instance normalization: none
============================================================

--- Term: long ---
  Config: prediction_length=672, test_length=672, val_length=672
TIME run allocation action=new run=/fslarge/scratch/users/h61084/codes/fine_time/outputs/task_finetuning/tasks/inference/ts_icl/univariate/SG_Carpark/15T/long/run_1 launch_id=selena_fine_time_20260929T092621Z_11326 slurm_job_id=3607389 launched_at=2026-09-29T11:27:18.841203+00:00
  Initializing model pipeline...
  Dataset info:
    - Frequency: 15T
    - Num series: 354
    - Target dim: 1
    - Target mode: univariate
    - Covariate channels: 0
    - Series length: min=14495,               max=14495, avg=14495.0
    - Test split: 672 steps
    - Prediction length: 672
    - Windows: 1
    Processed 320/354...
TIME run allocation action=new run=/fslarge/scratch/users/h61084/codes/fine_time/outputs/task_finetuning/tasks/task_finetuned/ts_icl/univariate/SG_Carpark/15T/long/run_0 launch_id=selena_fine_time_20260929T092621Z_11326 slurm_job_id=3607389 launched_at=2026-09-29T11:27:29.649318+00:00
    Total instances: 354, Series during experiment: 354, Windows: 1
    Collecting ground truth and context...
    Organizing data into arrays...
    Saved predictions (quantiles) to /fslarge/scratch/users/h61084/codes/fine_time/outputs/task_finetuning/tasks/task_finetuned/ts_icl/univariate/SG_Carpark/15T/long/run_0/predictions.npz
    Computing per-window metrics...
    Saved metrics to /fslarge/scratch/users/h61084/codes/fine_time/outputs/task_finetuning/tasks/task_finetuned/ts_icl/univariate/SG_Carpark/15T/long/run_0/metrics.npz
    Saved aggregate metrics to /fslarge/scratch/users/h61084/codes/fine_time/outputs/task_finetuning/tasks/task_finetuned/ts_icl/univariate/SG_Carpark/15T/long/run_0/metrics_summary.json
    Metrics summary (averaged over all series/windows/variates):
      MSE: 897.0528
      MAE: 12.9700
      RMSE: 18.7651
      MAPE: 0.0770
      sMAPE: 0.0751
      MASE: 0.8389
      ND: 0.0716
      CRPS: 0.0553
  Completed: 354 series × 1 windows
  Output: /fslarge/scratch/users/h61084/codes/fine_time/outputs/task_finetuning/tasks/task_finetuned/ts_icl/univariate/SG_Carpark/15T/long/run_0
  Inference time: 9.947s

============================================================
All experiments completed!
Results saved to: /scratch/users/h61084/codes/fine_time/outputs/task_finetuning/tasks/task_finetuned
============================================================
[53/90] evaluate ts_icl frozen on SG_Carpark/15T/medium
[2026-09-29 11:27:30 UTC] resources selected_device {"device": "cuda", "model": "ts_icl", "stage": "forecast"}
Loading configuration...

============================================================
Dataset: SG_Carpark/15T
Terms: ['medium']
Covariate mode: none
Instance normalization: none
============================================================

--- Term: medium ---
  Config: prediction_length=96, test_length=672, val_length=672
TIME run allocation action=new run=/fslarge/scratch/users/h61084/codes/fine_time/outputs/task_finetuning/tasks/inference/ts_icl/univariate/SG_Carpark/15T/medium/run_0 launch_id=selena_fine_time_20260929T092621Z_11326 slurm_job_id=3607389 launched_at=2026-09-29T11:27:30.219413+00:00
  Initializing model pipeline...
  Dataset info:
    - Frequency: 15T
    - Num series: 354
    - Target dim: 1
    - Target mode: univariate
    - Covariate channels: 0
    - Series length: min=14495,               max=14495, avg=14495.0
    - Test split: 672 steps
    - Prediction length: 96
    - Windows: 7
    Processed 320/2478...
    Processed 640/2478...
    Processed 960/2478...
    Processed 1280/2478...
    Processed 1600/2478...
    Processed 1920/2478...
    Processed 2240/2478...
TIME run allocation action=new run=/fslarge/scratch/users/h61084/codes/fine_time/outputs/task_finetuning/tasks/frozen/ts_icl/univariate/SG_Carpark/15T/medium/run_0 launch_id=selena_fine_time_20260929T092621Z_11326 slurm_job_id=3607389 launched_at=2026-09-29T11:28:31.941165+00:00
    Total instances: 2478, Series during experiment: 354, Windows: 7
    Collecting ground truth and context...
    Organizing data into arrays...
    Saved predictions (quantiles) to /fslarge/scratch/users/h61084/codes/fine_time/outputs/task_finetuning/tasks/frozen/ts_icl/univariate/SG_Carpark/15T/medium/run_0/predictions.npz
    Computing per-window metrics...
    Saved metrics to /fslarge/scratch/users/h61084/codes/fine_time/outputs/task_finetuning/tasks/frozen/ts_icl/univariate/SG_Carpark/15T/medium/run_0/metrics.npz
    Saved aggregate metrics to /fslarge/scratch/users/h61084/codes/fine_time/outputs/task_finetuning/tasks/frozen/ts_icl/univariate/SG_Carpark/15T/medium/run_0/metrics_summary.json
    Metrics summary (averaged over all series/windows/variates):
      MSE: 515.6485
      MAE: 9.5156
      RMSE: 13.0862
      MAPE: 0.0603
      sMAPE: 0.0619
      MASE: 0.6268
      ND: 0.0521
      CRPS: 0.0406
  Completed: 354 series × 7 windows
  Output: /fslarge/scratch/users/h61084/codes/fine_time/outputs/task_finetuning/tasks/frozen/ts_icl/univariate/SG_Carpark/15T/medium/run_0
  Inference time: 61.043s

============================================================
All experiments completed!
Results saved to: /scratch/users/h61084/codes/fine_time/outputs/task_finetuning/tasks/frozen
============================================================
[53/90] evaluate ts_icl task_finetuned on SG_Carpark/15T/medium
[2026-09-29 11:28:33 UTC] resources selected_device {"device": "cuda", "model": "ts_icl", "stage": "forecast"}
Loading configuration...

============================================================
Dataset: SG_Carpark/15T
Terms: ['medium']
Covariate mode: none
Instance normalization: none
============================================================

--- Term: medium ---
  Config: prediction_length=96, test_length=672, val_length=672
TIME run allocation action=new run=/fslarge/scratch/users/h61084/codes/fine_time/outputs/task_finetuning/tasks/inference/ts_icl/univariate/SG_Carpark/15T/medium/run_1 launch_id=selena_fine_time_20260929T092621Z_11326 slurm_job_id=3607389 launched_at=2026-09-29T11:28:33.224448+00:00
  Initializing model pipeline...
  Dataset info:
    - Frequency: 15T
    - Num series: 354
    - Target dim: 1
    - Target mode: univariate
    - Covariate channels: 0
    - Series length: min=14495,               max=14495, avg=14495.0
    - Test split: 672 steps
    - Prediction length: 96
    - Windows: 7
    Processed 320/2478...
    Processed 640/2478...
    Processed 960/2478...
    Processed 1280/2478...
    Processed 1600/2478...
    Processed 1920/2478...
    Processed 2240/2478...
TIME run allocation action=new run=/fslarge/scratch/users/h61084/codes/fine_time/outputs/task_finetuning/tasks/task_finetuned/ts_icl/univariate/SG_Carpark/15T/medium/run_0 launch_id=selena_fine_time_20260929T092621Z_11326 slurm_job_id=3607389 launched_at=2026-09-29T11:29:35.292371+00:00
    Total instances: 2478, Series during experiment: 354, Windows: 7
    Collecting ground truth and context...
    Organizing data into arrays...
    Saved predictions (quantiles) to /fslarge/scratch/users/h61084/codes/fine_time/outputs/task_finetuning/tasks/task_finetuned/ts_icl/univariate/SG_Carpark/15T/medium/run_0/predictions.npz
    Computing per-window metrics...
    Saved metrics to /fslarge/scratch/users/h61084/codes/fine_time/outputs/task_finetuning/tasks/task_finetuned/ts_icl/univariate/SG_Carpark/15T/medium/run_0/metrics.npz
    Saved aggregate metrics to /fslarge/scratch/users/h61084/codes/fine_time/outputs/task_finetuning/tasks/task_finetuned/ts_icl/univariate/SG_Carpark/15T/medium/run_0/metrics_summary.json
    Metrics summary (averaged over all series/windows/variates):
      MSE: 504.3730
      MAE: 9.3807
      RMSE: 12.8992
      MAPE: 0.0598
      sMAPE: 0.0613
      MASE: 0.6186
      ND: 0.0515
      CRPS: 0.0402
  Completed: 354 series × 7 windows
  Output: /fslarge/scratch/users/h61084/codes/fine_time/outputs/task_finetuning/tasks/task_finetuned/ts_icl/univariate/SG_Carpark/15T/medium/run_0
  Inference time: 61.144s

============================================================
All experiments completed!
Results saved to: /scratch/users/h61084/codes/fine_time/outputs/task_finetuning/tasks/task_finetuned
============================================================
[54/90] evaluate ts_icl frozen on SG_Carpark/15T/short
[2026-09-29 11:29:36 UTC] resources selected_device {"device": "cuda", "model": "ts_icl", "stage": "forecast"}
Loading configuration...

============================================================
Dataset: SG_Carpark/15T
Terms: ['short']
Covariate mode: none
Instance normalization: none
============================================================

--- Term: short ---
  Config: prediction_length=16, test_length=672, val_length=672
TIME run allocation action=new run=/fslarge/scratch/users/h61084/codes/fine_time/outputs/task_finetuning/tasks/inference/ts_icl/univariate/SG_Carpark/15T/short/run_0 launch_id=selena_fine_time_20260929T092621Z_11326 slurm_job_id=3607389 launched_at=2026-09-29T11:29:36.485596+00:00
  Initializing model pipeline...
  Dataset info:
    - Frequency: 15T
    - Num series: 354
    - Target dim: 1
    - Target mode: univariate
    - Covariate channels: 0
    - Series length: min=14495,               max=14495, avg=14495.0
    - Test split: 672 steps
    - Prediction length: 16
    - Windows: 42
    Processed 320/14868...
    Processed 640/14868...
    Processed 960/14868...
    Processed 1280/14868...
    Processed 1600/14868...
    Processed 1920/14868...
    Processed 2240/14868...
    Processed 2560/14868...
    Processed 2880/14868...
    Processed 3200/14868...
    Processed 3520/14868...
    Processed 3840/14868...
    Processed 4160/14868...
    Processed 4480/14868...
    Processed 4800/14868...
    Processed 5120/14868...
    Processed 5440/14868...
    Processed 5760/14868...
    Processed 6080/14868...
    Processed 6400/14868...
    Processed 6720/14868...
    Processed 7040/14868...
    Processed 7360/14868...
    Processed 7680/14868...
    Processed 8000/14868...
    Processed 8320/14868...
    Processed 8640/14868...
    Processed 8960/14868...
    Processed 9280/14868...
    Processed 9600/14868...
    Processed 9920/14868...
    Processed 10240/14868...
    Processed 10560/14868...
    Processed 10880/14868...
    Processed 11200/14868...
    Processed 11520/14868...
    Processed 11840/14868...
    Processed 12160/14868...
    Processed 12480/14868...
    Processed 12800/14868...
    Processed 13120/14868...
    Processed 13440/14868...
    Processed 13760/14868...
    Processed 14080/14868...
    Processed 14400/14868...
    Processed 14720/14868...
TIME run allocation action=new run=/fslarge/scratch/users/h61084/codes/fine_time/outputs/task_finetuning/tasks/frozen/ts_icl/univariate/SG_Carpark/15T/short/run_0 launch_id=selena_fine_time_20260929T092621Z_11326 slurm_job_id=3607389 launched_at=2026-09-29T11:35:37.846937+00:00
    Total instances: 14868, Series during experiment: 354, Windows: 42
    Collecting ground truth and context...
    Organizing data into arrays...
    Saved predictions (quantiles) to /fslarge/scratch/users/h61084/codes/fine_time/outputs/task_finetuning/tasks/frozen/ts_icl/univariate/SG_Carpark/15T/short/run_0/predictions.npz
    Computing per-window metrics...
    Saved metrics to /fslarge/scratch/users/h61084/codes/fine_time/outputs/task_finetuning/tasks/frozen/ts_icl/univariate/SG_Carpark/15T/short/run_0/metrics.npz
    Saved aggregate metrics to /fslarge/scratch/users/h61084/codes/fine_time/outputs/task_finetuning/tasks/frozen/ts_icl/univariate/SG_Carpark/15T/short/run_0/metrics_summary.json
    Metrics summary (averaged over all series/windows/variates):
      MSE: 234.4967
      MAE: 5.8842
      RMSE: 7.5258
      MAPE: 0.0373
      sMAPE: 0.0467
      MASE: 0.4056
      ND: 0.0366
      CRPS: 0.0287
  Completed: 354 series × 42 windows
  Output: /fslarge/scratch/users/h61084/codes/fine_time/outputs/task_finetuning/tasks/frozen/ts_icl/univariate/SG_Carpark/15T/short/run_0
  Inference time: 360.484s

============================================================
All experiments completed!
Results saved to: /scratch/users/h61084/codes/fine_time/outputs/task_finetuning/tasks/frozen
============================================================
[54/90] evaluate ts_icl task_finetuned on SG_Carpark/15T/short
[2026-09-29 11:35:42 UTC] resources selected_device {"device": "cuda", "model": "ts_icl", "stage": "forecast"}
Loading configuration...

============================================================
Dataset: SG_Carpark/15T
Terms: ['short']
Covariate mode: none
Instance normalization: none
============================================================

--- Term: short ---
  Config: prediction_length=16, test_length=672, val_length=672
TIME run allocation action=new run=/fslarge/scratch/users/h61084/codes/fine_time/outputs/task_finetuning/tasks/inference/ts_icl/univariate/SG_Carpark/15T/short/run_1 launch_id=selena_fine_time_20260929T092621Z_11326 slurm_job_id=3607389 launched_at=2026-09-29T11:35:42.680001+00:00
  Initializing model pipeline...
  Dataset info:
    - Frequency: 15T
    - Num series: 354
    - Target dim: 1
    - Target mode: univariate
    - Covariate channels: 0
    - Series length: min=14495,               max=14495, avg=14495.0
    - Test split: 672 steps
    - Prediction length: 16
    - Windows: 42
    Processed 320/14868...
    Processed 640/14868...
    Processed 960/14868...
    Processed 1280/14868...
    Processed 1600/14868...
    Processed 1920/14868...
    Processed 2240/14868...
    Processed 2560/14868...
    Processed 2880/14868...
    Processed 3200/14868...
    Processed 3520/14868...
    Processed 3840/14868...
    Processed 4160/14868...
    Processed 4480/14868...
    Processed 4800/14868...
    Processed 5120/14868...
    Processed 5440/14868...
    Processed 5760/14868...
    Processed 6080/14868...
    Processed 6400/14868...
    Processed 6720/14868...
    Processed 7040/14868...
    Processed 7360/14868...
    Processed 7680/14868...
    Processed 8000/14868...
    Processed 8320/14868...
    Processed 8640/14868...
    Processed 8960/14868...
    Processed 9280/14868...
    Processed 9600/14868...
    Processed 9920/14868...
    Processed 10240/14868...
    Processed 10560/14868...
    Processed 10880/14868...
    Processed 11200/14868...
    Processed 11520/14868...
    Processed 11840/14868...
    Processed 12160/14868...
    Processed 12480/14868...
    Processed 12800/14868...
    Processed 13120/14868...
    Processed 13440/14868...
    Processed 13760/14868...
    Processed 14080/14868...
    Processed 14400/14868...
    Processed 14720/14868...
TIME run allocation action=new run=/fslarge/scratch/users/h61084/codes/fine_time/outputs/task_finetuning/tasks/task_finetuned/ts_icl/univariate/SG_Carpark/15T/short/run_0 launch_id=selena_fine_time_20260929T092621Z_11326 slurm_job_id=3607389 launched_at=2026-09-29T11:41:44.359763+00:00
    Total instances: 14868, Series during experiment: 354, Windows: 42
    Collecting ground truth and context...
    Organizing data into arrays...
    Saved predictions (quantiles) to /fslarge/scratch/users/h61084/codes/fine_time/outputs/task_finetuning/tasks/task_finetuned/ts_icl/univariate/SG_Carpark/15T/short/run_0/predictions.npz
    Computing per-window metrics...
    Saved metrics to /fslarge/scratch/users/h61084/codes/fine_time/outputs/task_finetuning/tasks/task_finetuned/ts_icl/univariate/SG_Carpark/15T/short/run_0/metrics.npz
    Saved aggregate metrics to /fslarge/scratch/users/h61084/codes/fine_time/outputs/task_finetuning/tasks/task_finetuned/ts_icl/univariate/SG_Carpark/15T/short/run_0/metrics_summary.json
    Metrics summary (averaged over all series/windows/variates):
      MSE: 233.7278
      MAE: 5.8642
      RMSE: 7.5045
      MAPE: 0.0370
      sMAPE: 0.0467
      MASE: 0.4042
      ND: 0.0364
      CRPS: 0.0286
  Completed: 354 series × 42 windows
  Output: /fslarge/scratch/users/h61084/codes/fine_time/outputs/task_finetuning/tasks/task_finetuned/ts_icl/univariate/SG_Carpark/15T/short/run_0
  Inference time: 360.574s

============================================================
All experiments completed!
Results saved to: /scratch/users/h61084/codes/fine_time/outputs/task_finetuning/tasks/task_finetuned
============================================================
[55/90] evaluate ts_icl frozen on SG_PM25/H/long
[2026-09-29 11:41:49 UTC] resources selected_device {"device": "cuda", "model": "ts_icl", "stage": "forecast"}
Loading configuration...

============================================================
Dataset: SG_PM25/H
Terms: ['long']
Covariate mode: none
Instance normalization: none
============================================================

--- Term: long ---
  Config: prediction_length=168, test_length=2208, val_length=2160
TIME run allocation action=new run=/fslarge/scratch/users/h61084/codes/fine_time/outputs/task_finetuning/tasks/inference/ts_icl/univariate/SG_PM25/H/long/run_0 launch_id=selena_fine_time_20260929T092621Z_11326 slurm_job_id=3607389 launched_at=2026-09-29T11:41:49.294545+00:00
  Initializing model pipeline...
  Dataset info:
    - Frequency: H
    - Num series: 1
    - Target dim: 5
    - Target mode: univariate
    - Covariate channels: 0
    - Series length: min=38688,               max=38688, avg=38688.0
    - Test split: 2208 steps
    - Prediction length: 168
    - Windows: 13
TIME run allocation action=new run=/fslarge/scratch/users/h61084/codes/fine_time/outputs/task_finetuning/tasks/frozen/ts_icl/univariate/SG_PM25/H/long/run_0 launch_id=selena_fine_time_20260929T092621Z_11326 slurm_job_id=3607389 launched_at=2026-09-29T11:41:51.528756+00:00
    Total instances: 65, Series during experiment: 5, Windows: 13
    Collecting ground truth and context...
    Detected to_univariate case: 5 flat series -> 1 series x 5 variates
    Organizing data into arrays...
    Saved predictions (quantiles) to /fslarge/scratch/users/h61084/codes/fine_time/outputs/task_finetuning/tasks/frozen/ts_icl/univariate/SG_PM25/H/long/run_0/predictions.npz
    Computing per-window metrics...
    Saved metrics to /fslarge/scratch/users/h61084/codes/fine_time/outputs/task_finetuning/tasks/frozen/ts_icl/univariate/SG_PM25/H/long/run_0/metrics.npz
    Saved aggregate metrics to /fslarge/scratch/users/h61084/codes/fine_time/outputs/task_finetuning/tasks/frozen/ts_icl/univariate/SG_PM25/H/long/run_0/metrics_summary.json
    Metrics summary (averaged over all series/windows/variates):
      MSE: 48.4334
      MAE: 5.0409
      RMSE: 6.5601
      MAPE: 0.5431
      sMAPE: 0.4253
      MASE: 0.9583
      ND: 0.4112
      CRPS: 0.3242
  Completed: 1 series × 13 windows
  Output: /fslarge/scratch/users/h61084/codes/fine_time/outputs/task_finetuning/tasks/frozen/ts_icl/univariate/SG_PM25/H/long/run_0
  Inference time: 1.670s

============================================================
All experiments completed!
Results saved to: /scratch/users/h61084/codes/fine_time/outputs/task_finetuning/tasks/frozen
============================================================
[55/90] evaluate ts_icl task_finetuned on SG_PM25/H/long
[2026-09-29 11:41:51 UTC] resources selected_device {"device": "cuda", "model": "ts_icl", "stage": "forecast"}
Loading configuration...

============================================================
Dataset: SG_PM25/H
Terms: ['long']
Covariate mode: none
Instance normalization: none
============================================================

--- Term: long ---
  Config: prediction_length=168, test_length=2208, val_length=2160
TIME run allocation action=new run=/fslarge/scratch/users/h61084/codes/fine_time/outputs/task_finetuning/tasks/inference/ts_icl/univariate/SG_PM25/H/long/run_1 launch_id=selena_fine_time_20260929T092621Z_11326 slurm_job_id=3607389 launched_at=2026-09-29T11:41:51.637322+00:00
  Initializing model pipeline...
  Dataset info:
    - Frequency: H
    - Num series: 1
    - Target dim: 5
    - Target mode: univariate
    - Covariate channels: 0
    - Series length: min=38688,               max=38688, avg=38688.0
    - Test split: 2208 steps
    - Prediction length: 168
    - Windows: 13
TIME run allocation action=new run=/fslarge/scratch/users/h61084/codes/fine_time/outputs/task_finetuning/tasks/task_finetuned/ts_icl/univariate/SG_PM25/H/long/run_0 launch_id=selena_fine_time_20260929T092621Z_11326 slurm_job_id=3607389 launched_at=2026-09-29T11:41:53.942364+00:00
    Total instances: 65, Series during experiment: 5, Windows: 13
    Collecting ground truth and context...
    Detected to_univariate case: 5 flat series -> 1 series x 5 variates
    Organizing data into arrays...
    Saved predictions (quantiles) to /fslarge/scratch/users/h61084/codes/fine_time/outputs/task_finetuning/tasks/task_finetuned/ts_icl/univariate/SG_PM25/H/long/run_0/predictions.npz
    Computing per-window metrics...
    Saved metrics to /fslarge/scratch/users/h61084/codes/fine_time/outputs/task_finetuning/tasks/task_finetuned/ts_icl/univariate/SG_PM25/H/long/run_0/metrics.npz
    Saved aggregate metrics to /fslarge/scratch/users/h61084/codes/fine_time/outputs/task_finetuning/tasks/task_finetuned/ts_icl/univariate/SG_PM25/H/long/run_0/metrics_summary.json
    Metrics summary (averaged over all series/windows/variates):
      MSE: 48.7618
      MAE: 5.0279
      RMSE: 6.5717
      MAPE: 0.5310
      sMAPE: 0.4247
      MASE: 0.9558
      ND: 0.4093
      CRPS: 0.3221
  Completed: 1 series × 13 windows
  Output: /fslarge/scratch/users/h61084/codes/fine_time/outputs/task_finetuning/tasks/task_finetuned/ts_icl/univariate/SG_PM25/H/long/run_0
  Inference time: 1.667s

============================================================
All experiments completed!
Results saved to: /scratch/users/h61084/codes/fine_time/outputs/task_finetuning/tasks/task_finetuned
============================================================
[56/90] evaluate ts_icl frozen on SG_PM25/H/medium
[2026-09-29 11:41:53 UTC] resources selected_device {"device": "cuda", "model": "ts_icl", "stage": "forecast"}
Loading configuration...

============================================================
Dataset: SG_PM25/H
Terms: ['medium']
Covariate mode: none
Instance normalization: none
============================================================

--- Term: medium ---
  Config: prediction_length=72, test_length=2208, val_length=2160
TIME run allocation action=new run=/fslarge/scratch/users/h61084/codes/fine_time/outputs/task_finetuning/tasks/inference/ts_icl/univariate/SG_PM25/H/medium/run_0 launch_id=selena_fine_time_20260929T092621Z_11326 slurm_job_id=3607389 launched_at=2026-09-29T11:41:54.056041+00:00
  Initializing model pipeline...
  Dataset info:
    - Frequency: H
    - Num series: 1
    - Target dim: 5
    - Target mode: univariate
    - Covariate channels: 0
    - Series length: min=38688,               max=38688, avg=38688.0
    - Test split: 2208 steps
    - Prediction length: 72
    - Windows: 30
TIME run allocation action=new run=/fslarge/scratch/users/h61084/codes/fine_time/outputs/task_finetuning/tasks/frozen/ts_icl/univariate/SG_PM25/H/medium/run_0 launch_id=selena_fine_time_20260929T092621Z_11326 slurm_job_id=3607389 launched_at=2026-09-29T11:41:58.132745+00:00
    Total instances: 150, Series during experiment: 5, Windows: 30
    Collecting ground truth and context...
    Detected to_univariate case: 5 flat series -> 1 series x 5 variates
    Organizing data into arrays...
    Saved predictions (quantiles) to /fslarge/scratch/users/h61084/codes/fine_time/outputs/task_finetuning/tasks/frozen/ts_icl/univariate/SG_PM25/H/medium/run_0/predictions.npz
    Computing per-window metrics...
    Saved metrics to /fslarge/scratch/users/h61084/codes/fine_time/outputs/task_finetuning/tasks/frozen/ts_icl/univariate/SG_PM25/H/medium/run_0/metrics.npz
    Saved aggregate metrics to /fslarge/scratch/users/h61084/codes/fine_time/outputs/task_finetuning/tasks/frozen/ts_icl/univariate/SG_PM25/H/medium/run_0/metrics_summary.json
    Metrics summary (averaged over all series/windows/variates):
      MSE: 46.3975
      MAE: 4.8948
      RMSE: 6.2310
      MAPE: 0.5166
      sMAPE: 0.4149
      MASE: 0.9304
      ND: 0.4006
      CRPS: 0.3146
  Completed: 1 series × 30 windows
  Output: /fslarge/scratch/users/h61084/codes/fine_time/outputs/task_finetuning/tasks/frozen/ts_icl/univariate/SG_PM25/H/medium/run_0
  Inference time: 3.715s

============================================================
All experiments completed!
Results saved to: /scratch/users/h61084/codes/fine_time/outputs/task_finetuning/tasks/frozen
============================================================
[56/90] evaluate ts_icl task_finetuned on SG_PM25/H/medium
[2026-09-29 11:41:58 UTC] resources selected_device {"device": "cuda", "model": "ts_icl", "stage": "forecast"}
Loading configuration...

============================================================
Dataset: SG_PM25/H
Terms: ['medium']
Covariate mode: none
Instance normalization: none
============================================================

--- Term: medium ---
  Config: prediction_length=72, test_length=2208, val_length=2160
TIME run allocation action=new run=/fslarge/scratch/users/h61084/codes/fine_time/outputs/task_finetuning/tasks/inference/ts_icl/univariate/SG_PM25/H/medium/run_1 launch_id=selena_fine_time_20260929T092621Z_11326 slurm_job_id=3607389 launched_at=2026-09-29T11:41:58.271651+00:00
  Initializing model pipeline...
  Dataset info:
    - Frequency: H
    - Num series: 1
    - Target dim: 5
    - Target mode: univariate
    - Covariate channels: 0
    - Series length: min=38688,               max=38688, avg=38688.0
    - Test split: 2208 steps
    - Prediction length: 72
    - Windows: 30
TIME run allocation action=new run=/fslarge/scratch/users/h61084/codes/fine_time/outputs/task_finetuning/tasks/task_finetuned/ts_icl/univariate/SG_PM25/H/medium/run_0 launch_id=selena_fine_time_20260929T092621Z_11326 slurm_job_id=3607389 launched_at=2026-09-29T11:42:02.568516+00:00
    Total instances: 150, Series during experiment: 5, Windows: 30
    Collecting ground truth and context...
    Detected to_univariate case: 5 flat series -> 1 series x 5 variates
    Organizing data into arrays...
    Saved predictions (quantiles) to /fslarge/scratch/users/h61084/codes/fine_time/outputs/task_finetuning/tasks/task_finetuned/ts_icl/univariate/SG_PM25/H/medium/run_0/predictions.npz
    Computing per-window metrics...
    Saved metrics to /fslarge/scratch/users/h61084/codes/fine_time/outputs/task_finetuning/tasks/task_finetuned/ts_icl/univariate/SG_PM25/H/medium/run_0/metrics.npz
    Saved aggregate metrics to /fslarge/scratch/users/h61084/codes/fine_time/outputs/task_finetuning/tasks/task_finetuned/ts_icl/univariate/SG_PM25/H/medium/run_0/metrics_summary.json
    Metrics summary (averaged over all series/windows/variates):
      MSE: 46.7672
      MAE: 4.8894
      RMSE: 6.2433
      MAPE: 0.5073
      sMAPE: 0.4147
      MASE: 0.9294
      ND: 0.3988
      CRPS: 0.3130
  Completed: 1 series × 30 windows
  Output: /fslarge/scratch/users/h61084/codes/fine_time/outputs/task_finetuning/tasks/task_finetuned/ts_icl/univariate/SG_PM25/H/medium/run_0
  Inference time: 3.716s

============================================================
All experiments completed!
Results saved to: /scratch/users/h61084/codes/fine_time/outputs/task_finetuning/tasks/task_finetuned
============================================================
[57/90] evaluate ts_icl frozen on SG_PM25/H/short
[2026-09-29 11:42:02 UTC] resources selected_device {"device": "cuda", "model": "ts_icl", "stage": "forecast"}
Loading configuration...

============================================================
Dataset: SG_PM25/H
Terms: ['short']
Covariate mode: none
Instance normalization: none
============================================================

--- Term: short ---
  Config: prediction_length=24, test_length=2208, val_length=2160
TIME run allocation action=new run=/fslarge/scratch/users/h61084/codes/fine_time/outputs/task_finetuning/tasks/inference/ts_icl/univariate/SG_PM25/H/short/run_0 launch_id=selena_fine_time_20260929T092621Z_11326 slurm_job_id=3607389 launched_at=2026-09-29T11:42:02.711462+00:00
  Initializing model pipeline...
  Dataset info:
    - Frequency: H
    - Num series: 1
    - Target dim: 5
    - Target mode: univariate
    - Covariate channels: 0
    - Series length: min=38688,               max=38688, avg=38688.0
    - Test split: 2208 steps
    - Prediction length: 24
    - Windows: 92
    Processed 320/460...
TIME run allocation action=new run=/fslarge/scratch/users/h61084/codes/fine_time/outputs/task_finetuning/tasks/frozen/ts_icl/univariate/SG_PM25/H/short/run_0 launch_id=selena_fine_time_20260929T092621Z_11326 slurm_job_id=3607389 launched_at=2026-09-29T11:42:14.371437+00:00
    Total instances: 460, Series during experiment: 5, Windows: 92
    Collecting ground truth and context...
    Detected to_univariate case: 5 flat series -> 1 series x 5 variates
    Organizing data into arrays...
    Saved predictions (quantiles) to /fslarge/scratch/users/h61084/codes/fine_time/outputs/task_finetuning/tasks/frozen/ts_icl/univariate/SG_PM25/H/short/run_0/predictions.npz
    Computing per-window metrics...
    Saved metrics to /fslarge/scratch/users/h61084/codes/fine_time/outputs/task_finetuning/tasks/frozen/ts_icl/univariate/SG_PM25/H/short/run_0/metrics.npz
    Saved aggregate metrics to /fslarge/scratch/users/h61084/codes/fine_time/outputs/task_finetuning/tasks/frozen/ts_icl/univariate/SG_PM25/H/short/run_0/metrics_summary.json
    Metrics summary (averaged over all series/windows/variates):
      MSE: 40.4125
      MAE: 4.6114
      RMSE: 5.6815
      MAPE: 0.4973
      sMAPE: 0.3933
      MASE: 0.8774
      ND: 0.3911
      CRPS: 0.3050
  Completed: 1 series × 92 windows
  Output: /fslarge/scratch/users/h61084/codes/fine_time/outputs/task_finetuning/tasks/frozen/ts_icl/univariate/SG_PM25/H/short/run_0
  Inference time: 11.087s

============================================================
All experiments completed!
Results saved to: /scratch/users/h61084/codes/fine_time/outputs/task_finetuning/tasks/frozen
============================================================
[57/90] evaluate ts_icl task_finetuned on SG_PM25/H/short
[2026-09-29 11:42:14 UTC] resources selected_device {"device": "cuda", "model": "ts_icl", "stage": "forecast"}
Loading configuration...

============================================================
Dataset: SG_PM25/H
Terms: ['short']
Covariate mode: none
Instance normalization: none
============================================================

--- Term: short ---
  Config: prediction_length=24, test_length=2208, val_length=2160
TIME run allocation action=new run=/fslarge/scratch/users/h61084/codes/fine_time/outputs/task_finetuning/tasks/inference/ts_icl/univariate/SG_PM25/H/short/run_1 launch_id=selena_fine_time_20260929T092621Z_11326 slurm_job_id=3607389 launched_at=2026-09-29T11:42:14.626649+00:00
  Initializing model pipeline...
  Dataset info:
    - Frequency: H
    - Num series: 1
    - Target dim: 5
    - Target mode: univariate
    - Covariate channels: 0
    - Series length: min=38688,               max=38688, avg=38688.0
    - Test split: 2208 steps
    - Prediction length: 24
    - Windows: 92
    Processed 320/460...
TIME run allocation action=new run=/fslarge/scratch/users/h61084/codes/fine_time/outputs/task_finetuning/tasks/task_finetuned/ts_icl/univariate/SG_PM25/H/short/run_0 launch_id=selena_fine_time_20260929T092621Z_11326 slurm_job_id=3607389 launched_at=2026-09-29T11:42:26.253550+00:00
    Total instances: 460, Series during experiment: 5, Windows: 92
    Collecting ground truth and context...
    Detected to_univariate case: 5 flat series -> 1 series x 5 variates
    Organizing data into arrays...
    Saved predictions (quantiles) to /fslarge/scratch/users/h61084/codes/fine_time/outputs/task_finetuning/tasks/task_finetuned/ts_icl/univariate/SG_PM25/H/short/run_0/predictions.npz
    Computing per-window metrics...
    Saved metrics to /fslarge/scratch/users/h61084/codes/fine_time/outputs/task_finetuning/tasks/task_finetuned/ts_icl/univariate/SG_PM25/H/short/run_0/metrics.npz
    Saved aggregate metrics to /fslarge/scratch/users/h61084/codes/fine_time/outputs/task_finetuning/tasks/task_finetuned/ts_icl/univariate/SG_PM25/H/short/run_0/metrics_summary.json
    Metrics summary (averaged over all series/windows/variates):
      MSE: 40.6085
      MAE: 4.6085
      RMSE: 5.6857
      MAPE: 0.4909
      sMAPE: 0.3934
      MASE: 0.8768
      ND: 0.3893
      CRPS: 0.3034
  Completed: 1 series × 92 windows
  Output: /fslarge/scratch/users/h61084/codes/fine_time/outputs/task_finetuning/tasks/task_finetuned/ts_icl/univariate/SG_PM25/H/short/run_0
  Inference time: 11.053s

============================================================
All experiments completed!
Results saved to: /scratch/users/h61084/codes/fine_time/outputs/task_finetuning/tasks/task_finetuned
============================================================
[58/90] evaluate ts_icl frozen on SG_Weather/D/long
[2026-09-29 11:42:26 UTC] resources selected_device {"device": "cuda", "model": "ts_icl", "stage": "forecast"}
Loading configuration...

============================================================
Dataset: SG_Weather/D
Terms: ['long']
Covariate mode: none
Instance normalization: none
============================================================

--- Term: long ---
  Config: prediction_length=14, test_length=366, val_length=366
TIME run allocation action=new run=/fslarge/scratch/users/h61084/codes/fine_time/outputs/task_finetuning/tasks/inference/ts_icl/univariate/SG_Weather/D/long/run_0 launch_id=selena_fine_time_20260929T092621Z_11326 slurm_job_id=3607389 launched_at=2026-09-29T11:42:26.490040+00:00
  Initializing model pipeline...
  Dataset info:
    - Frequency: D
    - Num series: 6
    - Target dim: 4
    - Target mode: univariate
    - Covariate channels: 0
    - Series length: min=2953,               max=2953, avg=2953.0
    - Test split: 366 steps
    - Prediction length: 14
    - Windows: 26
    Processed 320/624...
    Processed 624/624...
TIME run allocation action=new run=/fslarge/scratch/users/h61084/codes/fine_time/outputs/task_finetuning/tasks/frozen/ts_icl/univariate/SG_Weather/D/long/run_0 launch_id=selena_fine_time_20260929T092621Z_11326 slurm_job_id=3607389 launched_at=2026-09-29T11:42:41.016173+00:00
    Total instances: 624, Series during experiment: 24, Windows: 26
    Collecting ground truth and context...
    Detected to_univariate case: 24 flat series -> 6 series x 4 variates
    Organizing data into arrays...
    Saved predictions (quantiles) to /fslarge/scratch/users/h61084/codes/fine_time/outputs/task_finetuning/tasks/frozen/ts_icl/univariate/SG_Weather/D/long/run_0/predictions.npz
    Computing per-window metrics...
    Saved metrics to /fslarge/scratch/users/h61084/codes/fine_time/outputs/task_finetuning/tasks/frozen/ts_icl/univariate/SG_Weather/D/long/run_0/metrics.npz
    Saved aggregate metrics to /fslarge/scratch/users/h61084/codes/fine_time/outputs/task_finetuning/tasks/frozen/ts_icl/univariate/SG_Weather/D/long/run_0/metrics_summary.json
    Metrics summary (averaged over all series/windows/variates):
      MSE: 2325.1323
      MAE: 17.4186
      RMSE: 23.0609
      MAPE: 0.3529
      sMAPE: 0.2258
      MASE: 0.9065
      ND: 0.2146
      CRPS: 0.1700
  Completed: 6 series × 26 windows
  Output: /fslarge/scratch/users/h61084/codes/fine_time/outputs/task_finetuning/tasks/frozen/ts_icl/univariate/SG_Weather/D/long/run_0
  Inference time: 14.173s

============================================================
All experiments completed!
Results saved to: /scratch/users/h61084/codes/fine_time/outputs/task_finetuning/tasks/frozen
============================================================
[58/90] evaluate ts_icl task_finetuned on SG_Weather/D/long
[2026-09-29 11:42:41 UTC] resources selected_device {"device": "cuda", "model": "ts_icl", "stage": "forecast"}
Loading configuration...

============================================================
Dataset: SG_Weather/D
Terms: ['long']
Covariate mode: none
Instance normalization: none
============================================================

--- Term: long ---
  Config: prediction_length=14, test_length=366, val_length=366
TIME run allocation action=new run=/fslarge/scratch/users/h61084/codes/fine_time/outputs/task_finetuning/tasks/inference/ts_icl/univariate/SG_Weather/D/long/run_1 launch_id=selena_fine_time_20260929T092621Z_11326 slurm_job_id=3607389 launched_at=2026-09-29T11:42:41.212691+00:00
  Initializing model pipeline...
  Dataset info:
    - Frequency: D
    - Num series: 6
    - Target dim: 4
    - Target mode: univariate
    - Covariate channels: 0
    - Series length: min=2953,               max=2953, avg=2953.0
    - Test split: 366 steps
    - Prediction length: 14
    - Windows: 26
    Processed 320/624...
    Processed 624/624...
TIME run allocation action=new run=/fslarge/scratch/users/h61084/codes/fine_time/outputs/task_finetuning/tasks/task_finetuned/ts_icl/univariate/SG_Weather/D/long/run_0 launch_id=selena_fine_time_20260929T092621Z_11326 slurm_job_id=3607389 launched_at=2026-09-29T11:42:55.917232+00:00
    Total instances: 624, Series during experiment: 24, Windows: 26
    Collecting ground truth and context...
    Detected to_univariate case: 24 flat series -> 6 series x 4 variates
    Organizing data into arrays...
    Saved predictions (quantiles) to /fslarge/scratch/users/h61084/codes/fine_time/outputs/task_finetuning/tasks/task_finetuned/ts_icl/univariate/SG_Weather/D/long/run_0/predictions.npz
    Computing per-window metrics...
    Saved metrics to /fslarge/scratch/users/h61084/codes/fine_time/outputs/task_finetuning/tasks/task_finetuned/ts_icl/univariate/SG_Weather/D/long/run_0/metrics.npz
    Saved aggregate metrics to /fslarge/scratch/users/h61084/codes/fine_time/outputs/task_finetuning/tasks/task_finetuned/ts_icl/univariate/SG_Weather/D/long/run_0/metrics_summary.json
    Metrics summary (averaged over all series/windows/variates):
      MSE: 2337.2244
      MAE: 17.4158
      RMSE: 23.1054
      MAPE: 0.3488
      sMAPE: 0.2258
      MASE: 0.9067
      ND: 0.2142
      CRPS: 0.1696
  Completed: 6 series × 26 windows
  Output: /fslarge/scratch/users/h61084/codes/fine_time/outputs/task_finetuning/tasks/task_finetuned/ts_icl/univariate/SG_Weather/D/long/run_0
  Inference time: 14.122s

============================================================
All experiments completed!
Results saved to: /scratch/users/h61084/codes/fine_time/outputs/task_finetuning/tasks/task_finetuned
============================================================
[59/90] evaluate ts_icl frozen on SG_Weather/D/medium
[2026-09-29 11:42:56 UTC] resources selected_device {"device": "cuda", "model": "ts_icl", "stage": "forecast"}
Loading configuration...

============================================================
Dataset: SG_Weather/D
Terms: ['medium']
Covariate mode: none
Instance normalization: none
============================================================

--- Term: medium ---
  Config: prediction_length=7, test_length=366, val_length=366
TIME run allocation action=new run=/fslarge/scratch/users/h61084/codes/fine_time/outputs/task_finetuning/tasks/inference/ts_icl/univariate/SG_Weather/D/medium/run_0 launch_id=selena_fine_time_20260929T092621Z_11326 slurm_job_id=3607389 launched_at=2026-09-29T11:42:56.118322+00:00
  Initializing model pipeline...
  Dataset info:
    - Frequency: D
    - Num series: 6
    - Target dim: 4
    - Target mode: univariate
    - Covariate channels: 0
    - Series length: min=2953,               max=2953, avg=2953.0
    - Test split: 366 steps
    - Prediction length: 7
    - Windows: 52
    Processed 320/1248...
    Processed 640/1248...
    Processed 960/1248...
TIME run allocation action=new run=/fslarge/scratch/users/h61084/codes/fine_time/outputs/task_finetuning/tasks/frozen/ts_icl/univariate/SG_Weather/D/medium/run_0 launch_id=selena_fine_time_20260929T092621Z_11326 slurm_job_id=3607389 launched_at=2026-09-29T11:43:24.755670+00:00
    Total instances: 1248, Series during experiment: 24, Windows: 52
    Collecting ground truth and context...
    Detected to_univariate case: 24 flat series -> 6 series x 4 variates
    Organizing data into arrays...
    Saved predictions (quantiles) to /fslarge/scratch/users/h61084/codes/fine_time/outputs/task_finetuning/tasks/frozen/ts_icl/univariate/SG_Weather/D/medium/run_0/predictions.npz
    Computing per-window metrics...
    Saved metrics to /fslarge/scratch/users/h61084/codes/fine_time/outputs/task_finetuning/tasks/frozen/ts_icl/univariate/SG_Weather/D/medium/run_0/metrics.npz
    Saved aggregate metrics to /fslarge/scratch/users/h61084/codes/fine_time/outputs/task_finetuning/tasks/frozen/ts_icl/univariate/SG_Weather/D/medium/run_0/metrics_summary.json
    Metrics summary (averaged over all series/windows/variates):
      MSE: 2396.4372
      MAE: 17.5949
      RMSE: 22.4892
      MAPE: 0.3582
      sMAPE: 0.2243
      MASE: 0.8959
      ND: 0.2204
      CRPS: 0.1737
  Completed: 6 series × 52 windows
  Output: /fslarge/scratch/users/h61084/codes/fine_time/outputs/task_finetuning/tasks/frozen/ts_icl/univariate/SG_Weather/D/medium/run_0
  Inference time: 28.285s

============================================================
All experiments completed!
Results saved to: /scratch/users/h61084/codes/fine_time/outputs/task_finetuning/tasks/frozen
============================================================
[59/90] evaluate ts_icl task_finetuned on SG_Weather/D/medium
[2026-09-29 11:43:25 UTC] resources selected_device {"device": "cuda", "model": "ts_icl", "stage": "forecast"}
Loading configuration...

============================================================
Dataset: SG_Weather/D
Terms: ['medium']
Covariate mode: none
Instance normalization: none
============================================================

--- Term: medium ---
  Config: prediction_length=7, test_length=366, val_length=366
TIME run allocation action=new run=/fslarge/scratch/users/h61084/codes/fine_time/outputs/task_finetuning/tasks/inference/ts_icl/univariate/SG_Weather/D/medium/run_1 launch_id=selena_fine_time_20260929T092621Z_11326 slurm_job_id=3607389 launched_at=2026-09-29T11:43:25.093094+00:00
  Initializing model pipeline...
  Dataset info:
    - Frequency: D
    - Num series: 6
    - Target dim: 4
    - Target mode: univariate
    - Covariate channels: 0
    - Series length: min=2953,               max=2953, avg=2953.0
    - Test split: 366 steps
    - Prediction length: 7
    - Windows: 52
    Processed 320/1248...
    Processed 640/1248...
    Processed 960/1248...
TIME run allocation action=new run=/fslarge/scratch/users/h61084/codes/fine_time/outputs/task_finetuning/tasks/task_finetuned/ts_icl/univariate/SG_Weather/D/medium/run_0 launch_id=selena_fine_time_20260929T092621Z_11326 slurm_job_id=3607389 launched_at=2026-09-29T11:43:53.936337+00:00
    Total instances: 1248, Series during experiment: 24, Windows: 52
    Collecting ground truth and context...
    Detected to_univariate case: 24 flat series -> 6 series x 4 variates
    Organizing data into arrays...
    Saved predictions (quantiles) to /fslarge/scratch/users/h61084/codes/fine_time/outputs/task_finetuning/tasks/task_finetuned/ts_icl/univariate/SG_Weather/D/medium/run_0/predictions.npz
    Computing per-window metrics...
    Saved metrics to /fslarge/scratch/users/h61084/codes/fine_time/outputs/task_finetuning/tasks/task_finetuned/ts_icl/univariate/SG_Weather/D/medium/run_0/metrics.npz
    Saved aggregate metrics to /fslarge/scratch/users/h61084/codes/fine_time/outputs/task_finetuning/tasks/task_finetuned/ts_icl/univariate/SG_Weather/D/medium/run_0/metrics_summary.json
    Metrics summary (averaged over all series/windows/variates):
      MSE: 2403.8502
      MAE: 17.5942
      RMSE: 22.5134
      MAPE: 0.3565
      sMAPE: 0.2242
      MASE: 0.8957
      ND: 0.2201
      CRPS: 0.1734
  Completed: 6 series × 52 windows
  Output: /fslarge/scratch/users/h61084/codes/fine_time/outputs/task_finetuning/tasks/task_finetuned/ts_icl/univariate/SG_Weather/D/medium/run_0
  Inference time: 28.284s

============================================================
All experiments completed!
Results saved to: /scratch/users/h61084/codes/fine_time/outputs/task_finetuning/tasks/task_finetuned
============================================================
[60/90] evaluate ts_icl frozen on SG_Weather/D/short
[2026-09-29 11:43:54 UTC] resources selected_device {"device": "cuda", "model": "ts_icl", "stage": "forecast"}
Loading configuration...

============================================================
Dataset: SG_Weather/D
Terms: ['short']
Covariate mode: none
Instance normalization: none
============================================================

--- Term: short ---
  Config: prediction_length=3, test_length=366, val_length=366
TIME run allocation action=new run=/fslarge/scratch/users/h61084/codes/fine_time/outputs/task_finetuning/tasks/inference/ts_icl/univariate/SG_Weather/D/short/run_0 launch_id=selena_fine_time_20260929T092621Z_11326 slurm_job_id=3607389 launched_at=2026-09-29T11:43:54.278433+00:00
  Initializing model pipeline...
  Dataset info:
    - Frequency: D
    - Num series: 6
    - Target dim: 4
    - Target mode: univariate
    - Covariate channels: 0
    - Series length: min=2953,               max=2953, avg=2953.0
    - Test split: 366 steps
    - Prediction length: 3
    - Windows: 122
    Processed 320/2928...
    Processed 640/2928...
    Processed 960/2928...
    Processed 1280/2928...
    Processed 1600/2928...
    Processed 1920/2928...
    Processed 2240/2928...
    Processed 2560/2928...
    Processed 2880/2928...
TIME run allocation action=new run=/fslarge/scratch/users/h61084/codes/fine_time/outputs/task_finetuning/tasks/frozen/ts_icl/univariate/SG_Weather/D/short/run_0 launch_id=selena_fine_time_20260929T092621Z_11326 slurm_job_id=3607389 launched_at=2026-09-29T11:45:00.936753+00:00
    Total instances: 2928, Series during experiment: 24, Windows: 122
    Collecting ground truth and context...
    Detected to_univariate case: 24 flat series -> 6 series x 4 variates
    Organizing data into arrays...
    Saved predictions (quantiles) to /fslarge/scratch/users/h61084/codes/fine_time/outputs/task_finetuning/tasks/frozen/ts_icl/univariate/SG_Weather/D/short/run_0/predictions.npz
    Computing per-window metrics...
    Saved metrics to /fslarge/scratch/users/h61084/codes/fine_time/outputs/task_finetuning/tasks/frozen/ts_icl/univariate/SG_Weather/D/short/run_0/metrics.npz
    Saved aggregate metrics to /fslarge/scratch/users/h61084/codes/fine_time/outputs/task_finetuning/tasks/frozen/ts_icl/univariate/SG_Weather/D/short/run_0/metrics_summary.json
    Metrics summary (averaged over all series/windows/variates):
      MSE: 2291.7746
      MAE: 17.0255
      RMSE: 20.1840
      MAPE: 0.3486
      sMAPE: 0.2191
      MASE: 0.8538
      ND: 0.2288
      CRPS: 0.1868
  Completed: 6 series × 122 windows
  Output: /fslarge/scratch/users/h61084/codes/fine_time/outputs/task_finetuning/tasks/frozen/ts_icl/univariate/SG_Weather/D/short/run_0
  Inference time: 66.304s

============================================================
All experiments completed!
Results saved to: /scratch/users/h61084/codes/fine_time/outputs/task_finetuning/tasks/frozen
============================================================
[60/90] evaluate ts_icl task_finetuned on SG_Weather/D/short
[2026-09-29 11:45:01 UTC] resources selected_device {"device": "cuda", "model": "ts_icl", "stage": "forecast"}
Loading configuration...

============================================================
Dataset: SG_Weather/D
Terms: ['short']
Covariate mode: none
Instance normalization: none
============================================================

--- Term: short ---
  Config: prediction_length=3, test_length=366, val_length=366
TIME run allocation action=new run=/fslarge/scratch/users/h61084/codes/fine_time/outputs/task_finetuning/tasks/inference/ts_icl/univariate/SG_Weather/D/short/run_1 launch_id=selena_fine_time_20260929T092621Z_11326 slurm_job_id=3607389 launched_at=2026-09-29T11:45:01.659182+00:00
  Initializing model pipeline...
  Dataset info:
    - Frequency: D
    - Num series: 6
    - Target dim: 4
    - Target mode: univariate
    - Covariate channels: 0
    - Series length: min=2953,               max=2953, avg=2953.0
    - Test split: 366 steps
    - Prediction length: 3
    - Windows: 122
    Processed 320/2928...
    Processed 640/2928...
    Processed 960/2928...
    Processed 1280/2928...
    Processed 1600/2928...
    Processed 1920/2928...
    Processed 2240/2928...
    Processed 2560/2928...
    Processed 2880/2928...
TIME run allocation action=new run=/fslarge/scratch/users/h61084/codes/fine_time/outputs/task_finetuning/tasks/task_finetuned/ts_icl/univariate/SG_Weather/D/short/run_0 launch_id=selena_fine_time_20260929T092621Z_11326 slurm_job_id=3607389 launched_at=2026-09-29T11:46:08.733218+00:00
    Total instances: 2928, Series during experiment: 24, Windows: 122
    Collecting ground truth and context...
    Detected to_univariate case: 24 flat series -> 6 series x 4 variates
    Organizing data into arrays...
    Saved predictions (quantiles) to /fslarge/scratch/users/h61084/codes/fine_time/outputs/task_finetuning/tasks/task_finetuned/ts_icl/univariate/SG_Weather/D/short/run_0/predictions.npz
    Computing per-window metrics...
    Saved metrics to /fslarge/scratch/users/h61084/codes/fine_time/outputs/task_finetuning/tasks/task_finetuned/ts_icl/univariate/SG_Weather/D/short/run_0/metrics.npz
    Saved aggregate metrics to /fslarge/scratch/users/h61084/codes/fine_time/outputs/task_finetuning/tasks/task_finetuned/ts_icl/univariate/SG_Weather/D/short/run_0/metrics_summary.json
    Metrics summary (averaged over all series/windows/variates):
      MSE: 2302.6157
      MAE: 17.0162
      RMSE: 20.1952
      MAPE: 0.3442
      sMAPE: 0.2191
      MASE: 0.8537
      ND: 0.2273
      CRPS: 0.1853
  Completed: 6 series × 122 windows
  Output: /fslarge/scratch/users/h61084/codes/fine_time/outputs/task_finetuning/tasks/task_finetuned/ts_icl/univariate/SG_Weather/D/short/run_0
  Inference time: 66.348s

============================================================
All experiments completed!
Results saved to: /scratch/users/h61084/codes/fine_time/outputs/task_finetuning/tasks/task_finetuned
============================================================
[61/90] evaluate ts_icl frozen on Smart_Manufacturing/H/long
[2026-09-29 11:46:09 UTC] resources selected_device {"device": "cuda", "model": "ts_icl", "stage": "forecast"}
Loading configuration...

============================================================
Dataset: Smart_Manufacturing/H
Terms: ['long']
Covariate mode: none
Instance normalization: none
============================================================

--- Term: long ---
  Config: prediction_length=336, test_length=336, val_length=336
TIME run allocation action=new run=/fslarge/scratch/users/h61084/codes/fine_time/outputs/task_finetuning/tasks/inference/ts_icl/univariate/Smart_Manufacturing/H/long/run_0 launch_id=selena_fine_time_20260929T092621Z_11326 slurm_job_id=3607389 launched_at=2026-09-29T11:46:09.478793+00:00
  Initializing model pipeline...
  Dataset info:
    - Frequency: H
    - Num series: 34
    - Target dim: 5
    - Target mode: univariate
    - Covariate channels: 0
    - Series length: min=1661,               max=1667, avg=1665.9
    - Test split: 336 steps
    - Prediction length: 336
    - Windows: 1
TIME run allocation action=new run=/fslarge/scratch/users/h61084/codes/fine_time/outputs/task_finetuning/tasks/frozen/ts_icl/univariate/Smart_Manufacturing/H/long/run_0 launch_id=selena_fine_time_20260929T092621Z_11326 slurm_job_id=3607389 launched_at=2026-09-29T11:46:12.272043+00:00
    Total instances: 170, Series during experiment: 170, Windows: 1
    Collecting ground truth and context...
    Detected to_univariate case: 170 flat series -> 34 series x 5 variates
    Organizing data into arrays...
    Saved predictions (quantiles) to /fslarge/scratch/users/h61084/codes/fine_time/outputs/task_finetuning/tasks/frozen/ts_icl/univariate/Smart_Manufacturing/H/long/run_0/predictions.npz
    Computing per-window metrics...
    Saved metrics to /fslarge/scratch/users/h61084/codes/fine_time/outputs/task_finetuning/tasks/frozen/ts_icl/univariate/Smart_Manufacturing/H/long/run_0/metrics.npz
    Saved aggregate metrics to /fslarge/scratch/users/h61084/codes/fine_time/outputs/task_finetuning/tasks/frozen/ts_icl/univariate/Smart_Manufacturing/H/long/run_0/metrics_summary.json
    Metrics summary (averaged over all series/windows/variates):
      MSE: 78.5131
      MAE: 5.7229
      RMSE: 7.1635
      MAPE: 0.3446
      sMAPE: 0.2254
      MASE: 0.7117
      ND: 0.2155
      CRPS: 0.1657
  Completed: 34 series × 1 windows
  Output: /fslarge/scratch/users/h61084/codes/fine_time/outputs/task_finetuning/tasks/frozen/ts_icl/univariate/Smart_Manufacturing/H/long/run_0
  Inference time: 2.380s

============================================================
All experiments completed!
Results saved to: /scratch/users/h61084/codes/fine_time/outputs/task_finetuning/tasks/frozen
============================================================
[61/90] evaluate ts_icl task_finetuned on Smart_Manufacturing/H/long
[2026-09-29 11:46:12 UTC] resources selected_device {"device": "cuda", "model": "ts_icl", "stage": "forecast"}
Loading configuration...

============================================================
Dataset: Smart_Manufacturing/H
Terms: ['long']
Covariate mode: none
Instance normalization: none
============================================================

--- Term: long ---
  Config: prediction_length=336, test_length=336, val_length=336
TIME run allocation action=new run=/fslarge/scratch/users/h61084/codes/fine_time/outputs/task_finetuning/tasks/inference/ts_icl/univariate/Smart_Manufacturing/H/long/run_1 launch_id=selena_fine_time_20260929T092621Z_11326 slurm_job_id=3607389 launched_at=2026-09-29T11:46:12.405395+00:00
  Initializing model pipeline...
  Dataset info:
    - Frequency: H
    - Num series: 34
    - Target dim: 5
    - Target mode: univariate
    - Covariate channels: 0
    - Series length: min=1661,               max=1667, avg=1665.9
    - Test split: 336 steps
    - Prediction length: 336
    - Windows: 1
TIME run allocation action=new run=/fslarge/scratch/users/h61084/codes/fine_time/outputs/task_finetuning/tasks/task_finetuned/ts_icl/univariate/Smart_Manufacturing/H/long/run_0 launch_id=selena_fine_time_20260929T092621Z_11326 slurm_job_id=3607389 launched_at=2026-09-29T11:46:15.301473+00:00
    Total instances: 170, Series during experiment: 170, Windows: 1
    Collecting ground truth and context...
    Detected to_univariate case: 170 flat series -> 34 series x 5 variates
    Organizing data into arrays...
    Saved predictions (quantiles) to /fslarge/scratch/users/h61084/codes/fine_time/outputs/task_finetuning/tasks/task_finetuned/ts_icl/univariate/Smart_Manufacturing/H/long/run_0/predictions.npz
    Computing per-window metrics...
    Saved metrics to /fslarge/scratch/users/h61084/codes/fine_time/outputs/task_finetuning/tasks/task_finetuned/ts_icl/univariate/Smart_Manufacturing/H/long/run_0/metrics.npz
    Saved aggregate metrics to /fslarge/scratch/users/h61084/codes/fine_time/outputs/task_finetuning/tasks/task_finetuned/ts_icl/univariate/Smart_Manufacturing/H/long/run_0/metrics_summary.json
    Metrics summary (averaged over all series/windows/variates):
      MSE: 78.4792
      MAE: 5.7215
      RMSE: 7.1619
      MAPE: 0.3442
      sMAPE: 0.2253
      MASE: 0.7115
      ND: 0.2154
      CRPS: 0.1657
  Completed: 34 series × 1 windows
  Output: /fslarge/scratch/users/h61084/codes/fine_time/outputs/task_finetuning/tasks/task_finetuned/ts_icl/univariate/Smart_Manufacturing/H/long/run_0
  Inference time: 2.262s

============================================================
All experiments completed!
Results saved to: /scratch/users/h61084/codes/fine_time/outputs/task_finetuning/tasks/task_finetuned
============================================================
[62/90] evaluate ts_icl frozen on Smart_Manufacturing/H/medium
[2026-09-29 11:46:15 UTC] resources selected_device {"device": "cuda", "model": "ts_icl", "stage": "forecast"}
Loading configuration...

============================================================
Dataset: Smart_Manufacturing/H
Terms: ['medium']
Covariate mode: none
Instance normalization: none
============================================================

--- Term: medium ---
  Config: prediction_length=168, test_length=336, val_length=336
TIME run allocation action=new run=/fslarge/scratch/users/h61084/codes/fine_time/outputs/task_finetuning/tasks/inference/ts_icl/univariate/Smart_Manufacturing/H/medium/run_0 launch_id=selena_fine_time_20260929T092621Z_11326 slurm_job_id=3607389 launched_at=2026-09-29T11:46:15.437163+00:00
  Initializing model pipeline...
  Dataset info:
    - Frequency: H
    - Num series: 34
    - Target dim: 5
    - Target mode: univariate
    - Covariate channels: 0
    - Series length: min=1661,               max=1667, avg=1665.9
    - Test split: 336 steps
    - Prediction length: 168
    - Windows: 2
    Processed 320/340...
TIME run allocation action=new run=/fslarge/scratch/users/h61084/codes/fine_time/outputs/task_finetuning/tasks/frozen/ts_icl/univariate/Smart_Manufacturing/H/medium/run_0 launch_id=selena_fine_time_20260929T092621Z_11326 slurm_job_id=3607389 launched_at=2026-09-29T11:46:20.571408+00:00
    Total instances: 340, Series during experiment: 170, Windows: 2
    Collecting ground truth and context...
    Detected to_univariate case: 170 flat series -> 34 series x 5 variates
    Organizing data into arrays...
    Saved predictions (quantiles) to /fslarge/scratch/users/h61084/codes/fine_time/outputs/task_finetuning/tasks/frozen/ts_icl/univariate/Smart_Manufacturing/H/medium/run_0/predictions.npz
    Computing per-window metrics...
    Saved metrics to /fslarge/scratch/users/h61084/codes/fine_time/outputs/task_finetuning/tasks/frozen/ts_icl/univariate/Smart_Manufacturing/H/medium/run_0/metrics.npz
    Saved aggregate metrics to /fslarge/scratch/users/h61084/codes/fine_time/outputs/task_finetuning/tasks/frozen/ts_icl/univariate/Smart_Manufacturing/H/medium/run_0/metrics_summary.json
    Metrics summary (averaged over all series/windows/variates):
      MSE: 78.5396
      MAE: 5.7243
      RMSE: 7.1555
      MAPE: 0.3423
      sMAPE: 0.2254
      MASE: 0.7122
      ND: 0.2156
      CRPS: 0.1658
  Completed: 34 series × 2 windows
  Output: /fslarge/scratch/users/h61084/codes/fine_time/outputs/task_finetuning/tasks/frozen/ts_icl/univariate/Smart_Manufacturing/H/medium/run_0
  Inference time: 4.718s

============================================================
All experiments completed!
Results saved to: /scratch/users/h61084/codes/fine_time/outputs/task_finetuning/tasks/frozen
============================================================
[62/90] evaluate ts_icl task_finetuned on Smart_Manufacturing/H/medium
[2026-09-29 11:46:20 UTC] resources selected_device {"device": "cuda", "model": "ts_icl", "stage": "forecast"}
Loading configuration...

============================================================
Dataset: Smart_Manufacturing/H
Terms: ['medium']
Covariate mode: none
Instance normalization: none
============================================================

--- Term: medium ---
  Config: prediction_length=168, test_length=336, val_length=336
TIME run allocation action=new run=/fslarge/scratch/users/h61084/codes/fine_time/outputs/task_finetuning/tasks/inference/ts_icl/univariate/Smart_Manufacturing/H/medium/run_1 launch_id=selena_fine_time_20260929T092621Z_11326 slurm_job_id=3607389 launched_at=2026-09-29T11:46:20.752721+00:00
  Initializing model pipeline...
  Dataset info:
    - Frequency: H
    - Num series: 34
    - Target dim: 5
    - Target mode: univariate
    - Covariate channels: 0
    - Series length: min=1661,               max=1667, avg=1665.9
    - Test split: 336 steps
    - Prediction length: 168
    - Windows: 2
    Processed 320/340...
TIME run allocation action=new run=/fslarge/scratch/users/h61084/codes/fine_time/outputs/task_finetuning/tasks/task_finetuned/ts_icl/univariate/Smart_Manufacturing/H/medium/run_0 launch_id=selena_fine_time_20260929T092621Z_11326 slurm_job_id=3607389 launched_at=2026-09-29T11:46:26.008196+00:00
    Total instances: 340, Series during experiment: 170, Windows: 2
    Collecting ground truth and context...
    Detected to_univariate case: 170 flat series -> 34 series x 5 variates
    Organizing data into arrays...
    Saved predictions (quantiles) to /fslarge/scratch/users/h61084/codes/fine_time/outputs/task_finetuning/tasks/task_finetuned/ts_icl/univariate/Smart_Manufacturing/H/medium/run_0/predictions.npz
    Computing per-window metrics...
    Saved metrics to /fslarge/scratch/users/h61084/codes/fine_time/outputs/task_finetuning/tasks/task_finetuned/ts_icl/univariate/Smart_Manufacturing/H/medium/run_0/metrics.npz
    Saved aggregate metrics to /fslarge/scratch/users/h61084/codes/fine_time/outputs/task_finetuning/tasks/task_finetuned/ts_icl/univariate/Smart_Manufacturing/H/medium/run_0/metrics_summary.json
    Metrics summary (averaged over all series/windows/variates):
      MSE: 78.4955
      MAE: 5.7227
      RMSE: 7.1534
      MAPE: 0.3416
      sMAPE: 0.2254
      MASE: 0.7120
      ND: 0.2155
      CRPS: 0.1658
  Completed: 34 series × 2 windows
  Output: /fslarge/scratch/users/h61084/codes/fine_time/outputs/task_finetuning/tasks/task_finetuned/ts_icl/univariate/Smart_Manufacturing/H/medium/run_0
  Inference time: 4.627s

============================================================
All experiments completed!
Results saved to: /scratch/users/h61084/codes/fine_time/outputs/task_finetuning/tasks/task_finetuned
============================================================
[63/90] evaluate ts_icl frozen on Smart_Manufacturing/H/short
[2026-09-29 11:46:26 UTC] resources selected_device {"device": "cuda", "model": "ts_icl", "stage": "forecast"}
Loading configuration...

============================================================
Dataset: Smart_Manufacturing/H
Terms: ['short']
Covariate mode: none
Instance normalization: none
============================================================

--- Term: short ---
  Config: prediction_length=24, test_length=336, val_length=336
TIME run allocation action=new run=/fslarge/scratch/users/h61084/codes/fine_time/outputs/task_finetuning/tasks/inference/ts_icl/univariate/Smart_Manufacturing/H/short/run_0 launch_id=selena_fine_time_20260929T092621Z_11326 slurm_job_id=3607389 launched_at=2026-09-29T11:46:26.182853+00:00
  Initializing model pipeline...
  Dataset info:
    - Frequency: H
    - Num series: 34
    - Target dim: 5
    - Target mode: univariate
    - Covariate channels: 0
    - Series length: min=1661,               max=1667, avg=1665.9
    - Test split: 336 steps
    - Prediction length: 24
    - Windows: 14
    Processed 320/2380...
    Processed 640/2380...
    Processed 960/2380...
    Processed 1280/2380...
    Processed 1600/2380...
    Processed 1920/2380...
    Processed 2240/2380...
TIME run allocation action=new run=/fslarge/scratch/users/h61084/codes/fine_time/outputs/task_finetuning/tasks/frozen/ts_icl/univariate/Smart_Manufacturing/H/short/run_0 launch_id=selena_fine_time_20260929T092621Z_11326 slurm_job_id=3607389 launched_at=2026-09-29T11:46:58.711036+00:00
    Total instances: 2380, Series during experiment: 170, Windows: 14
    Collecting ground truth and context...
    Detected to_univariate case: 170 flat series -> 34 series x 5 variates
    Organizing data into arrays...
    Saved predictions (quantiles) to /fslarge/scratch/users/h61084/codes/fine_time/outputs/task_finetuning/tasks/frozen/ts_icl/univariate/Smart_Manufacturing/H/short/run_0/predictions.npz
    Computing per-window metrics...
    Saved metrics to /fslarge/scratch/users/h61084/codes/fine_time/outputs/task_finetuning/tasks/frozen/ts_icl/univariate/Smart_Manufacturing/H/short/run_0/metrics.npz
    Saved aggregate metrics to /fslarge/scratch/users/h61084/codes/fine_time/outputs/task_finetuning/tasks/frozen/ts_icl/univariate/Smart_Manufacturing/H/short/run_0/metrics_summary.json
    Metrics summary (averaged over all series/windows/variates):
      MSE: 78.4577
      MAE: 5.7205
      RMSE: 7.0686
      MAPE: 0.3356
      sMAPE: 0.2254
      MASE: 0.7123
      ND: 0.2168
      CRPS: 0.1668
  Completed: 34 series × 14 windows
  Output: /fslarge/scratch/users/h61084/codes/fine_time/outputs/task_finetuning/tasks/frozen/ts_icl/univariate/Smart_Manufacturing/H/short/run_0
  Inference time: 32.115s

============================================================
All experiments completed!
Results saved to: /scratch/users/h61084/codes/fine_time/outputs/task_finetuning/tasks/frozen
============================================================
[63/90] evaluate ts_icl task_finetuned on Smart_Manufacturing/H/short
[2026-09-29 11:46:59 UTC] resources selected_device {"device": "cuda", "model": "ts_icl", "stage": "forecast"}
Loading configuration...

============================================================
Dataset: Smart_Manufacturing/H
Terms: ['short']
Covariate mode: none
Instance normalization: none
============================================================

--- Term: short ---
  Config: prediction_length=24, test_length=336, val_length=336
TIME run allocation action=new run=/fslarge/scratch/users/h61084/codes/fine_time/outputs/task_finetuning/tasks/inference/ts_icl/univariate/Smart_Manufacturing/H/short/run_1 launch_id=selena_fine_time_20260929T092621Z_11326 slurm_job_id=3607389 launched_at=2026-09-29T11:46:59.369307+00:00
  Initializing model pipeline...
  Dataset info:
    - Frequency: H
    - Num series: 34
    - Target dim: 5
    - Target mode: univariate
    - Covariate channels: 0
    - Series length: min=1661,               max=1667, avg=1665.9
    - Test split: 336 steps
    - Prediction length: 24
    - Windows: 14
    Processed 320/2380...
    Processed 640/2380...
    Processed 960/2380...
    Processed 1280/2380...
    Processed 1600/2380...
    Processed 1920/2380...
    Processed 2240/2380...
TIME run allocation action=new run=/fslarge/scratch/users/h61084/codes/fine_time/outputs/task_finetuning/tasks/task_finetuned/ts_icl/univariate/Smart_Manufacturing/H/short/run_0 launch_id=selena_fine_time_20260929T092621Z_11326 slurm_job_id=3607389 launched_at=2026-09-29T11:47:32.062042+00:00
    Total instances: 2380, Series during experiment: 170, Windows: 14
    Collecting ground truth and context...
    Detected to_univariate case: 170 flat series -> 34 series x 5 variates
    Organizing data into arrays...
    Saved predictions (quantiles) to /fslarge/scratch/users/h61084/codes/fine_time/outputs/task_finetuning/tasks/task_finetuned/ts_icl/univariate/Smart_Manufacturing/H/short/run_0/predictions.npz
    Computing per-window metrics...
    Saved metrics to /fslarge/scratch/users/h61084/codes/fine_time/outputs/task_finetuning/tasks/task_finetuned/ts_icl/univariate/Smart_Manufacturing/H/short/run_0/metrics.npz
    Saved aggregate metrics to /fslarge/scratch/users/h61084/codes/fine_time/outputs/task_finetuning/tasks/task_finetuned/ts_icl/univariate/Smart_Manufacturing/H/short/run_0/metrics_summary.json
    Metrics summary (averaged over all series/windows/variates):
      MSE: 78.4242
      MAE: 5.7193
      RMSE: 7.0671
      MAPE: 0.3352
      sMAPE: 0.2254
      MASE: 0.7121
      ND: 0.2167
      CRPS: 0.1667
  Completed: 34 series × 14 windows
  Output: /fslarge/scratch/users/h61084/codes/fine_time/outputs/task_finetuning/tasks/task_finetuned/ts_icl/univariate/Smart_Manufacturing/H/short/run_0
  Inference time: 32.053s

============================================================
All experiments completed!
Results saved to: /scratch/users/h61084/codes/fine_time/outputs/task_finetuning/tasks/task_finetuned
============================================================
[64/90] evaluate ts_icl frozen on Supply_Chain_Customer/D/short
[2026-09-29 11:47:32 UTC] resources selected_device {"device": "cuda", "model": "ts_icl", "stage": "forecast"}
Loading configuration...

============================================================
Dataset: Supply_Chain_Customer/D
Terms: ['short']
Covariate mode: none
Instance normalization: none
============================================================

--- Term: short ---
  Config: prediction_length=30, test_length=365, val_length=90
TIME run allocation action=new run=/fslarge/scratch/users/h61084/codes/fine_time/outputs/task_finetuning/tasks/inference/ts_icl/univariate/Supply_Chain_Customer/D/short/run_0 launch_id=selena_fine_time_20260929T092621Z_11326 slurm_job_id=3607389 launched_at=2026-09-29T11:47:32.750938+00:00
  Initializing model pipeline...
  Dataset info:
    - Frequency: D
    - Num series: 1
    - Target dim: 36
    - Target mode: univariate
    - Covariate channels: 0
    - Series length: min=2007,               max=2007, avg=2007.0
    - Test split: 365 steps
    - Prediction length: 30
    - Windows: 12
    Processed 320/432...
TIME run allocation action=new run=/fslarge/scratch/users/h61084/codes/fine_time/outputs/task_finetuning/tasks/frozen/ts_icl/univariate/Supply_Chain_Customer/D/short/run_0 launch_id=selena_fine_time_20260929T092621Z_11326 slurm_job_id=3607389 launched_at=2026-09-29T11:47:40.669088+00:00
    Total instances: 432, Series during experiment: 36, Windows: 12
    Collecting ground truth and context...
    Detected to_univariate case: 36 flat series -> 1 series x 36 variates
    Organizing data into arrays...
    ⚠️  Predictions max value (243479.61) exceeds float16 safe range.
    ⚠️  Applying scale factor: 10 (values will be divided)
    Saved predictions (quantiles) to /fslarge/scratch/users/h61084/codes/fine_time/outputs/task_finetuning/tasks/frozen/ts_icl/univariate/Supply_Chain_Customer/D/short/run_0/predictions.npz
    Computing per-window metrics...
    Saved metrics to /fslarge/scratch/users/h61084/codes/fine_time/outputs/task_finetuning/tasks/frozen/ts_icl/univariate/Supply_Chain_Customer/D/short/run_0/metrics.npz
    Saved aggregate metrics to /fslarge/scratch/users/h61084/codes/fine_time/outputs/task_finetuning/tasks/frozen/ts_icl/univariate/Supply_Chain_Customer/D/short/run_0/metrics_summary.json
    Metrics summary (averaged over all series/windows/variates):
      MSE: 34709178.6582
      MAE: 1688.5848
      RMSE: 2404.3762
      MAPE: 0.4201
      sMAPE: 0.4144
      MASE: 0.6100
      ND: 0.3638
      CRPS: 0.2818
  Completed: 1 series × 12 windows
  Output: /fslarge/scratch/users/h61084/codes/fine_time/outputs/task_finetuning/tasks/frozen/ts_icl/univariate/Supply_Chain_Customer/D/short/run_0
  Inference time: 7.401s

============================================================
All experiments completed!
Results saved to: /scratch/users/h61084/codes/fine_time/outputs/task_finetuning/tasks/frozen
============================================================
[64/90] evaluate ts_icl task_finetuned on Supply_Chain_Customer/D/short
[2026-09-29 11:47:40 UTC] resources selected_device {"device": "cuda", "model": "ts_icl", "stage": "forecast"}
Loading configuration...

============================================================
Dataset: Supply_Chain_Customer/D
Terms: ['short']
Covariate mode: none
Instance normalization: none
============================================================

--- Term: short ---
  Config: prediction_length=30, test_length=365, val_length=90
TIME run allocation action=new run=/fslarge/scratch/users/h61084/codes/fine_time/outputs/task_finetuning/tasks/inference/ts_icl/univariate/Supply_Chain_Customer/D/short/run_1 launch_id=selena_fine_time_20260929T092621Z_11326 slurm_job_id=3607389 launched_at=2026-09-29T11:47:40.839610+00:00
  Initializing model pipeline...
  Dataset info:
    - Frequency: D
    - Num series: 1
    - Target dim: 36
    - Target mode: univariate
    - Covariate channels: 0
    - Series length: min=2007,               max=2007, avg=2007.0
    - Test split: 365 steps
    - Prediction length: 30
    - Windows: 12
    Processed 320/432...
TIME run allocation action=new run=/fslarge/scratch/users/h61084/codes/fine_time/outputs/task_finetuning/tasks/task_finetuned/ts_icl/univariate/Supply_Chain_Customer/D/short/run_0 launch_id=selena_fine_time_20260929T092621Z_11326 slurm_job_id=3607389 launched_at=2026-09-29T11:47:48.649601+00:00
    Total instances: 432, Series during experiment: 36, Windows: 12
    Collecting ground truth and context...
    Detected to_univariate case: 36 flat series -> 1 series x 36 variates
    Organizing data into arrays...
    ⚠️  Predictions max value (260089.39) exceeds float16 safe range.
    ⚠️  Applying scale factor: 10 (values will be divided)
    Saved predictions (quantiles) to /fslarge/scratch/users/h61084/codes/fine_time/outputs/task_finetuning/tasks/task_finetuned/ts_icl/univariate/Supply_Chain_Customer/D/short/run_0/predictions.npz
    Computing per-window metrics...
    Saved metrics to /fslarge/scratch/users/h61084/codes/fine_time/outputs/task_finetuning/tasks/task_finetuned/ts_icl/univariate/Supply_Chain_Customer/D/short/run_0/metrics.npz
    Saved aggregate metrics to /fslarge/scratch/users/h61084/codes/fine_time/outputs/task_finetuning/tasks/task_finetuned/ts_icl/univariate/Supply_Chain_Customer/D/short/run_0/metrics_summary.json
    Metrics summary (averaged over all series/windows/variates):
      MSE: 32558486.8932
      MAE: 1655.7717
      RMSE: 2348.8131
      MAPE: 0.4310
      sMAPE: 0.4069
      MASE: 0.5992
      ND: 0.3589
      CRPS: 0.2782
  Completed: 1 series × 12 windows
  Output: /fslarge/scratch/users/h61084/codes/fine_time/outputs/task_finetuning/tasks/task_finetuned/ts_icl/univariate/Supply_Chain_Customer/D/short/run_0
  Inference time: 7.202s

============================================================
All experiments completed!
Results saved to: /scratch/users/h61084/codes/fine_time/outputs/task_finetuning/tasks/task_finetuned
============================================================
[65/90] evaluate ts_icl frozen on Supply_Chain_Location/D/short
[2026-09-29 11:47:48 UTC] resources selected_device {"device": "cuda", "model": "ts_icl", "stage": "forecast"}
Loading configuration...

============================================================
Dataset: Supply_Chain_Location/D
Terms: ['short']
Covariate mode: none
Instance normalization: none
============================================================

--- Term: short ---
  Config: prediction_length=30, test_length=365, val_length=90
TIME run allocation action=new run=/fslarge/scratch/users/h61084/codes/fine_time/outputs/task_finetuning/tasks/inference/ts_icl/univariate/Supply_Chain_Location/D/short/run_0 launch_id=selena_fine_time_20260929T092621Z_11326 slurm_job_id=3607389 launched_at=2026-09-29T11:47:48.861304+00:00
  Initializing model pipeline...
  Dataset info:
    - Frequency: D
    - Num series: 1
    - Target dim: 51
    - Target mode: univariate
    - Covariate channels: 0
    - Series length: min=2007,               max=2007, avg=2007.0
    - Test split: 365 steps
    - Prediction length: 30
    - Windows: 12
    Processed 320/612...
    Processed 612/612...
TIME run allocation action=new run=/fslarge/scratch/users/h61084/codes/fine_time/outputs/task_finetuning/tasks/frozen/ts_icl/univariate/Supply_Chain_Location/D/short/run_0 launch_id=selena_fine_time_20260929T092621Z_11326 slurm_job_id=3607389 launched_at=2026-09-29T11:47:59.420291+00:00
    Total instances: 612, Series during experiment: 51, Windows: 12
    Collecting ground truth and context...
    Detected to_univariate case: 51 flat series -> 1 series x 51 variates
    Organizing data into arrays...
    ⚠️  Predictions max value (104365.87) exceeds float16 safe range.
    ⚠️  Applying scale factor: 10 (values will be divided)
    Saved predictions (quantiles) to /fslarge/scratch/users/h61084/codes/fine_time/outputs/task_finetuning/tasks/frozen/ts_icl/univariate/Supply_Chain_Location/D/short/run_0/predictions.npz
    Computing per-window metrics...
    Saved metrics to /fslarge/scratch/users/h61084/codes/fine_time/outputs/task_finetuning/tasks/frozen/ts_icl/univariate/Supply_Chain_Location/D/short/run_0/metrics.npz
    Saved aggregate metrics to /fslarge/scratch/users/h61084/codes/fine_time/outputs/task_finetuning/tasks/frozen/ts_icl/univariate/Supply_Chain_Location/D/short/run_0/metrics_summary.json
    Metrics summary (averaged over all series/windows/variates):
      MSE: 23491889.9600
      MAE: 1830.0067
      RMSE: 2506.7225
      MAPE: 0.4833
      sMAPE: 0.4194
      MASE: 0.6594
      ND: 0.3850
      CRPS: 0.2952
  Completed: 1 series × 12 windows
  Output: /fslarge/scratch/users/h61084/codes/fine_time/outputs/task_finetuning/tasks/frozen/ts_icl/univariate/Supply_Chain_Location/D/short/run_0
  Inference time: 10.190s

============================================================
All experiments completed!
Results saved to: /scratch/users/h61084/codes/fine_time/outputs/task_finetuning/tasks/frozen
============================================================
[65/90] evaluate ts_icl task_finetuned on Supply_Chain_Location/D/short
[2026-09-29 11:47:59 UTC] resources selected_device {"device": "cuda", "model": "ts_icl", "stage": "forecast"}
Loading configuration...

============================================================
Dataset: Supply_Chain_Location/D
Terms: ['short']
Covariate mode: none
Instance normalization: none
============================================================

--- Term: short ---
  Config: prediction_length=30, test_length=365, val_length=90
TIME run allocation action=new run=/fslarge/scratch/users/h61084/codes/fine_time/outputs/task_finetuning/tasks/inference/ts_icl/univariate/Supply_Chain_Location/D/short/run_1 launch_id=selena_fine_time_20260929T092621Z_11326 slurm_job_id=3607389 launched_at=2026-09-29T11:47:59.635653+00:00
  Initializing model pipeline...
  Dataset info:
    - Frequency: D
    - Num series: 1
    - Target dim: 51
    - Target mode: univariate
    - Covariate channels: 0
    - Series length: min=2007,               max=2007, avg=2007.0
    - Test split: 365 steps
    - Prediction length: 30
    - Windows: 12
    Processed 320/612...
    Processed 612/612...
TIME run allocation action=new run=/fslarge/scratch/users/h61084/codes/fine_time/outputs/task_finetuning/tasks/task_finetuned/ts_icl/univariate/Supply_Chain_Location/D/short/run_0 launch_id=selena_fine_time_20260929T092621Z_11326 slurm_job_id=3607389 launched_at=2026-09-29T11:48:10.488014+00:00
    Total instances: 612, Series during experiment: 51, Windows: 12
    Collecting ground truth and context...
    Detected to_univariate case: 51 flat series -> 1 series x 51 variates
    Organizing data into arrays...
    ⚠️  Predictions max value (111311.93) exceeds float16 safe range.
    ⚠️  Applying scale factor: 10 (values will be divided)
    Saved predictions (quantiles) to /fslarge/scratch/users/h61084/codes/fine_time/outputs/task_finetuning/tasks/task_finetuned/ts_icl/univariate/Supply_Chain_Location/D/short/run_0/predictions.npz
    Computing per-window metrics...
    Saved metrics to /fslarge/scratch/users/h61084/codes/fine_time/outputs/task_finetuning/tasks/task_finetuned/ts_icl/univariate/Supply_Chain_Location/D/short/run_0/metrics.npz
    Saved aggregate metrics to /fslarge/scratch/users/h61084/codes/fine_time/outputs/task_finetuning/tasks/task_finetuned/ts_icl/univariate/Supply_Chain_Location/D/short/run_0/metrics_summary.json
    Metrics summary (averaged over all series/windows/variates):
      MSE: 22148012.4772
      MAE: 1809.0352
      RMSE: 2443.7872
      MAPE: 0.5022
      sMAPE: 0.4125
      MASE: 0.6473
      ND: 0.3801
      CRPS: 0.2909
  Completed: 1 series × 12 windows
  Output: /fslarge/scratch/users/h61084/codes/fine_time/outputs/task_finetuning/tasks/task_finetuned/ts_icl/univariate/Supply_Chain_Location/D/short/run_0
  Inference time: 10.197s

============================================================
All experiments completed!
Results saved to: /scratch/users/h61084/codes/fine_time/outputs/task_finetuning/tasks/task_finetuned
============================================================
[66/90] evaluate ts_icl frozen on US_Labor/M/short
[2026-09-29 11:48:10 UTC] resources selected_device {"device": "cuda", "model": "ts_icl", "stage": "forecast"}
Loading configuration...

============================================================
Dataset: US_Labor/M
Terms: ['short']
Covariate mode: none
Instance normalization: none
============================================================

--- Term: short ---
  Config: prediction_length=12, test_length=60, val_length=12
TIME run allocation action=new run=/fslarge/scratch/users/h61084/codes/fine_time/outputs/task_finetuning/tasks/inference/ts_icl/univariate/US_Labor/M/short/run_0 launch_id=selena_fine_time_20260929T092621Z_11326 slurm_job_id=3607389 launched_at=2026-09-29T11:48:10.699970+00:00
  Initializing model pipeline...
  Dataset info:
    - Frequency: M
    - Num series: 1
    - Target dim: 14
    - Target mode: univariate
    - Covariate channels: 0
    - Series length: min=380,               max=380, avg=380.0
    - Test split: 60 steps
    - Prediction length: 12
    - Windows: 5
TIME run allocation action=new run=/fslarge/scratch/users/h61084/codes/fine_time/outputs/task_finetuning/tasks/frozen/ts_icl/univariate/US_Labor/M/short/run_0 launch_id=selena_fine_time_20260929T092621Z_11326 slurm_job_id=3607389 launched_at=2026-09-29T11:48:11.893608+00:00
    Total instances: 70, Series during experiment: 14, Windows: 5
    Collecting ground truth and context...
    Detected to_univariate case: 14 flat series -> 1 series x 14 variates
    Organizing data into arrays...
    ⚠️  Predictions max value (173036.62) exceeds float16 safe range.
    ⚠️  Applying scale factor: 10 (values will be divided)
    Saved predictions (quantiles) to /fslarge/scratch/users/h61084/codes/fine_time/outputs/task_finetuning/tasks/frozen/ts_icl/univariate/US_Labor/M/short/run_0/predictions.npz
    Computing per-window metrics...
    Saved metrics to /fslarge/scratch/users/h61084/codes/fine_time/outputs/task_finetuning/tasks/frozen/ts_icl/univariate/US_Labor/M/short/run_0/metrics.npz
    Saved aggregate metrics to /fslarge/scratch/users/h61084/codes/fine_time/outputs/task_finetuning/tasks/frozen/ts_icl/univariate/US_Labor/M/short/run_0/metrics_summary.json
    Metrics summary (averaged over all series/windows/variates):
      MSE: 848823.4033
      MAE: 406.7476
      RMSE: 460.1667
      MAPE: 0.0656
      sMAPE: 0.0605
      MASE: 0.8895
      ND: 0.0642
      CRPS: 0.0499
  Completed: 1 series × 5 windows
  Output: /fslarge/scratch/users/h61084/codes/fine_time/outputs/task_finetuning/tasks/frozen/ts_icl/univariate/US_Labor/M/short/run_0
  Inference time: 0.811s

============================================================
All experiments completed!
Results saved to: /scratch/users/h61084/codes/fine_time/outputs/task_finetuning/tasks/frozen
============================================================
[66/90] evaluate ts_icl task_finetuned on US_Labor/M/short
[2026-09-29 11:48:11 UTC] resources selected_device {"device": "cuda", "model": "ts_icl", "stage": "forecast"}
Loading configuration...

============================================================
Dataset: US_Labor/M
Terms: ['short']
Covariate mode: none
Instance normalization: none
============================================================

--- Term: short ---
  Config: prediction_length=12, test_length=60, val_length=12
TIME run allocation action=new run=/fslarge/scratch/users/h61084/codes/fine_time/outputs/task_finetuning/tasks/inference/ts_icl/univariate/US_Labor/M/short/run_1 launch_id=selena_fine_time_20260929T092621Z_11326 slurm_job_id=3607389 launched_at=2026-09-29T11:48:11.947280+00:00
  Initializing model pipeline...
  Dataset info:
    - Frequency: M
    - Num series: 1
    - Target dim: 14
    - Target mode: univariate
    - Covariate channels: 0
    - Series length: min=380,               max=380, avg=380.0
    - Test split: 60 steps
    - Prediction length: 12
    - Windows: 5
TIME run allocation action=new run=/fslarge/scratch/users/h61084/codes/fine_time/outputs/task_finetuning/tasks/task_finetuned/ts_icl/univariate/US_Labor/M/short/run_0 launch_id=selena_fine_time_20260929T092621Z_11326 slurm_job_id=3607389 launched_at=2026-09-29T11:48:13.379445+00:00
    Total instances: 70, Series during experiment: 14, Windows: 5
    Collecting ground truth and context...
    Detected to_univariate case: 14 flat series -> 1 series x 14 variates
    Organizing data into arrays...
    ⚠️  Predictions max value (172902.77) exceeds float16 safe range.
    ⚠️  Applying scale factor: 10 (values will be divided)
    Saved predictions (quantiles) to /fslarge/scratch/users/h61084/codes/fine_time/outputs/task_finetuning/tasks/task_finetuned/ts_icl/univariate/US_Labor/M/short/run_0/predictions.npz
    Computing per-window metrics...
    Saved metrics to /fslarge/scratch/users/h61084/codes/fine_time/outputs/task_finetuning/tasks/task_finetuned/ts_icl/univariate/US_Labor/M/short/run_0/metrics.npz
    Saved aggregate metrics to /fslarge/scratch/users/h61084/codes/fine_time/outputs/task_finetuning/tasks/task_finetuned/ts_icl/univariate/US_Labor/M/short/run_0/metrics_summary.json
    Metrics summary (averaged over all series/windows/variates):
      MSE: 851619.4086
      MAE: 407.2496
      RMSE: 461.4787
      MAPE: 0.0652
      sMAPE: 0.0602
      MASE: 0.8846
      ND: 0.0638
      CRPS: 0.0496
  Completed: 1 series × 5 windows
  Output: /fslarge/scratch/users/h61084/codes/fine_time/outputs/task_finetuning/tasks/task_finetuned/ts_icl/univariate/US_Labor/M/short/run_0
  Inference time: 0.801s

============================================================
All experiments completed!
Results saved to: /scratch/users/h61084/codes/fine_time/outputs/task_finetuning/tasks/task_finetuned
============================================================
[67/90] evaluate ts_icl frozen on US_Term_Structure/B/short
[2026-09-29 11:48:13 UTC] resources selected_device {"device": "cuda", "model": "ts_icl", "stage": "forecast"}
Loading configuration...

============================================================
Dataset: US_Term_Structure/B
Terms: ['short']
Covariate mode: none
Instance normalization: none
============================================================

--- Term: short ---
  Config: prediction_length=20, test_length=717, val_length=100
TIME run allocation action=new run=/fslarge/scratch/users/h61084/codes/fine_time/outputs/task_finetuning/tasks/inference/ts_icl/univariate/US_Term_Structure/B/short/run_0 launch_id=selena_fine_time_20260929T092621Z_11326 slurm_job_id=3607389 launched_at=2026-09-29T11:48:13.539435+00:00
  Initializing model pipeline...
  Dataset info:
    - Frequency: B
    - Num series: 1
    - Target dim: 40
    - Target mode: univariate
    - Covariate channels: 0
    - Series length: min=9326,               max=9326, avg=9326.0
    - Test split: 717 steps
    - Prediction length: 20
    - Windows: 35
    Processed 320/1400...
    Processed 640/1400...
    Processed 960/1400...
    Processed 1280/1400...
TIME run allocation action=new run=/fslarge/scratch/users/h61084/codes/fine_time/outputs/task_finetuning/tasks/frozen/ts_icl/univariate/US_Term_Structure/B/short/run_0 launch_id=selena_fine_time_20260929T092621Z_11326 slurm_job_id=3607389 launched_at=2026-09-29T11:48:45.986934+00:00
    Total instances: 1400, Series during experiment: 40, Windows: 35
    Collecting ground truth and context...
    Detected to_univariate case: 40 flat series -> 1 series x 40 variates
    Organizing data into arrays...
    Saved predictions (quantiles) to /fslarge/scratch/users/h61084/codes/fine_time/outputs/task_finetuning/tasks/frozen/ts_icl/univariate/US_Term_Structure/B/short/run_0/predictions.npz
    Computing per-window metrics...
    Saved metrics to /fslarge/scratch/users/h61084/codes/fine_time/outputs/task_finetuning/tasks/frozen/ts_icl/univariate/US_Term_Structure/B/short/run_0/metrics.npz
    Saved aggregate metrics to /fslarge/scratch/users/h61084/codes/fine_time/outputs/task_finetuning/tasks/frozen/ts_icl/univariate/US_Term_Structure/B/short/run_0/metrics_summary.json
    Metrics summary (averaged over all series/windows/variates):
      MSE: 0.0243
      MAE: 0.1047
      RMSE: 0.1256
      MAPE: 0.9670
      sMAPE: 0.2743
      MASE: 1.5298
      ND: 0.2635
      CRPS: 0.2101
  Completed: 1 series × 35 windows
  Output: /fslarge/scratch/users/h61084/codes/fine_time/outputs/task_finetuning/tasks/frozen/ts_icl/univariate/US_Term_Structure/B/short/run_0
  Inference time: 32.057s

============================================================
All experiments completed!
Results saved to: /scratch/users/h61084/codes/fine_time/outputs/task_finetuning/tasks/frozen
============================================================
[67/90] evaluate ts_icl task_finetuned on US_Term_Structure/B/short
[2026-09-29 11:48:46 UTC] resources selected_device {"device": "cuda", "model": "ts_icl", "stage": "forecast"}
Loading configuration...

============================================================
Dataset: US_Term_Structure/B
Terms: ['short']
Covariate mode: none
Instance normalization: none
============================================================

--- Term: short ---
  Config: prediction_length=20, test_length=717, val_length=100
TIME run allocation action=new run=/fslarge/scratch/users/h61084/codes/fine_time/outputs/task_finetuning/tasks/inference/ts_icl/univariate/US_Term_Structure/B/short/run_1 launch_id=selena_fine_time_20260929T092621Z_11326 slurm_job_id=3607389 launched_at=2026-09-29T11:48:46.550065+00:00
  Initializing model pipeline...
  Dataset info:
    - Frequency: B
    - Num series: 1
    - Target dim: 40
    - Target mode: univariate
    - Covariate channels: 0
    - Series length: min=9326,               max=9326, avg=9326.0
    - Test split: 717 steps
    - Prediction length: 20
    - Windows: 35
    Processed 320/1400...
    Processed 640/1400...
    Processed 960/1400...
    Processed 1280/1400...
TIME run allocation action=new run=/fslarge/scratch/users/h61084/codes/fine_time/outputs/task_finetuning/tasks/task_finetuned/ts_icl/univariate/US_Term_Structure/B/short/run_0 launch_id=selena_fine_time_20260929T092621Z_11326 slurm_job_id=3607389 launched_at=2026-09-29T11:49:19.166623+00:00
    Total instances: 1400, Series during experiment: 40, Windows: 35
    Collecting ground truth and context...
    Detected to_univariate case: 40 flat series -> 1 series x 40 variates
    Organizing data into arrays...
    Saved predictions (quantiles) to /fslarge/scratch/users/h61084/codes/fine_time/outputs/task_finetuning/tasks/task_finetuned/ts_icl/univariate/US_Term_Structure/B/short/run_0/predictions.npz
    Computing per-window metrics...
    Saved metrics to /fslarge/scratch/users/h61084/codes/fine_time/outputs/task_finetuning/tasks/task_finetuned/ts_icl/univariate/US_Term_Structure/B/short/run_0/metrics.npz
    Saved aggregate metrics to /fslarge/scratch/users/h61084/codes/fine_time/outputs/task_finetuning/tasks/task_finetuned/ts_icl/univariate/US_Term_Structure/B/short/run_0/metrics_summary.json
    Metrics summary (averaged over all series/windows/variates):
      MSE: 0.0243
      MAE: 0.1039
      RMSE: 0.1250
      MAPE: 0.9602
      sMAPE: 0.2744
      MASE: 1.5199
      ND: 0.2626
      CRPS: 0.2093
  Completed: 1 series × 35 windows
  Output: /fslarge/scratch/users/h61084/codes/fine_time/outputs/task_finetuning/tasks/task_finetuned/ts_icl/univariate/US_Term_Structure/B/short/run_0
  Inference time: 31.966s

============================================================
All experiments completed!
Results saved to: /scratch/users/h61084/codes/fine_time/outputs/task_finetuning/tasks/task_finetuned
============================================================
[68/90] evaluate ts_icl frozen on Uncertainty_1M/M/short
[2026-09-29 11:49:19 UTC] resources selected_device {"device": "cuda", "model": "ts_icl", "stage": "forecast"}
Loading configuration...

============================================================
Dataset: Uncertainty_1M/M
Terms: ['short']
Covariate mode: none
Instance normalization: none
============================================================

--- Term: short ---
  Config: prediction_length=6, test_length=42, val_length=18
TIME run allocation action=new run=/fslarge/scratch/users/h61084/codes/fine_time/outputs/task_finetuning/tasks/inference/ts_icl/univariate/Uncertainty_1M/M/short/run_0 launch_id=selena_fine_time_20260929T092621Z_11326 slurm_job_id=3607389 launched_at=2026-09-29T11:49:19.613710+00:00
  Initializing model pipeline...
  Dataset info:
    - Frequency: M
    - Num series: 1
    - Target dim: 3
    - Target mode: univariate
    - Covariate channels: 0
    - Series length: min=780,               max=780, avg=780.0
    - Test split: 42 steps
    - Prediction length: 6
    - Windows: 7
TIME run allocation action=new run=/fslarge/scratch/users/h61084/codes/fine_time/outputs/task_finetuning/tasks/frozen/ts_icl/univariate/Uncertainty_1M/M/short/run_0 launch_id=selena_fine_time_20260929T092621Z_11326 slurm_job_id=3607389 launched_at=2026-09-29T11:49:20.266286+00:00
    Total instances: 21, Series during experiment: 3, Windows: 7
    Collecting ground truth and context...
    Detected to_univariate case: 3 flat series -> 1 series x 3 variates
    Organizing data into arrays...
    Saved predictions (quantiles) to /fslarge/scratch/users/h61084/codes/fine_time/outputs/task_finetuning/tasks/frozen/ts_icl/univariate/Uncertainty_1M/M/short/run_0/predictions.npz
    Computing per-window metrics...
    Saved metrics to /fslarge/scratch/users/h61084/codes/fine_time/outputs/task_finetuning/tasks/frozen/ts_icl/univariate/Uncertainty_1M/M/short/run_0/metrics.npz
    Saved aggregate metrics to /fslarge/scratch/users/h61084/codes/fine_time/outputs/task_finetuning/tasks/frozen/ts_icl/univariate/Uncertainty_1M/M/short/run_0/metrics_summary.json
    Metrics summary (averaged over all series/windows/variates):
      MSE: 0.0013
      MAE: 0.0277
      RMSE: 0.0312
      MAPE: 0.0342
      sMAPE: 0.0337
      MASE: 0.3466
      ND: 0.0340
      CRPS: 0.0266
  Completed: 1 series × 7 windows
  Output: /fslarge/scratch/users/h61084/codes/fine_time/outputs/task_finetuning/tasks/frozen/ts_icl/univariate/Uncertainty_1M/M/short/run_0
  Inference time: 0.270s

============================================================
All experiments completed!
Results saved to: /scratch/users/h61084/codes/fine_time/outputs/task_finetuning/tasks/frozen
============================================================
[68/90] evaluate ts_icl task_finetuned on Uncertainty_1M/M/short
[2026-09-29 11:49:20 UTC] resources selected_device {"device": "cuda", "model": "ts_icl", "stage": "forecast"}
Loading configuration...

============================================================
Dataset: Uncertainty_1M/M
Terms: ['short']
Covariate mode: none
Instance normalization: none
============================================================

--- Term: short ---
  Config: prediction_length=6, test_length=42, val_length=18
TIME run allocation action=new run=/fslarge/scratch/users/h61084/codes/fine_time/outputs/task_finetuning/tasks/inference/ts_icl/univariate/Uncertainty_1M/M/short/run_1 launch_id=selena_fine_time_20260929T092621Z_11326 slurm_job_id=3607389 launched_at=2026-09-29T11:49:20.307327+00:00
  Initializing model pipeline...
  Dataset info:
    - Frequency: M
    - Num series: 1
    - Target dim: 3
    - Target mode: univariate
    - Covariate channels: 0
    - Series length: min=780,               max=780, avg=780.0
    - Test split: 42 steps
    - Prediction length: 6
    - Windows: 7
TIME run allocation action=new run=/fslarge/scratch/users/h61084/codes/fine_time/outputs/task_finetuning/tasks/task_finetuned/ts_icl/univariate/Uncertainty_1M/M/short/run_0 launch_id=selena_fine_time_20260929T092621Z_11326 slurm_job_id=3607389 launched_at=2026-09-29T11:49:21.129073+00:00
    Total instances: 21, Series during experiment: 3, Windows: 7
    Collecting ground truth and context...
    Detected to_univariate case: 3 flat series -> 1 series x 3 variates
    Organizing data into arrays...
    Saved predictions (quantiles) to /fslarge/scratch/users/h61084/codes/fine_time/outputs/task_finetuning/tasks/task_finetuned/ts_icl/univariate/Uncertainty_1M/M/short/run_0/predictions.npz
    Computing per-window metrics...
    Saved metrics to /fslarge/scratch/users/h61084/codes/fine_time/outputs/task_finetuning/tasks/task_finetuned/ts_icl/univariate/Uncertainty_1M/M/short/run_0/metrics.npz
    Saved aggregate metrics to /fslarge/scratch/users/h61084/codes/fine_time/outputs/task_finetuning/tasks/task_finetuned/ts_icl/univariate/Uncertainty_1M/M/short/run_0/metrics_summary.json
    Metrics summary (averaged over all series/windows/variates):
      MSE: 0.0013
      MAE: 0.0275
      RMSE: 0.0310
      MAPE: 0.0341
      sMAPE: 0.0336
      MASE: 0.3457
      ND: 0.0339
      CRPS: 0.0265
  Completed: 1 series × 7 windows
  Output: /fslarge/scratch/users/h61084/codes/fine_time/outputs/task_finetuning/tasks/task_finetuned/ts_icl/univariate/Uncertainty_1M/M/short/run_0
  Inference time: 0.260s

============================================================
All experiments completed!
Results saved to: /scratch/users/h61084/codes/fine_time/outputs/task_finetuning/tasks/task_finetuned
============================================================
[69/90] evaluate ts_icl frozen on Vehicle_Sales/M/short
[2026-09-29 11:49:21 UTC] resources selected_device {"device": "cuda", "model": "ts_icl", "stage": "forecast"}
Loading configuration...

============================================================
Dataset: Vehicle_Sales/M
Terms: ['short']
Covariate mode: none
Instance normalization: none
============================================================

--- Term: short ---
  Config: prediction_length=12, test_length=60, val_length=12
TIME run allocation action=new run=/fslarge/scratch/users/h61084/codes/fine_time/outputs/task_finetuning/tasks/inference/ts_icl/univariate/Vehicle_Sales/M/short/run_0 launch_id=selena_fine_time_20260929T092621Z_11326 slurm_job_id=3607389 launched_at=2026-09-29T11:49:21.180155+00:00
  Initializing model pipeline...
  Dataset info:
    - Frequency: M
    - Num series: 1
    - Target dim: 10
    - Target mode: univariate
    - Covariate channels: 0
    - Series length: min=596,               max=596, avg=596.0
    - Test split: 60 steps
    - Prediction length: 12
    - Windows: 5
TIME run allocation action=new run=/fslarge/scratch/users/h61084/codes/fine_time/outputs/task_finetuning/tasks/frozen/ts_icl/univariate/Vehicle_Sales/M/short/run_0 launch_id=selena_fine_time_20260929T092621Z_11326 slurm_job_id=3607389 launched_at=2026-09-29T11:49:22.320257+00:00
    Total instances: 50, Series during experiment: 10, Windows: 5
    Collecting ground truth and context...
    Detected to_univariate case: 10 flat series -> 1 series x 10 variates
    Organizing data into arrays...
    Saved predictions (quantiles) to /fslarge/scratch/users/h61084/codes/fine_time/outputs/task_finetuning/tasks/frozen/ts_icl/univariate/Vehicle_Sales/M/short/run_0/predictions.npz
    Computing per-window metrics...
    Saved metrics to /fslarge/scratch/users/h61084/codes/fine_time/outputs/task_finetuning/tasks/frozen/ts_icl/univariate/Vehicle_Sales/M/short/run_0/metrics.npz
    Saved aggregate metrics to /fslarge/scratch/users/h61084/codes/fine_time/outputs/task_finetuning/tasks/frozen/ts_icl/univariate/Vehicle_Sales/M/short/run_0/metrics_summary.json
    Metrics summary (averaged over all series/windows/variates):
      MSE: 1517.8761
      MAE: 10.5004
      RMSE: 12.4093
      MAPE: 0.0871
      sMAPE: 0.0851
      MASE: 0.7955
      ND: 0.0869
      CRPS: 0.0678
  Completed: 1 series × 5 windows
  Output: /fslarge/scratch/users/h61084/codes/fine_time/outputs/task_finetuning/tasks/frozen/ts_icl/univariate/Vehicle_Sales/M/short/run_0
  Inference time: 0.576s

============================================================
All experiments completed!
Results saved to: /scratch/users/h61084/codes/fine_time/outputs/task_finetuning/tasks/frozen
============================================================
[69/90] evaluate ts_icl task_finetuned on Vehicle_Sales/M/short
[2026-09-29 11:49:22 UTC] resources selected_device {"device": "cuda", "model": "ts_icl", "stage": "forecast"}
Loading configuration...

============================================================
Dataset: Vehicle_Sales/M
Terms: ['short']
Covariate mode: none
Instance normalization: none
============================================================

--- Term: short ---
  Config: prediction_length=12, test_length=60, val_length=12
TIME run allocation action=new run=/fslarge/scratch/users/h61084/codes/fine_time/outputs/task_finetuning/tasks/inference/ts_icl/univariate/Vehicle_Sales/M/short/run_1 launch_id=selena_fine_time_20260929T092621Z_11326 slurm_job_id=3607389 launched_at=2026-09-29T11:49:22.369726+00:00
  Initializing model pipeline...
  Dataset info:
    - Frequency: M
    - Num series: 1
    - Target dim: 10
    - Target mode: univariate
    - Covariate channels: 0
    - Series length: min=596,               max=596, avg=596.0
    - Test split: 60 steps
    - Prediction length: 12
    - Windows: 5
TIME run allocation action=new run=/fslarge/scratch/users/h61084/codes/fine_time/outputs/task_finetuning/tasks/task_finetuned/ts_icl/univariate/Vehicle_Sales/M/short/run_0 launch_id=selena_fine_time_20260929T092621Z_11326 slurm_job_id=3607389 launched_at=2026-09-29T11:49:23.508375+00:00
    Total instances: 50, Series during experiment: 10, Windows: 5
    Collecting ground truth and context...
    Detected to_univariate case: 10 flat series -> 1 series x 10 variates
    Organizing data into arrays...
    Saved predictions (quantiles) to /fslarge/scratch/users/h61084/codes/fine_time/outputs/task_finetuning/tasks/task_finetuned/ts_icl/univariate/Vehicle_Sales/M/short/run_0/predictions.npz
    Computing per-window metrics...
    Saved metrics to /fslarge/scratch/users/h61084/codes/fine_time/outputs/task_finetuning/tasks/task_finetuned/ts_icl/univariate/Vehicle_Sales/M/short/run_0/metrics.npz
    Saved aggregate metrics to /fslarge/scratch/users/h61084/codes/fine_time/outputs/task_finetuning/tasks/task_finetuned/ts_icl/univariate/Vehicle_Sales/M/short/run_0/metrics_summary.json
    Metrics summary (averaged over all series/windows/variates):
      MSE: 1513.4413
      MAE: 10.4639
      RMSE: 12.3759
      MAPE: 0.0879
      sMAPE: 0.0855
      MASE: 0.7964
      ND: 0.0877
      CRPS: 0.0682
  Completed: 1 series × 5 windows
  Output: /fslarge/scratch/users/h61084/codes/fine_time/outputs/task_finetuning/tasks/task_finetuned/ts_icl/univariate/Vehicle_Sales/M/short/run_0
  Inference time: 0.574s

============================================================
All experiments completed!
Results saved to: /scratch/users/h61084/codes/fine_time/outputs/task_finetuning/tasks/task_finetuned
============================================================
[70/90] evaluate ts_icl frozen on Vehicle_Supply/M/short
[2026-09-29 11:49:23 UTC] resources selected_device {"device": "cuda", "model": "ts_icl", "stage": "forecast"}
Loading configuration...

============================================================
Dataset: Vehicle_Supply/M
Terms: ['short']
Covariate mode: none
Instance normalization: none
============================================================

--- Term: short ---
  Config: prediction_length=12, test_length=60, val_length=12
TIME run allocation action=new run=/fslarge/scratch/users/h61084/codes/fine_time/outputs/task_finetuning/tasks/inference/ts_icl/univariate/Vehicle_Supply/M/short/run_0 launch_id=selena_fine_time_20260929T092621Z_11326 slurm_job_id=3607389 launched_at=2026-09-29T11:49:23.575484+00:00
  Initializing model pipeline...
  Dataset info:
    - Frequency: M
    - Num series: 1
    - Target dim: 6
    - Target mode: univariate
    - Covariate channels: 0
    - Series length: min=391,               max=391, avg=391.0
    - Test split: 60 steps
    - Prediction length: 12
    - Windows: 5
TIME run allocation action=new run=/fslarge/scratch/users/h61084/codes/fine_time/outputs/task_finetuning/tasks/frozen/ts_icl/univariate/Vehicle_Supply/M/short/run_0 launch_id=selena_fine_time_20260929T092621Z_11326 slurm_job_id=3607389 launched_at=2026-09-29T11:49:24.270525+00:00
    Total instances: 30, Series during experiment: 6, Windows: 5
    Collecting ground truth and context...
    Detected to_univariate case: 6 flat series -> 1 series x 6 variates
    Organizing data into arrays...
    Saved predictions (quantiles) to /fslarge/scratch/users/h61084/codes/fine_time/outputs/task_finetuning/tasks/frozen/ts_icl/univariate/Vehicle_Supply/M/short/run_0/predictions.npz
    Computing per-window metrics...
    Saved metrics to /fslarge/scratch/users/h61084/codes/fine_time/outputs/task_finetuning/tasks/frozen/ts_icl/univariate/Vehicle_Supply/M/short/run_0/metrics.npz
    Saved aggregate metrics to /fslarge/scratch/users/h61084/codes/fine_time/outputs/task_finetuning/tasks/frozen/ts_icl/univariate/Vehicle_Supply/M/short/run_0/metrics_summary.json
    Metrics summary (averaged over all series/windows/variates):
      MSE: 2393.9417
      MAE: 19.6360
      RMSE: 23.2576
      MAPE: 0.2531
      sMAPE: 0.2025
      MASE: 0.7929
      ND: 0.2294
      CRPS: 0.1872
  Completed: 1 series × 5 windows
  Output: /fslarge/scratch/users/h61084/codes/fine_time/outputs/task_finetuning/tasks/frozen/ts_icl/univariate/Vehicle_Supply/M/short/run_0
  Inference time: 0.355s

============================================================
All experiments completed!
Results saved to: /scratch/users/h61084/codes/fine_time/outputs/task_finetuning/tasks/frozen
============================================================
[70/90] evaluate ts_icl task_finetuned on Vehicle_Supply/M/short
[2026-09-29 11:49:24 UTC] resources selected_device {"device": "cuda", "model": "ts_icl", "stage": "forecast"}
Loading configuration...

============================================================
Dataset: Vehicle_Supply/M
Terms: ['short']
Covariate mode: none
Instance normalization: none
============================================================

--- Term: short ---
  Config: prediction_length=12, test_length=60, val_length=12
TIME run allocation action=new run=/fslarge/scratch/users/h61084/codes/fine_time/outputs/task_finetuning/tasks/inference/ts_icl/univariate/Vehicle_Supply/M/short/run_1 launch_id=selena_fine_time_20260929T092621Z_11326 slurm_job_id=3607389 launched_at=2026-09-29T11:49:24.313216+00:00
  Initializing model pipeline...
  Dataset info:
    - Frequency: M
    - Num series: 1
    - Target dim: 6
    - Target mode: univariate
    - Covariate channels: 0
    - Series length: min=391,               max=391, avg=391.0
    - Test split: 60 steps
    - Prediction length: 12
    - Windows: 5
TIME run allocation action=new run=/fslarge/scratch/users/h61084/codes/fine_time/outputs/task_finetuning/tasks/task_finetuned/ts_icl/univariate/Vehicle_Supply/M/short/run_0 launch_id=selena_fine_time_20260929T092621Z_11326 slurm_job_id=3607389 launched_at=2026-09-29T11:49:25.218466+00:00
    Total instances: 30, Series during experiment: 6, Windows: 5
    Collecting ground truth and context...
    Detected to_univariate case: 6 flat series -> 1 series x 6 variates
    Organizing data into arrays...
    Saved predictions (quantiles) to /fslarge/scratch/users/h61084/codes/fine_time/outputs/task_finetuning/tasks/task_finetuned/ts_icl/univariate/Vehicle_Supply/M/short/run_0/predictions.npz
    Computing per-window metrics...
    Saved metrics to /fslarge/scratch/users/h61084/codes/fine_time/outputs/task_finetuning/tasks/task_finetuned/ts_icl/univariate/Vehicle_Supply/M/short/run_0/metrics.npz
    Saved aggregate metrics to /fslarge/scratch/users/h61084/codes/fine_time/outputs/task_finetuning/tasks/task_finetuned/ts_icl/univariate/Vehicle_Supply/M/short/run_0/metrics_summary.json
    Metrics summary (averaged over all series/windows/variates):
      MSE: 2402.7313
      MAE: 19.6661
      RMSE: 23.3007
      MAPE: 0.2541
      sMAPE: 0.2027
      MASE: 0.7935
      ND: 0.2303
      CRPS: 0.1874
  Completed: 1 series × 5 windows
  Output: /fslarge/scratch/users/h61084/codes/fine_time/outputs/task_finetuning/tasks/task_finetuned/ts_icl/univariate/Vehicle_Supply/M/short/run_0
  Inference time: 0.353s

============================================================
All experiments completed!
Results saved to: /scratch/users/h61084/codes/fine_time/outputs/task_finetuning/tasks/task_finetuned
============================================================
[71/90] evaluate ts_icl frozen on WUI_Global/Q/short
[2026-09-29 11:49:25 UTC] resources selected_device {"device": "cuda", "model": "ts_icl", "stage": "forecast"}
Loading configuration...

============================================================
Dataset: WUI_Global/Q
Terms: ['short']
Covariate mode: none
Instance normalization: none
============================================================

--- Term: short ---
  Config: prediction_length=4, test_length=20, val_length=20
TIME run allocation action=new run=/fslarge/scratch/users/h61084/codes/fine_time/outputs/task_finetuning/tasks/inference/ts_icl/univariate/WUI_Global/Q/short/run_0 launch_id=selena_fine_time_20260929T092621Z_11326 slurm_job_id=3607389 launched_at=2026-09-29T11:49:25.270351+00:00
  Initializing model pipeline...
  Dataset info:
    - Frequency: Q
    - Num series: 1
    - Target dim: 15
    - Target mode: univariate
    - Covariate channels: 0
    - Series length: min=294,               max=294, avg=294.0
    - Test split: 20 steps
    - Prediction length: 4
    - Windows: 5
TIME run allocation action=new run=/fslarge/scratch/users/h61084/codes/fine_time/outputs/task_finetuning/tasks/frozen/ts_icl/univariate/WUI_Global/Q/short/run_0 launch_id=selena_fine_time_20260929T092621Z_11326 slurm_job_id=3607389 launched_at=2026-09-29T11:49:26.477755+00:00
    Total instances: 75, Series during experiment: 15, Windows: 5
    Collecting ground truth and context...
    Detected to_univariate case: 15 flat series -> 1 series x 15 variates
    Organizing data into arrays...
    Saved predictions (quantiles) to /fslarge/scratch/users/h61084/codes/fine_time/outputs/task_finetuning/tasks/frozen/ts_icl/univariate/WUI_Global/Q/short/run_0/predictions.npz
    Computing per-window metrics...
    Saved metrics to /fslarge/scratch/users/h61084/codes/fine_time/outputs/task_finetuning/tasks/frozen/ts_icl/univariate/WUI_Global/Q/short/run_0/metrics.npz
    Saved aggregate metrics to /fslarge/scratch/users/h61084/codes/fine_time/outputs/task_finetuning/tasks/frozen/ts_icl/univariate/WUI_Global/Q/short/run_0/metrics_summary.json
    Metrics summary (averaged over all series/windows/variates):
      MSE: 0.0463
      MAE: 0.1452
      RMSE: 0.1717
      MAPE: 0.5729
      sMAPE: 0.6208
      MASE: 0.9639
      ND: 0.6662
      CRPS: 0.5246
  Completed: 1 series × 5 windows
  Output: /fslarge/scratch/users/h61084/codes/fine_time/outputs/task_finetuning/tasks/frozen/ts_icl/univariate/WUI_Global/Q/short/run_0
  Inference time: 0.867s

============================================================
All experiments completed!
Results saved to: /scratch/users/h61084/codes/fine_time/outputs/task_finetuning/tasks/frozen
============================================================
[71/90] evaluate ts_icl task_finetuned on WUI_Global/Q/short
[2026-09-29 11:49:26 UTC] resources selected_device {"device": "cuda", "model": "ts_icl", "stage": "forecast"}
Loading configuration...

============================================================
Dataset: WUI_Global/Q
Terms: ['short']
Covariate mode: none
Instance normalization: none
============================================================

--- Term: short ---
  Config: prediction_length=4, test_length=20, val_length=20
TIME run allocation action=new run=/fslarge/scratch/users/h61084/codes/fine_time/outputs/task_finetuning/tasks/inference/ts_icl/univariate/WUI_Global/Q/short/run_1 launch_id=selena_fine_time_20260929T092621Z_11326 slurm_job_id=3607389 launched_at=2026-09-29T11:49:26.532369+00:00
  Initializing model pipeline...
  Dataset info:
    - Frequency: Q
    - Num series: 1
    - Target dim: 15
    - Target mode: univariate
    - Covariate channels: 0
    - Series length: min=294,               max=294, avg=294.0
    - Test split: 20 steps
    - Prediction length: 4
    - Windows: 5
TIME run allocation action=new run=/fslarge/scratch/users/h61084/codes/fine_time/outputs/task_finetuning/tasks/task_finetuned/ts_icl/univariate/WUI_Global/Q/short/run_0 launch_id=selena_fine_time_20260929T092621Z_11326 slurm_job_id=3607389 launched_at=2026-09-29T11:49:27.938261+00:00
    Total instances: 75, Series during experiment: 15, Windows: 5
    Collecting ground truth and context...
    Detected to_univariate case: 15 flat series -> 1 series x 15 variates
    Organizing data into arrays...
    Saved predictions (quantiles) to /fslarge/scratch/users/h61084/codes/fine_time/outputs/task_finetuning/tasks/task_finetuned/ts_icl/univariate/WUI_Global/Q/short/run_0/predictions.npz
    Computing per-window metrics...
    Saved metrics to /fslarge/scratch/users/h61084/codes/fine_time/outputs/task_finetuning/tasks/task_finetuned/ts_icl/univariate/WUI_Global/Q/short/run_0/metrics.npz
    Saved aggregate metrics to /fslarge/scratch/users/h61084/codes/fine_time/outputs/task_finetuning/tasks/task_finetuned/ts_icl/univariate/WUI_Global/Q/short/run_0/metrics_summary.json
    Metrics summary (averaged over all series/windows/variates):
      MSE: 0.0465
      MAE: 0.1454
      RMSE: 0.1719
      MAPE: 0.5696
      sMAPE: 0.6232
      MASE: 0.9650
      ND: 0.6642
      CRPS: 0.5220
  Completed: 1 series × 5 windows
  Output: /fslarge/scratch/users/h61084/codes/fine_time/outputs/task_finetuning/tasks/task_finetuned/ts_icl/univariate/WUI_Global/Q/short/run_0
  Inference time: 0.855s

============================================================
All experiments completed!
Results saved to: /scratch/users/h61084/codes/fine_time/outputs/task_finetuning/tasks/task_finetuned
============================================================
[72/90] evaluate ts_icl frozen on Water_Quality_Darwin/15T/long
[2026-09-29 11:49:27 UTC] resources selected_device {"device": "cuda", "model": "ts_icl", "stage": "forecast"}
Loading configuration...

============================================================
Dataset: Water_Quality_Darwin/15T
Terms: ['long']
Covariate mode: none
Instance normalization: none
============================================================

--- Term: long ---
  Config: prediction_length=288, test_length=1440, val_length=1440
TIME run allocation action=new run=/fslarge/scratch/users/h61084/codes/fine_time/outputs/task_finetuning/tasks/inference/ts_icl/univariate/Water_Quality_Darwin/15T/long/run_0 launch_id=selena_fine_time_20260929T092621Z_11326 slurm_job_id=3607389 launched_at=2026-09-29T11:49:28.031730+00:00
  Initializing model pipeline...
  Dataset info:
    - Frequency: 15T
    - Num series: 7
    - Target dim: 6
    - Target mode: univariate
    - Covariate channels: 0
    - Series length: min=8662,               max=18985, avg=15229.4
    - Test split: 1440 steps
    - Prediction length: 288
    - Windows: 5
TIME run allocation action=new run=/fslarge/scratch/users/h61084/codes/fine_time/outputs/task_finetuning/tasks/frozen/ts_icl/univariate/Water_Quality_Darwin/15T/long/run_0 launch_id=selena_fine_time_20260929T092621Z_11326 slurm_job_id=3607389 launched_at=2026-09-29T11:49:33.843223+00:00
    Total instances: 210, Series during experiment: 42, Windows: 5
    Collecting ground truth and context...
    Detected to_univariate case: 42 flat series -> 7 series x 6 variates
    Organizing data into arrays...
    Saved predictions (quantiles) to /fslarge/scratch/users/h61084/codes/fine_time/outputs/task_finetuning/tasks/frozen/ts_icl/univariate/Water_Quality_Darwin/15T/long/run_0/predictions.npz
    Computing per-window metrics...
    Saved metrics to /fslarge/scratch/users/h61084/codes/fine_time/outputs/task_finetuning/tasks/frozen/ts_icl/univariate/Water_Quality_Darwin/15T/long/run_0/metrics.npz
    Saved aggregate metrics to /fslarge/scratch/users/h61084/codes/fine_time/outputs/task_finetuning/tasks/frozen/ts_icl/univariate/Water_Quality_Darwin/15T/long/run_0/metrics_summary.json
    Metrics summary (averaged over all series/windows/variates):
      MSE: 9.9407
      MAE: 0.9790
      RMSE: 1.2299
      MAPE: 0.1198
      sMAPE: 0.0988
      MASE: 1.4835
      ND: 0.0985
      CRPS: 0.0784
  Completed: 7 series × 5 windows
  Output: /fslarge/scratch/users/h61084/codes/fine_time/outputs/task_finetuning/tasks/frozen/ts_icl/univariate/Water_Quality_Darwin/15T/long/run_0
  Inference time: 5.374s

============================================================
All experiments completed!
Results saved to: /scratch/users/h61084/codes/fine_time/outputs/task_finetuning/tasks/frozen
============================================================
[72/90] evaluate ts_icl task_finetuned on Water_Quality_Darwin/15T/long
[2026-09-29 11:49:33 UTC] resources selected_device {"device": "cuda", "model": "ts_icl", "stage": "forecast"}
Loading configuration...

============================================================
Dataset: Water_Quality_Darwin/15T
Terms: ['long']
Covariate mode: none
Instance normalization: none
============================================================

--- Term: long ---
  Config: prediction_length=288, test_length=1440, val_length=1440
TIME run allocation action=new run=/fslarge/scratch/users/h61084/codes/fine_time/outputs/task_finetuning/tasks/inference/ts_icl/univariate/Water_Quality_Darwin/15T/long/run_1 launch_id=selena_fine_time_20260929T092621Z_11326 slurm_job_id=3607389 launched_at=2026-09-29T11:49:34.020938+00:00
  Initializing model pipeline...
  Dataset info:
    - Frequency: 15T
    - Num series: 7
    - Target dim: 6
    - Target mode: univariate
    - Covariate channels: 0
    - Series length: min=8662,               max=18985, avg=15229.4
    - Test split: 1440 steps
    - Prediction length: 288
    - Windows: 5
TIME run allocation action=new run=/fslarge/scratch/users/h61084/codes/fine_time/outputs/task_finetuning/tasks/task_finetuned/ts_icl/univariate/Water_Quality_Darwin/15T/long/run_0 launch_id=selena_fine_time_20260929T092621Z_11326 slurm_job_id=3607389 launched_at=2026-09-29T11:49:40.092504+00:00
    Total instances: 210, Series during experiment: 42, Windows: 5
    Collecting ground truth and context...
    Detected to_univariate case: 42 flat series -> 7 series x 6 variates
    Organizing data into arrays...
    Saved predictions (quantiles) to /fslarge/scratch/users/h61084/codes/fine_time/outputs/task_finetuning/tasks/task_finetuned/ts_icl/univariate/Water_Quality_Darwin/15T/long/run_0/predictions.npz
    Computing per-window metrics...
    Saved metrics to /fslarge/scratch/users/h61084/codes/fine_time/outputs/task_finetuning/tasks/task_finetuned/ts_icl/univariate/Water_Quality_Darwin/15T/long/run_0/metrics.npz
    Saved aggregate metrics to /fslarge/scratch/users/h61084/codes/fine_time/outputs/task_finetuning/tasks/task_finetuned/ts_icl/univariate/Water_Quality_Darwin/15T/long/run_0/metrics_summary.json
    Metrics summary (averaged over all series/windows/variates):
      MSE: 9.8536
      MAE: 0.9746
      RMSE: 1.2265
      MAPE: 0.1156
      sMAPE: 0.0970
      MASE: 1.4795
      ND: 0.0963
      CRPS: 0.0769
  Completed: 7 series × 5 windows
  Output: /fslarge/scratch/users/h61084/codes/fine_time/outputs/task_finetuning/tasks/task_finetuned/ts_icl/univariate/Water_Quality_Darwin/15T/long/run_0
  Inference time: 5.387s

============================================================
All experiments completed!
Results saved to: /scratch/users/h61084/codes/fine_time/outputs/task_finetuning/tasks/task_finetuned
============================================================
[73/90] evaluate ts_icl frozen on Water_Quality_Darwin/15T/medium
[2026-09-29 11:49:40 UTC] resources selected_device {"device": "cuda", "model": "ts_icl", "stage": "forecast"}
Loading configuration...

============================================================
Dataset: Water_Quality_Darwin/15T
Terms: ['medium']
Covariate mode: none
Instance normalization: none
============================================================

--- Term: medium ---
  Config: prediction_length=96, test_length=1440, val_length=1440
TIME run allocation action=new run=/fslarge/scratch/users/h61084/codes/fine_time/outputs/task_finetuning/tasks/inference/ts_icl/univariate/Water_Quality_Darwin/15T/medium/run_0 launch_id=selena_fine_time_20260929T092621Z_11326 slurm_job_id=3607389 launched_at=2026-09-29T11:49:40.274950+00:00
  Initializing model pipeline...
  Dataset info:
    - Frequency: 15T
    - Num series: 7
    - Target dim: 6
    - Target mode: univariate
    - Covariate channels: 0
    - Series length: min=8662,               max=18985, avg=15229.4
    - Test split: 1440 steps
    - Prediction length: 96
    - Windows: 15
    Processed 320/630...
    Processed 630/630...
TIME run allocation action=new run=/fslarge/scratch/users/h61084/codes/fine_time/outputs/task_finetuning/tasks/frozen/ts_icl/univariate/Water_Quality_Darwin/15T/medium/run_0 launch_id=selena_fine_time_20260929T092621Z_11326 slurm_job_id=3607389 launched_at=2026-09-29T11:49:56.115476+00:00
    Total instances: 630, Series during experiment: 42, Windows: 15
    Collecting ground truth and context...
    Detected to_univariate case: 42 flat series -> 7 series x 6 variates
    Organizing data into arrays...
    Saved predictions (quantiles) to /fslarge/scratch/users/h61084/codes/fine_time/outputs/task_finetuning/tasks/frozen/ts_icl/univariate/Water_Quality_Darwin/15T/medium/run_0/predictions.npz
    Computing per-window metrics...
    Saved metrics to /fslarge/scratch/users/h61084/codes/fine_time/outputs/task_finetuning/tasks/frozen/ts_icl/univariate/Water_Quality_Darwin/15T/medium/run_0/metrics.npz
    Saved aggregate metrics to /fslarge/scratch/users/h61084/codes/fine_time/outputs/task_finetuning/tasks/frozen/ts_icl/univariate/Water_Quality_Darwin/15T/medium/run_0/metrics_summary.json
    Metrics summary (averaged over all series/windows/variates):
      MSE: 4.1850
      MAE: 0.6728
      RMSE: 0.8521
      MAPE: 0.0875
      sMAPE: 0.0761
      MASE: 1.0025
      ND: 0.0756
      CRPS: 0.0602
  Completed: 7 series × 15 windows
  Output: /fslarge/scratch/users/h61084/codes/fine_time/outputs/task_finetuning/tasks/frozen/ts_icl/univariate/Water_Quality_Darwin/15T/medium/run_0
  Inference time: 15.401s

============================================================
All experiments completed!
Results saved to: /scratch/users/h61084/codes/fine_time/outputs/task_finetuning/tasks/frozen
============================================================
[73/90] evaluate ts_icl task_finetuned on Water_Quality_Darwin/15T/medium
[2026-09-29 11:49:56 UTC] resources selected_device {"device": "cuda", "model": "ts_icl", "stage": "forecast"}
Loading configuration...

============================================================
Dataset: Water_Quality_Darwin/15T
Terms: ['medium']
Covariate mode: none
Instance normalization: none
============================================================

--- Term: medium ---
  Config: prediction_length=96, test_length=1440, val_length=1440
TIME run allocation action=new run=/fslarge/scratch/users/h61084/codes/fine_time/outputs/task_finetuning/tasks/inference/ts_icl/univariate/Water_Quality_Darwin/15T/medium/run_1 launch_id=selena_fine_time_20260929T092621Z_11326 slurm_job_id=3607389 launched_at=2026-09-29T11:49:56.412481+00:00
  Initializing model pipeline...
  Dataset info:
    - Frequency: 15T
    - Num series: 7
    - Target dim: 6
    - Target mode: univariate
    - Covariate channels: 0
    - Series length: min=8662,               max=18985, avg=15229.4
    - Test split: 1440 steps
    - Prediction length: 96
    - Windows: 15
    Processed 320/630...
    Processed 630/630...
TIME run allocation action=new run=/fslarge/scratch/users/h61084/codes/fine_time/outputs/task_finetuning/tasks/task_finetuned/ts_icl/univariate/Water_Quality_Darwin/15T/medium/run_0 launch_id=selena_fine_time_20260929T092621Z_11326 slurm_job_id=3607389 launched_at=2026-09-29T11:50:12.372586+00:00
    Total instances: 630, Series during experiment: 42, Windows: 15
    Collecting ground truth and context...
    Detected to_univariate case: 42 flat series -> 7 series x 6 variates
    Organizing data into arrays...
    Saved predictions (quantiles) to /fslarge/scratch/users/h61084/codes/fine_time/outputs/task_finetuning/tasks/task_finetuned/ts_icl/univariate/Water_Quality_Darwin/15T/medium/run_0/predictions.npz
    Computing per-window metrics...
    Saved metrics to /fslarge/scratch/users/h61084/codes/fine_time/outputs/task_finetuning/tasks/task_finetuned/ts_icl/univariate/Water_Quality_Darwin/15T/medium/run_0/metrics.npz
    Saved aggregate metrics to /fslarge/scratch/users/h61084/codes/fine_time/outputs/task_finetuning/tasks/task_finetuned/ts_icl/univariate/Water_Quality_Darwin/15T/medium/run_0/metrics_summary.json
    Metrics summary (averaged over all series/windows/variates):
      MSE: 4.1243
      MAE: 0.6648
      RMSE: 0.8441
      MAPE: 0.0837
      sMAPE: 0.0742
      MASE: 0.9916
      ND: 0.0734
      CRPS: 0.0586
  Completed: 7 series × 15 windows
  Output: /fslarge/scratch/users/h61084/codes/fine_time/outputs/task_finetuning/tasks/task_finetuned/ts_icl/univariate/Water_Quality_Darwin/15T/medium/run_0
  Inference time: 15.288s

============================================================
All experiments completed!
Results saved to: /scratch/users/h61084/codes/fine_time/outputs/task_finetuning/tasks/task_finetuned
============================================================
[74/90] evaluate ts_icl frozen on Water_Quality_Darwin/15T/short
[2026-09-29 11:50:12 UTC] resources selected_device {"device": "cuda", "model": "ts_icl", "stage": "forecast"}
Loading configuration...

============================================================
Dataset: Water_Quality_Darwin/15T
Terms: ['short']
Covariate mode: none
Instance normalization: none
============================================================

--- Term: short ---
  Config: prediction_length=16, test_length=1440, val_length=1440
TIME run allocation action=new run=/fslarge/scratch/users/h61084/codes/fine_time/outputs/task_finetuning/tasks/inference/ts_icl/univariate/Water_Quality_Darwin/15T/short/run_0 launch_id=selena_fine_time_20260929T092621Z_11326 slurm_job_id=3607389 launched_at=2026-09-29T11:50:12.674971+00:00
  Initializing model pipeline...
  Dataset info:
    - Frequency: 15T
    - Num series: 7
    - Target dim: 6
    - Target mode: univariate
    - Covariate channels: 0
    - Series length: min=8662,               max=18985, avg=15229.4
    - Test split: 1440 steps
    - Prediction length: 16
    - Windows: 90
    Processed 320/3780...
    Processed 640/3780...
    Processed 960/3780...
    Processed 1280/3780...
    Processed 1600/3780...
    Processed 1920/3780...
    Processed 2240/3780...
    Processed 2560/3780...
    Processed 2880/3780...
    Processed 3200/3780...
    Processed 3520/3780...
TIME run allocation action=new run=/fslarge/scratch/users/h61084/codes/fine_time/outputs/task_finetuning/tasks/frozen/ts_icl/univariate/Water_Quality_Darwin/15T/short/run_0 launch_id=selena_fine_time_20260929T092621Z_11326 slurm_job_id=3607389 launched_at=2026-09-29T11:51:43.461815+00:00
    Total instances: 3780, Series during experiment: 42, Windows: 90
    Collecting ground truth and context...
    Detected to_univariate case: 42 flat series -> 7 series x 6 variates
    Organizing data into arrays...
    Saved predictions (quantiles) to /fslarge/scratch/users/h61084/codes/fine_time/outputs/task_finetuning/tasks/frozen/ts_icl/univariate/Water_Quality_Darwin/15T/short/run_0/predictions.npz
    Computing per-window metrics...
    Saved metrics to /fslarge/scratch/users/h61084/codes/fine_time/outputs/task_finetuning/tasks/frozen/ts_icl/univariate/Water_Quality_Darwin/15T/short/run_0/metrics.npz
    Saved aggregate metrics to /fslarge/scratch/users/h61084/codes/fine_time/outputs/task_finetuning/tasks/frozen/ts_icl/univariate/Water_Quality_Darwin/15T/short/run_0/metrics_summary.json
    Metrics summary (averaged over all series/windows/variates):
      MSE: 2.4406
      MAE: 0.4819
      RMSE: 0.5741
      MAPE: 0.0637
      sMAPE: 0.0586
      MASE: 0.6738
      ND: 0.0608
      CRPS: 0.0481
  Completed: 7 series × 90 windows
  Output: /fslarge/scratch/users/h61084/codes/fine_time/outputs/task_finetuning/tasks/frozen/ts_icl/univariate/Water_Quality_Darwin/15T/short/run_0
  Inference time: 90.343s

============================================================
All experiments completed!
Results saved to: /scratch/users/h61084/codes/fine_time/outputs/task_finetuning/tasks/frozen
============================================================
[74/90] evaluate ts_icl task_finetuned on Water_Quality_Darwin/15T/short
[2026-09-29 11:51:44 UTC] resources selected_device {"device": "cuda", "model": "ts_icl", "stage": "forecast"}
Loading configuration...

============================================================
Dataset: Water_Quality_Darwin/15T
Terms: ['short']
Covariate mode: none
Instance normalization: none
============================================================

--- Term: short ---
  Config: prediction_length=16, test_length=1440, val_length=1440
TIME run allocation action=new run=/fslarge/scratch/users/h61084/codes/fine_time/outputs/task_finetuning/tasks/inference/ts_icl/univariate/Water_Quality_Darwin/15T/short/run_1 launch_id=selena_fine_time_20260929T092621Z_11326 slurm_job_id=3607389 launched_at=2026-09-29T11:51:44.694257+00:00
  Initializing model pipeline...
  Dataset info:
    - Frequency: 15T
    - Num series: 7
    - Target dim: 6
    - Target mode: univariate
    - Covariate channels: 0
    - Series length: min=8662,               max=18985, avg=15229.4
    - Test split: 1440 steps
    - Prediction length: 16
    - Windows: 90
    Processed 320/3780...
    Processed 640/3780...
    Processed 960/3780...
    Processed 1280/3780...
    Processed 1600/3780...
    Processed 1920/3780...
    Processed 2240/3780...
    Processed 2560/3780...
    Processed 2880/3780...
    Processed 3200/3780...
    Processed 3520/3780...
TIME run allocation action=new run=/fslarge/scratch/users/h61084/codes/fine_time/outputs/task_finetuning/tasks/task_finetuned/ts_icl/univariate/Water_Quality_Darwin/15T/short/run_0 launch_id=selena_fine_time_20260929T092621Z_11326 slurm_job_id=3607389 launched_at=2026-09-29T11:53:15.775823+00:00
    Total instances: 3780, Series during experiment: 42, Windows: 90
    Collecting ground truth and context...
    Detected to_univariate case: 42 flat series -> 7 series x 6 variates
    Organizing data into arrays...
    Saved predictions (quantiles) to /fslarge/scratch/users/h61084/codes/fine_time/outputs/task_finetuning/tasks/task_finetuned/ts_icl/univariate/Water_Quality_Darwin/15T/short/run_0/predictions.npz
    Computing per-window metrics...
    Saved metrics to /fslarge/scratch/users/h61084/codes/fine_time/outputs/task_finetuning/tasks/task_finetuned/ts_icl/univariate/Water_Quality_Darwin/15T/short/run_0/metrics.npz
    Saved aggregate metrics to /fslarge/scratch/users/h61084/codes/fine_time/outputs/task_finetuning/tasks/task_finetuned/ts_icl/univariate/Water_Quality_Darwin/15T/short/run_0/metrics_summary.json
    Metrics summary (averaged over all series/windows/variates):
      MSE: 2.4242
      MAE: 0.4786
      RMSE: 0.5706
      MAPE: 0.0627
      sMAPE: 0.0580
      MASE: 0.6692
      ND: 0.0599
      CRPS: 0.0475
  Completed: 7 series × 90 windows
  Output: /fslarge/scratch/users/h61084/codes/fine_time/outputs/task_finetuning/tasks/task_finetuned/ts_icl/univariate/Water_Quality_Darwin/15T/short/run_0
  Inference time: 90.375s

============================================================
All experiments completed!
Results saved to: /scratch/users/h61084/codes/fine_time/outputs/task_finetuning/tasks/task_finetuned
============================================================
[75/90] evaluate ts_icl frozen on azure2019_U/5T/short
[2026-09-29 11:53:16 UTC] resources selected_device {"device": "cuda", "model": "ts_icl", "stage": "forecast"}
Loading configuration...

============================================================
Dataset: azure2019_U/5T
Terms: ['short']
Covariate mode: none
Instance normalization: none
============================================================

--- Term: short ---
  Config: prediction_length=48, test_length=288, val_length=96
TIME run allocation action=new run=/fslarge/scratch/users/h61084/codes/fine_time/outputs/task_finetuning/tasks/inference/ts_icl/univariate/azure2019_U/5T/short/run_0 launch_id=selena_fine_time_20260929T092621Z_11326 slurm_job_id=3607389 launched_at=2026-09-29T11:53:17.034022+00:00
  Initializing model pipeline...
  Dataset info:
    - Frequency: 5T
    - Num series: 78
    - Target dim: 3
    - Target mode: univariate
    - Covariate channels: 0
    - Series length: min=882,               max=2006, avg=1406.1
    - Test split: 288 steps
    - Prediction length: 48
    - Windows: 6
    Processed 320/1404...
    Processed 640/1404...
    Processed 960/1404...
    Processed 1280/1404...
TIME run allocation action=new run=/fslarge/scratch/users/h61084/codes/fine_time/outputs/task_finetuning/tasks/frozen/ts_icl/univariate/azure2019_U/5T/short/run_0 launch_id=selena_fine_time_20260929T092621Z_11326 slurm_job_id=3607389 launched_at=2026-09-29T11:53:37.690983+00:00
    Total instances: 1404, Series during experiment: 234, Windows: 6
    Collecting ground truth and context...
    Detected to_univariate case: 234 flat series -> 78 series x 3 variates
    Organizing data into arrays...
    Saved predictions (quantiles) to /fslarge/scratch/users/h61084/codes/fine_time/outputs/task_finetuning/tasks/frozen/ts_icl/univariate/azure2019_U/5T/short/run_0/predictions.npz
    Computing per-window metrics...
    Saved metrics to /fslarge/scratch/users/h61084/codes/fine_time/outputs/task_finetuning/tasks/frozen/ts_icl/univariate/azure2019_U/5T/short/run_0/metrics.npz
    Saved aggregate metrics to /fslarge/scratch/users/h61084/codes/fine_time/outputs/task_finetuning/tasks/frozen/ts_icl/univariate/azure2019_U/5T/short/run_0/metrics_summary.json
    Metrics summary (averaged over all series/windows/variates):
      MSE: 60.0609
      MAE: 2.3185
      RMSE: 3.2622
      MAPE: 0.3670
      sMAPE: 0.1761
      MASE: 0.6952
      ND: 0.1949
      CRPS: 0.1591
  Completed: 78 series × 6 windows
  Output: /fslarge/scratch/users/h61084/codes/fine_time/outputs/task_finetuning/tasks/frozen/ts_icl/univariate/azure2019_U/5T/short/run_0
  Inference time: 20.108s

============================================================
All experiments completed!
Results saved to: /scratch/users/h61084/codes/fine_time/outputs/task_finetuning/tasks/frozen
============================================================
[75/90] evaluate ts_icl task_finetuned on azure2019_U/5T/short
[2026-09-29 11:53:38 UTC] resources selected_device {"device": "cuda", "model": "ts_icl", "stage": "forecast"}
Loading configuration...

============================================================
Dataset: azure2019_U/5T
Terms: ['short']
Covariate mode: none
Instance normalization: none
============================================================

--- Term: short ---
  Config: prediction_length=48, test_length=288, val_length=96
TIME run allocation action=new run=/fslarge/scratch/users/h61084/codes/fine_time/outputs/task_finetuning/tasks/inference/ts_icl/univariate/azure2019_U/5T/short/run_1 launch_id=selena_fine_time_20260929T092621Z_11326 slurm_job_id=3607389 launched_at=2026-09-29T11:53:38.118909+00:00
  Initializing model pipeline...
  Dataset info:
    - Frequency: 5T
    - Num series: 78
    - Target dim: 3
    - Target mode: univariate
    - Covariate channels: 0
    - Series length: min=882,               max=2006, avg=1406.1
    - Test split: 288 steps
    - Prediction length: 48
    - Windows: 6
    Processed 320/1404...
    Processed 640/1404...
    Processed 960/1404...
    Processed 1280/1404...
TIME run allocation action=new run=/fslarge/scratch/users/h61084/codes/fine_time/outputs/task_finetuning/tasks/task_finetuned/ts_icl/univariate/azure2019_U/5T/short/run_0 launch_id=selena_fine_time_20260929T092621Z_11326 slurm_job_id=3607389 launched_at=2026-09-29T11:53:58.975942+00:00
    Total instances: 1404, Series during experiment: 234, Windows: 6
    Collecting ground truth and context...
    Detected to_univariate case: 234 flat series -> 78 series x 3 variates
    Organizing data into arrays...
    Saved predictions (quantiles) to /fslarge/scratch/users/h61084/codes/fine_time/outputs/task_finetuning/tasks/task_finetuned/ts_icl/univariate/azure2019_U/5T/short/run_0/predictions.npz
    Computing per-window metrics...
    Saved metrics to /fslarge/scratch/users/h61084/codes/fine_time/outputs/task_finetuning/tasks/task_finetuned/ts_icl/univariate/azure2019_U/5T/short/run_0/metrics.npz
    Saved aggregate metrics to /fslarge/scratch/users/h61084/codes/fine_time/outputs/task_finetuning/tasks/task_finetuned/ts_icl/univariate/azure2019_U/5T/short/run_0/metrics_summary.json
    Metrics summary (averaged over all series/windows/variates):
      MSE: 60.0105
      MAE: 2.3155
      RMSE: 3.2584
      MAPE: 0.3623
      sMAPE: 0.1744
      MASE: 0.6943
      ND: 0.1919
      CRPS: 0.1579
  Completed: 78 series × 6 windows
  Output: /fslarge/scratch/users/h61084/codes/fine_time/outputs/task_finetuning/tasks/task_finetuned/ts_icl/univariate/azure2019_U/5T/short/run_0
  Inference time: 20.152s

============================================================
All experiments completed!
Results saved to: /scratch/users/h61084/codes/fine_time/outputs/task_finetuning/tasks/task_finetuned
============================================================
[76/90] evaluate ts_icl frozen on current_velocity/10T/long
[2026-09-29 11:53:59 UTC] resources selected_device {"device": "cuda", "model": "ts_icl", "stage": "forecast"}
Loading configuration...

============================================================
Dataset: current_velocity/10T
Terms: ['long']
Covariate mode: none
Instance normalization: none
============================================================

--- Term: long ---
  Config: prediction_length=432, test_length=2160, val_length=2160
TIME run allocation action=new run=/fslarge/scratch/users/h61084/codes/fine_time/outputs/task_finetuning/tasks/inference/ts_icl/univariate/current_velocity/10T/long/run_0 launch_id=selena_fine_time_20260929T092621Z_11326 slurm_job_id=3607389 launched_at=2026-09-29T11:53:59.520923+00:00
  Initializing model pipeline...
  Dataset info:
    - Frequency: 10T
    - Num series: 10
    - Target dim: 6
    - Target mode: univariate
    - Covariate channels: 0
    - Series length: min=7481,               max=31957, avg=20668.5
    - Test split: 2160 steps
    - Prediction length: 432
    - Windows: 5
    Processed 300/300...
TIME run allocation action=new run=/fslarge/scratch/users/h61084/codes/fine_time/outputs/task_finetuning/tasks/frozen/ts_icl/univariate/current_velocity/10T/long/run_0 launch_id=selena_fine_time_20260929T092621Z_11326 slurm_job_id=3607389 launched_at=2026-09-29T11:54:08.023541+00:00
    Total instances: 300, Series during experiment: 60, Windows: 5
    Collecting ground truth and context...
    Detected to_univariate case: 60 flat series -> 10 series x 6 variates
    Organizing data into arrays...
    Saved predictions (quantiles) to /fslarge/scratch/users/h61084/codes/fine_time/outputs/task_finetuning/tasks/frozen/ts_icl/univariate/current_velocity/10T/long/run_0/predictions.npz
    Computing per-window metrics...
    Saved metrics to /fslarge/scratch/users/h61084/codes/fine_time/outputs/task_finetuning/tasks/frozen/ts_icl/univariate/current_velocity/10T/long/run_0/metrics.npz
    Saved aggregate metrics to /fslarge/scratch/users/h61084/codes/fine_time/outputs/task_finetuning/tasks/frozen/ts_icl/univariate/current_velocity/10T/long/run_0/metrics_summary.json
    Metrics summary (averaged over all series/windows/variates):
      MSE: 12.9428
      MAE: 1.1220
      RMSE: 1.4615
      MAPE: 3492.0682
      sMAPE: 0.5718
      MASE: 1.0620
      ND: 0.4087
      CRPS: 0.3229
  Completed: 10 series × 5 windows
  Output: /fslarge/scratch/users/h61084/codes/fine_time/outputs/task_finetuning/tasks/frozen/ts_icl/univariate/current_velocity/10T/long/run_0
  Inference time: 7.971s

============================================================
All experiments completed!
Results saved to: /scratch/users/h61084/codes/fine_time/outputs/task_finetuning/tasks/frozen
============================================================
[76/90] evaluate ts_icl task_finetuned on current_velocity/10T/long
[2026-09-29 11:54:08 UTC] resources selected_device {"device": "cuda", "model": "ts_icl", "stage": "forecast"}
Loading configuration...

============================================================
Dataset: current_velocity/10T
Terms: ['long']
Covariate mode: none
Instance normalization: none
============================================================

--- Term: long ---
  Config: prediction_length=432, test_length=2160, val_length=2160
TIME run allocation action=new run=/fslarge/scratch/users/h61084/codes/fine_time/outputs/task_finetuning/tasks/inference/ts_icl/univariate/current_velocity/10T/long/run_1 launch_id=selena_fine_time_20260929T092621Z_11326 slurm_job_id=3607389 launched_at=2026-09-29T11:54:08.329472+00:00
  Initializing model pipeline...
  Dataset info:
    - Frequency: 10T
    - Num series: 10
    - Target dim: 6
    - Target mode: univariate
    - Covariate channels: 0
    - Series length: min=7481,               max=31957, avg=20668.5
    - Test split: 2160 steps
    - Prediction length: 432
    - Windows: 5
    Processed 300/300...
TIME run allocation action=new run=/fslarge/scratch/users/h61084/codes/fine_time/outputs/task_finetuning/tasks/task_finetuned/ts_icl/univariate/current_velocity/10T/long/run_0 launch_id=selena_fine_time_20260929T092621Z_11326 slurm_job_id=3607389 launched_at=2026-09-29T11:54:17.104677+00:00
    Total instances: 300, Series during experiment: 60, Windows: 5
    Collecting ground truth and context...
    Detected to_univariate case: 60 flat series -> 10 series x 6 variates
    Organizing data into arrays...
    Saved predictions (quantiles) to /fslarge/scratch/users/h61084/codes/fine_time/outputs/task_finetuning/tasks/task_finetuned/ts_icl/univariate/current_velocity/10T/long/run_0/predictions.npz
    Computing per-window metrics...
    Saved metrics to /fslarge/scratch/users/h61084/codes/fine_time/outputs/task_finetuning/tasks/task_finetuned/ts_icl/univariate/current_velocity/10T/long/run_0/metrics.npz
    Saved aggregate metrics to /fslarge/scratch/users/h61084/codes/fine_time/outputs/task_finetuning/tasks/task_finetuned/ts_icl/univariate/current_velocity/10T/long/run_0/metrics_summary.json
    Metrics summary (averaged over all series/windows/variates):
      MSE: 12.9164
      MAE: 1.1193
      RMSE: 1.4582
      MAPE: 3472.9883
      sMAPE: 0.5699
      MASE: 1.0542
      ND: 0.4064
      CRPS: 0.3208
  Completed: 10 series × 5 windows
  Output: /fslarge/scratch/users/h61084/codes/fine_time/outputs/task_finetuning/tasks/task_finetuned/ts_icl/univariate/current_velocity/10T/long/run_0
  Inference time: 7.988s

============================================================
All experiments completed!
Results saved to: /scratch/users/h61084/codes/fine_time/outputs/task_finetuning/tasks/task_finetuned
============================================================
[77/90] evaluate ts_icl frozen on current_velocity/10T/medium
[2026-09-29 11:54:17 UTC] resources selected_device {"device": "cuda", "model": "ts_icl", "stage": "forecast"}
Loading configuration...

============================================================
Dataset: current_velocity/10T
Terms: ['medium']
Covariate mode: none
Instance normalization: none
============================================================

--- Term: medium ---
  Config: prediction_length=144, test_length=2160, val_length=2160
TIME run allocation action=new run=/fslarge/scratch/users/h61084/codes/fine_time/outputs/task_finetuning/tasks/inference/ts_icl/univariate/current_velocity/10T/medium/run_0 launch_id=selena_fine_time_20260929T092621Z_11326 slurm_job_id=3607389 launched_at=2026-09-29T11:54:17.419022+00:00
  Initializing model pipeline...
  Dataset info:
    - Frequency: 10T
    - Num series: 10
    - Target dim: 6
    - Target mode: univariate
    - Covariate channels: 0
    - Series length: min=7481,               max=31957, avg=20668.5
    - Test split: 2160 steps
    - Prediction length: 144
    - Windows: 15
    Processed 320/900...
    Processed 640/900...
TIME run allocation action=new run=/fslarge/scratch/users/h61084/codes/fine_time/outputs/task_finetuning/tasks/frozen/ts_icl/univariate/current_velocity/10T/medium/run_0 launch_id=selena_fine_time_20260929T092621Z_11326 slurm_job_id=3607389 launched_at=2026-09-29T11:54:40.453189+00:00
    Total instances: 900, Series during experiment: 60, Windows: 15
    Collecting ground truth and context...
    Detected to_univariate case: 60 flat series -> 10 series x 6 variates
    Organizing data into arrays...
    Saved predictions (quantiles) to /fslarge/scratch/users/h61084/codes/fine_time/outputs/task_finetuning/tasks/frozen/ts_icl/univariate/current_velocity/10T/medium/run_0/predictions.npz
    Computing per-window metrics...
    Saved metrics to /fslarge/scratch/users/h61084/codes/fine_time/outputs/task_finetuning/tasks/frozen/ts_icl/univariate/current_velocity/10T/medium/run_0/metrics.npz
    Saved aggregate metrics to /fslarge/scratch/users/h61084/codes/fine_time/outputs/task_finetuning/tasks/frozen/ts_icl/univariate/current_velocity/10T/medium/run_0/metrics_summary.json
    Metrics summary (averaged over all series/windows/variates):
      MSE: 10.3333
      MAE: 0.9472
      RMSE: 1.2530
      MAPE: 3552.2527
      sMAPE: 0.5114
      MASE: 0.7732
      ND: 0.3588
      CRPS: 0.2834
  Completed: 10 series × 15 windows
  Output: /fslarge/scratch/users/h61084/codes/fine_time/outputs/task_finetuning/tasks/frozen/ts_icl/univariate/current_velocity/10T/medium/run_0
  Inference time: 22.495s

============================================================
All experiments completed!
Results saved to: /scratch/users/h61084/codes/fine_time/outputs/task_finetuning/tasks/frozen
============================================================
[77/90] evaluate ts_icl task_finetuned on current_velocity/10T/medium
[2026-09-29 11:54:40 UTC] resources selected_device {"device": "cuda", "model": "ts_icl", "stage": "forecast"}
Loading configuration...

============================================================
Dataset: current_velocity/10T
Terms: ['medium']
Covariate mode: none
Instance normalization: none
============================================================

--- Term: medium ---
  Config: prediction_length=144, test_length=2160, val_length=2160
TIME run allocation action=new run=/fslarge/scratch/users/h61084/codes/fine_time/outputs/task_finetuning/tasks/inference/ts_icl/univariate/current_velocity/10T/medium/run_1 launch_id=selena_fine_time_20260929T092621Z_11326 slurm_job_id=3607389 launched_at=2026-09-29T11:54:41.036555+00:00
  Initializing model pipeline...
  Dataset info:
    - Frequency: 10T
    - Num series: 10
    - Target dim: 6
    - Target mode: univariate
    - Covariate channels: 0
    - Series length: min=7481,               max=31957, avg=20668.5
    - Test split: 2160 steps
    - Prediction length: 144
    - Windows: 15
    Processed 320/900...
    Processed 640/900...
TIME run allocation action=new run=/fslarge/scratch/users/h61084/codes/fine_time/outputs/task_finetuning/tasks/task_finetuned/ts_icl/univariate/current_velocity/10T/medium/run_0 launch_id=selena_fine_time_20260929T092621Z_11326 slurm_job_id=3607389 launched_at=2026-09-29T11:55:04.101616+00:00
    Total instances: 900, Series during experiment: 60, Windows: 15
    Collecting ground truth and context...
    Detected to_univariate case: 60 flat series -> 10 series x 6 variates
    Organizing data into arrays...
    Saved predictions (quantiles) to /fslarge/scratch/users/h61084/codes/fine_time/outputs/task_finetuning/tasks/task_finetuned/ts_icl/univariate/current_velocity/10T/medium/run_0/predictions.npz
    Computing per-window metrics...
    Saved metrics to /fslarge/scratch/users/h61084/codes/fine_time/outputs/task_finetuning/tasks/task_finetuned/ts_icl/univariate/current_velocity/10T/medium/run_0/metrics.npz
    Saved aggregate metrics to /fslarge/scratch/users/h61084/codes/fine_time/outputs/task_finetuning/tasks/task_finetuned/ts_icl/univariate/current_velocity/10T/medium/run_0/metrics_summary.json
    Metrics summary (averaged over all series/windows/variates):
      MSE: 10.3268
      MAE: 0.9460
      RMSE: 1.2517
      MAPE: 3540.1545
      sMAPE: 0.5105
      MASE: 0.7701
      ND: 0.3578
      CRPS: 0.2825
  Completed: 10 series × 15 windows
  Output: /fslarge/scratch/users/h61084/codes/fine_time/outputs/task_finetuning/tasks/task_finetuned/ts_icl/univariate/current_velocity/10T/medium/run_0
  Inference time: 22.299s

============================================================
All experiments completed!
Results saved to: /scratch/users/h61084/codes/fine_time/outputs/task_finetuning/tasks/task_finetuned
============================================================
[78/90] evaluate ts_icl frozen on current_velocity/10T/short
[2026-09-29 11:55:04 UTC] resources selected_device {"device": "cuda", "model": "ts_icl", "stage": "forecast"}
Loading configuration...

============================================================
Dataset: current_velocity/10T
Terms: ['short']
Covariate mode: none
Instance normalization: none
============================================================

--- Term: short ---
  Config: prediction_length=18, test_length=2160, val_length=2160
TIME run allocation action=new run=/fslarge/scratch/users/h61084/codes/fine_time/outputs/task_finetuning/tasks/inference/ts_icl/univariate/current_velocity/10T/short/run_0 launch_id=selena_fine_time_20260929T092621Z_11326 slurm_job_id=3607389 launched_at=2026-09-29T11:55:04.623823+00:00
  Initializing model pipeline...
  Dataset info:
    - Frequency: 10T
    - Num series: 10
    - Target dim: 6
    - Target mode: univariate
    - Covariate channels: 0
    - Series length: min=7481,               max=31957, avg=20668.5
    - Test split: 2160 steps
    - Prediction length: 18
    - Windows: 120
    Processed 320/7200...
    Processed 640/7200...
    Processed 960/7200...
    Processed 1280/7200...
    Processed 1600/7200...
    Processed 1920/7200...
    Processed 2240/7200...
    Processed 2560/7200...
    Processed 2880/7200...
    Processed 3200/7200...
    Processed 3520/7200...
    Processed 3840/7200...
    Processed 4160/7200...
    Processed 4480/7200...
    Processed 4800/7200...
    Processed 5120/7200...
    Processed 5440/7200...
    Processed 5760/7200...
    Processed 6080/7200...
    Processed 6400/7200...
    Processed 6720/7200...
    Processed 7040/7200...
TIME run allocation action=new run=/fslarge/scratch/users/h61084/codes/fine_time/outputs/task_finetuning/tasks/frozen/ts_icl/univariate/current_velocity/10T/short/run_0 launch_id=selena_fine_time_20260929T092621Z_11326 slurm_job_id=3607389 launched_at=2026-09-29T11:57:58.141781+00:00
    Total instances: 7200, Series during experiment: 60, Windows: 120
    Collecting ground truth and context...
    Detected to_univariate case: 60 flat series -> 10 series x 6 variates
    Organizing data into arrays...
    Saved predictions (quantiles) to /fslarge/scratch/users/h61084/codes/fine_time/outputs/task_finetuning/tasks/frozen/ts_icl/univariate/current_velocity/10T/short/run_0/predictions.npz
    Computing per-window metrics...
    Saved metrics to /fslarge/scratch/users/h61084/codes/fine_time/outputs/task_finetuning/tasks/frozen/ts_icl/univariate/current_velocity/10T/short/run_0/metrics.npz
    Saved aggregate metrics to /fslarge/scratch/users/h61084/codes/fine_time/outputs/task_finetuning/tasks/frozen/ts_icl/univariate/current_velocity/10T/short/run_0/metrics_summary.json
    Metrics summary (averaged over all series/windows/variates):
      MSE: 7.5325
      MAE: 0.7542
      RMSE: 0.9461
      MAPE: 3401.5312
      sMAPE: 0.4606
      MASE: 0.5855
      ND: 0.3464
      CRPS: 0.2733
  Completed: 10 series × 120 windows
  Output: /fslarge/scratch/users/h61084/codes/fine_time/outputs/task_finetuning/tasks/frozen/ts_icl/univariate/current_velocity/10T/short/run_0
  Inference time: 172.803s

============================================================
All experiments completed!
Results saved to: /scratch/users/h61084/codes/fine_time/outputs/task_finetuning/tasks/frozen
============================================================
[78/90] evaluate ts_icl task_finetuned on current_velocity/10T/short
[2026-09-29 11:58:00 UTC] resources selected_device {"device": "cuda", "model": "ts_icl", "stage": "forecast"}
Loading configuration...

============================================================
Dataset: current_velocity/10T
Terms: ['short']
Covariate mode: none
Instance normalization: none
============================================================

--- Term: short ---
  Config: prediction_length=18, test_length=2160, val_length=2160
TIME run allocation action=new run=/fslarge/scratch/users/h61084/codes/fine_time/outputs/task_finetuning/tasks/inference/ts_icl/univariate/current_velocity/10T/short/run_1 launch_id=selena_fine_time_20260929T092621Z_11326 slurm_job_id=3607389 launched_at=2026-09-29T11:58:00.890710+00:00
  Initializing model pipeline...
  Dataset info:
    - Frequency: 10T
    - Num series: 10
    - Target dim: 6
    - Target mode: univariate
    - Covariate channels: 0
    - Series length: min=7481,               max=31957, avg=20668.5
    - Test split: 2160 steps
    - Prediction length: 18
    - Windows: 120
    Processed 320/7200...
    Processed 640/7200...
    Processed 960/7200...
    Processed 1280/7200...
    Processed 1600/7200...
    Processed 1920/7200...
    Processed 2240/7200...
    Processed 2560/7200...
    Processed 2880/7200...
    Processed 3200/7200...
    Processed 3520/7200...
    Processed 3840/7200...
    Processed 4160/7200...
    Processed 4480/7200...
    Processed 4800/7200...
    Processed 5120/7200...
    Processed 5440/7200...
    Processed 5760/7200...
    Processed 6080/7200...
    Processed 6400/7200...
    Processed 6720/7200...
    Processed 7040/7200...
TIME run allocation action=new run=/fslarge/scratch/users/h61084/codes/fine_time/outputs/task_finetuning/tasks/task_finetuned/ts_icl/univariate/current_velocity/10T/short/run_0 launch_id=selena_fine_time_20260929T092621Z_11326 slurm_job_id=3607389 launched_at=2026-09-29T12:00:54.575854+00:00
    Total instances: 7200, Series during experiment: 60, Windows: 120
    Collecting ground truth and context...
    Detected to_univariate case: 60 flat series -> 10 series x 6 variates
    Organizing data into arrays...
    Saved predictions (quantiles) to /fslarge/scratch/users/h61084/codes/fine_time/outputs/task_finetuning/tasks/task_finetuned/ts_icl/univariate/current_velocity/10T/short/run_0/predictions.npz
    Computing per-window metrics...
    Saved metrics to /fslarge/scratch/users/h61084/codes/fine_time/outputs/task_finetuning/tasks/task_finetuned/ts_icl/univariate/current_velocity/10T/short/run_0/metrics.npz
    Saved aggregate metrics to /fslarge/scratch/users/h61084/codes/fine_time/outputs/task_finetuning/tasks/task_finetuned/ts_icl/univariate/current_velocity/10T/short/run_0/metrics_summary.json
    Metrics summary (averaged over all series/windows/variates):
      MSE: 7.5337
      MAE: 0.7529
      RMSE: 0.9449
      MAPE: 3363.7543
      sMAPE: 0.4594
      MASE: 0.5817
      ND: 0.3452
      CRPS: 0.2723
  Completed: 10 series × 120 windows
  Output: /fslarge/scratch/users/h61084/codes/fine_time/outputs/task_finetuning/tasks/task_finetuned/ts_icl/univariate/current_velocity/10T/short/run_0
  Inference time: 172.854s

============================================================
All experiments completed!
Results saved to: /scratch/users/h61084/codes/fine_time/outputs/task_finetuning/tasks/task_finetuned
============================================================
[79/90] evaluate ts_icl frozen on current_velocity/15T/long
[2026-09-29 12:00:57 UTC] resources selected_device {"device": "cuda", "model": "ts_icl", "stage": "forecast"}
Loading configuration...

============================================================
Dataset: current_velocity/15T
Terms: ['long']
Covariate mode: none
Instance normalization: none
============================================================

--- Term: long ---
  Config: prediction_length=288, test_length=1440, val_length=1440
TIME run allocation action=new run=/fslarge/scratch/users/h61084/codes/fine_time/outputs/task_finetuning/tasks/inference/ts_icl/univariate/current_velocity/15T/long/run_0 launch_id=selena_fine_time_20260929T092621Z_11326 slurm_job_id=3607389 launched_at=2026-09-29T12:00:57.312375+00:00
  Initializing model pipeline...
  Dataset info:
    - Frequency: 15T
    - Num series: 5
    - Target dim: 6
    - Target mode: univariate
    - Covariate channels: 0
    - Series length: min=3710,               max=17953, avg=8503.2
    - Test split: 1440 steps
    - Prediction length: 288
    - Windows: 5
TIME run allocation action=new run=/fslarge/scratch/users/h61084/codes/fine_time/outputs/task_finetuning/tasks/frozen/ts_icl/univariate/current_velocity/15T/long/run_0 launch_id=selena_fine_time_20260929T092621Z_11326 slurm_job_id=3607389 launched_at=2026-09-29T12:01:02.820783+00:00
    Total instances: 150, Series during experiment: 30, Windows: 5
    Collecting ground truth and context...
    Detected to_univariate case: 30 flat series -> 5 series x 6 variates
    Organizing data into arrays...
    Saved predictions (quantiles) to /fslarge/scratch/users/h61084/codes/fine_time/outputs/task_finetuning/tasks/frozen/ts_icl/univariate/current_velocity/15T/long/run_0/predictions.npz
    Computing per-window metrics...
    Saved metrics to /fslarge/scratch/users/h61084/codes/fine_time/outputs/task_finetuning/tasks/frozen/ts_icl/univariate/current_velocity/15T/long/run_0/metrics.npz
    Saved aggregate metrics to /fslarge/scratch/users/h61084/codes/fine_time/outputs/task_finetuning/tasks/frozen/ts_icl/univariate/current_velocity/15T/long/run_0/metrics_summary.json
    Metrics summary (averaged over all series/windows/variates):
      MSE: 11.0254
      MAE: 1.0749
      RMSE: 1.3699
      MAPE: 128137.1400
      sMAPE: 0.6050
      MASE: 0.8640
      ND: 0.4478
      CRPS: 0.3527
  Completed: 5 series × 5 windows
  Output: /fslarge/scratch/users/h61084/codes/fine_time/outputs/task_finetuning/tasks/frozen/ts_icl/univariate/current_velocity/15T/long/run_0
  Inference time: 4.886s

============================================================
All experiments completed!
Results saved to: /scratch/users/h61084/codes/fine_time/outputs/task_finetuning/tasks/frozen
============================================================
[79/90] evaluate ts_icl task_finetuned on current_velocity/15T/long
[2026-09-29 12:01:02 UTC] resources selected_device {"device": "cuda", "model": "ts_icl", "stage": "forecast"}
Loading configuration...

============================================================
Dataset: current_velocity/15T
Terms: ['long']
Covariate mode: none
Instance normalization: none
============================================================

--- Term: long ---
  Config: prediction_length=288, test_length=1440, val_length=1440
TIME run allocation action=new run=/fslarge/scratch/users/h61084/codes/fine_time/outputs/task_finetuning/tasks/inference/ts_icl/univariate/current_velocity/15T/long/run_1 launch_id=selena_fine_time_20260929T092621Z_11326 slurm_job_id=3607389 launched_at=2026-09-29T12:01:02.956449+00:00
  Initializing model pipeline...
  Dataset info:
    - Frequency: 15T
    - Num series: 5
    - Target dim: 6
    - Target mode: univariate
    - Covariate channels: 0
    - Series length: min=3710,               max=17953, avg=8503.2
    - Test split: 1440 steps
    - Prediction length: 288
    - Windows: 5
TIME run allocation action=new run=/fslarge/scratch/users/h61084/codes/fine_time/outputs/task_finetuning/tasks/task_finetuned/ts_icl/univariate/current_velocity/15T/long/run_0 launch_id=selena_fine_time_20260929T092621Z_11326 slurm_job_id=3607389 launched_at=2026-09-29T12:01:08.539822+00:00
    Total instances: 150, Series during experiment: 30, Windows: 5
    Collecting ground truth and context...
    Detected to_univariate case: 30 flat series -> 5 series x 6 variates
    Organizing data into arrays...
    Saved predictions (quantiles) to /fslarge/scratch/users/h61084/codes/fine_time/outputs/task_finetuning/tasks/task_finetuned/ts_icl/univariate/current_velocity/15T/long/run_0/predictions.npz
    Computing per-window metrics...
    Saved metrics to /fslarge/scratch/users/h61084/codes/fine_time/outputs/task_finetuning/tasks/task_finetuned/ts_icl/univariate/current_velocity/15T/long/run_0/metrics.npz
    Saved aggregate metrics to /fslarge/scratch/users/h61084/codes/fine_time/outputs/task_finetuning/tasks/task_finetuned/ts_icl/univariate/current_velocity/15T/long/run_0/metrics_summary.json
    Metrics summary (averaged over all series/windows/variates):
      MSE: 10.9834
      MAE: 1.0744
      RMSE: 1.3684
      MAPE: 127738.3625
      sMAPE: 0.6048
      MASE: 0.8613
      ND: 0.4478
      CRPS: 0.3523
  Completed: 5 series × 5 windows
  Output: /fslarge/scratch/users/h61084/codes/fine_time/outputs/task_finetuning/tasks/task_finetuned/ts_icl/univariate/current_velocity/15T/long/run_0
  Inference time: 4.870s

============================================================
All experiments completed!
Results saved to: /scratch/users/h61084/codes/fine_time/outputs/task_finetuning/tasks/task_finetuned
============================================================
[80/90] evaluate ts_icl frozen on current_velocity/15T/medium
[2026-09-29 12:01:08 UTC] resources selected_device {"device": "cuda", "model": "ts_icl", "stage": "forecast"}
Loading configuration...

============================================================
Dataset: current_velocity/15T
Terms: ['medium']
Covariate mode: none
Instance normalization: none
============================================================

--- Term: medium ---
  Config: prediction_length=96, test_length=1440, val_length=1440
TIME run allocation action=new run=/fslarge/scratch/users/h61084/codes/fine_time/outputs/task_finetuning/tasks/inference/ts_icl/univariate/current_velocity/15T/medium/run_0 launch_id=selena_fine_time_20260929T092621Z_11326 slurm_job_id=3607389 launched_at=2026-09-29T12:01:08.681837+00:00
  Initializing model pipeline...
  Dataset info:
    - Frequency: 15T
    - Num series: 5
    - Target dim: 6
    - Target mode: univariate
    - Covariate channels: 0
    - Series length: min=3710,               max=17953, avg=8503.2
    - Test split: 1440 steps
    - Prediction length: 96
    - Windows: 15
    Processed 320/450...
TIME run allocation action=new run=/fslarge/scratch/users/h61084/codes/fine_time/outputs/task_finetuning/tasks/frozen/ts_icl/univariate/current_velocity/15T/medium/run_0 launch_id=selena_fine_time_20260929T092621Z_11326 slurm_job_id=3607389 launched_at=2026-09-29T12:01:22.237362+00:00
    Total instances: 450, Series during experiment: 30, Windows: 15
    Collecting ground truth and context...
    Detected to_univariate case: 30 flat series -> 5 series x 6 variates
    Organizing data into arrays...
    Saved predictions (quantiles) to /fslarge/scratch/users/h61084/codes/fine_time/outputs/task_finetuning/tasks/frozen/ts_icl/univariate/current_velocity/15T/medium/run_0/predictions.npz
    Computing per-window metrics...
    Saved metrics to /fslarge/scratch/users/h61084/codes/fine_time/outputs/task_finetuning/tasks/frozen/ts_icl/univariate/current_velocity/15T/medium/run_0/metrics.npz
    Saved aggregate metrics to /fslarge/scratch/users/h61084/codes/fine_time/outputs/task_finetuning/tasks/frozen/ts_icl/univariate/current_velocity/15T/medium/run_0/metrics_summary.json
    Metrics summary (averaged over all series/windows/variates):
      MSE: 9.5815
      MAE: 0.9858
      RMSE: 1.2468
      MAPE: 130063.5837
      sMAPE: 0.5828
      MASE: 0.7575
      ND: 0.4344
      CRPS: 0.3416
  Completed: 5 series × 15 windows
  Output: /fslarge/scratch/users/h61084/codes/fine_time/outputs/task_finetuning/tasks/frozen/ts_icl/univariate/current_velocity/15T/medium/run_0
  Inference time: 13.140s

============================================================
All experiments completed!
Results saved to: /scratch/users/h61084/codes/fine_time/outputs/task_finetuning/tasks/frozen
============================================================
[80/90] evaluate ts_icl task_finetuned on current_velocity/15T/medium
[2026-09-29 12:01:22 UTC] resources selected_device {"device": "cuda", "model": "ts_icl", "stage": "forecast"}
Loading configuration...

============================================================
Dataset: current_velocity/15T
Terms: ['medium']
Covariate mode: none
Instance normalization: none
============================================================

--- Term: medium ---
  Config: prediction_length=96, test_length=1440, val_length=1440
TIME run allocation action=new run=/fslarge/scratch/users/h61084/codes/fine_time/outputs/task_finetuning/tasks/inference/ts_icl/univariate/current_velocity/15T/medium/run_1 launch_id=selena_fine_time_20260929T092621Z_11326 slurm_job_id=3607389 launched_at=2026-09-29T12:01:22.523728+00:00
  Initializing model pipeline...
  Dataset info:
    - Frequency: 15T
    - Num series: 5
    - Target dim: 6
    - Target mode: univariate
    - Covariate channels: 0
    - Series length: min=3710,               max=17953, avg=8503.2
    - Test split: 1440 steps
    - Prediction length: 96
    - Windows: 15
    Processed 320/450...
TIME run allocation action=new run=/fslarge/scratch/users/h61084/codes/fine_time/outputs/task_finetuning/tasks/task_finetuned/ts_icl/univariate/current_velocity/15T/medium/run_0 launch_id=selena_fine_time_20260929T092621Z_11326 slurm_job_id=3607389 launched_at=2026-09-29T12:01:36.316848+00:00
    Total instances: 450, Series during experiment: 30, Windows: 15
    Collecting ground truth and context...
    Detected to_univariate case: 30 flat series -> 5 series x 6 variates
    Organizing data into arrays...
    Saved predictions (quantiles) to /fslarge/scratch/users/h61084/codes/fine_time/outputs/task_finetuning/tasks/task_finetuned/ts_icl/univariate/current_velocity/15T/medium/run_0/predictions.npz
    Computing per-window metrics...
    Saved metrics to /fslarge/scratch/users/h61084/codes/fine_time/outputs/task_finetuning/tasks/task_finetuned/ts_icl/univariate/current_velocity/15T/medium/run_0/metrics.npz
    Saved aggregate metrics to /fslarge/scratch/users/h61084/codes/fine_time/outputs/task_finetuning/tasks/task_finetuned/ts_icl/univariate/current_velocity/15T/medium/run_0/metrics_summary.json
    Metrics summary (averaged over all series/windows/variates):
      MSE: 9.5482
      MAE: 0.9846
      RMSE: 1.2450
      MAPE: 129703.9000
      sMAPE: 0.5822
      MASE: 0.7555
      ND: 0.4340
      CRPS: 0.3411
  Completed: 5 series × 15 windows
  Output: /fslarge/scratch/users/h61084/codes/fine_time/outputs/task_finetuning/tasks/task_finetuned/ts_icl/univariate/current_velocity/15T/medium/run_0
  Inference time: 13.125s

============================================================
All experiments completed!
Results saved to: /scratch/users/h61084/codes/fine_time/outputs/task_finetuning/tasks/task_finetuned
============================================================
[81/90] evaluate ts_icl frozen on current_velocity/15T/short
[2026-09-29 12:01:36 UTC] resources selected_device {"device": "cuda", "model": "ts_icl", "stage": "forecast"}
Loading configuration...

============================================================
Dataset: current_velocity/15T
Terms: ['short']
Covariate mode: none
Instance normalization: none
============================================================

--- Term: short ---
  Config: prediction_length=12, test_length=1440, val_length=1440
TIME run allocation action=new run=/fslarge/scratch/users/h61084/codes/fine_time/outputs/task_finetuning/tasks/inference/ts_icl/univariate/current_velocity/15T/short/run_0 launch_id=selena_fine_time_20260929T092621Z_11326 slurm_job_id=3607389 launched_at=2026-09-29T12:01:36.540554+00:00
  Initializing model pipeline...
  Dataset info:
    - Frequency: 15T
    - Num series: 5
    - Target dim: 6
    - Target mode: univariate
    - Covariate channels: 0
    - Series length: min=3710,               max=17953, avg=8503.2
    - Test split: 1440 steps
    - Prediction length: 12
    - Windows: 120
    Processed 320/3600...
    Processed 640/3600...
    Processed 960/3600...
    Processed 1280/3600...
    Processed 1600/3600...
    Processed 1920/3600...
    Processed 2240/3600...
    Processed 2560/3600...
    Processed 2880/3600...
    Processed 3200/3600...
    Processed 3520/3600...
TIME run allocation action=new run=/fslarge/scratch/users/h61084/codes/fine_time/outputs/task_finetuning/tasks/frozen/ts_icl/univariate/current_velocity/15T/short/run_0 launch_id=selena_fine_time_20260929T092621Z_11326 slurm_job_id=3607389 launched_at=2026-09-29T12:03:10.421874+00:00
    Total instances: 3600, Series during experiment: 30, Windows: 120
    Collecting ground truth and context...
    Detected to_univariate case: 30 flat series -> 5 series x 6 variates
    Organizing data into arrays...
    Saved predictions (quantiles) to /fslarge/scratch/users/h61084/codes/fine_time/outputs/task_finetuning/tasks/frozen/ts_icl/univariate/current_velocity/15T/short/run_0/predictions.npz
    Computing per-window metrics...
    Saved metrics to /fslarge/scratch/users/h61084/codes/fine_time/outputs/task_finetuning/tasks/frozen/ts_icl/univariate/current_velocity/15T/short/run_0/metrics.npz
    Saved aggregate metrics to /fslarge/scratch/users/h61084/codes/fine_time/outputs/task_finetuning/tasks/frozen/ts_icl/univariate/current_velocity/15T/short/run_0/metrics_summary.json
    Metrics summary (averaged over all series/windows/variates):
      MSE: 6.1683
      MAE: 0.7504
      RMSE: 0.9148
      MAPE: 129506.9504
      sMAPE: 0.4729
      MASE: 0.5193
      ND: 0.3877
      CRPS: 0.3056
  Completed: 5 series × 120 windows
  Output: /fslarge/scratch/users/h61084/codes/fine_time/outputs/task_finetuning/tasks/frozen/ts_icl/univariate/current_velocity/15T/short/run_0
  Inference time: 93.240s

============================================================
All experiments completed!
Results saved to: /scratch/users/h61084/codes/fine_time/outputs/task_finetuning/tasks/frozen
============================================================
[81/90] evaluate ts_icl task_finetuned on current_velocity/15T/short
[2026-09-29 12:03:11 UTC] resources selected_device {"device": "cuda", "model": "ts_icl", "stage": "forecast"}
Loading configuration...

============================================================
Dataset: current_velocity/15T
Terms: ['short']
Covariate mode: none
Instance normalization: none
============================================================

--- Term: short ---
  Config: prediction_length=12, test_length=1440, val_length=1440
TIME run allocation action=new run=/fslarge/scratch/users/h61084/codes/fine_time/outputs/task_finetuning/tasks/inference/ts_icl/univariate/current_velocity/15T/short/run_1 launch_id=selena_fine_time_20260929T092621Z_11326 slurm_job_id=3607389 launched_at=2026-09-29T12:03:11.569857+00:00
  Initializing model pipeline...
  Dataset info:
    - Frequency: 15T
    - Num series: 5
    - Target dim: 6
    - Target mode: univariate
    - Covariate channels: 0
    - Series length: min=3710,               max=17953, avg=8503.2
    - Test split: 1440 steps
    - Prediction length: 12
    - Windows: 120
    Processed 320/3600...
    Processed 640/3600...
    Processed 960/3600...
    Processed 1280/3600...
    Processed 1600/3600...
    Processed 1920/3600...
    Processed 2240/3600...
    Processed 2560/3600...
    Processed 2880/3600...
    Processed 3200/3600...
    Processed 3520/3600...
TIME run allocation action=new run=/fslarge/scratch/users/h61084/codes/fine_time/outputs/task_finetuning/tasks/task_finetuned/ts_icl/univariate/current_velocity/15T/short/run_0 launch_id=selena_fine_time_20260929T092621Z_11326 slurm_job_id=3607389 launched_at=2026-09-29T12:04:45.777591+00:00
    Total instances: 3600, Series during experiment: 30, Windows: 120
    Collecting ground truth and context...
    Detected to_univariate case: 30 flat series -> 5 series x 6 variates
    Organizing data into arrays...
    Saved predictions (quantiles) to /fslarge/scratch/users/h61084/codes/fine_time/outputs/task_finetuning/tasks/task_finetuned/ts_icl/univariate/current_velocity/15T/short/run_0/predictions.npz
    Computing per-window metrics...
    Saved metrics to /fslarge/scratch/users/h61084/codes/fine_time/outputs/task_finetuning/tasks/task_finetuned/ts_icl/univariate/current_velocity/15T/short/run_0/metrics.npz
    Saved aggregate metrics to /fslarge/scratch/users/h61084/codes/fine_time/outputs/task_finetuning/tasks/task_finetuned/ts_icl/univariate/current_velocity/15T/short/run_0/metrics_summary.json
    Metrics summary (averaged over all series/windows/variates):
      MSE: 6.1619
      MAE: 0.7500
      RMSE: 0.9145
      MAPE: 129421.7284
      sMAPE: 0.4728
      MASE: 0.5186
      ND: 0.3873
      CRPS: 0.3050
  Completed: 5 series × 120 windows
  Output: /fslarge/scratch/users/h61084/codes/fine_time/outputs/task_finetuning/tasks/task_finetuned/ts_icl/univariate/current_velocity/15T/short/run_0
  Inference time: 93.542s

============================================================
All experiments completed!
Results saved to: /scratch/users/h61084/codes/fine_time/outputs/task_finetuning/tasks/task_finetuned
============================================================
[82/90] evaluate ts_icl frozen on current_velocity/5T/long
[2026-09-29 12:04:46 UTC] resources selected_device {"device": "cuda", "model": "ts_icl", "stage": "forecast"}
Loading configuration...

============================================================
Dataset: current_velocity/5T
Terms: ['long']
Covariate mode: none
Instance normalization: none
============================================================

--- Term: long ---
  Config: prediction_length=864, test_length=4320, val_length=4320
TIME run allocation action=new run=/fslarge/scratch/users/h61084/codes/fine_time/outputs/task_finetuning/tasks/inference/ts_icl/univariate/current_velocity/5T/long/run_0 launch_id=selena_fine_time_20260929T092621Z_11326 slurm_job_id=3607389 launched_at=2026-09-29T12:04:47.046265+00:00
  Initializing model pipeline...
  Dataset info:
    - Frequency: 5T
    - Num series: 1
    - Target dim: 6
    - Target mode: univariate
    - Covariate channels: 0
    - Series length: min=26486,               max=26486, avg=26486.0
    - Test split: 4320 steps
    - Prediction length: 864
    - Windows: 5
TIME run allocation action=new run=/fslarge/scratch/users/h61084/codes/fine_time/outputs/task_finetuning/tasks/frozen/ts_icl/univariate/current_velocity/5T/long/run_0 launch_id=selena_fine_time_20260929T092621Z_11326 slurm_job_id=3607389 launched_at=2026-09-29T12:04:49.022846+00:00
    Total instances: 30, Series during experiment: 6, Windows: 5
    Collecting ground truth and context...
    Detected to_univariate case: 6 flat series -> 1 series x 6 variates
    Organizing data into arrays...
    Saved predictions (quantiles) to /fslarge/scratch/users/h61084/codes/fine_time/outputs/task_finetuning/tasks/frozen/ts_icl/univariate/current_velocity/5T/long/run_0/predictions.npz
    Computing per-window metrics...
    Saved metrics to /fslarge/scratch/users/h61084/codes/fine_time/outputs/task_finetuning/tasks/frozen/ts_icl/univariate/current_velocity/5T/long/run_0/metrics.npz
    Saved aggregate metrics to /fslarge/scratch/users/h61084/codes/fine_time/outputs/task_finetuning/tasks/frozen/ts_icl/univariate/current_velocity/5T/long/run_0/metrics_summary.json
    Metrics summary (averaged over all series/windows/variates):
      MSE: 6.0612
      MAE: 0.9560
      RMSE: 1.1603
      MAPE: 0.8441
      sMAPE: 0.4962
      MASE: 1.0940
      ND: 0.4478
      CRPS: 0.3638
  Completed: 1 series × 5 windows
  Output: /fslarge/scratch/users/h61084/codes/fine_time/outputs/task_finetuning/tasks/frozen/ts_icl/univariate/current_velocity/5T/long/run_0
  Inference time: 1.576s

============================================================
All experiments completed!
Results saved to: /scratch/users/h61084/codes/fine_time/outputs/task_finetuning/tasks/frozen
============================================================
[82/90] evaluate ts_icl task_finetuned on current_velocity/5T/long
[2026-09-29 12:04:49 UTC] resources selected_device {"device": "cuda", "model": "ts_icl", "stage": "forecast"}
Loading configuration...

============================================================
Dataset: current_velocity/5T
Terms: ['long']
Covariate mode: none
Instance normalization: none
============================================================

--- Term: long ---
  Config: prediction_length=864, test_length=4320, val_length=4320
TIME run allocation action=new run=/fslarge/scratch/users/h61084/codes/fine_time/outputs/task_finetuning/tasks/inference/ts_icl/univariate/current_velocity/5T/long/run_1 launch_id=selena_fine_time_20260929T092621Z_11326 slurm_job_id=3607389 launched_at=2026-09-29T12:04:49.116989+00:00
  Initializing model pipeline...
  Dataset info:
    - Frequency: 5T
    - Num series: 1
    - Target dim: 6
    - Target mode: univariate
    - Covariate channels: 0
    - Series length: min=26486,               max=26486, avg=26486.0
    - Test split: 4320 steps
    - Prediction length: 864
    - Windows: 5
TIME run allocation action=new run=/fslarge/scratch/users/h61084/codes/fine_time/outputs/task_finetuning/tasks/task_finetuned/ts_icl/univariate/current_velocity/5T/long/run_0 launch_id=selena_fine_time_20260929T092621Z_11326 slurm_job_id=3607389 launched_at=2026-09-29T12:04:51.321461+00:00
    Total instances: 30, Series during experiment: 6, Windows: 5
    Collecting ground truth and context...
    Detected to_univariate case: 6 flat series -> 1 series x 6 variates
    Organizing data into arrays...
    Saved predictions (quantiles) to /fslarge/scratch/users/h61084/codes/fine_time/outputs/task_finetuning/tasks/task_finetuned/ts_icl/univariate/current_velocity/5T/long/run_0/predictions.npz
    Computing per-window metrics...
    Saved metrics to /fslarge/scratch/users/h61084/codes/fine_time/outputs/task_finetuning/tasks/task_finetuned/ts_icl/univariate/current_velocity/5T/long/run_0/metrics.npz
    Saved aggregate metrics to /fslarge/scratch/users/h61084/codes/fine_time/outputs/task_finetuning/tasks/task_finetuned/ts_icl/univariate/current_velocity/5T/long/run_0/metrics_summary.json
    Metrics summary (averaged over all series/windows/variates):
      MSE: 6.1001
      MAE: 0.9550
      RMSE: 1.1572
      MAPE: 0.8309
      sMAPE: 0.4892
      MASE: 1.0617
      ND: 0.4428
      CRPS: 0.3597
  Completed: 1 series × 5 windows
  Output: /fslarge/scratch/users/h61084/codes/fine_time/outputs/task_finetuning/tasks/task_finetuned/ts_icl/univariate/current_velocity/5T/long/run_0
  Inference time: 1.575s

============================================================
All experiments completed!
Results saved to: /scratch/users/h61084/codes/fine_time/outputs/task_finetuning/tasks/task_finetuned
============================================================
[83/90] evaluate ts_icl frozen on current_velocity/5T/medium
[2026-09-29 12:04:51 UTC] resources selected_device {"device": "cuda", "model": "ts_icl", "stage": "forecast"}
Loading configuration...

============================================================
Dataset: current_velocity/5T
Terms: ['medium']
Covariate mode: none
Instance normalization: none
============================================================

--- Term: medium ---
  Config: prediction_length=288, test_length=4320, val_length=4320
TIME run allocation action=new run=/fslarge/scratch/users/h61084/codes/fine_time/outputs/task_finetuning/tasks/inference/ts_icl/univariate/current_velocity/5T/medium/run_0 launch_id=selena_fine_time_20260929T092621Z_11326 slurm_job_id=3607389 launched_at=2026-09-29T12:04:51.432068+00:00
  Initializing model pipeline...
  Dataset info:
    - Frequency: 5T
    - Num series: 1
    - Target dim: 6
    - Target mode: univariate
    - Covariate channels: 0
    - Series length: min=26486,               max=26486, avg=26486.0
    - Test split: 4320 steps
    - Prediction length: 288
    - Windows: 15
TIME run allocation action=new run=/fslarge/scratch/users/h61084/codes/fine_time/outputs/task_finetuning/tasks/frozen/ts_icl/univariate/current_velocity/5T/medium/run_0 launch_id=selena_fine_time_20260929T092621Z_11326 slurm_job_id=3607389 launched_at=2026-09-29T12:04:54.121906+00:00
    Total instances: 90, Series during experiment: 6, Windows: 15
    Collecting ground truth and context...
    Detected to_univariate case: 6 flat series -> 1 series x 6 variates
    Organizing data into arrays...
    Saved predictions (quantiles) to /fslarge/scratch/users/h61084/codes/fine_time/outputs/task_finetuning/tasks/frozen/ts_icl/univariate/current_velocity/5T/medium/run_0/predictions.npz
    Computing per-window metrics...
    Saved metrics to /fslarge/scratch/users/h61084/codes/fine_time/outputs/task_finetuning/tasks/frozen/ts_icl/univariate/current_velocity/5T/medium/run_0/metrics.npz
    Saved aggregate metrics to /fslarge/scratch/users/h61084/codes/fine_time/outputs/task_finetuning/tasks/frozen/ts_icl/univariate/current_velocity/5T/medium/run_0/metrics_summary.json
    Metrics summary (averaged over all series/windows/variates):
      MSE: 5.1449
      MAE: 0.8054
      RMSE: 0.9830
      MAPE: 0.6744
      sMAPE: 0.4108
      MASE: 0.6444
      ND: 0.3626
      CRPS: 0.2818
  Completed: 1 series × 15 windows
  Output: /fslarge/scratch/users/h61084/codes/fine_time/outputs/task_finetuning/tasks/frozen/ts_icl/univariate/current_velocity/5T/medium/run_0
  Inference time: 2.304s

============================================================
All experiments completed!
Results saved to: /scratch/users/h61084/codes/fine_time/outputs/task_finetuning/tasks/frozen
============================================================
[83/90] evaluate ts_icl task_finetuned on current_velocity/5T/medium
[2026-09-29 12:04:54 UTC] resources selected_device {"device": "cuda", "model": "ts_icl", "stage": "forecast"}
Loading configuration...

============================================================
Dataset: current_velocity/5T
Terms: ['medium']
Covariate mode: none
Instance normalization: none
============================================================

--- Term: medium ---
  Config: prediction_length=288, test_length=4320, val_length=4320
TIME run allocation action=new run=/fslarge/scratch/users/h61084/codes/fine_time/outputs/task_finetuning/tasks/inference/ts_icl/univariate/current_velocity/5T/medium/run_1 launch_id=selena_fine_time_20260929T092621Z_11326 slurm_job_id=3607389 launched_at=2026-09-29T12:04:54.235502+00:00
  Initializing model pipeline...
  Dataset info:
    - Frequency: 5T
    - Num series: 1
    - Target dim: 6
    - Target mode: univariate
    - Covariate channels: 0
    - Series length: min=26486,               max=26486, avg=26486.0
    - Test split: 4320 steps
    - Prediction length: 288
    - Windows: 15
TIME run allocation action=new run=/fslarge/scratch/users/h61084/codes/fine_time/outputs/task_finetuning/tasks/task_finetuned/ts_icl/univariate/current_velocity/5T/medium/run_0 launch_id=selena_fine_time_20260929T092621Z_11326 slurm_job_id=3607389 launched_at=2026-09-29T12:04:57.194169+00:00
    Total instances: 90, Series during experiment: 6, Windows: 15
    Collecting ground truth and context...
    Detected to_univariate case: 6 flat series -> 1 series x 6 variates
    Organizing data into arrays...
    Saved predictions (quantiles) to /fslarge/scratch/users/h61084/codes/fine_time/outputs/task_finetuning/tasks/task_finetuned/ts_icl/univariate/current_velocity/5T/medium/run_0/predictions.npz
    Computing per-window metrics...
    Saved metrics to /fslarge/scratch/users/h61084/codes/fine_time/outputs/task_finetuning/tasks/task_finetuned/ts_icl/univariate/current_velocity/5T/medium/run_0/metrics.npz
    Saved aggregate metrics to /fslarge/scratch/users/h61084/codes/fine_time/outputs/task_finetuning/tasks/task_finetuned/ts_icl/univariate/current_velocity/5T/medium/run_0/metrics_summary.json
    Metrics summary (averaged over all series/windows/variates):
      MSE: 5.1539
      MAE: 0.8057
      RMSE: 0.9823
      MAPE: 0.6733
      sMAPE: 0.4098
      MASE: 0.6377
      ND: 0.3625
      CRPS: 0.2817
  Completed: 1 series × 15 windows
  Output: /fslarge/scratch/users/h61084/codes/fine_time/outputs/task_finetuning/tasks/task_finetuned/ts_icl/univariate/current_velocity/5T/medium/run_0
  Inference time: 2.298s

============================================================
All experiments completed!
Results saved to: /scratch/users/h61084/codes/fine_time/outputs/task_finetuning/tasks/task_finetuned
============================================================
[84/90] evaluate ts_icl frozen on current_velocity/5T/short
[2026-09-29 12:04:57 UTC] resources selected_device {"device": "cuda", "model": "ts_icl", "stage": "forecast"}
Loading configuration...

============================================================
Dataset: current_velocity/5T
Terms: ['short']
Covariate mode: none
Instance normalization: none
============================================================

--- Term: short ---
  Config: prediction_length=36, test_length=4320, val_length=4320
TIME run allocation action=new run=/fslarge/scratch/users/h61084/codes/fine_time/outputs/task_finetuning/tasks/inference/ts_icl/univariate/current_velocity/5T/short/run_0 launch_id=selena_fine_time_20260929T092621Z_11326 slurm_job_id=3607389 launched_at=2026-09-29T12:04:57.312261+00:00
  Initializing model pipeline...
  Dataset info:
    - Frequency: 5T
    - Num series: 1
    - Target dim: 6
    - Target mode: univariate
    - Covariate channels: 0
    - Series length: min=26486,               max=26486, avg=26486.0
    - Test split: 4320 steps
    - Prediction length: 36
    - Windows: 120
    Processed 320/720...
    Processed 640/720...
TIME run allocation action=new run=/fslarge/scratch/users/h61084/codes/fine_time/outputs/task_finetuning/tasks/frozen/ts_icl/univariate/current_velocity/5T/short/run_0 launch_id=selena_fine_time_20260929T092621Z_11326 slurm_job_id=3607389 launched_at=2026-09-29T12:05:14.885537+00:00
    Total instances: 720, Series during experiment: 6, Windows: 120
    Collecting ground truth and context...
    Detected to_univariate case: 6 flat series -> 1 series x 6 variates
    Organizing data into arrays...
    Saved predictions (quantiles) to /fslarge/scratch/users/h61084/codes/fine_time/outputs/task_finetuning/tasks/frozen/ts_icl/univariate/current_velocity/5T/short/run_0/predictions.npz
    Computing per-window metrics...
    Saved metrics to /fslarge/scratch/users/h61084/codes/fine_time/outputs/task_finetuning/tasks/frozen/ts_icl/univariate/current_velocity/5T/short/run_0/metrics.npz
    Saved aggregate metrics to /fslarge/scratch/users/h61084/codes/fine_time/outputs/task_finetuning/tasks/frozen/ts_icl/univariate/current_velocity/5T/short/run_0/metrics_summary.json
    Metrics summary (averaged over all series/windows/variates):
      MSE: 3.1018
      MAE: 0.5676
      RMSE: 0.6768
      MAPE: 0.4209
      sMAPE: 0.3450
      MASE: 0.4067
      ND: 0.2929
      CRPS: 0.2302
  Completed: 1 series × 120 windows
  Output: /fslarge/scratch/users/h61084/codes/fine_time/outputs/task_finetuning/tasks/frozen/ts_icl/univariate/current_velocity/5T/short/run_0
  Inference time: 17.185s

============================================================
All experiments completed!
Results saved to: /scratch/users/h61084/codes/fine_time/outputs/task_finetuning/tasks/frozen
============================================================
[84/90] evaluate ts_icl task_finetuned on current_velocity/5T/short
[2026-09-29 12:05:15 UTC] resources selected_device {"device": "cuda", "model": "ts_icl", "stage": "forecast"}
Loading configuration...

============================================================
Dataset: current_velocity/5T
Terms: ['short']
Covariate mode: none
Instance normalization: none
============================================================

--- Term: short ---
  Config: prediction_length=36, test_length=4320, val_length=4320
TIME run allocation action=new run=/fslarge/scratch/users/h61084/codes/fine_time/outputs/task_finetuning/tasks/inference/ts_icl/univariate/current_velocity/5T/short/run_1 launch_id=selena_fine_time_20260929T092621Z_11326 slurm_job_id=3607389 launched_at=2026-09-29T12:05:15.205384+00:00
  Initializing model pipeline...
  Dataset info:
    - Frequency: 5T
    - Num series: 1
    - Target dim: 6
    - Target mode: univariate
    - Covariate channels: 0
    - Series length: min=26486,               max=26486, avg=26486.0
    - Test split: 4320 steps
    - Prediction length: 36
    - Windows: 120
    Processed 320/720...
    Processed 640/720...
TIME run allocation action=new run=/fslarge/scratch/users/h61084/codes/fine_time/outputs/task_finetuning/tasks/task_finetuned/ts_icl/univariate/current_velocity/5T/short/run_0 launch_id=selena_fine_time_20260929T092621Z_11326 slurm_job_id=3607389 launched_at=2026-09-29T12:05:33.033123+00:00
    Total instances: 720, Series during experiment: 6, Windows: 120
    Collecting ground truth and context...
    Detected to_univariate case: 6 flat series -> 1 series x 6 variates
    Organizing data into arrays...
    Saved predictions (quantiles) to /fslarge/scratch/users/h61084/codes/fine_time/outputs/task_finetuning/tasks/task_finetuned/ts_icl/univariate/current_velocity/5T/short/run_0/predictions.npz
    Computing per-window metrics...
    Saved metrics to /fslarge/scratch/users/h61084/codes/fine_time/outputs/task_finetuning/tasks/task_finetuned/ts_icl/univariate/current_velocity/5T/short/run_0/metrics.npz
    Saved aggregate metrics to /fslarge/scratch/users/h61084/codes/fine_time/outputs/task_finetuning/tasks/task_finetuned/ts_icl/univariate/current_velocity/5T/short/run_0/metrics_summary.json
    Metrics summary (averaged over all series/windows/variates):
      MSE: 3.0956
      MAE: 0.5651
      RMSE: 0.6747
      MAPE: 0.4223
      sMAPE: 0.3435
      MASE: 0.4027
      ND: 0.2927
      CRPS: 0.2301
  Completed: 1 series × 120 windows
  Output: /fslarge/scratch/users/h61084/codes/fine_time/outputs/task_finetuning/tasks/task_finetuned/ts_icl/univariate/current_velocity/5T/short/run_0
  Inference time: 17.186s

============================================================
All experiments completed!
Results saved to: /scratch/users/h61084/codes/fine_time/outputs/task_finetuning/tasks/task_finetuned
============================================================
[85/90] evaluate ts_icl frozen on current_velocity/H/long
[2026-09-29 12:05:33 UTC] resources selected_device {"device": "cuda", "model": "ts_icl", "stage": "forecast"}
Loading configuration...

============================================================
Dataset: current_velocity/H
Terms: ['long']
Covariate mode: none
Instance normalization: none
============================================================

--- Term: long ---
  Config: prediction_length=336, test_length=672, val_length=672
TIME run allocation action=new run=/fslarge/scratch/users/h61084/codes/fine_time/outputs/task_finetuning/tasks/inference/ts_icl/univariate/current_velocity/H/long/run_0 launch_id=selena_fine_time_20260929T092621Z_11326 slurm_job_id=3607389 launched_at=2026-09-29T12:05:33.354568+00:00
  Initializing model pipeline...
  Dataset info:
    - Frequency: H
    - Num series: 21
    - Target dim: 6
    - Target mode: univariate
    - Covariate channels: 0
    - Series length: min=2208,               max=5587, avg=3502.3
    - Test split: 672 steps
    - Prediction length: 336
    - Windows: 2
TIME run allocation action=new run=/fslarge/scratch/users/h61084/codes/fine_time/outputs/task_finetuning/tasks/frozen/ts_icl/univariate/current_velocity/H/long/run_0 launch_id=selena_fine_time_20260929T092621Z_11326 slurm_job_id=3607389 launched_at=2026-09-29T12:05:40.865299+00:00
    Total instances: 252, Series during experiment: 126, Windows: 2
    Collecting ground truth and context...
    Detected to_univariate case: 126 flat series -> 21 series x 6 variates
    Organizing data into arrays...
    Saved predictions (quantiles) to /fslarge/scratch/users/h61084/codes/fine_time/outputs/task_finetuning/tasks/frozen/ts_icl/univariate/current_velocity/H/long/run_0/predictions.npz
    Computing per-window metrics...
    Saved metrics to /fslarge/scratch/users/h61084/codes/fine_time/outputs/task_finetuning/tasks/frozen/ts_icl/univariate/current_velocity/H/long/run_0/metrics.npz
    Saved aggregate metrics to /fslarge/scratch/users/h61084/codes/fine_time/outputs/task_finetuning/tasks/frozen/ts_icl/univariate/current_velocity/H/long/run_0/metrics_summary.json
    Metrics summary (averaged over all series/windows/variates):
      MSE: 11.3038
      MAE: 1.1699
      RMSE: 1.4713
      MAPE: 1966124521745.4373
      sMAPE: 0.5920
      MASE: 1.3360
      ND: 0.4184
      CRPS: 0.3289
  Completed: 21 series × 2 windows
  Output: /fslarge/scratch/users/h61084/codes/fine_time/outputs/task_finetuning/tasks/frozen/ts_icl/univariate/current_velocity/H/long/run_0
  Inference time: 6.894s

============================================================
All experiments completed!
Results saved to: /scratch/users/h61084/codes/fine_time/outputs/task_finetuning/tasks/frozen
============================================================
[85/90] evaluate ts_icl task_finetuned on current_velocity/H/long
[2026-09-29 12:05:41 UTC] resources selected_device {"device": "cuda", "model": "ts_icl", "stage": "forecast"}
Loading configuration...

============================================================
Dataset: current_velocity/H
Terms: ['long']
Covariate mode: none
Instance normalization: none
============================================================

--- Term: long ---
  Config: prediction_length=336, test_length=672, val_length=672
TIME run allocation action=new run=/fslarge/scratch/users/h61084/codes/fine_time/outputs/task_finetuning/tasks/inference/ts_icl/univariate/current_velocity/H/long/run_1 launch_id=selena_fine_time_20260929T092621Z_11326 slurm_job_id=3607389 launched_at=2026-09-29T12:05:41.072315+00:00
  Initializing model pipeline...
  Dataset info:
    - Frequency: H
    - Num series: 21
    - Target dim: 6
    - Target mode: univariate
    - Covariate channels: 0
    - Series length: min=2208,               max=5587, avg=3502.3
    - Test split: 672 steps
    - Prediction length: 336
    - Windows: 2
TIME run allocation action=new run=/fslarge/scratch/users/h61084/codes/fine_time/outputs/task_finetuning/tasks/task_finetuned/ts_icl/univariate/current_velocity/H/long/run_0 launch_id=selena_fine_time_20260929T092621Z_11326 slurm_job_id=3607389 launched_at=2026-09-29T12:05:48.402357+00:00
    Total instances: 252, Series during experiment: 126, Windows: 2
    Collecting ground truth and context...
    Detected to_univariate case: 126 flat series -> 21 series x 6 variates
    Organizing data into arrays...
    Saved predictions (quantiles) to /fslarge/scratch/users/h61084/codes/fine_time/outputs/task_finetuning/tasks/task_finetuned/ts_icl/univariate/current_velocity/H/long/run_0/predictions.npz
    Computing per-window metrics...
    Saved metrics to /fslarge/scratch/users/h61084/codes/fine_time/outputs/task_finetuning/tasks/task_finetuned/ts_icl/univariate/current_velocity/H/long/run_0/metrics.npz
    Saved aggregate metrics to /fslarge/scratch/users/h61084/codes/fine_time/outputs/task_finetuning/tasks/task_finetuned/ts_icl/univariate/current_velocity/H/long/run_0/metrics_summary.json
    Metrics summary (averaged over all series/windows/variates):
      MSE: 11.2916
      MAE: 1.1690
      RMSE: 1.4704
      MAPE: 1963360810494.6606
      sMAPE: 0.5916
      MASE: 1.3346
      ND: 0.4180
      CRPS: 0.3285
  Completed: 21 series × 2 windows
  Output: /fslarge/scratch/users/h61084/codes/fine_time/outputs/task_finetuning/tasks/task_finetuned/ts_icl/univariate/current_velocity/H/long/run_0
  Inference time: 6.634s

============================================================
All experiments completed!
Results saved to: /scratch/users/h61084/codes/fine_time/outputs/task_finetuning/tasks/task_finetuned
============================================================
[86/90] evaluate ts_icl frozen on current_velocity/H/medium
[2026-09-29 12:05:48 UTC] resources selected_device {"device": "cuda", "model": "ts_icl", "stage": "forecast"}
Loading configuration...

============================================================
Dataset: current_velocity/H
Terms: ['medium']
Covariate mode: none
Instance normalization: none
============================================================

--- Term: medium ---
  Config: prediction_length=168, test_length=672, val_length=672
TIME run allocation action=new run=/fslarge/scratch/users/h61084/codes/fine_time/outputs/task_finetuning/tasks/inference/ts_icl/univariate/current_velocity/H/medium/run_0 launch_id=selena_fine_time_20260929T092621Z_11326 slurm_job_id=3607389 launched_at=2026-09-29T12:05:48.589260+00:00
  Initializing model pipeline...
  Dataset info:
    - Frequency: H
    - Num series: 21
    - Target dim: 6
    - Target mode: univariate
    - Covariate channels: 0
    - Series length: min=2208,               max=5587, avg=3502.3
    - Test split: 672 steps
    - Prediction length: 168
    - Windows: 4
    Processed 320/504...
TIME run allocation action=new run=/fslarge/scratch/users/h61084/codes/fine_time/outputs/task_finetuning/tasks/frozen/ts_icl/univariate/current_velocity/H/medium/run_0 launch_id=selena_fine_time_20260929T092621Z_11326 slurm_job_id=3607389 launched_at=2026-09-29T12:06:02.003506+00:00
    Total instances: 504, Series during experiment: 126, Windows: 4
    Collecting ground truth and context...
    Detected to_univariate case: 126 flat series -> 21 series x 6 variates
    Organizing data into arrays...
    Saved predictions (quantiles) to /fslarge/scratch/users/h61084/codes/fine_time/outputs/task_finetuning/tasks/frozen/ts_icl/univariate/current_velocity/H/medium/run_0/predictions.npz
    Computing per-window metrics...
    Saved metrics to /fslarge/scratch/users/h61084/codes/fine_time/outputs/task_finetuning/tasks/frozen/ts_icl/univariate/current_velocity/H/medium/run_0/metrics.npz
    Saved aggregate metrics to /fslarge/scratch/users/h61084/codes/fine_time/outputs/task_finetuning/tasks/frozen/ts_icl/univariate/current_velocity/H/medium/run_0/metrics_summary.json
    Metrics summary (averaged over all series/windows/variates):
      MSE: 10.2963
      MAE: 1.0877
      RMSE: 1.3648
      MAPE: 2156859374747.7976
      sMAPE: 0.5735
      MASE: 1.1722
      ND: 0.4090
      CRPS: 0.3207
  Completed: 21 series × 4 windows
  Output: /fslarge/scratch/users/h61084/codes/fine_time/outputs/task_finetuning/tasks/frozen/ts_icl/univariate/current_velocity/H/medium/run_0
  Inference time: 12.956s

============================================================
All experiments completed!
Results saved to: /scratch/users/h61084/codes/fine_time/outputs/task_finetuning/tasks/frozen
============================================================
[86/90] evaluate ts_icl task_finetuned on current_velocity/H/medium
[2026-09-29 12:06:02 UTC] resources selected_device {"device": "cuda", "model": "ts_icl", "stage": "forecast"}
Loading configuration...

============================================================
Dataset: current_velocity/H
Terms: ['medium']
Covariate mode: none
Instance normalization: none
============================================================

--- Term: medium ---
  Config: prediction_length=168, test_length=672, val_length=672
TIME run allocation action=new run=/fslarge/scratch/users/h61084/codes/fine_time/outputs/task_finetuning/tasks/inference/ts_icl/univariate/current_velocity/H/medium/run_1 launch_id=selena_fine_time_20260929T092621Z_11326 slurm_job_id=3607389 launched_at=2026-09-29T12:06:02.251968+00:00
  Initializing model pipeline...
  Dataset info:
    - Frequency: H
    - Num series: 21
    - Target dim: 6
    - Target mode: univariate
    - Covariate channels: 0
    - Series length: min=2208,               max=5587, avg=3502.3
    - Test split: 672 steps
    - Prediction length: 168
    - Windows: 4
    Processed 320/504...
TIME run allocation action=new run=/fslarge/scratch/users/h61084/codes/fine_time/outputs/task_finetuning/tasks/task_finetuned/ts_icl/univariate/current_velocity/H/medium/run_0 launch_id=selena_fine_time_20260929T092621Z_11326 slurm_job_id=3607389 launched_at=2026-09-29T12:06:15.911744+00:00
    Total instances: 504, Series during experiment: 126, Windows: 4
    Collecting ground truth and context...
    Detected to_univariate case: 126 flat series -> 21 series x 6 variates
    Organizing data into arrays...
    Saved predictions (quantiles) to /fslarge/scratch/users/h61084/codes/fine_time/outputs/task_finetuning/tasks/task_finetuned/ts_icl/univariate/current_velocity/H/medium/run_0/predictions.npz
    Computing per-window metrics...
    Saved metrics to /fslarge/scratch/users/h61084/codes/fine_time/outputs/task_finetuning/tasks/task_finetuned/ts_icl/univariate/current_velocity/H/medium/run_0/metrics.npz
    Saved aggregate metrics to /fslarge/scratch/users/h61084/codes/fine_time/outputs/task_finetuning/tasks/task_finetuned/ts_icl/univariate/current_velocity/H/medium/run_0/metrics_summary.json
    Metrics summary (averaged over all series/windows/variates):
      MSE: 10.2705
      MAE: 1.0855
      RMSE: 1.3627
      MAPE: 2161570666899.6738
      sMAPE: 0.5729
      MASE: 1.1706
      ND: 0.4085
      CRPS: 0.3203
  Completed: 21 series × 4 windows
  Output: /fslarge/scratch/users/h61084/codes/fine_time/outputs/task_finetuning/tasks/task_finetuned/ts_icl/univariate/current_velocity/H/medium/run_0
  Inference time: 12.939s

============================================================
All experiments completed!
Results saved to: /scratch/users/h61084/codes/fine_time/outputs/task_finetuning/tasks/task_finetuned
============================================================
[87/90] evaluate ts_icl frozen on current_velocity/H/short
[2026-09-29 12:06:16 UTC] resources selected_device {"device": "cuda", "model": "ts_icl", "stage": "forecast"}
Loading configuration...

============================================================
Dataset: current_velocity/H
Terms: ['short']
Covariate mode: none
Instance normalization: none
============================================================

--- Term: short ---
  Config: prediction_length=24, test_length=672, val_length=672
TIME run allocation action=new run=/fslarge/scratch/users/h61084/codes/fine_time/outputs/task_finetuning/tasks/inference/ts_icl/univariate/current_velocity/H/short/run_0 launch_id=selena_fine_time_20260929T092621Z_11326 slurm_job_id=3607389 launched_at=2026-09-29T12:06:16.163911+00:00
  Initializing model pipeline...
  Dataset info:
    - Frequency: H
    - Num series: 21
    - Target dim: 6
    - Target mode: univariate
    - Covariate channels: 0
    - Series length: min=2208,               max=5587, avg=3502.3
    - Test split: 672 steps
    - Prediction length: 24
    - Windows: 28
    Processed 320/3528...
    Processed 640/3528...
    Processed 960/3528...
    Processed 1280/3528...
    Processed 1600/3528...
    Processed 1920/3528...
    Processed 2240/3528...
    Processed 2560/3528...
    Processed 2880/3528...
    Processed 3200/3528...
    Processed 3520/3528...
TIME run allocation action=new run=/fslarge/scratch/users/h61084/codes/fine_time/outputs/task_finetuning/tasks/frozen/ts_icl/univariate/current_velocity/H/short/run_0 launch_id=selena_fine_time_20260929T092621Z_11326 slurm_job_id=3607389 launched_at=2026-09-29T12:07:42.295435+00:00
    Total instances: 3528, Series during experiment: 126, Windows: 28
    Collecting ground truth and context...
    Detected to_univariate case: 126 flat series -> 21 series x 6 variates
    Organizing data into arrays...
    Saved predictions (quantiles) to /fslarge/scratch/users/h61084/codes/fine_time/outputs/task_finetuning/tasks/frozen/ts_icl/univariate/current_velocity/H/short/run_0/predictions.npz
    Computing per-window metrics...
    Saved metrics to /fslarge/scratch/users/h61084/codes/fine_time/outputs/task_finetuning/tasks/frozen/ts_icl/univariate/current_velocity/H/short/run_0/metrics.npz
    Saved aggregate metrics to /fslarge/scratch/users/h61084/codes/fine_time/outputs/task_finetuning/tasks/frozen/ts_icl/univariate/current_velocity/H/short/run_0/metrics_summary.json
    Metrics summary (averaged over all series/windows/variates):
      MSE: 6.5493
      MAE: 0.8089
      RMSE: 1.0056
      MAPE: 2025123788713.4961
      sMAPE: 0.4539
      MASE: 0.7341
      ND: 0.3423
      CRPS: 0.2696
  Completed: 21 series × 28 windows
  Output: /fslarge/scratch/users/h61084/codes/fine_time/outputs/task_finetuning/tasks/frozen/ts_icl/univariate/current_velocity/H/short/run_0
  Inference time: 85.678s

============================================================
All experiments completed!
Results saved to: /scratch/users/h61084/codes/fine_time/outputs/task_finetuning/tasks/frozen
============================================================
[87/90] evaluate ts_icl task_finetuned on current_velocity/H/short
[2026-09-29 12:07:43 UTC] resources selected_device {"device": "cuda", "model": "ts_icl", "stage": "forecast"}
Loading configuration...

============================================================
Dataset: current_velocity/H
Terms: ['short']
Covariate mode: none
Instance normalization: none
============================================================

--- Term: short ---
  Config: prediction_length=24, test_length=672, val_length=672
TIME run allocation action=new run=/fslarge/scratch/users/h61084/codes/fine_time/outputs/task_finetuning/tasks/inference/ts_icl/univariate/current_velocity/H/short/run_1 launch_id=selena_fine_time_20260929T092621Z_11326 slurm_job_id=3607389 launched_at=2026-09-29T12:07:43.336327+00:00
  Initializing model pipeline...
  Dataset info:
    - Frequency: H
    - Num series: 21
    - Target dim: 6
    - Target mode: univariate
    - Covariate channels: 0
    - Series length: min=2208,               max=5587, avg=3502.3
    - Test split: 672 steps
    - Prediction length: 24
    - Windows: 28
    Processed 320/3528...
    Processed 640/3528...
    Processed 960/3528...
    Processed 1280/3528...
    Processed 1600/3528...
    Processed 1920/3528...
    Processed 2240/3528...
    Processed 2560/3528...
    Processed 2880/3528...
    Processed 3200/3528...
    Processed 3520/3528...
TIME run allocation action=new run=/fslarge/scratch/users/h61084/codes/fine_time/outputs/task_finetuning/tasks/task_finetuned/ts_icl/univariate/current_velocity/H/short/run_0 launch_id=selena_fine_time_20260929T092621Z_11326 slurm_job_id=3607389 launched_at=2026-09-29T12:09:09.719958+00:00
    Total instances: 3528, Series during experiment: 126, Windows: 28
    Collecting ground truth and context...
    Detected to_univariate case: 126 flat series -> 21 series x 6 variates
    Organizing data into arrays...
    Saved predictions (quantiles) to /fslarge/scratch/users/h61084/codes/fine_time/outputs/task_finetuning/tasks/task_finetuned/ts_icl/univariate/current_velocity/H/short/run_0/predictions.npz
    Computing per-window metrics...
    Saved metrics to /fslarge/scratch/users/h61084/codes/fine_time/outputs/task_finetuning/tasks/task_finetuned/ts_icl/univariate/current_velocity/H/short/run_0/metrics.npz
    Saved aggregate metrics to /fslarge/scratch/users/h61084/codes/fine_time/outputs/task_finetuning/tasks/task_finetuned/ts_icl/univariate/current_velocity/H/short/run_0/metrics_summary.json
    Metrics summary (averaged over all series/windows/variates):
      MSE: 6.5369
      MAE: 0.8069
      RMSE: 1.0038
      MAPE: 2040679553714.3625
      sMAPE: 0.4531
      MASE: 0.7315
      ND: 0.3419
      CRPS: 0.2691
  Completed: 21 series × 28 windows
  Output: /fslarge/scratch/users/h61084/codes/fine_time/outputs/task_finetuning/tasks/task_finetuned/ts_icl/univariate/current_velocity/H/short/run_0
  Inference time: 85.648s

============================================================
All experiments completed!
Results saved to: /scratch/users/h61084/codes/fine_time/outputs/task_finetuning/tasks/task_finetuned
============================================================
[88/90] evaluate ts_icl frozen on epf_electricity_price/H/long
[2026-09-29 12:09:10 UTC] resources selected_device {"device": "cuda", "model": "ts_icl", "stage": "forecast"}
Loading configuration...

============================================================
Dataset: epf_electricity_price/H
Terms: ['long']
Covariate mode: none
Instance normalization: none
============================================================

--- Term: long ---
  Config: prediction_length=168, test_length=2520, val_length=2520
TIME run allocation action=new run=/fslarge/scratch/users/h61084/codes/fine_time/outputs/task_finetuning/tasks/inference/ts_icl/univariate/epf_electricity_price/H/long/run_0 launch_id=selena_fine_time_20260929T092621Z_11326 slurm_job_id=3607389 launched_at=2026-09-29T12:09:10.775980+00:00
  Initializing model pipeline...
  Dataset info:
    - Frequency: H
    - Num series: 5
    - Target dim: 1
    - Target mode: univariate
    - Covariate channels: 0
    - Series length: min=52416,               max=52416, avg=52416.0
    - Test split: 2520 steps
    - Prediction length: 168
    - Windows: 15
TIME run allocation action=new run=/fslarge/scratch/users/h61084/codes/fine_time/outputs/task_finetuning/tasks/frozen/ts_icl/univariate/epf_electricity_price/H/long/run_0 launch_id=selena_fine_time_20260929T092621Z_11326 slurm_job_id=3607389 launched_at=2026-09-29T12:09:13.169260+00:00
    Total instances: 75, Series during experiment: 5, Windows: 15
    Collecting ground truth and context...
    Organizing data into arrays...
    Saved predictions (quantiles) to /fslarge/scratch/users/h61084/codes/fine_time/outputs/task_finetuning/tasks/frozen/ts_icl/univariate/epf_electricity_price/H/long/run_0/predictions.npz
    Computing per-window metrics...
    Saved metrics to /fslarge/scratch/users/h61084/codes/fine_time/outputs/task_finetuning/tasks/frozen/ts_icl/univariate/epf_electricity_price/H/long/run_0/metrics.npz
    Saved aggregate metrics to /fslarge/scratch/users/h61084/codes/fine_time/outputs/task_finetuning/tasks/frozen/ts_icl/univariate/epf_electricity_price/H/long/run_0/metrics_summary.json
    Metrics summary (averaged over all series/windows/variates):
      MSE: 211.9565
      MAE: 8.5241
      RMSE: 11.9438
      MAPE: 1.8658
      sMAPE: 0.2066
      MASE: 1.4069
      ND: 0.2028
      CRPS: 0.1620
  Completed: 5 series × 15 windows
  Output: /fslarge/scratch/users/h61084/codes/fine_time/outputs/task_finetuning/tasks/frozen/ts_icl/univariate/epf_electricity_price/H/long/run_0
  Inference time: 1.862s

============================================================
All experiments completed!
Results saved to: /scratch/users/h61084/codes/fine_time/outputs/task_finetuning/tasks/frozen
============================================================
[88/90] evaluate ts_icl task_finetuned on epf_electricity_price/H/long
[2026-09-29 12:09:13 UTC] resources selected_device {"device": "cuda", "model": "ts_icl", "stage": "forecast"}
Loading configuration...

============================================================
Dataset: epf_electricity_price/H
Terms: ['long']
Covariate mode: none
Instance normalization: none
============================================================

--- Term: long ---
  Config: prediction_length=168, test_length=2520, val_length=2520
TIME run allocation action=new run=/fslarge/scratch/users/h61084/codes/fine_time/outputs/task_finetuning/tasks/inference/ts_icl/univariate/epf_electricity_price/H/long/run_1 launch_id=selena_fine_time_20260929T092621Z_11326 slurm_job_id=3607389 launched_at=2026-09-29T12:09:13.261520+00:00
  Initializing model pipeline...
  Dataset info:
    - Frequency: H
    - Num series: 5
    - Target dim: 1
    - Target mode: univariate
    - Covariate channels: 0
    - Series length: min=52416,               max=52416, avg=52416.0
    - Test split: 2520 steps
    - Prediction length: 168
    - Windows: 15
TIME run allocation action=new run=/fslarge/scratch/users/h61084/codes/fine_time/outputs/task_finetuning/tasks/task_finetuned/ts_icl/univariate/epf_electricity_price/H/long/run_0 launch_id=selena_fine_time_20260929T092621Z_11326 slurm_job_id=3607389 launched_at=2026-09-29T12:09:15.696521+00:00
    Total instances: 75, Series during experiment: 5, Windows: 15
    Collecting ground truth and context...
    Organizing data into arrays...
    Saved predictions (quantiles) to /fslarge/scratch/users/h61084/codes/fine_time/outputs/task_finetuning/tasks/task_finetuned/ts_icl/univariate/epf_electricity_price/H/long/run_0/predictions.npz
    Computing per-window metrics...
    Saved metrics to /fslarge/scratch/users/h61084/codes/fine_time/outputs/task_finetuning/tasks/task_finetuned/ts_icl/univariate/epf_electricity_price/H/long/run_0/metrics.npz
    Saved aggregate metrics to /fslarge/scratch/users/h61084/codes/fine_time/outputs/task_finetuning/tasks/task_finetuned/ts_icl/univariate/epf_electricity_price/H/long/run_0/metrics_summary.json
    Metrics summary (averaged over all series/windows/variates):
      MSE: 212.1570
      MAE: 8.5020
      RMSE: 11.9254
      MAPE: 1.8519
      sMAPE: 0.2060
      MASE: 1.4004
      ND: 0.2022
      CRPS: 0.1615
  Completed: 5 series × 15 windows
  Output: /fslarge/scratch/users/h61084/codes/fine_time/outputs/task_finetuning/tasks/task_finetuned/ts_icl/univariate/epf_electricity_price/H/long/run_0
  Inference time: 1.856s

============================================================
All experiments completed!
Results saved to: /scratch/users/h61084/codes/fine_time/outputs/task_finetuning/tasks/task_finetuned
============================================================
[89/90] evaluate ts_icl frozen on epf_electricity_price/H/medium
[2026-09-29 12:09:15 UTC] resources selected_device {"device": "cuda", "model": "ts_icl", "stage": "forecast"}
Loading configuration...

============================================================
Dataset: epf_electricity_price/H
Terms: ['medium']
Covariate mode: none
Instance normalization: none
============================================================

--- Term: medium ---
  Config: prediction_length=72, test_length=2520, val_length=2520
TIME run allocation action=new run=/fslarge/scratch/users/h61084/codes/fine_time/outputs/task_finetuning/tasks/inference/ts_icl/univariate/epf_electricity_price/H/medium/run_0 launch_id=selena_fine_time_20260929T092621Z_11326 slurm_job_id=3607389 launched_at=2026-09-29T12:09:15.792584+00:00
  Initializing model pipeline...
  Dataset info:
    - Frequency: H
    - Num series: 5
    - Target dim: 1
    - Target mode: univariate
    - Covariate channels: 0
    - Series length: min=52416,               max=52416, avg=52416.0
    - Test split: 2520 steps
    - Prediction length: 72
    - Windows: 35
TIME run allocation action=new run=/fslarge/scratch/users/h61084/codes/fine_time/outputs/task_finetuning/tasks/frozen/ts_icl/univariate/epf_electricity_price/H/medium/run_0 launch_id=selena_fine_time_20260929T092621Z_11326 slurm_job_id=3607389 launched_at=2026-09-29T12:09:20.617020+00:00
    Total instances: 175, Series during experiment: 5, Windows: 35
    Collecting ground truth and context...
    Organizing data into arrays...
    Saved predictions (quantiles) to /fslarge/scratch/users/h61084/codes/fine_time/outputs/task_finetuning/tasks/frozen/ts_icl/univariate/epf_electricity_price/H/medium/run_0/predictions.npz
    Computing per-window metrics...
    Saved metrics to /fslarge/scratch/users/h61084/codes/fine_time/outputs/task_finetuning/tasks/frozen/ts_icl/univariate/epf_electricity_price/H/medium/run_0/metrics.npz
    Saved aggregate metrics to /fslarge/scratch/users/h61084/codes/fine_time/outputs/task_finetuning/tasks/frozen/ts_icl/univariate/epf_electricity_price/H/medium/run_0/metrics_summary.json
    Metrics summary (averaged over all series/windows/variates):
      MSE: 183.6915
      MAE: 7.4686
      RMSE: 9.9306
      MAPE: 1.7993
      sMAPE: 0.1848
      MASE: 1.1992
      ND: 0.1824
      CRPS: 0.1472
  Completed: 5 series × 35 windows
  Output: /fslarge/scratch/users/h61084/codes/fine_time/outputs/task_finetuning/tasks/frozen/ts_icl/univariate/epf_electricity_price/H/medium/run_0
  Inference time: 4.255s

============================================================
All experiments completed!
Results saved to: /scratch/users/h61084/codes/fine_time/outputs/task_finetuning/tasks/frozen
============================================================
[89/90] evaluate ts_icl task_finetuned on epf_electricity_price/H/medium
[2026-09-29 12:09:20 UTC] resources selected_device {"device": "cuda", "model": "ts_icl", "stage": "forecast"}
Loading configuration...

============================================================
Dataset: epf_electricity_price/H
Terms: ['medium']
Covariate mode: none
Instance normalization: none
============================================================

--- Term: medium ---
  Config: prediction_length=72, test_length=2520, val_length=2520
TIME run allocation action=new run=/fslarge/scratch/users/h61084/codes/fine_time/outputs/task_finetuning/tasks/inference/ts_icl/univariate/epf_electricity_price/H/medium/run_1 launch_id=selena_fine_time_20260929T092621Z_11326 slurm_job_id=3607389 launched_at=2026-09-29T12:09:20.747245+00:00
  Initializing model pipeline...
  Dataset info:
    - Frequency: H
    - Num series: 5
    - Target dim: 1
    - Target mode: univariate
    - Covariate channels: 0
    - Series length: min=52416,               max=52416, avg=52416.0
    - Test split: 2520 steps
    - Prediction length: 72
    - Windows: 35
TIME run allocation action=new run=/fslarge/scratch/users/h61084/codes/fine_time/outputs/task_finetuning/tasks/task_finetuned/ts_icl/univariate/epf_electricity_price/H/medium/run_0 launch_id=selena_fine_time_20260929T092621Z_11326 slurm_job_id=3607389 launched_at=2026-09-29T12:09:25.596103+00:00
    Total instances: 175, Series during experiment: 5, Windows: 35
    Collecting ground truth and context...
    Organizing data into arrays...
    Saved predictions (quantiles) to /fslarge/scratch/users/h61084/codes/fine_time/outputs/task_finetuning/tasks/task_finetuned/ts_icl/univariate/epf_electricity_price/H/medium/run_0/predictions.npz
    Computing per-window metrics...
    Saved metrics to /fslarge/scratch/users/h61084/codes/fine_time/outputs/task_finetuning/tasks/task_finetuned/ts_icl/univariate/epf_electricity_price/H/medium/run_0/metrics.npz
    Saved aggregate metrics to /fslarge/scratch/users/h61084/codes/fine_time/outputs/task_finetuning/tasks/task_finetuned/ts_icl/univariate/epf_electricity_price/H/medium/run_0/metrics_summary.json
    Metrics summary (averaged over all series/windows/variates):
      MSE: 183.8201
      MAE: 7.4626
      RMSE: 9.9248
      MAPE: 1.8011
      sMAPE: 0.1846
      MASE: 1.1976
      ND: 0.1822
      CRPS: 0.1471
  Completed: 5 series × 35 windows
  Output: /fslarge/scratch/users/h61084/codes/fine_time/outputs/task_finetuning/tasks/task_finetuned/ts_icl/univariate/epf_electricity_price/H/medium/run_0
  Inference time: 4.265s

============================================================
All experiments completed!
Results saved to: /scratch/users/h61084/codes/fine_time/outputs/task_finetuning/tasks/task_finetuned
============================================================
[90/90] evaluate ts_icl frozen on epf_electricity_price/H/short
[2026-09-29 12:09:25 UTC] resources selected_device {"device": "cuda", "model": "ts_icl", "stage": "forecast"}
Loading configuration...

============================================================
Dataset: epf_electricity_price/H
Terms: ['short']
Covariate mode: none
Instance normalization: none
============================================================

--- Term: short ---
  Config: prediction_length=24, test_length=2520, val_length=2520
TIME run allocation action=new run=/fslarge/scratch/users/h61084/codes/fine_time/outputs/task_finetuning/tasks/inference/ts_icl/univariate/epf_electricity_price/H/short/run_0 launch_id=selena_fine_time_20260929T092621Z_11326 slurm_job_id=3607389 launched_at=2026-09-29T12:09:25.731036+00:00
  Initializing model pipeline...
  Dataset info:
    - Frequency: H
    - Num series: 5
    - Target dim: 1
    - Target mode: univariate
    - Covariate channels: 0
    - Series length: min=52416,               max=52416, avg=52416.0
    - Test split: 2520 steps
    - Prediction length: 24
    - Windows: 105
    Processed 320/525...
TIME run allocation action=new run=/fslarge/scratch/users/h61084/codes/fine_time/outputs/task_finetuning/tasks/frozen/ts_icl/univariate/epf_electricity_price/H/short/run_0 launch_id=selena_fine_time_20260929T092621Z_11326 slurm_job_id=3607389 launched_at=2026-09-29T12:09:38.731528+00:00
    Total instances: 525, Series during experiment: 5, Windows: 105
    Collecting ground truth and context...
    Organizing data into arrays...
    Saved predictions (quantiles) to /fslarge/scratch/users/h61084/codes/fine_time/outputs/task_finetuning/tasks/frozen/ts_icl/univariate/epf_electricity_price/H/short/run_0/predictions.npz
    Computing per-window metrics...
    Saved metrics to /fslarge/scratch/users/h61084/codes/fine_time/outputs/task_finetuning/tasks/frozen/ts_icl/univariate/epf_electricity_price/H/short/run_0/metrics.npz
    Saved aggregate metrics to /fslarge/scratch/users/h61084/codes/fine_time/outputs/task_finetuning/tasks/frozen/ts_icl/univariate/epf_electricity_price/H/short/run_0/metrics_summary.json
    Metrics summary (averaged over all series/windows/variates):
      MSE: 125.8112
      MAE: 6.0489
      RMSE: 7.6737
      MAPE: 1.3445
      sMAPE: 0.1548
      MASE: 0.9572
      ND: 0.1586
      CRPS: 0.1268
  Completed: 5 series × 105 windows
  Output: /fslarge/scratch/users/h61084/codes/fine_time/outputs/task_finetuning/tasks/frozen/ts_icl/univariate/epf_electricity_price/H/short/run_0
  Inference time: 12.635s

============================================================
All experiments completed!
Results saved to: /scratch/users/h61084/codes/fine_time/outputs/task_finetuning/tasks/frozen
============================================================
[90/90] evaluate ts_icl task_finetuned on epf_electricity_price/H/short
[2026-09-29 12:09:38 UTC] resources selected_device {"device": "cuda", "model": "ts_icl", "stage": "forecast"}
Loading configuration...

============================================================
Dataset: epf_electricity_price/H
Terms: ['short']
Covariate mode: none
Instance normalization: none
============================================================

--- Term: short ---
  Config: prediction_length=24, test_length=2520, val_length=2520
TIME run allocation action=new run=/fslarge/scratch/users/h61084/codes/fine_time/outputs/task_finetuning/tasks/inference/ts_icl/univariate/epf_electricity_price/H/short/run_1 launch_id=selena_fine_time_20260929T092621Z_11326 slurm_job_id=3607389 launched_at=2026-09-29T12:09:39.011814+00:00
  Initializing model pipeline...
  Dataset info:
    - Frequency: H
    - Num series: 5
    - Target dim: 1
    - Target mode: univariate
    - Covariate channels: 0
    - Series length: min=52416,               max=52416, avg=52416.0
    - Test split: 2520 steps
    - Prediction length: 24
    - Windows: 105
    Processed 320/525...
TIME run allocation action=new run=/fslarge/scratch/users/h61084/codes/fine_time/outputs/task_finetuning/tasks/task_finetuned/ts_icl/univariate/epf_electricity_price/H/short/run_0 launch_id=selena_fine_time_20260929T092621Z_11326 slurm_job_id=3607389 launched_at=2026-09-29T12:09:52.253459+00:00
    Total instances: 525, Series during experiment: 5, Windows: 105
    Collecting ground truth and context...
    Organizing data into arrays...
    Saved predictions (quantiles) to /fslarge/scratch/users/h61084/codes/fine_time/outputs/task_finetuning/tasks/task_finetuned/ts_icl/univariate/epf_electricity_price/H/short/run_0/predictions.npz
    Computing per-window metrics...
    Saved metrics to /fslarge/scratch/users/h61084/codes/fine_time/outputs/task_finetuning/tasks/task_finetuned/ts_icl/univariate/epf_electricity_price/H/short/run_0/metrics.npz
    Saved aggregate metrics to /fslarge/scratch/users/h61084/codes/fine_time/outputs/task_finetuning/tasks/task_finetuned/ts_icl/univariate/epf_electricity_price/H/short/run_0/metrics_summary.json
    Metrics summary (averaged over all series/windows/variates):
      MSE: 125.9604
      MAE: 6.0433
      RMSE: 7.6666
      MAPE: 1.3398
      sMAPE: 0.1547
      MASE: 0.9562
      ND: 0.1584
      CRPS: 0.1266
  Completed: 5 series × 105 windows
  Output: /fslarge/scratch/users/h61084/codes/fine_time/outputs/task_finetuning/tasks/task_finetuned/ts_icl/univariate/epf_electricity_price/H/short/run_0
  Inference time: 12.658s

============================================================
All experiments completed!
Results saved to: /scratch/users/h61084/codes/fine_time/outputs/task_finetuning/tasks/task_finetuned
============================================================
2026-09-29 14:09:54 | task model=ts_icl states=frozen,task_finetuned target_mode=univariate completed status=success
2026-09-29 14:09:54 | stage evaluate completed status=success
2026-09-29 14:09:54 | workflow fine_time completed status=success exit_code=0
